date,target,fwd_min_6m,alpha,beta,cardan_delta,inside_bifurcation,signed_fold_distance,inverse_stability_margin,stable_mode_separation,p_baseline,p_cusp,p_smooth,p_shuffle_placebo,p_shift60_placebo
1973-02-01,0,-0.09106830122591947,4.117545081769089,-3.7928118850195403,6.259329542293139,0.0,-0.862246231670024,0.1388668884973673,0.0,0.17036631267421276,0.13815494165367084,0.14637806858281693,0.15006751884385314,0.17805695657149423
1973-03-01,0,-0.07651245551601427,3.890267653536492,-3.7522021213224055,5.740113439557485,0.0,-0.8516345445862921,0.14296691021858163,0.0,0.19296225847880125,0.15297310911453763,0.17645908320428338,0.19829310930762398,0.2215533552043268
1973-04-01,0,-0.05893019038984593,3.625421414079206,-3.73296769048111,5.212552815610132,0.0,-0.8390355736715309,0.14790027936005118,0.0,0.23558380041067759,0.1953439300151813,0.22957602353484288,0.24082449285496624,0.2921122445823737
1973-05-01,0,-0.04850746268656714,3.207955370191663,-3.731907153976544,4.497735519296183,0.0,-0.8181069284817071,0.15603682546551728,0.0,0.29756876683323735,0.28029611864685416,0.3165418159284094,0.3029029150176783,0.37057043563752823
1973-06-01,0,-0.09561068702290076,2.879919743065616,-3.7244670442856176,3.9869852100733927,0.0,-0.7994780497884647,0.16292102178328574,0.0,0.33633418428170864,0.3532956324495192,0.37424377671029835,0.3230308288920451,0.41324667880684324
1973-07-01,1,-0.1041587901701323,3.0024439596670423,-3.7395404634186833,4.190494948573029,0.0,-0.8073401458034517,0.16017181901828947,0.0,0.3053488451740552,0.30588765888025654,0.33598737023992703,0.29770273899439664,0.37168163251071246
1973-08-01,0,-0.0997109826589595,2.7546134603637715,-3.781250247230078,3.8993353780887885,0.0,-0.7958906825459873,0.16485575352532936,0.0,0.294811997416485,0.3301180201860219,0.3470704514431218,0.3001474517246928,0.3156344619986535
1973-09-01,1,-0.11505681818181812,3.016158860707426,-3.7893665052349843,4.289586709598271,0.0,-0.8109493132638435,0.15934124027528399,0.0,0.3011570081469419,0.3160463683091879,0.3500870516433099,0.3084910682769358,0.2988818718501939
1973-10-01,1,-0.15792349726775956,3.5991995994660573,-3.804785529139346,5.278543524629064,0.0,-0.8407273922562988,0.14790259766292463,0.0,0.24425123474828475,0.22894545650414827,0.2715134661977127,0.249664291268574,0.1838426134811013
1973-11-01,1,-0.12088235294117644,2.598058961588449,-3.79933165670807,3.718701757175419,0.0,-0.7880773035762717,0.16790788463113326,0.0,0.29225899931359145,0.33544214174669124,0.34844612909073147,0.2978497723530382,0.23190842601559594
1973-12-01,0,-0.05391432791728212,1.6501936698565065,-3.763149632123676,2.6545282184248706,0.0,-0.726366868653977,0.18904453841225577,0.0,0.37751021221327197,0.5439849950912052,0.41327715276239446,0.37950283620736336,0.3791044826111396
1974-01-01,1,-0.17479970866715222,2.294705187551353,-3.718817647065936,3.2212245663339685,0.0,-0.7631019188186722,0.17586797698379752,0.0,0.2578576848423484,0.3085629285214134,0.2998165245169909,0.26469878934023766,0.2974986602667877
1974-02-01,1,-0.1864098448368111,2.1579052149344227,-3.744557565121792,3.1087722603997734,0.0,-0.7566182945601608,0.17843650186169882,0.0,0.28544597214677125,0.36517631447082727,0.34499233371829335,0.26232217630283455,0.37954720121152585
1974-03-01,1,-0.30090311986863705,2.9836907075021135,-3.7522574222055587,4.182256905445454,0.0,-0.8070338815219269,0.1604205499075883,0.0,0.21829883865599176,0.20466315983116543,0.26333662875695085,0.20555627308920404,0.29663685729614875
1974-04-01,1,-0.263248972528661,2.33853085787331,-3.770891965974087,3.3531325421420597,0.0,-0.7702803692928847,0.17396069359466604,0.0,0.2606851463397866,0.3015388251069654,0.31338680986472306,0.2662140515707503,0.33902100678421376
1974-05-01,1,-0.24032563845210209,1.9689545085179585,-3.840123772128143,3.0665502589444555,0.0,-0.7540913215567714,0.18047459687289497,0.0,0.2765763310187689,0.3581704878565929,0.3448075520397593,0.2821841803836724,0.3506575987246959
1974-06-01,1,-0.25303485911571455,2.008151562291449,-3.9248032770202825,3.247352865369354,0.0,-0.7645592368476221,0.17779229946789057,0.0,0.2416546695581734,0.3079295252325325,0.32536996672460183,0.22798562549629525,0.2681006215224862
1974-07-01,1,-0.1543311057874166,0.5149093433805467,-3.9503440855176812,2.349467433378424,0.0,-0.7014450745110381,0.19996472866834417,0.0,0.36824826832684504,0.4707911707393186,0.36453212493380105,0.3723457897749961,0.414772687589161
1974-08-01,1,-0.11784821780875976,0.08913701040688451,-3.893404555005451,2.187858888943672,0.0,-0.6863098289989368,0.20429106905736494,0.0,0.3586373216617366,0.35835967773361804,0.27994883623851524,0.3642402618408544,0.3705627133254435
1974-09-01,0,-0.015413975337639663,-1.009485700607331,-3.884079375552708,2.424969175548862,0.0,-0.7080265693662054,0.19684730968438907,0.0,0.4766316808926466,0.12721303164773523,0.21883908852326758,0.4746168337200149,0.48885143059120306
1974-10-01,0,-0.034130184331797264,-0.047173003003380704,-3.848323571157808,2.111375243646651,0.0,-0.678598715458068,0.206237687037915,0.0,0.24123191847172729,0.19957181531430335,0.15374684845943848,0.24954489447469225,0.2624395088295034
1974-11-01,0,-0.06509618065235578,0.844239372004967,-3.808764202270998,2.2245754575968126,0.0,-0.6898816563141392,0.20191741761157525,0.0,0.2582386161344323,0.3387914738058314,0.23730635001099637,0.26458204728463514,0.3003725146328828
1974-12-01,0,0.08185477858953338,0.13398684052534957,-3.8591338009733946,2.1331454009800614,0.0,-0.6808319206356668,0.2056450446516388,0.0,0.4254837518299483,0.4255874352715952,0.3301784194310133,0.4225219145512479,0.4618261594333187
1975-01-01,0,0.10391400220507152,1.01979484630556,-3.925845546934355,2.5009644592159193,0.0,-0.7143644239610586,0.19524731203826431,0.0,0.26180037023000263,0.30591589872132136,0.2669072034730568,0.2693091234598993,0.08264726134847454
1975-02-01,0,0.04594257178526839,2.2391563612237855,-3.9836830827746534,3.594935988813014,0.0,-0.7823691119017471,0.17204194126816297,0.0,0.13374239349621572,0.11546484898753487,0.1797675070576839,0.1379002890189672,0.052067962674097114
1975-03-01,0,0.01062306039627603,3.5207093202924757,-4.022418020334644,5.509296938915728,0.0,-0.846373577763596,0.14760568508406566,0.0,0.027378508512790622,0.014655499158199775,0.032028676733291274,0.024147873607558965,0.016581333748965817
1975-04-01,0,-0.0005901794145419803,4.061483066415192,-4.062976243252024,6.608011231246259,0.0,-0.8685596051839436,0.13840015911722206,0.0,0.019175886380003396,0.010755885674086457,0.020088727381190562,0.017570534268787272,0.018286855498667123
1975-05-01,0,-0.060266370699223026,4.956100874009368,-4.060882240676129,8.620995190124287,0.0,-0.896060648587947,0.12543986423150086,0.0,0.014615622579961672,0.009147664558996998,0.009552186301036061,0.015177389035592796,0.017772100523291562
1975-06-01,0,-0.08365800865800865,4.971418277346994,-4.0487097481249075,8.636774187100485,0.0,-0.8962308361091856,0.12526661366060632,0.0,0.01652726471275169,0.010149914815555957,0.010748340916736076,0.014806867128494576,0.022034773537405693
1975-07-01,0,-0.08454968104659955,4.990529803939311,-4.069629207034941,8.722669828539033,0.0,-0.8971475924169828,0.12496007445881589,0.0,0.03090222528074879,0.021494124809579254,0.022383229956469936,0.031273434735608764,0.03913781381258752
1975-08-01,0,-0.012133940030334744,3.7913964621751735,-4.105927613447545,6.157388892038621,0.0,-0.8602842440051944,0.14241625532257493,0.0,0.07559778064623728,0.05369158257567078,0.0942376351476037,0.07774864006964015,0.08947422146215091
1975-09-01,0,0.04606117869375215,3.6433777089228934,-4.175186792769995,6.014203154921002,0.0,-0.8574321305053129,0.1442554173673397,0.0,0.09806010438110345,0.0741380404836809,0.13733189167902218,0.09965998100290453,0.10547549724077503
1975-10-01,0,0.001467765609122873,4.309115476313778,-4.18737765104853,7.361453519680672,0.0,-0.8804035688715769,0.13397252572685284,0.0,0.08116544600756799,0.06714636231399286,0.08855226638200811,0.08136902399397138,0.0966905813369189
1975-11-01,0,-0.015210391917397481,4.569683010782183,-4.2269991765722255,8.017759999022632,0.0,-0.8891077163166482,0.13009760187274835,0.0,0.0495221751111489,0.042684382654634305,0.048905299131995525,0.05105629933577246,0.06004816484218757
1975-12-01,0,0.09199549041713628,4.3400391715838,-4.262815328977089,7.577953584572878,0.0,-0.8834220784548821,0.13312266352928923,0.0,0.06860160036676886,0.061621722387282134,0.08028056335491547,0.06951951214504487,0.07976025048634061
1976-01-01,0,0.03861243031179007,4.965944279372582,-4.247511533661456,9.003330652710005,0.0,-0.9000332954375462,0.12476191541654216,0.0,0.046666264914385115,0.04821514971029217,0.03878404056578672,0.0469580899426545,0.0591581707023336
1976-02-01,0,0.00497017892644136,4.934234108603467,-4.227445978343582,8.884812974376814,0.0,-0.8988347070812389,0.1252354959608029,0.0,0.030800131923921194,0.029350842868556475,0.024601527335971752,0.031033442497759127,0.03846864434786199
1976-03-01,0,0.0009891196834816984,4.897387093674594,-4.19610436179302,8.732471715379255,0.0,-0.8972511784010839,0.12581795374045243,0.0,0.036275452827929114,0.034815857314660005,0.02765890808646849,0.037047297719866944,0.04698703379473578
1976-04-01,0,-0.006869479882237517,4.904716788489298,-4.187766380012629,8.734153572849516,0.0,-0.8972689312413153,0.12574917263626242,0.0,0.04002676150638519,0.03859995320441108,0.029961306103896766,0.03935414921988754,0.05301389852774323
1976-05-01,0,0.0,4.754618379582646,-4.1668295729459555,8.331097057819768,0.0,-0.8928314651746155,0.12781841681010797,0.0,0.03222828693340264,0.028792749621978704,0.025056188734888202,0.03320860729188412,0.04335901158666125
1976-06-01,0,-0.005893909626718985,4.841131050712206,-4.158820718368842,8.523214826459945,0.0,-0.894993443052284,0.12668447500897353,0.0,0.03067447011478154,0.02791911578970168,0.02180203520059347,0.02841749085534943,0.043245507938380175
1976-07-01,0,-0.028790786948176605,4.85928876637604,-4.1755504221400885,8.599529079703178,0.0,-0.8958282232704148,0.1263876125032965,0.0,0.031124146164761047,0.028632224466970797,0.021612882437184646,0.032022119036768826,0.04158355607573635
1976-08-01,0,-0.022265246853823806,4.6934441366166695,-4.217520622396931,8.28558833867888,0.0,-0.8923062316003687,0.12845153542114973,0.0,0.04549305010671363,0.04749962206691212,0.040446304784454615,0.04619197000422444,0.05915957118983659
1976-09-01,0,-0.04644549763033179,4.807615974377335,-4.16646002658099,8.457078061206971,0.0,-0.8942590942437062,0.12710657969775946,0.0,0.07345312120441812,0.08091313994388627,0.05960073372890206,0.07278110975080533,0.10031313183973964
1976-10-01,0,-0.027968596663395573,4.2704006363896125,-4.1471927623987455,7.200874107795952,0.0,-0.8780617789206915,0.13475243294821124,0.0,0.08089741189197719,0.07818792712087631,0.08181862613027019,0.08292254081766419,0.10858517551411224
1976-11-01,0,-0.024110671936758865,4.1616759558807,-4.1182225172927165,6.916703428873033,0.0,-0.8736847970895439,0.1365381895644339,0.0,0.08096304993242776,0.07412232997008364,0.08180631087528704,0.08326749786294041,0.10108677422043257
1976-12-01,0,-0.05673352435530088,4.682376874210654,-4.107764422519532,8.048322624580491,0.0,-0.8894822784851393,0.12902171583861924,0.0,0.07468781902118223,0.07427790543126202,0.06084979473875265,0.07028343617832251,0.08409958436329348
1977-01-01,0,-0.048554913294797664,4.5295140992106715,-4.068520771437475,7.62340819351586,0.0,-0.884036569119861,0.13133309736689847,0.0,0.05463730711977081,0.047742137568616685,0.04413099479274202,0.05662551476826002,0.05923984749785282
1977-02-01,0,-0.03217821782178221,4.1043513988556315,-4.051829638240109,6.675136123650731,0.0,-0.8697091512268393,0.13779341977160323,0.0,0.09291129935539001,0.08655856846698778,0.08801543740263543,0.08211749762647862,0.11021378674393757
1977-03-01,0,-0.04343936381709734,4.043061394683056,-4.03280217868361,6.515751236831687,0.0,-0.8669461017949343,0.13886633065126439,0.0,0.1086597099349136,0.10284161969413427,0.10607612131742951,0.10566275678065376,0.08007317695266765
1977-04-01,0,-0.0536092882382635,3.828360009376718,-4.0205268522858155,6.071135230301308,0.0,-0.8585799921185514,0.1424182807918011,0.0,0.1294766018794297,0.1228055666088466,0.13594440293071267,0.12333467550892364,0.07458077856729957
1977-05-01,0,-0.05083029566626174,3.7825302986698777,-4.030201555424916,6.001352302705984,0.0,-0.857170449826742,0.14310919730331711,0.0,0.12605950179367856,0.1196081695662944,0.13443908307859237,0.11600751135698369,0.07368251436564786
1977-06-01,0,-0.05589686776110392,3.8641203524594663,-4.035850108940038,6.167533341924743,0.0,-0.8604819883919139,0.14172782279022203,0.0,0.12271355191252989,0.11737122012644927,0.12885805707669168,0.1120991975488468,0.11174441348220247
1977-07-01,0,-0.09930139720558884,3.9714464283732407,-4.003958170248845,6.320510766296616,0.0,-0.8633975098289636,0.1401844411833113,0.0,0.11307786629005433,0.10526752392893456,0.1118719433530432,0.115244680220539,0.058964368072821446
1977-08-01,0,-0.08971867007672629,3.6171378796023497,-3.984535752357137,5.613906133363124,0.0,-0.8488034181562376,0.14624831650820824,0.0,0.148895063189552,0.13838630138019667,0.15771073723249918,0.15255825960523398,0.060593167729632594
1977-09-01,0,-0.07700301361321849,3.4967071589384284,-3.9829266073490754,5.396887282720163,0.0,-0.8436739689471646,0.148362264913524,0.0,0.13291319935343357,0.12185313481769594,0.14301750177985353,0.13630930106857683,0.07850167637139335
1977-10-01,0,-0.05248559846383616,3.113293639618724,-3.9753861632045857,4.75003047026301,0.0,-0.8260878781127121,0.15538155711606774,0.0,0.1889748845831732,0.1869608328643156,0.214904163978284,0.1892466368149369,0.12670546295853272
1977-11-01,0,-0.057912600763682764,3.174221665094056,-3.9910505308806488,4.873416568175215,0.0,-0.8297413458772114,0.15408450456157982,0.0,0.2038059341519591,0.20757281275655282,0.23352383792505535,0.20973927066201667,0.18096688093554528
1977-12-01,0,-0.053293540822852314,3.2194757390590927,-3.990975962306633,4.94561981063223,0.0,-0.8318089565343962,0.15325757003750218,0.0,0.1640044880544664,0.16083706474103662,0.1819466865064863,0.1686318637527906,0.18500112474674865
1978-01-01,0,-0.015844875346260445,3.0605852038686594,-3.9673234061463307,4.654547363153517,0.0,-0.8231511850946273,0.1564578165467236,0.0,0.19145967674526507,0.1907832047641799,0.20635347485662278,0.19615025868465177,0.19236824809352665
1978-02-01,0,-0.0017981568891887179,2.934853254312138,-3.9701317812731234,4.471007727613959,0.0,-0.8172183170291144,0.15879857098046365,0.0,0.2003278114433211,0.19478542747349328,0.21358481401544796,0.20285974756468275,0.2320542140576387
1978-03-01,0,0.043796442242738154,2.9860666800274314,-3.9875212674194698,4.577403647657826,0.0,-0.8207051052473242,0.1576161171964873,0.0,0.20148967774411217,0.19378645127530741,0.21279986071685036,0.20590523591585722,0.21457337240670188
1978-04-01,0,0.048322726782439984,3.6000946273724415,-4.015707145361779,5.638574310232297,0.0,-0.8493652472250465,0.14629436832867845,0.0,0.15025817177205789,0.13326632487181106,0.14685048383348348,0.15461827030045797,0.1481966591373446
1978-05-01,0,-0.027717893440098562,4.316261078307078,-4.011789968324264,7.048919578051102,0.0,-0.8757597227425483,0.13473046936454394,0.0,0.10210967237591534,0.08900592929906731,0.08090072370355593,0.1051524796484045,0.08546976662363964
1978-06-01,0,-0.030206840057341866,4.362056609030002,-3.9848582879416794,7.100438006094363,0.0,-0.8765498854200662,0.13415265261357887,0.0,0.09769698648732598,0.08003990142979331,0.07498639741902595,0.0959804853501904,0.067258892530411
1978-07-01,0,-0.025517028500874672,4.660224891818501,-3.975247275824881,7.756061286207663,0.0,-0.8857933987310966,0.12978174568315537,0.0,0.07744809007233881,0.06319712460702599,0.049549880310394874,0.06798724452252121,0.05950259288871464
1978-08-01,0,-0.08845043310875855,4.75630479508556,-3.9616211260977807,7.958402632550962,0.0,-0.8883729565395473,0.12845118970036973,0.0,0.11994125601182759,0.10678271722040382,0.08005701264928913,0.12428136526356678,0.08305810565281316
1978-09-01,0,-0.08845043310875855,4.763074254819783,-3.9713927997351024,7.991595068448047,0.0,-0.8887850273074408,0.1283283846058542,0.0,0.11007334423126924,0.09713153135304255,0.07674126602871385,0.10581074308026271,0.0860283185131217
1978-10-01,0,-0.05854870775347909,4.261799729071009,-3.9795324000192953,6.8749036289134535,0.0,-0.8730143190161204,0.13571322546408765,0.0,0.16427630215124547,0.1470988852335976,0.15249792332195727,0.15718204412247724,0.16701870651122994
1978-11-01,0,0.014781966001478297,3.3850930224246034,-4.031173698880536,5.290937005019655,0.0,-0.8410411677621186,0.14989199348174903,0.0,0.1855670818343817,0.1770526805310452,0.22631803738899217,0.19084383750536313,0.10971505123756291
1978-12-01,0,0.022058058474664577,3.584540568123887,-4.031877594487801,5.639727256360562,0.0,-0.8493914039854507,0.1464289426216627,0.0,0.1489815549732896,0.13571931912601237,0.1796485294648921,0.15353113101309493,0.04501322125321964
1979-01-01,0,-0.014843044830006868,4.126584916457546,-4.048082223887672,6.714057275997128,0.0,-0.8703665316160439,0.13746760351675472,0.0,0.13401528317815145,0.12666499643926105,0.14629806259303157,0.1370793032274736,0.0614510917259841
1979-02-01,0,0.015270284027282921,3.9007205050898093,-4.047728908680187,6.260143371377917,0.0,-0.8622616732415563,0.14105437666960008,0.0,0.1678287207205783,0.16566367646231298,0.20484849119035634,0.1714898006430041,0.07529166712888442
1979-03-01,0,-0.0036963036963035822,4.1875453272036935,-4.074296778320674,6.888806026611999,0.0,-0.8732381051547455,0.1363852478117497,0.0,0.1373322837757487,0.14134027758201037,0.15998771556199456,0.13893420024142586,0.10417314167023137
1979-04-01,0,-0.023212536728697275,4.487599256561877,-4.058618466471216,7.510752375811121,0.0,-0.8825015749674312,0.1319801385617163,0.0,0.1024797398992234,0.10484512051720711,0.10404713008525734,0.10228181653283967,0.056027686366874746
1979-05-01,0,0.01975333400180479,4.153846346944824,-4.028180762549437,6.734433159129362,0.0,-0.8707080429262425,0.13715013101389933,0.0,0.11451521920679855,0.10741635729618113,0.12471740022848661,0.11468467196722698,0.054939408520470114
1979-06-01,0,0.009832841691248762,4.483826249206776,-4.027547661377958,7.445856500309851,0.0,-0.8815987460877043,0.13216019424013764,0.0,0.10839484461594284,0.10481588260916287,0.10287161057511851,0.10965613387046738,0.06274001018967898
1979-07-01,0,0.009737098344693385,4.64830989728062,-4.03357662464533,7.832260836903622,0.0,-0.8867787061018709,0.12976123086655647,0.0,0.1008545820849209,0.10093889257276223,0.09103355138789031,0.10215197674151441,0.03112387769543469
1979-08-01,0,-0.03445065176908757,4.837947068645599,-4.04126694962832,8.295926270559697,0.0,-0.8924259970556123,0.12709040464326116,0.0,0.07640394594023558,0.07909117203451817,0.06272181281732073,0.0775928516462216,0.020037828564997435
1979-09-01,0,-0.045119705340699756,4.845110736488589,-4.000291853315808,8.239663770776804,0.0,-0.8917709534882862,0.12710502850869446,0.0,0.10544789527942194,0.10711398146951111,0.08347136844791367,0.10130823029938499,0.03721465575471943
1979-10-01,0,-0.014354066985645897,4.227727795002542,-4.013208453074445,6.862350266446457,0.0,-0.8728115682828806,0.13608023913861209,0.0,0.1373785152543046,0.13251901348194023,0.14578105729347382,0.13790925626640502,0.03369144814696522
1979-11-01,0,-0.0067502410800386325,4.102222734461291,-3.996441252433878,6.571107175892643,0.0,-0.8679189216625904,0.13813060867245497,0.0,0.21052155318847848,0.2095567844569893,0.23896592894519714,0.21405271312783652,0.0606884605126947
1979-12-01,0,-0.04452690166975881,4.718867086199156,-3.952749074925124,7.8542837517359105,0.0,-0.8870603170127741,0.12900845791791998,0.0,0.22324439444287814,0.23270706703570337,0.19627456552448228,0.2237696460549728,0.06856241868033236
1980-01-01,0,-0.07123534715960333,4.831222635400291,-3.849826518727012,7.948471040760076,0.0,-0.8882490656286394,0.12765631238623906,0.0,0.2551437334260335,0.23858263593265383,0.200492464275513,0.25336934012610507,0.11851001278521531
1980-02-01,1,-0.10667823070251514,4.769201677231581,-3.8957702108195322,7.876180565826493,0.0,-0.8873389300066716,0.12843924938847442,0.0,0.2482913011616659,0.25166365568646815,0.21186319648055615,0.25046254316451905,0.2062238168181722
1980-03-01,0,-0.01623686723973261,3.3439772963798946,-3.9417979618026875,5.063944363211327,0.0,-0.8350908352545598,0.15147001344825062,0.0,0.3495597508451362,0.36550932168229794,0.4387711583190344,0.3461220426314419,0.42127729449696893
1980-04-01,0,0.04563106796116512,3.1996249020112253,-3.9419327487786626,4.828030908683773,0.0,-0.8284154604413647,0.15413417010987462,0.0,0.3100150402743933,0.2979034310071663,0.396975266438376,0.308456551071231,0.4133095671908382
1980-05-01,0,0.06406685236768794,3.910389343811952,-3.974048573118265,6.147319381000831,0.0,-0.8600874052643817,0.1413650735292652,0.0,0.27548576397051305,0.24852354285824088,0.3223274730423529,0.264577978695449,0.45431472292797764
1980-06-01,0,0.04537521815008727,4.861279594568673,-3.9480510871453083,8.187220796866445,0.0,-0.8911531547885431,0.12701338954554098,0.0,0.1845855829035852,0.16563609817024816,0.1490241350832483,0.18914531866687198,0.3528402261791306
1980-07-01,0,0.03088480801335569,4.921449666949063,-3.9449528178575775,8.329015993513824,0.0,-0.8928075586219094,0.1261885016039706,0.0,0.14902652878136385,0.12693141126410093,0.11203282574110066,0.15125866885843536,0.280891592520675
1980-08-01,0,0.02429149797570851,4.890879518558897,-3.9455520599953746,8.255061260807414,0.0,-0.8919510123358427,0.12660874736991024,0.0,0.11577275680003073,0.09267870856728155,0.08389379928085096,0.11782259837109642,0.15954943229832974
1980-09-01,0,0.015019762845849938,4.877065234456289,-3.976215014606365,8.274778212385328,0.0,-0.892180710190501,0.12672619938301394,0.0,0.1054927368598771,0.0873269526113353,0.07761967357774321,0.10275220367016585,0.13897987013870033
1980-10-01,0,-0.013824884792626557,4.862771185735632,-4.026673148932145,8.32974210890983,0.0,-0.8928159011978468,0.12679134727205554,0.0,0.12240662141609966,0.1141508244998464,0.10068248742118979,0.12461281237208105,0.1867544058931471
1980-11-01,0,-0.05379513633013988,4.829763131642962,-4.04732161736905,8.287149852067955,0.0,-0.8923243389060497,0.12718507983757074,0.0,0.13203941326332158,0.12823967963722602,0.11304985690414378,0.13472714291537344,0.2038771468102997
1980-12-01,0,-0.038202247191011174,4.5926601861830525,-4.129788869438761,7.881805742870279,0.0,-0.8874102824414131,0.13019054961884602,0.0,0.08752278430193325,0.0834203495817532,0.08513315120725133,0.08062792473982702,0.12435887136374374
1981-01-01,0,-0.0345864661654135,4.561020874159768,-4.237442256289276,8.018770850599843,0.0,-0.88912014546489,0.1301695512060587,0.0,0.05331081179516177,0.05390639666616994,0.054390781636730424,0.05455114305608899,0.08519898147543073
1981-02-01,0,0.005451713395638436,4.004156681032244,-4.247051153244788,6.845574911598931,0.0,-0.8725396148443378,0.1381048449939619,0.0,0.05268071924913751,0.04692511498320486,0.0631260065935751,0.05377530418588372,0.07660369986536843
1981-03-01,1,-0.11186186186186176,4.5616009980936,-4.221757305843957,7.988916528202095,0.0,-0.8887518871865625,0.13023236661972354,0.0,0.06814931956573082,0.06544075759652408,0.06409467253085371,0.06066059663936876,0.09844120581348699
1981-04-01,1,-0.11979166666666674,4.658465674353595,-4.221826987752278,8.21232921903363,0.0,-0.891449819451318,0.12890727612408787,0.0,0.07915870921118287,0.08387349977927873,0.07019726163388719,0.07627893345655165,0.12058235682491417
1981-05-01,1,-0.10174639331814728,4.3109233162287595,-4.225887932186741,7.441068702284215,0.0,-0.8815315885618378,0.13373928800664708,0.0,0.06646754318369152,0.06518767464939652,0.06744983787554495,0.0674445410014795,0.09608137904639945
1981-06-01,1,-0.10582010582010593,4.409239433369736,-4.266921706470927,7.737615713815523,0.0,-0.8855523025098432,0.13212822978901131,0.0,0.045384735285504255,0.04525836193693153,0.04321772193115337,0.04651562800744375,0.06870924342223354
1981-07-01,0,-0.0914020139426801,3.9739378504214553,-4.316551147060137,6.926883676179184,0.0,-0.8738470197304564,0.13805962927143497,0.0,0.045655155091387956,0.05005474611873889,0.05652595749065579,0.0456495602595709,0.07063334882966053
1981-08-01,1,-0.11651234567901225,3.9859524586980526,-4.2974281090009345,6.911377306969168,0.0,-0.8735997587778938,0.13802114211274347,0.0,0.0412358607873316,0.04472666712591125,0.04842001459744687,0.04183707444612668,0.06257934473728836
1981-09-01,0,-0.06339814032121727,2.666369947720748,-4.28284699185487,4.686986363516521,0.0,-0.8241599441111277,0.15914329710540664,0.0,0.07728968777605796,0.0821982588234595,0.11063238408011707,0.07493800822850025,0.10681442538294672
1981-10-01,0,-0.07512520868113526,2.838937144239144,-4.266562671170316,4.891432393680384,0.0,-0.8302619917912188,0.15651344779476747,0.0,0.042511429472825164,0.03788046573909089,0.05743211564613233,0.043636622710516514,0.04681034469528498
1981-11-01,0,-0.09845402766476818,3.4114323802348707,-4.247290093480252,5.747203852761179,0.0,-0.8517904569326497,0.14732493549562944,0.0,0.03314068887393661,0.026737676017049676,0.0382979436591994,0.030471807951378577,0.03804423675463009
1981-12-01,1,-0.11389337641357022,3.4804681384074816,-4.215676219339497,5.803254828666512,0.0,-0.8530115326878022,0.1465215215037276,0.0,0.03535469448345519,0.028167441603928697,0.038628798138488886,0.03419385702058635,0.04766273205979528
1982-01-01,0,-0.06734867860187543,2.6477363498919857,-4.246323783851042,4.58842665939231,0.0,-0.8210587592986788,0.1600320572726246,0.0,0.04114390867420543,0.03569051531210871,0.05104975809906864,0.040990007334378964,0.04672184224521752
1982-02-01,0,-0.044541484716157154,2.3043403537472167,-4.239757982684329,4.150161748830438,0.0,-0.8058313410783473,0.1659529901266398,0.0,0.048348140797966184,0.04296660550096858,0.060813081983987945,0.04921415828895916,0.045314817509293885
1982-03-01,0,-0.012635379061371799,1.8596288757456612,-4.270060469819924,3.74817676544641,0.0,-0.7893928450016365,0.17255877885655405,0.0,0.042687967819623675,0.038342412128905955,0.0515869126918966,0.04274209260448265,0.03750737290796996
1982-04-01,0,-0.05932932072226993,2.6837428820426754,-4.243584103391112,4.6309333411157985,0.0,-0.8224095475081854,0.15946534837011486,0.0,0.02758164994890602,0.022877493807874436,0.033404351404808214,0.028437661429972932,0.023791786084458668
1982-05-01,0,-0.06013745704467355,2.70402528515284,-4.260072835656132,4.691373054014562,0.0,-0.824295474833683,0.15886854822168,0.0,0.02780782322920112,0.023300761298064895,0.035590388391108216,0.028372228939966375,0.02353405802335155
1982-06-01,0,-0.0027347310847766204,2.147614146324062,-4.278799910541641,4.05442530942564,0.0,-0.8021535706274716,0.1677771143076928,0.0,0.028352696933972906,0.025266658233802433,0.03680592518414471,0.029130168080646154,0.024501321144534755
1982-07-01,0,0.002742230347349217,2.1648952926546303,-4.222202579597019,3.9594404138673314,0.0,-0.7983643482833565,0.16864329844835485,0.0,0.03532693374800053,0.028876835386798166,0.04141518968132951,0.03612970655227523,0.03057902162682802
1982-08-01,0,0.11577028258887889,2.855675084920715,-4.207683267162991,4.797806816641337,0.0,-0.827520986534129,0.15706369209188153,0.0,0.022005031011593068,0.015491105878091719,0.0242237722166374,0.02283221722212705,0.01830319752711297
1982-09-01,0,0.08415032679738554,4.4771213320132865,-4.2202077442567365,7.794951904460631,0.0,-0.8862984117635914,0.13141294146884117,0.0,0.014241577685913396,0.011072932531557276,0.01067790147064452,0.014451139561167328,0.012882644104375321
1982-10-01,0,0.040693293142426645,4.702441455637615,-4.234025737904776,8.33947109995558,0.0,-0.8929275556080734,0.12826392088620933,0.0,0.01607419361831715,0.014089525329404539,0.012292881440054535,0.015956137806509212,0.012307991082249184
1982-11-01,0,0.009413468501086264,4.691987518200032,-4.207954738753522,8.263307554008081,0.0,-0.8920471986739428,0.12850945080026166,0.0,0.01495784017633782,0.012161755489269706,0.011412792311776039,0.014995605115828438,0.011132961528024893
1982-12-01,0,0.035150645624103305,4.654277540679455,-4.167802509705531,8.096950322447134,0.0,-0.890073050357057,0.1291831544910175,0.0,0.016153789629150136,0.012221157519305498,0.011795907109218226,0.016531052974008045,0.011742361362330122
1983-01-01,0,0.017325017325017233,4.636807326301118,-4.136381935242542,7.996183322612274,0.0,-0.8888417494242853,0.12954777177555057,0.0,0.029082127231354206,0.023112537575559835,0.022648927956201527,0.02980412537307952,0.018979462768946746
1983-02-01,0,0.03474114441416898,4.590024357253684,-4.1263255023819525,7.869197108344416,0.0,-0.8872502225642084,0.13024143480408493,0.0,0.0376254640809502,0.031450261991090946,0.030995017297139865,0.0367149694219534,0.02271123268013172
1983-03-01,0,0.03818301514154032,4.57213318806417,-4.148404715999435,7.87021092954325,0.0,-0.8872631093056214,0.1304026287088139,0.0,0.05055279261916281,0.04772190222359916,0.04714371681586971,0.05035030111192682,0.031342373124451754
1983-04-01,0,0.029803424223208808,4.573430992614809,-4.150168654436069,7.876552550208425,0.0,-0.8873436512267908,0.13037710925579798,0.0,0.046801891266507516,0.0451111691604748,0.04487866987632233,0.04734863791278608,0.03941337405862213
1983-05-01,0,-0.010359536867763475,4.574750736161433,-4.1308079940820495,7.842691656434553,0.0,-0.8869122616898746,0.13043820157305216,0.0,0.059805889645966046,0.05754237616760772,0.05687332680676755,0.056577107582143654,0.06393076834019476
1983-06-01,0,-0.024038461538461564,4.546049539737989,-4.140626082851817,7.795906096940766,0.0,-0.8863107462745877,0.1308021297855542,0.0,0.07146136600523659,0.0687958917000526,0.06882452863910526,0.0726861348384606,0.07003693768893962
1983-07-01,0,-0.02754491017964067,4.491767439841984,-4.173087447416497,7.735582358296538,0.0,-0.8855256628597566,0.13142670480262444,0.0,0.0677600034872993,0.07076643389390794,0.06964146148741308,0.068336193591649,0.07130450192184083
1983-08-01,0,-0.03140394088669951,4.018624581055025,-4.184076196630257,6.750243408220006,0.0,-0.8709717943904333,0.1383102356705502,0.0,0.07696370714883846,0.07892827215348695,0.09790321100722499,0.07681748859377634,0.07888928124264036
1983-09-01,0,-0.05921052631578938,4.431990772971733,-4.200250049561436,7.65512567924587,0.0,-0.8844615275318416,0.13214477539792344,0.0,0.034787962571483,0.036020249240283055,0.036198182039148236,0.03567347543634475,0.036846540905134686
1983-10-01,0,-0.06201550387596888,4.441450073528198,-4.17329209678362,7.623604371988906,0.0,-0.8840392071732571,0.13213978921395153,0.0,0.03782240001749523,0.039216784124280375,0.03482044572585691,0.03620457845281416,0.03785618058037046
1983-11-01,0,-0.05205811138014527,4.188910177396367,-4.177478231633964,7.086835736832452,0.0,-0.8763422390978735,0.13579161077822618,0.0,0.0446966949430233,0.04931625449499112,0.046327095517567876,0.042722461758873835,0.03551714741000599
1983-12-01,0,-0.06873479318734799,4.088296129975621,-4.201500685202228,6.92548370567445,0.0,-0.8738247358600933,0.13714651306824904,0.0,0.04361821419280614,0.05233562383140161,0.05060184943191729,0.04451347406581645,0.039081951004262046
1984-01-01,0,-0.09194711538461542,4.284684153268811,-4.23231659610555,7.397458720806348,0.0,-0.8809163541915003,0.13408086401039507,0.0,0.03134237769524555,0.03958145736969974,0.03454853268172508,0.031903058905616864,0.035572702865940706
1984-02-01,0,-0.03941513032422139,3.4327712233338743,-4.216287954831992,5.72202792493792,0.0,-0.8512353695690374,0.14729009622723227,0.0,0.052378487792367416,0.06295971900979078,0.07406265751165478,0.047878476076370115,0.0524861088969579
1984-03-01,0,-0.04002541296061002,3.4233712436999517,-4.14118506204708,5.560197146283182,0.0,-0.8475655566896231,0.14818097343906333,0.0,0.04802716419234062,0.051043808740458205,0.061704905009620364,0.04900200507805509,0.05241150223244167
1984-04-01,0,-0.04124365482233505,3.4318745261082766,-4.152707014511735,5.596786280545879,0.0,-0.8484110356964224,0.14792724874522137,0.0,0.03694122946439593,0.038389591080724594,0.04560927718499416,0.03775073585379335,0.044149164639152645
1984-05-01,0,-0.03512132822477654,3.277796864214718,-4.148508093983669,5.3302962060819565,0.0,-0.8420295089763367,0.15056600189384725,0.0,0.03008897837592049,0.03136783916104435,0.03655809716788337,0.030715588837752675,0.03148887518767522
1984-06-01,0,-0.013063357282821708,2.90957695192059,-4.133183618648009,4.731521754415328,0.0,-0.8255262663480879,0.1571448377377225,0.0,0.03664486824523915,0.041919914473915444,0.047221363817652406,0.03467951980073214,0.04327054016710748
1984-07-01,0,0.08802117802779619,2.7310127838362193,-4.156067504168156,4.523397570696474,0.0,-0.8189520150956824,0.15997975263186587,0.0,0.035719352212664576,0.042277351023961914,0.04815940114540476,0.032656497020035286,0.04387605366643306
1984-08-01,0,0.0006082725060827521,4.001045603772316,-4.172023709873012,6.691622388555149,0.0,-0.8699884173346883,0.13865788258517936,0.0,0.02279901088140258,0.025846471832426467,0.02464315551387011,0.02353627298527674,0.03269536564754566
1984-09-01,0,-0.009632751354605618,4.180030742775137,-4.179971981263407,7.073096228418713,0.0,-0.8761317873952964,0.13590900061074415,0.0,0.011853343820331175,0.012231101409731744,0.012120050903861573,0.01117351226580852,0.016477519078085544
1984-10-01,0,-0.00182038834951459,4.198070099509285,-4.161579812840271,7.075331324502184,0.0,-0.8761660717293669,0.1357463101642741,0.0,0.013146975365874026,0.013258297502299963,0.012934710759007931,0.012819371471854697,0.015577639948400166
1984-11-01,0,-0.010823812387252052,4.381969325209502,-4.159069499831293,7.464969281161887,0.0,-0.8818660804563792,0.133061817322424,0.0,0.013781902156698821,0.013995748827945104,0.01247983207608376,0.013230128858851732,0.01599854921784989
1984-12-01,0,0.04316109422492387,4.2358119752006935,-4.188183659941795,7.206430843442905,0.0,-0.8781443456872582,0.1350382908402093,0.0,0.013903550021112947,0.01406049760467038,0.013619420414481982,0.013413581365163048,0.01898016826293083
1985-01-01,0,0.045454545454545414,4.427033088757932,-4.191529537475332,7.627086845925155,0.0,-0.8840860167679507,0.13225757631819646,0.0,0.012746367824157171,0.013136897662375432,0.011431160355362551,0.010906418784450997,0.01741584984224822
1985-02-01,0,-0.008291873963515717,4.434636466377813,-4.246221054448937,7.7520940512861465,0.0,-0.8857416300441782,0.1318794951935205,0.0,0.0156429689565446,0.01847686492813373,0.016494017647775944,0.01593614645725446,0.020435731973472517
1985-03-01,0,0.006688963210702337,4.297783153142882,-4.2365160507371575,7.433930534268157,0.0,-0.8814313212639268,0.1338693429977024,0.0,0.017508838831933275,0.02002422155036159,0.01930915796230478,0.0170567619285993,0.013373215998801338
1985-04-01,0,0.019379844961240345,4.415097689395431,-4.215479549526211,7.647723777185345,0.0,-0.8843626339409422,0.13230883582779573,0.0,0.01851290970560031,0.0211743128175342,0.019186011516032705,0.018961617309655416,0.013673090974528436
1985-05-01,0,-0.004326663061114178,4.461865831978888,-4.222598143049917,7.765592778941672,0.0,-0.8859175842160515,0.13161506280287227,0.0,0.022390382987025174,0.026957072833707244,0.023792533513360414,0.022649865249463007,0.02303196215975866
1985-06-01,0,-0.02541026998411866,4.4990411210718015,-4.222374940127629,7.84843168084465,0.0,-0.8869856223035739,0.13109662864554208,0.0,0.030722330781053613,0.038007137474665026,0.03312248943868879,0.0312628121134482,0.04214753418321475
1985-07-01,0,-0.043636363636363695,4.486539776745808,-4.180812117633519,7.738823095914835,0.0,-0.8855681149481704,0.13146525989066013,0.0,0.043438576922003154,0.0513414263165007,0.04468395738778654,0.038840571265013,0.057623244566783687
1985-08-01,0,-0.02230483271375472,4.146750601070386,-4.148716622212943,6.94359204731208,0.0,-0.8741123670445318,0.1365889399305797,0.0,0.03447647486766498,0.03494937688583499,0.037280788934697225,0.030947111514289034,0.045662200780488264
1985-09-01,0,0.011406844106463865,3.801802877653504,-4.129042727346204,6.220686429806692,0.0,-0.8615090116817645,0.1420779423785752,0.0,0.06050763578180454,0.06276271590732564,0.06802461809895571,0.06178279218962399,0.08067362575613013
1985-10-01,0,0.06068743286788414,3.979138029773396,-4.132971580024833,6.573094652533634,0.0,-0.8679535849105698,0.13925253306246968,0.0,0.05693091472111812,0.05980564226897594,0.06158818468437442,0.05259996099617179,0.07800045910470685
1985-11-01,0,0.04962025316455709,4.509208356043636,-4.1345000666178136,7.700851834921503,0.0,-0.8850687244223114,0.13135035864484138,0.0,0.050770701603067334,0.05802323956855665,0.045851476035192594,0.05025747734262811,0.07270830575736285
1985-12-01,0,0.004341534008682979,4.538935519286271,-4.114352647323806,7.7300150506718985,0.0,-0.8854526602536572,0.1310125309100118,0.0,0.06664230732373247,0.0756190865134437,0.06297173753738937,0.06489041770158491,0.08818701673159281
1986-01-01,0,0.053794428434198016,4.5288553818667685,-4.0514579402499065,7.590665820201528,0.0,-0.8835945873195961,0.13140977284519964,0.0,0.06421602508059246,0.06478075214018003,0.0565099358920547,0.05738297148603624,0.08649756352968845
1986-02-01,0,0.05879671832269828,4.541443208464647,-4.017959821612529,7.558619118473469,0.0,-0.8831587214996474,0.13135454717756725,0.0,0.07715064565810194,0.07374011193439181,0.06223528859436875,0.07879881191710969,0.08564130139747418
1986-03-01,0,0.02453723633232885,4.583759466193467,-4.036129310913662,7.687894859487324,0.0,-0.8848973179149396,0.13067535697397156,0.0,0.0946206327027771,0.09494587344922156,0.07906007098499704,0.0964666497012907,0.11839548175674536
1986-04-01,0,-0.0025210084033613356,4.597672957902404,-4.037065765801279,7.721526717474358,0.0,-0.885341175645726,0.13047213041146963,0.0,0.09091586779523668,0.08684287660877878,0.07413251066695924,0.09110757756235811,0.10834591189664843
1986-05-01,0,-0.004612159329140386,4.576636560875616,-4.0255717699459606,7.6525230957043195,0.0,-0.8844267748332894,0.13081636532798016,0.0,0.07591099667834195,0.06971416646782792,0.06082199384226788,0.07686350684474827,0.08320760592182208
1986-06-01,0,-0.032205462698736254,4.5761423488963535,-4.021066517448661,7.643289246181634,0.0,-0.8843033049667091,0.13083978968119622,0.0,0.08131835015553122,0.07608088504582841,0.066188413037708,0.08266751475273318,0.09288913552278368
1986-07-01,0,-0.011656952539550347,4.270160550157644,-4.021811805733425,6.967926525871746,0.0,-0.8744968346842791,0.13538676202443317,0.0,0.08447259543643591,0.07591308154521516,0.07936060285830521,0.08595951653178059,0.08769379505145829
1986-08-01,0,-0.031020408163265234,4.573038422535375,-4.012968901010996,7.621671130848782,0.0,-0.8840132052332699,0.13091381308627356,0.0,0.0860746323609433,0.08052711035937686,0.07150924000995718,0.0881552901529811,0.09070208179946891
1986-09-01,0,-0.003776751993285754,4.129656997574721,-3.9882080242125504,6.612985326842823,0.0,-0.8686454843838889,0.13773940500318413,0.0,0.12590901682696776,0.11533471483753835,0.12808391604190067,0.12777548041839915,0.08285373776856476
1986-10-01,0,0.03243470935130577,4.072075875128973,-3.98725474231909,6.493234737278758,0.0,-0.8665462867424917,0.13866048468158998,0.0,0.11603083881685732,0.10383533998702141,0.11864950802658829,0.11871086463366201,0.0803085377387591
1986-11-01,0,0.01427988576091388,4.575977535464387,-3.9837968984242247,7.576573984839069,0.0,-0.8834033261104359,0.1309735781352239,0.0,0.067873847457224,0.058447564531958755,0.05260478150744831,0.06960209445769981,0.059666534909133005
1986-12-01,0,0.06395816572807722,4.603603259687832,-3.9732706760043617,7.621459144352043,0.0,-0.8840103533222559,0.13060681480742614,0.0,0.06310882590889559,0.05286196372382556,0.04554026319274787,0.0630855662141574,0.05726146570750849
1987-01-01,0,0.062003780718336454,4.614894866731032,-3.987791379276445,7.673045990730626,0.0,-0.8847002539743527,0.1303948839108543,0.0,0.08797450216505688,0.08217662477036704,0.06854552541944219,0.09064415078921732,0.05905436466704949
1987-02-01,0,0.02919188323246713,4.588192733570934,-3.977749269467863,7.593911290407256,0.0,-0.8836385475474682,0.13081615647564773,0.0,0.07772615675559019,0.07321799032533899,0.06592056448981265,0.07351170282556765,0.04339530605172008
1987-03-01,0,-0.011623931623931494,4.5726891375521435,-3.956044913269142,7.520455024553438,0.0,-0.8826353760311749,0.13111577203600852,0.0,0.0805128154975949,0.07696911692669522,0.07116511261833122,0.08074204470721554,0.038402298350324576
1987-04-01,0,-0.03145523677843076,4.349170471401692,-3.932929698981222,6.981943352650552,0.0,-0.874717226642816,0.13456439059883912,0.0,0.08595416069828409,0.08324246016647242,0.08544179594467394,0.08265258108274343,0.05946463822092692
1987-05-01,1,-0.15254237288135597,4.303959974619123,-3.913442205084727,6.850813582580638,0.0,-0.8726246662869697,0.13534565122082776,0.0,0.09016478934967613,0.08597959379977783,0.08898609613270506,0.0924798777300199,0.06275425632827233
1987-06-01,1,-0.20039814200398132,4.502339606926745,-3.916109289330009,7.292102791814539,0.0,-0.879403328069312,0.13229528581952552,0.0,0.07927353595815048,0.07582551015939187,0.07148515150085258,0.08018060962333602,0.04435614804949295
1987-07-01,1,-0.22283134472750732,4.497410529810893,-3.932854090029304,7.309667830186223,0.0,-0.8796582462216677,0.13231156802985847,0.0,0.09150922329516735,0.09379967048791824,0.08965139440294988,0.09381128830560588,0.04859077981392514
1987-08-01,1,-0.26836672738312073,4.486609513113926,-3.9441305293203213,7.304843926701594,0.0,-0.879588345208413,0.1324334797488545,0.0,0.10271412952661822,0.11125513051925164,0.10692722086202792,0.09941621875719785,0.07071697861234388
1987-09-01,1,-0.24380294948227166,3.9546833576687885,-3.9913812582033716,6.264961268413407,0.0,-0.8623530170287625,0.14053252922645726,0.0,0.10647540001731115,0.1176240101214473,0.14369097562166638,0.10896836329317837,0.11562877824057449
1987-10-01,1,-0.13990007137758742,2.1294675237820555,-3.9854390542567217,3.478236345591567,0.0,-0.776697806272683,0.17412822833948355,0.0,0.2490921283774329,0.3565901742539469,0.37284790598415235,0.25352283645340973,0.24982008252592935
1987-11-01,0,-0.01632653061224487,0.5016052231818429,-3.945345744136598,2.3374307467848983,0.0,-0.7003683144696421,0.20026248143029715,0.0,0.3129817298407758,0.4202512221284348,0.32443404596740244,0.3162618760368516,0.26890039530792265
1987-12-01,0,0.03941908713692954,0.2975719582516057,-3.9176402125632004,2.2490842735307397,0.0,-0.6922209718760811,0.20263843905272172,0.0,0.2453906948363172,0.29714279809429467,0.2315450895589915,0.22106815918985182,0.1871392821323828
1988-01-01,0,0.02235528942115783,0.7689482831122106,-3.9265152703389,2.3899365219787754,0.0,-0.7050092255366837,0.19843650676930086,0.0,0.1473363217076893,0.2051361311229785,0.16106559689463848,0.14952475250396435,0.11245417567320229
1988-02-01,0,-0.00774893452150327,1.1740728978272947,-3.9275409173269353,2.58848540058873,0.0,-0.7213308991487218,0.19288965637880295,0.0,0.10162376751207783,0.1396201444053039,0.12072023536885104,0.09617378160508568,0.07966809517189638
1988-03-01,0,-0.0361309747835904,1.5572970478553565,-3.92567957340431,2.846978387604559,0.0,-0.7400557270552588,0.1864115858932713,0.0,0.07261670292109157,0.09037462326947132,0.09062023074145029,0.07435849890063993,0.05940417863673959
1988-04-01,0,-0.024752475247524774,1.4194096006651757,-3.9447630237747235,2.7772020180172774,0.0,-0.7352537684693607,0.18831494919885763,0.0,0.07613164124205223,0.09448192707804771,0.09115118280229921,0.07817413947094784,0.06056842142863984
1988-05-01,0,0.029675907848496497,1.0959197711687172,-3.9563934979214466,2.593949788267759,0.0,-0.7217545990029014,0.19311686754047028,0.0,0.08215424323019828,0.10321416024292986,0.08908824338900852,0.08164846340911337,0.062135825591519804
1988-06-01,0,-0.025858884373845537,1.7862602006104797,-3.940535447308929,3.063900768609298,0.0,-0.7539309995646847,0.18174135344190512,0.0,0.05119533783646244,0.05668093667089467,0.06465027084374904,0.04902588375746712,0.0410877414746312
1988-07-01,0,-0.02006688963210712,1.7163709717784705,-3.940675439404452,3.00294325953266,0.0,-0.7501838184644293,0.18306041144726462,0.0,0.04474018964309751,0.04879267307547098,0.054343591307294326,0.03915974718261475,0.03525798884505922
1988-08-01,0,0.01630640879787637,1.879340588970089,-3.941578282724418,3.150999348869993,0.0,-0.7590941563813483,0.17993022636045322,0.0,0.024415247231601253,0.023184620059395592,0.028116504581809105,0.024910004259621886,0.01739851501561217
1988-09-01,0,0.011194029850746245,3.9009081490441972,-3.9638985032892395,6.1110385384097725,0.0,-0.8593735648318357,0.14158462099559538,0.0,0.006177372951926666,0.0032647423777324254,0.00550319676141804,0.005819845636490284,0.0063535282587235484
1988-10-01,0,-0.02307137707281892,4.593863453758281,-4.00915564745745,7.662579719277406,0.0,-0.8845609469227007,0.13062597963954456,0.0,0.007779303686727228,0.004940792898356951,0.00582587981430571,0.008097466363641049,0.008172271979659945
1988-11-01,0,0.02029520295202958,4.227120275481611,-4.0428100307034525,6.914430986083989,0.0,-0.873648528648704,0.13594271366487634,0.0,0.027035804590043604,0.021597512850642132,0.026959849147293193,0.028009833451717873,0.02702018711447465
1988-12-01,0,0.032188065099457486,4.525875784003901,-4.073451096133239,7.624250482687973,0.0,-0.8840478947118516,0.13136586057459387,0.0,0.04249755825124575,0.04470630547882684,0.03816263678389326,0.04344508063101365,0.04941335784823786
1989-01-01,0,0.02557813594954461,4.567238022979952,-4.068121631806283,7.708465461106502,0.0,-0.8851692063927713,0.13079276404322285,0.0,0.03994224187606829,0.042686706090187626,0.035605299116500747,0.039514750659696785,0.05004380108012282
1989-02-01,0,-0.004421768707483009,4.561808213947731,-4.0549596179420115,7.671948522442482,0.0,-0.8846856623500405,0.13092091960299235,0.0,0.041438030243296196,0.04451789878145752,0.03727397823957679,0.04283749274576283,0.039430321971630794
1989-03-01,0,0.03279808677827134,4.484833028868677,-4.051127752169477,7.490862724911072,0.0,-0.8822263376057028,0.1320509366979337,0.0,0.03658775268439599,0.03820368825793645,0.03362126426445907,0.03371555495888694,0.03370434787508491
1989-04-01,0,0.038372477671187344,4.565057099341306,-4.0710120388701325,7.708805042092541,0.0,-0.885173683970801,0.130812862782624,0.0,0.042886362104467265,0.048838236795142584,0.04038875884907797,0.03712362407794499,0.04033187152323747
1989-05-01,0,0.031220133800573535,4.5862922833846795,-4.101179463339502,7.813352466002806,0.0,-0.8865357985105594,0.13039350977258476,0.0,0.05174992364379489,0.0645570409229583,0.05382040781373913,0.05243484997175523,0.04543105544967429
1989-06-01,0,0.025332097621254324,4.617476632282229,-4.086272317898409,7.857347735769689,0.0,-0.8870993857493501,0.1300096352471564,0.0,0.04690473453346664,0.05555463866810789,0.0464045663700456,0.04724530453941927,0.03472170099460875
1989-07-01,0,0.024314552576077286,4.634520346310769,-4.070846089180246,7.868257594881978,0.0,-0.8872382777224337,0.1298256073518513,0.0,0.06517384850857527,0.0786640292363296,0.0634494814734993,0.06692057913391564,0.04613305172717385
1989-08-01,0,-0.04659549913444905,4.620708583982805,-4.082839669296593,7.858448863256002,0.0,-0.8871134195798202,0.12997677906570365,0.0,0.07846370846408822,0.09937588381161266,0.08147514572664437,0.08007800546733851,0.08747590698775616
1989-09-01,0,-0.048517132162395726,4.615561493606667,-4.064983741671367,7.813635999737714,0.0,-0.8865394486418819,0.13011550888662382,0.0,0.0693888516809286,0.08203135298098253,0.06887630851733492,0.07054536053859452,0.07987533308504204
1989-10-01,0,-0.04879101899827287,4.630937277417144,-4.050994799248358,7.823583483841018,0.0,-0.8866673611881907,0.12994750782553932,0.0,0.06270102243015653,0.07182218645756702,0.06012937696479022,0.0637051499432567,0.07472288820273416
1989-11-01,0,-0.02865961199294531,4.319974076729802,-4.050194582754671,7.126273650013139,0.0,-0.8769423670591767,0.13449751272182975,0.0,0.09098849742389764,0.10400861886812914,0.10296398613057148,0.09202297134920562,0.11384548335730837
1989-12-01,0,-0.05206540447504315,4.649302093830724,-4.028370401582316,7.825167699811443,0.0,-0.8866877056601015,0.12976483550919413,0.0,0.07760075664706763,0.0883382991968943,0.07270311730346771,0.07426630959923848,0.09715879549677524
1990-01-01,0,-0.028002470806247737,4.264148444450565,-4.01101262941154,6.935742818093185,0.0,-0.873987851808902,0.135530102920332,0.0,0.08564788764717607,0.09031587514870239,0.09291919877034535,0.08618917415399516,0.11207367517507269
1990-02-01,0,0.0009078529278256919,3.833463070137375,-3.982342923885688,6.012978151955212,0.0,-0.857407227238944,0.1425894413723749,0.0,0.10045027220209597,0.10027521592776485,0.11937964863379884,0.10254843261882159,0.13050379761980765
1990-03-01,0,-0.06810258228446475,4.188261300525374,-4.005284698045363,6.765160987412952,0.0,-0.8712196692868359,0.136731773367724,0.0,0.0792938094248491,0.0807651730577673,0.08506386803643744,0.08061784342977378,0.10105996606366248
1990-04-01,0,-0.09184457980956884,4.161038349344371,-4.0016775450901365,6.701913959842994,0.0,-0.8701621434342295,0.1371755921379816,0.0,0.06195428143606434,0.05924861960350659,0.06334562621668294,0.05614022129513707,0.07878320211241167
1990-05-01,1,-0.12314061384725195,4.628855325029858,-3.9769019265441106,7.6861191977098215,0.0,-0.8848737880245001,0.1302287750755782,0.0,0.04625674529125322,0.043081982287501576,0.0352855457093388,0.0474699742721214,0.06215808972016361
1990-06-01,1,-0.1478120924553955,4.6425654828524685,-3.9821991763909725,7.7272186492760975,0.0,-0.8854159566538479,0.13001382674092443,0.0,0.04700389345133236,0.045137361739555515,0.036709067597287454,0.04862682921859668,0.06460278370499212
1990-07-01,1,-0.14695997555759233,4.623174333952614,-3.972818884870162,7.66581123602001,0.0,-0.8846039946215959,0.1303242215549187,0.0,0.04387612874973861,0.041306394190261275,0.03405014915347753,0.04492749309044737,0.06026872089548993
1990-08-01,0,-0.0714436885865457,3.3518822639211776,-3.917969901686502,5.03628795742467,0.0,-0.8343352724301375,0.1515456237879106,0.0,0.0908909389816859,0.08481154925747701,0.10365309920399936,0.08330879395961859,0.10493155394628113
1990-09-01,0,-0.026283250372531097,2.6801599465016883,-3.9183634192771173,4.023994869207934,0.0,-0.8009552107369774,0.16445467283331286,0.0,0.10027654290368908,0.10709203587439106,0.12769711780271942,0.09664461142673023,0.0941185213192356
1990-10-01,0,0.02660197968220901,2.340738271102014,-3.9336152795426536,3.6240648037644836,0.0,-0.7837400550299614,0.17098291099066357,0.0,0.10503617309051654,0.12243093867449518,0.13620711912282454,0.10812932144865041,0.10116990089975003
1990-11-01,0,0.03235116876526378,2.716141837990388,-3.9665481665234252,4.155753023303278,0.0,-0.8060419117284826,0.16304566667242198,0.0,0.08868429176210649,0.09290935355525586,0.12098216558892208,0.08277873912480205,0.10181500079794313
1990-12-01,0,-0.009916349809885872,3.309014963343419,-3.9773760987374573,5.0677721643321005,0.0,-0.8351948667620955,0.15176675002479198,0.0,0.05639851421085938,0.05040263856363201,0.07228745226207611,0.05616806077899682,0.06839973382751426
1991-01-01,0,0.11296814034225311,3.1808173095455134,-3.9751958688295823,4.855946703334668,0.0,-0.8292334184956721,0.15413313975389337,0.0,0.06525368524881495,0.05767030992952629,0.08299097927428419,0.06689511271389675,0.07378724718706799
1991-02-01,0,0.02765969193397,4.6918770933003495,-4.008792474846343,7.889463485537535,0.0,-0.8875072717687719,0.12922411649909066,0.0,0.0320922159630981,0.02887055375083071,0.025638812887510097,0.028057236230831704,0.04002367948443771
1991-03-01,0,0.015337917696357728,4.669130028263859,-3.986602085382578,7.796825351237558,0.0,-0.8863226266212825,0.1296183521030946,0.0,0.02167941241841455,0.017005524394149023,0.017345598384493597,0.02133710377568668,0.02505835504719828
1991-04-01,0,-0.0044511167298777465,4.6534412874891835,-3.9751212101206734,7.74004488503434,0.0,-0.8855841116202607,0.12987973794864524,0.0,0.025048472973783188,0.02005220184662278,0.020726774119585067,0.025948603375075752,0.028876937013553768
1991-05-01,0,0.0007936717902590207,4.57093319067724,-3.9668821355299326,7.535337843496159,0.0,-0.8828400212931244,0.13110510799275593,0.0,0.021420874056217662,0.016575758154481993,0.01824839992153747,0.022070963687629157,0.024792608884049123
1991-06-01,0,0.005128340691004318,4.578716909004939,-3.935355488510328,7.498456216872448,0.0,-0.8823315700544947,0.13109490990605513,0.0,0.02003122369961005,0.014387695789097887,0.015738930320423696,0.01908109210381126,0.0234196178741947
1991-07-01,0,0.014964626673329207,4.637215554545815,-3.9464239153417164,7.652336058680251,0.0,-0.8844242764938869,0.13020380869836715,0.0,0.018695429766625034,0.013655427259623595,0.01422351853234039,0.01899592767233276,0.01989061288440641
1991-08-01,0,-0.008936825885978328,4.675625744163764,-4.012577459249079,7.8581697042565235,0.0,-0.8871098620384885,0.12944274205658718,0.0,0.0254512983052891,0.02112129686742426,0.021029428510080626,0.02584995549217246,0.028076532921617176
1991-09-01,0,-0.0033057851239668423,4.6146849451407,-4.030752952211224,7.7492929790380725,0.0,-0.8857050504085482,0.13025080466980218,0.0,0.040263766937541905,0.03604186209101964,0.034708114092885364,0.04006897611832139,0.03907024553201683
1991-10-01,0,-0.002481389578163684,4.605060494720032,-4.021671830532035,7.710752727525238,0.0,-0.8851993586225809,0.13042078574453878,0.0,0.05097078696006839,0.046002150027066806,0.04346682743986978,0.05223352540918881,0.04862096590696211
1991-11-01,0,0.0067112354892204795,4.573511435156864,-4.011046550587867,7.619314678231198,0.0,-0.8839814953588382,0.13091383281363175,0.0,0.04948745328196628,0.043336138228745866,0.04158916525998983,0.05021686084896788,0.056143892091742593
1991-12-01,0,0.04851869964737077,4.689795906308285,-3.9936379925044663,7.85762452494292,0.0,-0.8871029137457771,0.12930128898521495,0.0,0.042314657574895075,0.036214843290852214,0.03229880216973602,0.042813596967213124,0.050342119414415194
1992-01-01,0,-0.020957508171505435,4.703422868869576,-4.0150949889150365,7.927853974989487,0.0,-0.8879909995390379,0.12904071127392067,0.0,0.05494328894751262,0.05309252376979638,0.045569767164921754,0.050802497666085036,0.06393157799417633
1992-02-01,0,-0.012604227263913081,4.54649102778714,-3.967066163357966,7.479947232031929,0.0,-0.8820747378919263,0.13146349765864887,0.0,0.03166372539149229,0.025164079122555277,0.0257198516725042,0.02893634764584312,0.03602659467704271
1992-03-01,0,0.00012274155538105624,4.332669963357494,-3.9636335165613947,6.999312102953091,0.0,-0.8749892506843392,0.13469102813342057,0.0,0.05393336283081192,0.04855421949980364,0.04700528693596508,0.05483269073520417,0.0667489112231056
1992-04-01,0,0.00211089565793654,4.337458341261599,-3.9653297212310377,7.01265322603366,0.0,-0.8751973944472061,0.13461040951733352,0.0,0.04880675150752421,0.0439685950091941,0.04222530410941678,0.04588888426179118,0.05746904600502068
1992-05-01,0,-0.015766254429739,4.617861359339064,-3.962442645085526,7.635387574122614,0.0,-0.8841974385728015,0.1304347898553094,0.0,0.045190110649462864,0.04164202056911374,0.033722547724273064,0.046085495529983506,0.05295840345519108
1992-06-01,0,0.010360790653244134,4.372820056784393,-3.967079589538272,7.092714355266154,0.0,-0.8764320651760962,0.13406312215798058,0.0,0.050627505448289055,0.04601860584299921,0.043187143223241,0.051163678813249375,0.062030484007808834
1992-07-01,0,-0.006143838091796194,4.640517195169376,-3.954810629725153,7.674537844731031,0.0,-0.8847200833174754,0.13012996105033245,0.0,0.04704429099165908,0.04336121064608639,0.03525752818120426,0.0481555406388285,0.059975228697961215
1992-08-01,0,-0.012992606417342678,4.668331500689258,-3.9494077165446666,7.729891077820167,0.0,-0.8854510335712347,0.12974398916770263,0.0,0.042192427284947494,0.03902229131915561,0.03139151995279136,0.038624373442943,0.05475452556518433
1992-09-01,0,-0.01428981074364366,4.659653294933541,-3.9402361422987076,7.69379524409435,0.0,-0.8849754368577641,0.12989688468820118,0.0,0.047377980691107664,0.04424254415836183,0.03545642253071447,0.0485217479309848,0.052476297964690166
1992-10-01,0,0.02506666666666657,4.4150530021169265,-3.950001839462639,7.155764404752739,0.0,-0.8773873360764008,0.13348974306965244,0.0,0.05240427287946851,0.04958218253668778,0.04553694244001721,0.053676378094111445,0.02361350018133694
1992-11-01,0,0.029301863589064503,4.621088271730524,-3.967251782062324,7.651240861842113,0.0,-0.8844096452786695,0.13037245203254977,0.0,0.042849805473847744,0.04250710562269209,0.03447816725427283,0.043030198635454764,0.008319639536274119
1992-12-01,0,-0.0009411440639058855,4.626753725771599,-3.965669030213522,7.6615723754047576,0.0,-0.884547521320773,0.13029534006794924,0.0,0.04565585493606948,0.04533061118984736,0.037150117501321085,0.04513644428058092,0.007877914669525652
1993-01-01,0,0.014865703191415891,4.610542465111629,-3.943364492307184,7.585379342188705,0.0,-0.8835229102707223,0.13060218669810808,0.0,0.03479275542823228,0.03222235572729636,0.027333617065759833,0.035904149465689955,0.007017109996975481
1993-02-01,0,0.003124292506226034,4.651709904995709,-3.9377952195242174,7.671096188073388,0.0,-0.8846743274079413,0.13001940686623278,0.0,0.059185649303150144,0.05988599146934111,0.04481278637508299,0.055718418682244614,0.015508776271981859
1993-03-01,0,-0.015727741247556493,4.677864656570834,-3.93426624050478,7.726024682190964,0.0,-0.8854002783144872,0.1296507871215867,0.0,0.06996678270521528,0.0708518971149092,0.05288675900367435,0.06412445723505185,0.02250910654933583
1993-04-01,0,0.004897535433781686,4.43681205705322,-3.913720634313819,7.141594852575743,0.0,-0.8771739421934474,0.13329497387794095,0.0,0.08672417781367943,0.08334642009274404,0.07256313096286973,0.08866809543997423,0.026395473467837858
1993-05-01,0,0.004581695676586284,4.5018045408796015,-3.8872019342540307,7.242003198200901,0.0,-0.8786702727538028,0.13239970050474206,0.0,0.08028367474765713,0.07421796417825112,0.06336657210397317,0.08269081040281953,0.021407917643572354
1993-06-01,0,-0.001718519841092725,4.601410141778424,-3.89719268864376,7.485502881302588,0.0,-0.8821519462089332,0.1308779966820245,0.0,0.07977129369203939,0.07619147439933374,0.06094386374231485,0.08162474074004222,0.03043766201245369
1993-07-01,0,0.01529209237854623,4.581793942433682,-3.8847486427702203,7.4195348026445345,0.0,-0.8812285923818611,0.1312063727166827,0.0,0.07867316095566636,0.07242593747061346,0.058527165593689826,0.08122790793325271,0.028938184733872302
1993-08-01,0,0.01125228458811356,4.6873009911521235,-3.887034670551569,7.667859001157675,0.0,-0.8846312567075167,0.129644822244538,0.0,0.07707861352686093,0.07261054969615031,0.05467154134028392,0.06793487878161023,0.03166411989552132
1993-09-01,0,0.007947913944778229,4.697529849865945,-3.919178143047841,7.746267376103333,0.0,-0.8856655122695868,0.12940921375280123,0.0,0.0703845375103225,0.06995229930790632,0.05234169235114834,0.07128666939126987,0.08049835319602217
1993-10-01,0,-0.035934468635481664,4.708211788385016,-3.9161675685035005,7.766251177480584,0.0,-0.8859261524961917,0.12926322086803987,0.0,0.08058729132720942,0.08070966604034453,0.06055802824787968,0.08194297196902356,0.11564559271923827
1993-11-01,0,-0.03383093175484453,4.646006965496143,-3.889558000281849,7.5757454078227635,0.0,-0.8833920606962278,0.13024236608945383,0.0,0.07627308967032471,0.07238165854653641,0.056396178090598104,0.07758125206515279,0.09913500407864466
1993-12-01,0,-0.04017598454769822,4.672825339570013,-3.8702274560825995,7.605891695445987,0.0,-0.8838005362617829,0.12990095425145157,0.0,0.0747250747967026,0.0696316043346431,0.05265387578354382,0.07633415732842036,0.10906410517917846
1994-01-01,0,-0.05446203936658278,4.683281140331008,-3.858439181419636,7.610788615004596,0.0,-0.8838666184119924,0.12977792969144897,0.0,0.09172264047594442,0.0856083149639383,0.06282619294266274,0.09022460165629966,0.1343716208215282
1994-02-01,0,-0.05163492938631831,4.624397788268049,-3.862443849008245,7.480403070220307,0.0,-0.8820810766045319,0.13063663691855681,0.0,0.08071669612344513,0.0739948899312002,0.05647641621312179,0.0832259067330594,0.11733391707254648
1994-03-01,0,-0.03574739656324788,4.335598113622229,-3.856877440114184,6.824278461790155,0.0,-0.8721926878135157,0.13507150890101724,0.0,0.08228779833948684,0.07355132875552244,0.06449266144387134,0.0804212850166827,0.11440140732747729
1994-04-01,0,0.008206068465890004,3.767768433244421,-3.8775176625561483,5.70824320119125,0.0,-0.8509296741325031,0.14439392321279362,0.0,0.10365368897781757,0.09749133053865551,0.10059527270705283,0.10547682114483978,0.1373198966641474
1994-05-01,0,0.00110889332446229,3.875112767575338,-3.8942342814374014,5.941395074407803,0.0,-0.8559367404850798,0.14244057164007895,0.0,0.07774704374663471,0.07074419810575161,0.073744448309812,0.07952136660523806,0.10206715803461998
1994-06-01,0,-0.007541279159246295,4.003564080600398,-3.8868268514828057,6.1819438283406285,0.0,-0.8607619296528183,0.14031876442942218,0.0,0.07659756121282002,0.0689336562636828,0.06927172452487013,0.07888954511560016,0.10182137814036392
1994-07-01,0,0.00839610101905186,3.8768574003246212,-3.9074423122898705,5.967107350122006,0.0,-0.8564684093776037,0.1423318664320717,0.0,0.07617595520873041,0.07193903671252908,0.07456868231247255,0.07181553911333638,0.1003717058467731
1994-08-01,0,-0.019494227123901475,4.303097187079737,-3.894762459292608,6.8173217883740715,0.0,-0.8720789514527596,0.13543542164099384,0.0,0.06108129727744317,0.05581323418715872,0.04997335886942685,0.06106367011057614,0.08406872315529106
1994-09-01,0,-0.025205585060818825,4.378389191015237,-3.859102706416573,6.921178805752467,0.0,-0.8737561637576232,0.13439244581089296,0.0,0.05911284383932299,0.050939614344698944,0.04501923636887907,0.06131260908045034,0.08094953949088575
1994-10-01,0,-0.018585196524438907,4.2557628227480375,-3.8660232715551004,6.6679574249154125,0.0,-0.8695871736649566,0.13630169839005718,0.0,0.05415444240740775,0.04595628259647492,0.04248331618792511,0.05610933099620141,0.07239516262660274
1994-11-01,0,-0.012624455000976087,4.150318982754531,-3.8770048755952,6.464653840222694,0.0,-0.8660353150454775,0.13795238003389262,0.0,0.055486155734288084,0.04800727603071422,0.04581587349896169,0.0573538209526882,0.06634848101077313
1994-12-01,0,0.022100661262330012,3.9704373207716754,-3.8898801170294157,6.121034867485664,0.0,-0.8595709726733741,0.14085573658117437,0.0,0.05688407058833785,0.04979736571675378,0.05059209353076838,0.0572839306823111,0.07364271286752162
1995-01-01,0,0.03583019881784,4.341446906825665,-3.897264762355533,6.904421000813622,0.0,-0.8734885199185282,0.1348256969767599,0.0,0.040940747605444666,0.036008264536692786,0.031817780370639766,0.040935411331518436,0.04945260390143818
1995-02-01,0,0.023302622841965492,4.5672947143327125,-3.9000597758086606,7.412146274557891,0.0,-0.8811242734776915,0.1313757460062615,0.0,0.041498125338123665,0.037900859561621786,0.029991473515944025,0.04121128305637004,0.043290589904418704
1995-03-01,0,0.029930041569502297,4.581605272883889,-3.8978157305294765,7.441087370785894,0.0,-0.8815318505692832,0.13116979151676142,0.0,0.049059899256464305,0.04484532224000897,0.03632312742515393,0.05049385545307204,0.056486200030196526
1995-04-01,0,0.03130475871709537,4.587382538638789,-3.8978207080658995,7.454338693235826,0.0,-0.8817175374343491,0.13108399671645982,0.0,0.07020664777401346,0.06828826452827823,0.055768238792089586,0.07264517255791307,0.07887415331955185
1995-05-01,0,0.029667245757049487,4.6106211887292226,-3.909354541470192,7.527304061785882,0.0,-0.8827296420117838,0.13070564200535853,0.0,0.0804850583040947,0.08254037688689649,0.06631039370444199,0.08294609383361315,0.10460428294666807
1995-06-01,0,0.03341058681746545,4.640883975979941,-3.915327807914601,7.607456956446157,0.0,-0.883821667066125,0.13024369742590802,0.0,0.08221196233171087,0.08441118386321501,0.0684968483965307,0.08385467974259089,0.10662337711646055
1995-07-01,0,0.0031218041875236135,4.640252168309525,-3.9198697349051015,7.613736271667549,0.0,-0.8839063597420301,0.13023958396982355,0.0,0.08911412066493737,0.09203539379740006,0.07576645389790766,0.09028966892331225,0.11000563099143232
1995-08-01,0,0.035163026953551224,4.6310220644844415,-3.9148488595234405,7.583781579362112,0.0,-0.883501229527521,0.1303894941630328,0.0,0.07120293853551095,0.07003064262602317,0.05901098312995736,0.07078727484856707,0.05375890067186096
1995-09-01,0,0.007170378561431878,4.6479621831210345,-3.9269263367617904,7.643708524739392,0.0,-0.884308917042046,0.1301062487287209,0.0,0.08247784079655049,0.08515062330429392,0.07021713818683241,0.0840465595615779,0.04458588651172786
1995-10-01,0,0.021632471008028675,4.648211739918121,-3.929389280488573,7.648511201883366,0.0,-0.8843731624256632,0.13009531968634896,0.0,0.08645279891488004,0.09078833851386181,0.07653631714919157,0.08250081661834305,0.03902442383373824
1995-11-01,0,0.031719644686245774,4.653125823189442,-3.9299373344864694,7.660878443035102,0.0,-0.8845382709643986,0.1300221900001591,0.0,0.09587297779287737,0.1022135173834902,0.08633598505795764,0.09763895006855847,0.05458450008656068
1995-12-01,0,-0.00024407309175533687,4.664012577512599,-3.931148265144931,7.688315444420828,0.0,-0.884902889818285,0.12986048913667575,0.0,0.1155395602177976,0.12666928384766196,0.10785517591489571,0.11795882270864484,0.08744755822914847
1996-01-01,0,0.04825689267927502,4.671678648450205,-3.9183647869740144,7.684328216322996,0.0,-0.8848500453817018,0.12978605353089948,0.0,0.10683310138796903,0.11261181994460472,0.09737986298221003,0.10181548143401575,0.07702796494972221
1996-02-01,0,-0.00842134433599151,4.667506992456023,-3.905937191074824,7.653454516927377,0.0,-0.8844392146461441,0.12988183940463377,0.0,0.11720157318876845,0.12432211402159438,0.10768539507004732,0.11684098922454052,0.1428536240558369
1996-03-01,0,-0.004636283555102261,4.5862942394246025,-3.916478276889308,7.483489830870499,0.0,-0.882123982000767,0.1310428590314449,0.0,0.09139151566279981,0.09447533095743488,0.08747389730790708,0.09220000626883919,0.10831510091879007
1996-04-01,0,-0.00479008606703013,4.583941879618615,-3.9216951827561264,7.4869999877393525,0.0,-0.8821727346006082,0.13106129686621726,0.0,0.07716569712871248,0.07870398974660682,0.0721660970027809,0.07843538218720182,0.0917823732575363
1996-05-01,0,-0.02595163558822189,4.6327713865375815,-3.9119778389119744,7.582947461125151,0.0,-0.8834899078050621,0.13037231853405815,0.0,0.07236020671796624,0.0733005312720636,0.0645555823212282,0.07338540493785632,0.08488952791214142
1996-06-01,0,-0.036544502617800956,4.615606018966515,-3.9124943264603305,7.544137861421383,0.0,-0.8829606899819331,0.1306228457314408,0.0,0.06435774732346161,0.0648169179699506,0.05695726363365817,0.06432422561219092,0.0748826309269224
1996-07-01,0,0.02889437483503321,4.044273783770794,-3.901922263762186,6.289287836754221,0.0,-0.8628123868345854,0.13956546903469957,0.0,0.08112815140362918,0.07878819283715693,0.08932719859175221,0.08289373831631995,0.09407789130487879
1996-08-01,0,0.01841009235226654,4.481860702958809,-3.8962875664832657,7.21250079791378,0.0,-0.8782344106129001,0.13267153162947654,0.0,0.06610402578601753,0.06405275352518297,0.0606547945127593,0.0665170775380382,0.0819434266160286
1996-09-01,0,0.03938477951635844,4.60589297923147,-3.8952233254168758,7.492499837153412,0.0,-0.8822490410155618,0.13081750276478274,0.0,0.0503354421330363,0.04827623196700939,0.04319105463434717,0.047910018681979465,0.06256180201898344
1996-10-01,0,0.04876970889288046,4.632062319624383,-3.9013315021373756,7.563251340176375,0.0,-0.8832219258462869,0.1304137820524773,0.0,0.06064105287202752,0.060608754591714206,0.052997986414792926,0.061825679994177485,0.07541766309192068
1996-11-01,0,0.010303532834015305,4.647198358768824,-3.90315107339261,7.601442764309094,0.0,-0.8837404343199945,0.13018648158600932,0.0,0.06558272159668127,0.06718789631590992,0.06006513037889759,0.06555448219354132,0.0793983912198058
1996-12-01,0,0.02782374705684476,4.640416585653272,-3.909239467137279,7.596018243469509,0.0,-0.8836670686733697,0.13026828866925605,0.0,0.05091821551066531,0.050953126556540815,0.046994044612760244,0.051903525006640056,0.062868448064025
1997-01-01,0,-0.0029886977630446676,4.627192888041437,-3.9344485553022843,7.608462316278132,0.0,-0.8838352352302159,0.13038656377077398,0.0,0.052782272828548214,0.05562085568849574,0.05031482086373666,0.053979298976020496,0.06380768824197112
1997-02-01,0,-0.04316186324979021,4.632926311038821,-3.9377720843234223,7.627456619153033,0.0,-0.884090984847146,0.13029276173343166,0.0,0.04435569185092456,0.04634597918373018,0.042595654525595765,0.04550096054341323,0.05039348277534139
1997-03-01,0,-0.035636740052514715,4.499354890303657,-3.9322283239065428,7.312965802527321,0.0,-0.8797059889629308,0.132284621205496,0.0,0.04962897028722733,0.05103041096891618,0.04969801735883416,0.04958995360583489,0.052526818204481684
1997-04-01,0,0.09053185501289396,3.937502893091626,-3.939209160743716,6.139914161061889,0.0,-0.8599422937808436,0.1411255929775208,0.0,0.06096981323023638,0.06152845336567956,0.07572831784881147,0.06177288446446218,0.06120649528852994
1997-05-01,0,0.05185514170137662,4.611848120763035,-3.92892020392462,7.563524243290472,0.0,-0.8832256473398202,0.13062809463044556,0.0,0.04581419821851298,0.04647827572443291,0.04302069558270194,0.04658020743974403,0.05064211649140057
1997-06-01,0,0.055917561537847105,4.6199256051688,-3.928669151842269,7.581736054117936,0.0,-0.8834734611162794,0.1305104972494617,0.0,0.041479085176902034,0.04075381670489193,0.0414346224384397,0.04037878490183696,0.03975346066286809
1997-07-01,0,0.0021074473948707872,4.640848855623434,-3.9645730175436467,7.692314755990715,0.0,-0.8849558457014223,0.13009466030835504,0.0,0.05264029633713765,0.056865216527179546,0.05837576680354394,0.05292351217569172,0.05233539263880648
1997-08-01,0,0.010547431085802916,4.633666532294266,-3.9620112193912824,7.671190511896187,0.0,-0.884675581902153,0.13020673477835384,0.0,0.04322010608677008,0.04507556451705303,0.04731185569778258,0.04402763193926982,0.04298758979272409
1997-09-01,0,0.0020277048515506824,4.642005660231509,-3.952068297677616,7.673229602034156,0.0,-0.8847026948571192,0.13011686340576664,0.0,0.04484882039817548,0.0458003483010646,0.047519315838981675,0.0452754246302963,0.04443924630532822
1997-10-01,0,-0.012868497413684343,4.650279265250471,-3.9402271885115825,7.671961902346531,0.0,-0.8846858402676548,0.13003288434718402,0.0,0.04137844131889226,0.04093384052274875,0.04251297927822871,0.04190015490183353,0.038643303447269926
1997-11-01,0,0.02497550377028923,4.464201363673886,-3.9456856290724134,7.2573901418565265,0.0,-0.8788963603728711,0.13276404605209657,0.0,0.03553206540285288,0.03314282497179548,0.03811575323441332,0.03571159109774612,0.035611324443996506
1997-12-01,0,0.0010287103712709467,4.667858737237581,-3.953325319857701,7.735583926604008,0.0,-0.8855256834114403,0.12973906295120943,0.0,0.03353504563513808,0.03278744339419109,0.0323869691570051,0.028791439517657308,0.03435820450623292
1998-01-01,0,0.0626764657033716,4.669997383122664,-3.9271027219487915,7.695341535304811,0.0,-0.884995891657642,0.12978542383889766,0.0,0.03207587655358329,0.029486866854498642,0.029486588003662922,0.02754135999935114,0.03264463580682141
1998-02-01,0,0.04970011917088302,4.6656879105709885,-3.897764750740008,7.635385513129394,0.0,-0.8841974109343952,0.1299311585394602,0.0,0.03863401245897911,0.035044190042445904,0.03514541542830077,0.03957173046044019,0.03918113466734973
1998-03-01,0,-0.05218093849539851,4.6499983680689745,-3.91756376292385,7.632437842941487,0.0,-0.8841578684730788,0.13010401882610337,0.0,0.04201176337730455,0.040863126616634944,0.04215963862566723,0.03708427804383578,0.041388963298375436
1998-04-01,0,-0.08232332314331958,4.641705220856309,-3.910483609973389,7.601121808827908,0.0,-0.8837360960318416,0.13024580700565117,0.0,0.05673059620474024,0.05719120317139032,0.06093757399637155,0.0578237016096552,0.04992122630564464
1998-05-01,0,-0.0791938074015266,4.583203493343351,-3.9027306847233962,7.453056654495612,0.0,-0.8816995980420683,0.1311310614104487,0.0,0.03750483547799327,0.03567847991259509,0.03980783411102725,0.03824615925718575,0.03471181531919601
1998-06-01,0,-0.07916888459838156,4.593295323477015,-3.892735613102632,7.4593365216849055,0.0,-0.8817874194463631,0.13101153119572634,0.0,0.039922720531542465,0.0387171296429892,0.03953516214212793,0.04076671746227112,0.04132792507923239
1998-07-01,1,-0.11753618426740908,4.646038551382099,-3.8623940962740138,7.530475429947206,0.0,-0.8827732395208143,0.13031622166671442,0.0,0.04296296843314107,0.04131672370049555,0.04004549057434763,0.04362833833490609,0.045532219636221415
1998-08-01,0,-0.05023170981370151,3.552472883320413,-3.873690743179502,5.307852521550357,0.0,-0.8414674413227693,0.14825036766421223,0.0,0.07603667119424906,0.07719260833790217,0.10600195061574892,0.07656388924992655,0.07759350747753135
1998-09-01,0,0.011590766577833644,2.8529518977402124,-3.855559443055936,4.157581658129674,0.0,-0.8061106801045519,0.16185607221262602,0.0,0.0932211496272896,0.10332245839426082,0.14023729518371095,0.0951141446080655,0.08749716279201272
1998-10-01,0,0.10843898612066205,3.024245098277063,-3.830730640320013,4.3685163148549915,0.0,-0.8137287955644388,0.15871706827497795,0.0,0.0868081638178827,0.08602355736758852,0.12382118830953028,0.08823220798717206,0.08012345874751203
1998-11-01,0,0.03986263904301701,4.500418660071176,-3.818544535432431,7.125637440462583,0.0,-0.8769327320684552,0.13263441877183732,0.0,0.044779259590560526,0.036632675282169104,0.042492927773180054,0.04592971424615054,0.04478709097171355
1998-12-01,0,0.04750220578967279,4.669623206553396,-3.791451103332894,7.469956123722421,0.0,-0.8819356339758092,0.13014156598653198,0.0,0.03320457096265079,0.024430309548191545,0.029110365250981794,0.03414371175409337,0.03130252080568836
1999-01-01,0,-0.0017537256660554723,4.661948889117109,-3.7983124777048,7.463031823907482,0.0,-0.881839035843506,0.1302403270069745,0.0,0.03914265151499561,0.03035794774103872,0.036453666539779786,0.03934548064448906,0.035738728034180434
1999-02-01,0,0.028140993758924537,4.613409866145642,-3.7893726068107045,7.336180524547915,0.0,-0.8800409855502461,0.13099079819151657,0.0,0.026248886624383114,0.01875644490451202,0.023774908861180118,0.027189334105392503,0.02319612038715274
1999-03-01,0,0.02848649407799253,4.627654585632747,-3.7667614250967367,7.33322870267603,0.0,-0.8799984932996171,0.13082889454851995,0.0,0.027199325496545555,0.019137610669169934,0.02332205054684996,0.028146658260545052,0.021974237148909705
1999-04-01,0,-0.0260346429320627,4.642373873429626,-3.7724929785851113,7.376390301563914,0.0,-0.8806168332660794,0.13059347128615684,0.0,0.03105872713230123,0.022947602323885312,0.027215999409151932,0.0320242609497537,0.020440845107157407
1999-05-01,0,-0.024067804244521596,4.597379088380011,-3.768140493190282,7.265580477897766,0.0,-0.8790163615641988,0.1312853549600028,0.0,0.030545313473258694,0.021915400077201212,0.026724794370798756,0.03156498740635963,0.02056446886136203
1999-06-01,0,-0.017042833919322486,4.464749714581976,-3.773678697729739,6.973854577347637,0.0,-0.874590138270037,0.13331792148315963,0.0,0.03075481600837625,0.02191530793896031,0.028353250582904665,0.03177951005021248,0.020920839719120777
1999-07-01,0,-0.05863909224541819,4.615753200541919,-3.767519600564902,7.306921867292296,0.0,-0.8796184656632677,0.13100750908939784,0.0,0.028028260241384783,0.01998241791750017,0.02394997701279628,0.029045985476673496,0.01842888795398961
1999-08-01,0,-0.02070072090938535,4.006493913132209,-3.7738294378365262,6.003593967650516,0.0,-0.8572161657830275,0.14083438341022128,0.0,0.05816825037084812,0.044897491634708964,0.06823743392006466,0.058329833198411375,0.04187056539304216
1999-09-01,0,-0.013776675239157377,3.904602907599613,-3.793517643737992,5.833394414400762,0.0,-0.8536598446750578,0.1424994212265203,0.0,0.08750563103854579,0.07675660233140856,0.11317090004440242,0.08765411953280854,0.06634462205144948
1999-10-01,0,0.06835332035907404,3.6889491515952946,-3.7621020820950406,5.37418205484759,0.0,-0.8431171260256841,0.14653723560178983,0.0,0.10240641131918399,0.09193712423197142,0.13693411917419226,0.10439531622829207,0.07794133258749787
1999-11-01,0,-0.0015312724658519405,4.606022114426496,-3.745309141007855,7.2496646270475535,0.0,-0.8787829511612658,0.13120665912203744,0.0,0.04158900748110292,0.0318327984099259,0.03646080753985047,0.04129603612378044,0.03282599657319202
1999-12-01,0,-0.027864882268947677,4.595793418347046,-3.742784694995323,7.222202049975985,0.0,-0.8783780799934343,0.13136883306142857,0.0,0.047220686795683066,0.03800791075272189,0.04067832162441113,0.04877314244038042,0.03630047415481144
2000-01-01,0,-0.02575775643768552,4.544564305158752,-3.732008147837479,7.0884135740301115,0.0,-0.8763663614814713,0.1321837682809682,0.0,,,,,
2000-02-01,0,0.021319489945063275,4.159812706732719,-3.7202117899550697,6.232960105549075,0.0,-0.8617440182985653,0.13844920335911676,0.0,,,,,
2000-03-01,0,-0.016453914478473997,4.620082600787446,-3.729309416296295,7.257264819532622,0.0,-0.8788945223563023,0.13102706133691575,0.0,,,,,
2000-04-01,0,-0.04873542453604851,4.643211454343675,-3.730693947419521,7.312967480295725,0.0,-0.8797060132413238,0.13067170170314152,0.0,,,,,
2000-05-01,0,-0.028509390333314566,4.158652973054254,-3.7289372365347324,6.243997573576152,0.0,-0.8619546749093776,0.13843581711606198,0.0,,,,,
2000-06-01,0,-0.0896262551643,4.6371911956724725,-3.7030568393896397,7.256576218293008,0.0,-0.8788844221186463,0.13081931589893078,0.0,,,,,
2000-07-01,0,-0.09644942294636794,4.645424862859446,-3.692096008014904,7.259032891217308,0.0,-0.8789204482932372,0.1307143906765566,0.0,0.035059508353158866,0.0249158514108853,0.02686652721932378,0.034629017720701226,0.0391870926656372
2000-08-01,1,-0.12097935992891096,4.657565938025871,-3.714333742117225,7.3211549425839735,0.0,-0.8798243745129123,0.13048648424255205,0.0,0.045776477307912566,0.03519951547077969,0.03624247225471308,0.047112100990169374,0.050816579904401776
2000-09-01,1,-0.1922277851571813,4.491776232276573,-3.7383294588137352,6.9789599013737424,0.0,-0.8746703815583997,0.13299124203033638,0.0,0.0512020239016097,0.040960899351685245,0.04492922425206681,0.052860721060573726,0.05803953704284388
2000-10-01,1,-0.14695642165537293,3.67917421271898,-3.7994502901737524,5.415495166884934,0.0,-0.8441273862753834,0.14647675312995662,0.0,0.06818163408925457,0.0625662697630942,0.08543085639052869,0.06756648710046974,0.07100694229803055
2000-11-01,1,-0.13946619836869767,3.5561948647802133,-3.7655844833977072,5.139207572954545,0.0,-0.8371125282674321,0.14897801152787196,0.0,0.05030418469639167,0.04179534988978645,0.060706181154303915,0.043388628885234946,0.051806903228702725
2000-12-01,1,-0.1090064841877485,3.0920341111524454,-3.738863273642381,4.325944227822163,0.0,-0.8122398663553202,0.15832887043264113,0.0,0.08046531177068632,0.07770202458286356,0.09937024500113976,0.08143393948894584,0.08599147785197392
2001-01-01,1,-0.11214183568802749,3.1536008306649106,-3.747675075944217,4.435794107686614,0.0,-0.8160342389374303,0.15698615469253013,0.0,0.0806425388505551,0.0766324110817054,0.10032298338972086,0.07159226225609348,0.08643548207363858
2001-02-01,0,-0.09745357074478267,2.8594420225428676,-3.7809093166968237,4.045922148566614,0.0,-0.8018201687308893,0.16266477951741812,0.0,0.09463910207451244,0.10136325880832678,0.12362369302519143,0.09742131388623908,0.09729880049841302
2001-03-01,1,-0.11907914154403998,1.6284667407741868,-3.7612407025906447,2.633717279101351,0.0,-0.7247997234811541,0.18955063975617403,0.0,0.13730069480007703,0.23382199233408665,0.15321286751285768,0.14060592451318257,0.12966875223107988
2001-04-01,1,-0.12203321454985527,1.6369316749677203,-3.745854217707648,2.6165407011200967,0.0,-0.7234926736230882,0.18979191666383696,0.0,0.10014973566433842,0.16679080474205957,0.11438903009662178,0.10281450667626885,0.08770320687510799
2001-05-01,1,-0.17768838999661496,2.4744309666730335,-3.741012132608427,3.469817241584094,0.0,-0.7762772064377286,0.17148692759550832,0.0,0.08305022753146284,0.0949707785220911,0.10708359370803748,0.08200155419752773,0.0785391966385282
2001-06-01,1,-0.15667105295024653,2.1636408197257526,-3.7502048334960927,3.1237804690158284,0.0,-0.7575040651379151,0.17819682208370288,0.0,0.06803559178149383,0.08404889244251144,0.08376163754698035,0.06846583420310264,0.06084839751637092
2001-07-01,1,-0.13268296732948648,1.7962325871466633,-3.742224130973694,2.7476132574062144,0.0,-0.7331635013234752,0.18646709908836348,0.0,0.0767313539748117,0.11244149330551602,0.08678042666915535,0.07429123490652605,0.05430815096368886
2001-08-01,1,-0.11358506576156124,1.6768200783969502,-3.723857297110561,2.615492525871219,0.0,-0.7234125107867477,0.18953106266214373,0.0,0.0796764619281436,0.12325248858246014,0.08619823911984424,0.0753955893716896,0.06573606334493186
2001-09-01,0,0.030584699035074214,0.8948322137206384,-3.709343791350146,2.0904670774177503,0.0,-0.6764243155000528,0.20497120752636733,0.0,0.10182338392679081,0.1923770882027509,0.08292357472155691,0.10235594607812297,0.0852159627351768
2001-10-01,0,0.022366917768138483,1.3559967853248196,-3.7191148321873175,2.364945110254127,0.0,-0.7028183321764562,0.19636688158051627,0.0,0.06615851525157845,0.10398875858832098,0.06507455891641974,0.06759215742058046,0.05099776902298261
2001-11-01,0,-0.044640960271935426,2.3484745225273276,-3.7253489800436843,3.2936935692462477,0.0,-0.7671002869970647,0.17454571424053908,0.0,0.03786159455224874,0.03472614687221558,0.04261446234155862,0.037559349318451986,0.03175468088016369
2001-12-01,1,-0.11433886787838565,2.493113623968634,-3.751695283105433,3.509678963030865,0.0,-0.7782547254033533,0.17090548406332584,0.0,0.03170671917296218,0.02717639309208237,0.03763230483164279,0.03306483196384346,0.025958957438066883
2002-01-01,1,-0.20752317555538013,2.7495962132565483,-3.7379941437219726,3.824495678037594,0.0,-0.7927244489921983,0.1655385321962315,0.0,0.025780451072326828,0.018462055710987274,0.02856063793868168,0.02341739802373771,0.021843769603361044
2002-02-01,1,-0.17905457584925544,2.643730317977945,-3.7197818216077554,3.6536160471280565,0.0,-0.7851133419962435,0.16808699068008628,0.0,0.03038228410513702,0.022751393801789414,0.0329660606432675,0.030037322662251828,0.025920282439263306
2002-03-01,1,-0.2478613959212682,3.25498915396259,-3.7449802307112736,4.594030703106674,0.0,-0.8212380208344862,0.1549739516327961,0.0,0.03511701876819027,0.022678889745103084,0.03996964688208031,0.036307298817265146,0.02876619286068254
2002-04-01,1,-0.23139945859901256,2.7637362094627136,-3.734223460713536,3.838137178799492,0.0,-0.7933088783877487,0.1652842017781022,0.0,0.05810428157122972,0.047814055093880786,0.06795224450632723,0.052299066046357645,0.040302267015027565
2002-05-01,1,-0.20812601343525594,2.70907550972689,-3.707949557859668,3.7229277261427773,0.0,-0.7882669272145094,0.1668190609477326,0.0,0.038678931181283634,0.028602683617623765,0.03987276967645197,0.03956420252387749,0.03318623458045248
2002-06-01,1,-0.157186248791937,2.250534156752401,-3.704900360709685,3.149726904427725,0.0,-0.7590202866282578,0.17712199576235632,0.0,0.05583084276932365,0.055109244146818115,0.05677039847392088,0.05614267597458891,0.04824833041780593
2002-07-01,0,-0.054183866576655415,1.0877142684303804,-3.718886958217991,2.200693681404635,0.0,-0.6875677276429819,0.20142665462177867,0.0,0.09253269902494927,0.15681165933369182,0.07851873514754423,0.09362731802398126,0.07592486182520612
2002-08-01,0,-0.08275710919949586,1.4901078918799413,-3.7380552025144076,2.4896260224132374,0.0,-0.7134363414368242,0.1930740149012521,0.0,0.058621282671620305,0.0804970240981296,0.05868992875850512,0.05204634840721035,0.04692761434752182
2002-09-01,0,-0.035468593355688416,0.9024608477441358,-3.776492750262562,2.198421950483061,0.0,-0.687345817568264,0.20231094239281872,0.0,0.12962882304972545,0.20321621495455963,0.12061741641023446,0.132479079079611,0.09839864582541784
2002-10-01,0,-0.020593707218328428,0.7111116657396822,-3.7670407493174616,2.1062922990114497,0.0,-0.6780727942704422,0.20525505836134245,0.0,0.17420299957139784,0.2864410799226421,0.14950444036350474,0.17963463100904156,0.1429184931395303
2002-11-01,0,-0.08011605288318879,1.442731705845025,-3.7484076939218407,2.471006771798744,0.0,-0.7118991503776928,0.19372824764005975,0.0,0.10890941388866086,0.1717360399194239,0.11447307419721887,0.1129135441559283,0.09044799165015506
2002-12-01,0,-0.06911853021641934,1.2897202687003897,-3.724691571259683,2.329691454481918,0.0,-0.6996718724030859,0.19749092193977427,0.0,0.11658704509901853,0.1961364916802498,0.11596878815401161,0.11130537479427913,0.1015136404171656
2003-01-01,0,-0.06564788355063411,1.2323956559340576,-3.70734265995364,2.2669279814448258,0.0,-0.6939020371187546,0.19916665688199903,0.0,0.13345607500410292,0.2343081282096609,0.13140240778731443,0.1371815372602081,0.11628356788862412
2003-02-01,0,0.011469122970502843,0.4568506014906222,-3.725072193678828,1.9666117617423646,0.0,-0.6629151097908831,0.209650809663428,0.0,0.22002886384416467,0.36063958597927004,0.1722471192938741,0.22084826922447814,0.18274305483470238
2003-03-01,0,0.051262062530267105,1.0324136343109844,-3.7302974168799543,2.1889706552550354,0.0,-0.6864191903578285,0.20196799230973678,0.0,0.11173387101612577,0.19155780501194422,0.10114864258624841,0.11399702364714992,0.09535498518561096
2003-04-01,0,0.05160500207858165,1.9972976413838341,-3.7655572749508854,2.974833693970948,0.0,-0.7484171472339066,0.1815341687784951,0.0,0.06510087020999437,0.07523041511177671,0.07333067757519954,0.06801890282935708,0.05773736547138896
2003-05-01,0,0.05560066669515784,3.5236798000203526,-3.768361629916429,5.086035588233098,0.0,-0.8356894261457448,0.14957023090985536,0.0,0.02626480064149972,0.015306592322778485,0.02709625503152823,0.02758478078880644,0.0265456689546206
2003-06-01,0,0.0015485829959513975,4.727231940950077,-3.7958364202652835,7.612303836522862,0.0,-0.8838870505521156,0.1292774178455202,0.0,0.015659476421969055,0.008934188142377345,0.01064261263086103,0.01366971147649006,0.017333907132545144
2003-07-01,0,-0.003032623370342713,4.706321692371512,-3.828083647262972,7.615054739463721,0.0,-0.8839241269798073,0.12951336009332431,0.0,0.026262649301714194,0.017162722793133786,0.019968094704122044,0.027245070242957938,0.02786978120087069
2003-08-01,0,0.030226471152971612,4.646946068509162,-3.8142897020329025,7.4538365942274165,0.0,-0.8817105122799705,0.13042609002218164,0.0,0.039351771242671765,0.02758039972021826,0.02918569479307859,0.040908999456129164,0.02990398799390372
2003-09-01,0,0.0189221533390882,4.695973794604992,-3.8197225013948635,7.5771469428865945,0.0,-0.883411114831215,0.12968529832764186,0.0,0.059804005679923944,0.04609766096663311,0.04696371838876322,0.06161726457031892,0.03125686534688615
2003-10-01,0,0.010753516313190215,4.708969586336142,-3.822939605297249,7.612922891018268,0.0,-0.88389539617929,0.12948633607398724,0.0,0.07162829914299834,0.05648340509372179,0.0560107733427169,0.07330301707680847,0.04031594179297256
2003-11-01,0,0.029278978950376233,4.709970854529366,-3.795856121633039,7.5716112839506495,0.0,-0.8833358202007616,0.12953221309510266,0.0,0.05697978470017309,0.0407676314982303,0.04101080436028075,0.051829798460678984,0.06003337655969086
2003-12-01,0,0.020487859046490753,4.720275203150141,-3.8006597583452972,7.60360452407259,0.0,-0.883769645942926,0.12936961333433236,0.0,0.07982688657283676,0.062154442794900795,0.05932929583719373,0.08092593386616467,0.08961556002837079
2004-01-01,0,-0.026260021898068087,4.73588295892804,-3.8281998006238855,7.685024753726573,0.0,-0.8848592803870916,0.12907973125044356,0.0,0.08900183600307743,0.07436554850737062,0.07053006958356353,0.09164069009942519,0.09770523911785628
2004-02-01,0,-0.04759655751469338,4.74986940824384,-3.8712275789441626,7.7890473110206955,0.0,-0.8862220255947323,0.12877666081713937,0.0,0.1008238846139692,0.09112120629733934,0.08690623935589163,0.10270290232757995,0.10566903588724831
2004-03-01,0,-0.031174931938290684,4.502988965346829,-3.848424256264142,7.180212008834654,0.0,-0.8777537796184258,0.13250486231241332,0.0,0.14626314420680528,0.13039042567522163,0.13679171918793767,0.14780926883851533,0.15741810466642453
2004-04-01,0,-0.039193195454224505,4.5817650048932235,-3.833245461544256,7.3342474589468365,0.0,-0.8800131619650317,0.13135446209212584,0.0,0.11000857119698487,0.09785727559334292,0.09919340088072115,0.11265259367925894,0.12387671852454647
2004-05-01,0,-0.012550100654708962,4.1540727313359564,-3.8634019066651017,6.4498078865291975,0.0,-0.8657683506432148,0.13795309459733918,0.0,0.109428764411997,0.10167078477680382,0.11938640123672208,0.11220675284847853,0.12216620532084943
2004-06-01,0,-0.03868427557470244,4.565922414662682,-3.8440501454344047,7.3157066338227725,0.0,-0.8797456374984822,0.13156304915748726,0.0,0.08035421537951697,0.07294081903344657,0.07004534477948868,0.0825679957365571,0.09314580309149431
2004-07-01,0,-0.015291404801736075,4.208634625286275,-3.830252950740938,6.509374287940172,0.0,-0.8668331126328368,0.1372076285918383,0.0,0.11261127626310079,0.10125796518758444,0.11064946604915352,0.11369151115156682,0.13531344281485821
2004-08-01,0,0.025961026319172742,3.9872279496283323,-3.8392156561355537,6.070363874052285,0.0,-0.8585645636047211,0.14084140007618282,0.0,0.11897713687046507,0.1068101057000869,0.12604438034295606,0.12100457243560744,0.1137795907220957
2004-09-01,0,-0.00040262691695147623,4.388929016433638,-3.8456189321709764,6.92204601375283,0.0,-0.873769983377529,0.13427544481742806,0.0,0.0817777019609548,0.07057962802171887,0.07265029059571647,0.07396563449603413,0.07802250452572503
2004-10-01,0,0.04226600191548591,4.385568047408454,-3.829237007684314,6.8878690677459895,0.0,-0.8732230477697627,0.13438452473822105,0.0,0.08699999534086367,0.07514780897679547,0.07777425924190867,0.08913670894658667,0.07725853344007365
2004-11-01,0,-0.0038581963146098186,4.7309128889814405,-3.8243145069039657,7.666941910764342,0.0,-0.8846190489914326,0.12916115343021348,0.0,0.0804870054979466,0.07369090146560137,0.0628137899008045,0.08291140452876891,0.10354691092130949
2004-12-01,0,-0.029002426597509956,4.728255499740874,-3.8294725756667733,7.66905112851099,0.0,-0.8846471216773454,0.1291884041987427,0.0,0.0652133216435599,0.05760024260708553,0.05072723240140268,0.06534440370454135,0.08075120083591565
2005-01-01,0,-0.01437265640209584,4.495338038595229,-3.8322540987752096,7.136502718098048,0.0,-0.8770970729505569,0.13267139591427854,0.0,0.056076751989186394,0.046303412782456546,0.04643157462205655,0.05792490855744263,0.06671152828232409
2005-02-01,0,-0.02934238056734162,4.720234136738687,-3.8236964445409973,7.640706081167377,0.0,-0.8842687170925159,0.12931908452709354,0.0,0.05617662481146199,0.04827990156669163,0.040932358157628884,0.05766345496538764,0.060858657653736034
2005-03-01,0,-0.025500041844505827,4.645124963853614,-3.8298078021722883,7.474793868835075,0.0,-0.8820030297518661,0.1304145761362752,0.0,0.060280123167691095,0.052720494037016404,0.04681580229053582,0.061767908807945325,0.07653044540599364
2005-04-01,0,0.011894231512413755,4.286820783381167,-3.8247138138067935,6.666414785584559,0.0,-0.869560931939094,0.13596714832250095,0.0,0.07991590967980298,0.06723553813848708,0.07181070412400802,0.08291553853315739,0.1001961277447762
2005-05-01,0,0.011610143599144473,4.492834638645163,-3.8221710497983654,7.114467235800081,0.0,-0.8767633202598789,0.1327402549228165,0.0,0.07841768036956806,0.06332102140989121,0.06225733003368996,0.08114421561593584,0.08212939162238113
2005-06-01,0,-0.008558951965065509,4.779646637995468,-3.815564496186421,7.768626586237329,0.0,-0.885957054942956,0.12846939982189554,0.0,0.06244737682508151,0.049776681836446825,0.040902006130636104,0.06349744201809064,0.0791499993871476
2005-07-01,0,-0.02477418510276208,4.770783295446453,-3.8350890657093752,7.779209523936956,0.0,-0.8860945285252106,0.12855662477112478,0.0,0.0771490674755565,0.06783603607632249,0.055321616344244956,0.07879821217221522,0.0976250240483009
2005-08-01,0,-0.026391237227082254,4.7622378332675375,-3.836493597527762,7.761139649550172,0.0,-0.8858595981800902,0.1286774666158603,0.0,0.08948792592915973,0.08271160658126572,0.06759242580067563,0.09110864213395577,0.11614580892393475
2005-09-01,0,-0.027701644479248277,4.779645388220484,-3.8237768783657566,7.781936682921173,0.0,-0.8861299009426055,0.12845234158347438,0.0,0.09522939478047174,0.08887327678432078,0.07249852606340582,0.09814929234665802,0.12383587941908795
2005-10-01,0,0.038096916003892645,4.354084852241339,-3.833561890500126,6.826135201656276,0.0,-0.8722230099234209,0.13486496975362128,0.0,0.11035408977992303,0.09911665179810426,0.1004945410860979,0.10598026652616635,0.10546328778420601
2005-11-01,0,0.019961692945521525,4.775913240353922,-3.8304025310673206,7.783803594873813,0.0,-0.8861541029237499,0.12849239813227123,0.0,0.06190797765358656,0.052424034547028986,0.04257306566019704,0.06349565127647196,0.05465799445845244
2005-12-01,0,-0.007051906788054452,4.769100686595427,-3.802374991895902,7.722189560647649,0.0,-0.885349889148047,0.12864989118060663,0.0,0.0683453244493448,0.05676671001899127,0.046315942089683364,0.06703128684205764,0.04746767173192369
2006-01-01,0,-0.01998858242162138,4.771267267080484,-3.7736736615940205,7.681596938721649,0.0,-0.8848138185798743,0.1286745898029269,0.0,0.09543411113446854,0.08121173491660545,0.06722868358957618,0.09515492164957799,0.07170618920782598
2006-02-01,0,-0.018391885011553644,4.732377214723167,-3.7669730239459778,7.578614091430558,0.0,-0.8834310543239225,0.12926063454162093,0.0,0.08712148577900958,0.07123208749750953,0.0601924078975081,0.08999040324350932,0.05601983364043207
2006-03-01,0,-0.03135869649234002,4.750466098687679,-3.781938055573708,7.6451864735386135,0.0,-0.884328695157609,0.12896399378475795,0.0,0.08523493833719364,0.07161444952484505,0.05903165220060528,0.08714416115984577,0.023971376005942843
2006-04-01,0,-0.037629495380787414,4.752364829843514,-3.7579201396313877,7.6117692424797285,0.0,-0.8838798425917817,0.128982527364803,0.0,0.10935362367415247,0.0905689137004273,0.07581287434520537,0.11311050406433812,0.03071671527337666
2006-05-01,0,-0.0285579181556731,4.585612188612875,-3.7219748141365314,7.166621872545209,0.0,-0.8775503487725042,0.13157200630996665,0.0,0.1372832959525977,0.11358066014693122,0.1051739735492709,0.14139951982701826,0.0713244493284567
2006-06-01,0,0.005641692667395448,4.139472798578804,-3.763201251529571,6.257633417034123,0.0,-0.8622140383044234,0.13862356558479988,0.0,0.13737898581787053,0.11914883192470585,0.12977595890548752,0.14005930144091847,0.05656255824443528
2006-07-01,0,0.02135307560464672,4.245413022499427,-3.7367783426655454,6.438421846138984,0.0,-0.8655628813900809,0.13696004552165614,0.0,0.12705846284900163,0.10117484850298251,0.10913971253384686,0.1276065831931244,0.04055622819251557
2006-08-01,0,0.02376568387522826,4.589212769969245,-3.751145348929568,7.220133616363698,0.0,-0.8783474762491312,0.13145028916591442,0.0,0.10320168193231448,0.08145915606279086,0.07484620557811097,0.10576603348470152,0.029837420609478638
2006-09-01,0,0.03463505699151592,4.784733520476441,-3.7850077976759917,7.7317556325102235,0.0,-0.8854754940373294,0.1284560249854631,0.0,0.07050523818140761,0.053201570010251206,0.04297425378260961,0.07183387628358061,0.011135534444308585
2006-10-01,0,0.01852748316683539,4.758217910794197,-3.8074092035402383,7.70436656690578,0.0,-0.8851151324667295,0.12879840341343662,0.0,0.07855754386680826,0.06260606967170627,0.051086397589138965,0.08091369501491871,0.015592076440019085
2006-11-01,0,0.013185562852863209,4.743956461360381,-3.7822624145830033,7.630250686419893,0.0,-0.8841285107078585,0.12905913729089663,0.0,0.08046956503484129,0.06444012616230604,0.05439074377231345,0.08222454118447674,0.033264613980211334
2006-12-01,0,-0.006685870010307737,4.754675475943041,-3.80154571573096,7.686512040622858,0.0,-0.8848789945465504,0.12886238911671585,0.0,0.08476988563282288,0.07283781761832768,0.059486903478852625,0.07606565950162217,0.040795254129767915
2007-01-01,0,-0.012084316368947357,4.756722866252183,-3.82550079069121,7.7300891860399545,0.0,-0.8854536329824588,0.12878168713547833,0.0,0.06917547680196698,0.058689390073922376,0.04714873980908181,0.07052399758741724,0.037465224682371935
2007-02-01,0,-0.02619739756367656,4.7504583708949175,-3.8145352934803487,7.697420369206364,0.0,-0.8850233796286829,0.128896706322861,0.0,0.08254322089791216,0.07202804138589719,0.058325916002001627,0.08476198093305072,0.04202498824779211
2007-03-01,0,0.03388180105902827,4.350665912221937,-3.812692252843187,6.784801873691412,0.0,-0.8715445792680375,0.13499225956025057,0.0,0.10309449124297967,0.08759754961702626,0.0884631459300007,0.10570954538639912,0.07487633456414529
2007-04-01,0,-0.006162717608155122,4.753002088131225,-3.835807588327085,7.7380478616588935,0.0,-0.8855579626213957,0.1288131489983197,0.0,0.07344068148814702,0.06479716113866762,0.052536903908067346,0.07171300301997344,0.039953939981723245
2007-05-01,0,-0.03740222613391231,4.774848296471469,-3.8774600228565594,7.858921233325835,0.0,-0.8871194388501661,0.12840218797723618,0.0,0.07146323397853059,0.06582482152356746,0.05334055312270961,0.06323794118601711,0.03474138355440892
2007-06-01,0,-0.0393411659038827,4.761216333982631,-3.854423733194375,7.7881679658249485,0.0,-0.8862106409562542,0.12865199386818058,0.0,0.08359773583781663,0.07502473791892252,0.06294718197729914,0.07967128054830691,0.0294926149367731
2007-07-01,0,-0.0933445561612668,4.754473017445314,-3.8678574171992333,7.794378919985094,0.0,-0.8862910037083443,0.1287181906495767,0.0,0.08148597285608232,0.07476947932911496,0.06146287952103338,0.08319112157172175,0.013120358485111241
2007-08-01,0,-0.06857461055120928,4.079689583400362,-3.8579953412685017,6.2877407256441415,0.0,-0.8627832633395979,0.13919989734359375,0.0,0.10643839727963783,0.0917537171475944,0.10492160563988655,0.10719464322219745,0.022122881980999255
2007-09-01,1,-0.12035107406219936,4.469778370581776,-3.8092254756660027,7.041863694167219,0.0,-0.8756507150543595,0.13313518705512145,0.0,0.09295836867612739,0.07964697237766569,0.08068933389678445,0.09543054574953534,0.01533848997422204
2007-10-01,1,-0.1446553135107751,4.695430320341056,-3.7760847546136356,7.505933065737773,0.0,-0.8824350024539884,0.12979059313451832,0.0,0.08754172834841228,0.07575782465843306,0.06921169557278163,0.07645686818707269,0.013711107609221914
2007-11-01,1,-0.10007585127682983,3.9865853689758524,-3.771714068410895,5.960465795770593,0.0,-0.8563314540518778,0.14118722029945388,0.0,0.13749809156745268,0.11767882687026147,0.14474502861827443,0.1396592085610294,0.032090801347083774
2007-12-01,1,-0.10970646692175601,4.165881438993687,-3.763496008470702,6.31293053781963,0.0,-0.8632559143248538,0.13818071234642942,0.0,0.10612044607696955,0.08190928471790103,0.10039823855635636,0.10795920021628554,0.020555382646586656
2008-01-01,0,-0.08807189068438315,3.1600923476898064,-3.724640225861897,4.410313626235314,0.0,-0.815167831463435,0.15707684237098554,0.0,0.20408300190426462,0.19013152319799884,0.239213462320547,0.20849573193799673,0.0386695241331835
2008-02-01,0,-0.07199214684803701,2.9275872073147853,-3.7235185618063573,4.0547309735363495,0.0,-0.8021655345783144,0.16192100903261492,0.0,0.17303907689762443,0.1607088647578484,0.20466931383615558,0.17514872450480584,0.02104067078229308
2008-03-01,0,-0.07592601029659662,2.570941682968591,-3.7185532645434876,3.556835648880897,0.0,-0.7805494696203081,0.1697071641964443,0.0,0.23431136974847758,0.25194604927084335,0.2793396458939636,0.23963554918984933,0.03887758805998154
2008-04-01,1,-0.2930892321612294,3.0923304662872972,-3.7409413072285327,4.329631884826185,0.0,-0.8123697805758281,0.15830160079419706,0.0,0.14194969074984307,0.12239267878704999,0.1663344206317764,0.14553949156869792,0.043339781028907766
2008-05-01,1,-0.37070452245549523,3.419743780900647,-3.736170727681125,4.8552582327859,0.0,-0.8292133394902029,0.15180331293822308,0.0,0.10644523015276035,0.08032156690729399,0.11659490125715691,0.10415913322999573,0.08057647887836814
2008-06-01,1,-0.3457148182665425,2.7983052388012783,-3.732270673526873,3.883181743783692,0.0,-0.7952154860357177,0.16456749641166504,0.0,0.15519388525009986,0.15096890326698056,0.18627686347661984,0.14932101587524435,0.17990108254191428
2008-07-01,1,-0.3115729363015277,1.9560796614821105,-3.7194826103414513,2.8623904828179287,0.0,-0.7410929825846043,0.18347523411841385,0.0,0.22253192193206534,0.31135428628002054,0.2617451198551578,0.22719466453912857,0.24581313465851132
2008-08-01,1,-0.37163569962621057,2.1874005905788234,-3.7668392323802156,3.175734963254084,0.0,-0.7605211995493325,0.17734460584107006,0.0,0.18801423539415618,0.23946821386633227,0.24314671225227671,0.18773310296992904,0.19678282104279488
2008-09-01,1,-0.37784625498171664,1.5700076219122754,-3.7840497911892226,2.623043322507308,0.0,-0.7239889476927492,0.19012228538022208,0.0,0.20483691306859725,0.3120155992218924,0.23424919540094263,0.18242579276266158,0.209892457009767
2008-10-01,1,-0.21848678777869524,-0.5306110065628649,-3.795078212068415,2.094796794558,0.0,-0.676877007964324,0.2060525935957056,0.0,0.2558361127160207,0.14448320469440334,0.10857621319234757,0.2573728662898738,0.22707799077285876
2008-11-01,1,-0.14258697227758654,-1.4311890354377805,-3.8365560787526776,2.603590052224786,0.0,-0.7224989564552107,0.19131133421707563,0.0,0.1028695930702687,0.004343888432737461,0.0178698166193464,0.1059214638394922,0.05815525927456279
2008-12-01,1,-0.13723278180409315,-0.9551630979082638,-3.8003305313910247,2.260910797581306,0.0,-0.6933372109590599,0.20064675301007803,0.0,0.06935427765300196,0.008497985275237615,0.016323634890996464,0.06183847783542772,0.04008642544928817
2009-01-01,1,-0.12529171191570976,-1.0868748163219228,-3.844396018360168,2.399686901540109,0.0,-0.7058552658049231,0.1970490685845127,0.0,0.08730046800881185,0.007881001318816552,0.02031968245465045,0.08907107883566509,0.05011870060987457
2009-02-01,0,-0.059734485799088466,-1.7787340041300101,-3.8357999837778785,2.8812518814978794,0.0,-0.7423511715982543,0.18449947847863407,0.0,0.12708846031751206,0.002168679909855346,0.015781504634182188,0.129762648089683,0.07463728745904213
2009-03-01,0,0.12021713576268267,-2.31999595178733,-3.856290047278093,3.4695503003154324,0.0,-0.7762638447251782,0.17281597416817449,0.0,0.14137705998644703,0.0005383271043151024,0.009595496708092356,0.14458584746374128,0.07035072094390749
2009-04-01,0,0.06397453280669696,-1.32827893782004,-3.835007383740132,2.5300639622607366,0.0,-0.7167190139638216,0.19325324811786682,0.0,0.0834918692704143,0.004107741166445671,0.014991811583139282,0.08544136450441374,0.0426196327114113
2009-05-01,0,0.02627408827473099,-0.288320025689467,-3.8055912211732323,2.0620624152298297,0.0,-0.6734227248189705,0.20735017859919253,0.0,0.03376565153514626,0.012924057439789636,0.012521291814604978,0.03355217328411504,0.015025099928018317
2009-06-01,0,0.010473804690536825,0.4905614191051187,-3.8190014598392628,2.123098409191372,0.0,-0.6798051585384021,0.2054197774165408,0.0,0.021353958615324343,0.016077153469055378,0.012337213297818905,0.022225536141181283,0.011309382376681113
2009-07-01,0,0.07897886345664751,0.6263577125598373,-3.851840032487054,2.214691579572974,0.0,-0.688928167680448,0.20283544284592986,0.0,0.025393640142232825,0.019078294081171624,0.01607997319086494,0.02657538371042761,0.011323265496090463
2009-08-01,0,0.034484466144414805,2.169169583050268,-3.8075692837655204,3.220789168475913,0.0,-0.7630774814651331,0.17693385928709468,0.0,0.011640891746175008,0.006256155549323184,0.010680933295435352,0.011960553766412653,0.005776767965429389
2009-09-01,0,0.02212435977215077,4.807311948605153,-3.800712111513995,7.811001096582668,0.0,-0.8865055186081128,0.12809780164302392,0.0,0.0018714124726889325,0.0005003931589035009,0.0008403833673328382,0.0018651959525401792,0.0014170168434395017
2009-10-01,0,0.019116572691680656,4.77960430607132,-3.8462878464820935,7.818625216663355,0.0,-0.8866036399743538,0.12840459091039466,0.0,0.007602326971398647,0.002947386674711641,0.004843954935756082,0.008006403523230244,0.005602078374949707
2009-11-01,0,0.0010017737829368656,4.718629732255648,-3.8317692292651784,7.650062226891768,0.0,-0.8843938952379848,0.1293241097977658,0.0,0.05193683586775006,0.03435843792409443,0.04207280780101478,0.05269603280989678,0.05606084434654467
2009-12-01,0,-0.024334011779751252,4.687375896220697,-3.86129055555791,7.625101404554771,0.0,-0.8840593341346785,0.12971061337525672,0.0,0.06785862478256782,0.05451083779691103,0.0628234537494646,0.07000566842096943,0.07753731130473498
2010-01-01,0,-0.03896473771338038,4.675762288781392,-3.8816107420864365,7.631756707187981,0.0,-0.8841487273190561,0.12982779073227282,0.0,0.07070176072428254,0.05909319464502229,0.06764721017137895,0.06707698469275708,0.07269366183219458
2010-02-01,0,-0.008593778691835974,4.202114646912264,-3.930143100226804,6.66277845968989,0.0,-0.8694990328559662,0.1368763153086194,0.0,0.10990292374308792,0.09702792328257852,0.13559404867512667,0.11296382309820431,0.10959032345111934
2010-03-01,0,-0.06271429191441347,4.6548516013719885,-3.942560632232101,7.686626124741908,0.0,-0.8848805064659426,0.12995953427020504,0.0,0.14242387073596302,0.14912117053213225,0.1593334926293449,0.1451170271520881,0.14545460149105632
2010-04-01,0,-0.09815254067417234,4.633854197665828,-3.891635569130877,7.551045589068133,0.0,-0.883055236978455,0.13041525007891303,0.0,0.10878683387988548,0.10369754976833069,0.11448412548526184,0.11155337140850452,0.101637473161181
2010-05-01,0,-0.04022896556628086,3.697581587687263,-3.8725555281842077,5.568971862681881,0.0,-0.8477691759221914,0.1456596670841329,0.0,0.18615958727970594,0.1852367693561609,0.24933372108029953,0.1906243767668572,0.19119143683706913
2010-06-01,0,-0.003286072958204045,3.1471277871518057,-3.8547214827333462,4.597467590717942,0.0,-0.8213477820473208,0.15603768954450645,0.0,0.20894642847772135,0.21620012420238197,0.2855218336553103,0.194047987938121,0.2175371210934357
2010-07-01,0,0.006927208742359747,3.089669287259068,-3.8621531341489486,4.520171565321118,0.0,-0.8188462100920538,0.15707863842071215,0.0,0.1984339393732813,0.21244821433185654,0.28184555114135473,0.20364869390598964,0.20876128140450279
2010-08-01,0,0.03200647487307773,3.2246316025777984,-3.8369673670455215,4.691749500214983,0.0,-0.8243070957423145,0.1547120597213492,0.0,0.14730538342006025,0.13943615758183306,0.19424752211379304,0.14973565459805346,0.15984122067908565
2010-09-01,0,0.044114501639811676,3.6855384433760214,-3.832959525331883,5.481436426913367,0.0,-0.8457132132242132,0.14614085616114922,0.0,0.12432139781290844,0.10938726919721824,0.14557461014043674,0.12784690483041744,0.14799249191372868
2010-10-01,0,0.023310401338363818,4.374180110682529,-3.8248659010160613,6.855816798154379,0.0,-0.8727057891376824,0.13457853810089454,0.0,0.08517068365972984,0.06700916931113746,0.07507773610999284,0.08706670828358071,0.09567043334173823
2010-11-01,0,0.0355662320980239,4.769947006251297,-3.8377365863176185,7.781544419035789,0.0,-0.8861248144651759,0.128562967280216,0.0,0.057313903525554925,0.04220378089634276,0.03871958798525871,0.05890088305502912,0.07383751792518116
2010-12-01,0,0.033096260259518395,4.780041020035377,-3.824370851143562,7.783847321413261,0.0,-0.8861546696557212,0.12844536054291159,0.0,0.06273389787304541,0.04500435392999121,0.04130303548274211,0.0631692517602183,0.07784008988856425
2011-01-01,0,0.0036409848591165694,4.773479125637782,-3.8337323125952114,7.783425513694647,0.0,-0.8861492024448943,0.12852050685043515,0.0,0.06242939318954446,0.04643708006881795,0.04329323307139522,0.06430222638033185,0.0765688885683441
2011-02-01,1,-0.10279914012353153,4.7535085793092655,-3.8410952230680886,7.747907878707567,0.0,-0.8856869535133077,0.12879394520780993,0.0,0.0808391792419788,0.06585561078140519,0.06277953529628855,0.08177355422576518,0.0967360068569453
2011-03-01,1,-0.10012341988056628,4.584065100031579,-3.8232160666769683,7.323186431041056,0.0,-0.8798537064758598,0.1313470698492624,0.0,0.0771375187731543,0.058514078910170575,0.06290506112411791,0.06776507503331794,0.09615844531808984
2011-04-01,1,-0.11838439065421957,4.782181391183218,-3.811922530388507,7.7688001287636785,0.0,-0.885959311956516,0.1284400550248277,0.0,0.07279721824402911,0.05704393370208354,0.052690802120027816,0.07295924930435799,0.0960651371200423
2011-05-01,1,-0.12286391045422951,4.797094091780026,-3.8402968856431214,7.850666386393231,0.0,-0.8870141573139202,0.12816542405595494,0.0,0.10741391270833253,0.09553749182011258,0.08539403295499791,0.11120555594415941,0.13330330192128273
2011-06-01,0,-0.08809980657039196,4.179279461127386,-3.8552443348190906,6.488821805883784,0.0,-0.8664676465910399,0.1375790497445271,0.0,0.19728009140080738,0.19196688158200634,0.21602560980229674,0.18877997730338789,0.20987582612077565
2011-07-01,1,-0.11417985345497628,4.6263144654348025,-3.8366099614486195,7.442299046074821,0.0,-0.8815488536307012,0.13067740516777618,0.0,0.17716464148526018,0.17103983694453115,0.16075037270666195,0.1754132047981606,0.20042145444680134
2011-08-01,0,-0.00964304696661622,3.043290110814577,-3.807855526422388,4.360329799658194,0.0,-0.8134443145524803,0.15858921976363002,0.0,0.3683139831246892,0.3953366814490375,0.4631606197901073,0.37308551030468873,0.41441907385111854
2011-09-01,0,0.02840154019150165,2.929945477939991,-3.816915117116819,4.205701773881053,0.0,-0.8079029411524546,0.16077624316106484,0.0,0.23522061949054435,0.2357939083869214,0.3210900853084799,0.2078456391519401,0.26798827729607544
2011-10-01,0,0.01590430907373963,3.3018485057067353,-3.8381415088099553,4.8196594101581205,0.0,-0.8281686384851807,0.15321549178992347,0.0,0.1521143205654047,0.13396256741642648,0.20029578391366082,0.15212746135149735,0.1770839761102419
2011-11-01,0,0.013779944880220274,3.528640208210123,-3.8297181447551236,5.193176703585067,0.0,-0.838531976744483,0.1490215867952297,0.0,0.12965061792295823,0.10672612998515701,0.161469966684595,0.13276123718683608,0.155710188257712
2011-12-01,0,0.046054113180838296,3.7315874573145034,-3.847426434763395,5.590529255274328,0.0,-0.8482671176674148,0.14522443317529282,0.0,0.08924468808815934,0.06805679230173618,0.10323425736796808,0.08490492591186401,0.11009664841121165
2012-01-01,0,0.017607528948623052,4.3998870585622045,-3.8251219425301244,6.912621646171134,0.0,-0.8736196364849704,0.13417387390954333,0.0,,,,,
2012-02-01,0,-0.021449326797240653,4.853904550557861,-3.8109145030341507,7.93995570249404,0.0,-0.8881426224829031,0.12740801071618413,0.0,,,,,
2012-03-01,0,-0.04733523365293257,4.860434365453713,-3.8465680829164812,8.01388711904312,0.0,-0.8890600706672532,0.1272471637315255,0.0,,,,,
2012-04-01,0,-0.04540438392129431,4.84745536346285,-3.859149600518274,8.003139302504051,0.0,-0.8889276321958198,0.12740604346286633,0.0,,,,,
2012-05-01,0,-0.013263548726207275,4.361437800682622,-3.8774135884272996,6.914584523254961,0.0,-0.8736509797751533,0.134589926351693,0.0,,,,,
2012-06-01,0,0.027427690633783586,4.171687743138189,-3.8930621812740838,6.536040588323148,0.0,-0.8673043240306497,0.1375331373859303,0.0,,,,,
2012-07-01,0,0.025540896321463835,4.579940627825651,-3.896716455620433,7.435419519343614,0.0,-0.881452250512632,0.13119787584028572,0.0,0.038823257360502926,0.025758646172567182,0.028977333943194825,0.04052757500089349,0.05017804581530856
2012-08-01,0,-0.006370016744451257,4.9108775075132645,-3.9640653263469767,8.336238172391763,0.0,-0.8928904788486325,0.12629028738291037,0.0,0.05130750865920586,0.04349794272517737,0.0376810819542082,0.052911902856562165,0.05216030759710484
2012-09-01,0,-0.03388480137451333,4.917589937298922,-3.949688738774304,8.327721097419538,0.0,-0.8927926779160834,0.12623098614410888,0.0,0.10802614529128848,0.10608998385494685,0.08015353061532382,0.10807374100564719,0.13488157004517434
2012-10-01,0,-0.030121990235217222,4.846058360374012,-3.9276329442399907,8.115101749779555,0.0,-0.8902919542259433,0.12727440676688315,0.0,0.10042883856745563,0.09391256823677048,0.07626787871115363,0.10288955485531545,0.1351798817303759
2012-11-01,0,0.019920975826634324,4.374394764192272,-3.9390527701789892,7.047494660619664,0.0,-0.8757377243263683,0.13415223567319534,0.0,0.11364592720858521,0.10100307717383573,0.10633732893627826,0.11641306831834054,0.11603651281476228
2012-12-01,0,0.040856646675431874,4.652425497920541,-3.9312112163118007,7.661435962413422,0.0,-0.8845457030058836,0.1300286073174528,0.0,0.0878221064166056,0.07920953311743213,0.07261952144412569,0.08933887999756839,0.09873176960386698
2013-01-01,0,0.02155498513915144,4.865085670785353,-3.9303653943837285,8.165982757624667,0.0,-0.8909009512189889,0.1270020944909446,0.0,0.06514264674986106,0.059509441647618934,0.047278299449278624,0.06659280451764135,0.045859600585223544
2013-02-01,0,0.02547096825386319,4.865974444494093,-3.944271922416524,8.192098921002989,0.0,-0.891210918355643,0.12695712586752952,0.0,0.060060094736041285,0.056181211255610375,0.04392874145339137,0.061884698776589156,0.03689400719728925
2013-03-01,0,0.012812493954849957,4.849924558157255,-3.9288250319715012,8.126517295100536,0.0,-0.8904291782214845,0.12721747511778264,0.0,0.06295730867690406,0.05777308183712556,0.04488953671587664,0.0645815265807401,0.03046205338637068
2013-04-01,0,0.030604189214999744,4.840735067011364,-3.9521429939325987,8.144484094231865,0.0,-0.8906444595785586,0.12728956130638877,0.0,0.060150527309218674,0.05765212934416637,0.0445897767650632,0.057050596899923506,0.04024193190428586
2013-05-01,0,-0.012848814518489515,4.814443016287892,-3.9764844327472906,8.123525594864347,0.0,-0.8903932487937665,0.12759389018792794,0.0,0.07896619722359173,0.08568119756173746,0.06746986861651831,0.0754671989340351,0.06200014730361154
2013-06-01,0,0.030832051495888857,4.600377944636585,-4.003515372366766,7.6674947236028945,0.0,-0.8846264079888219,0.13055143450547974,0.0,0.08220579812124625,0.09072066277128991,0.08244531038528441,0.08317193316324274,0.04435818680857906
2013-07-01,0,0.000844979265047785,4.778403859225871,-4.0149227730391965,8.105284701165555,0.0,-0.8901736702563522,0.1279890924556123,0.0,0.06542152857983552,0.07655454548226737,0.06144196183990136,0.06478187779736781,0.019872006909307526
2013-08-01,0,0.010226993754827607,4.772467757569397,-3.9988816684780826,8.062494905501868,0.0,-0.8896551103832459,0.12811852221994777,0.0,0.05433877196068508,0.059188361797347294,0.04787839947529928,0.04904464342593733,0.02016764852384037
2013-09-01,0,0.01947640131107109,4.773762723728001,-4.011756398321364,8.088534757803718,0.0,-0.8899712630640085,0.1280630704345917,0.0,0.04777474606932902,0.05167444337435318,0.04066325942927328,0.04896141625554293,0.011723822449825392
2013-10-01,0,0.03692377458532703,4.786696065999058,-4.0204062032628975,8.134948259344542,0.0,-0.8905303049771458,0.12785768709443696,0.0,0.053963802987263304,0.059927351553237994,0.04613464820596755,0.04981300365650717,0.007845042960888815
2013-11-01,0,0.013590948338697117,4.771152529281565,-4.0433088338792675,8.139174600333892,0.0,-0.8905809283954959,0.12800484917508978,0.0,0.06751838908274353,0.083043417542999,0.06502340244929329,0.06710381798841974,0.016243602615087945
2013-12-01,0,0.005122304705218461,4.765125789371803,-4.045675918989531,8.129108720452491,0.0,-0.8904602814336475,0.1280811437430253,0.0,0.06341850500249681,0.07832955724083276,0.061862038783176476,0.06421864808593646,0.010923304945911433
2014-01-01,0,-0.00291929146820602,4.763327579653796,-4.0261692053921045,8.089520841399949,0.0,-0.8899831996153955,0.1281657629898595,0.0,0.058771401103014535,0.06989438256501512,0.05535268091383867,0.059329201666210904,0.011829844899989407
2014-02-01,0,0.025580064280368076,4.732509243672008,-4.001352563017546,7.971936675376445,0.0,-0.8885413443961874,0.12867255564078248,0.0,0.0619997425006262,0.06941331338066488,0.055264430179927986,0.05956618495037189,0.019138887213169416
2014-03-01,0,0.0003970979651413131,4.765199001917117,-3.981596964514994,8.014584534735114,0.0,-0.8890686535639233,0.1282698059596113,0.0,0.06770248705078914,0.07724554344733725,0.060135846036493946,0.06878402307093504,0.03109063429486103
2014-04-01,0,0.013683713645092466,4.758155263054051,-3.9640394207408103,7.967023845416938,0.0,-0.8884802787146482,0.12841830929159956,0.0,0.07206614232645664,0.08178718826299679,0.06437865944691547,0.07245278793393836,0.017767480149405226
2014-05-01,0,0.025135333929525716,4.780719259250842,-3.9324617911861237,7.966137485731644,0.0,-0.8884692542813045,0.1281831723099163,0.0,0.07329859076912078,0.07788278386219856,0.060992649058928046,0.07365179367661086,0.011345648828379372
2014-06-01,0,-0.005043423775993872,4.792026361580846,-3.9229456956296707,7.976885987724956,0.0,-0.8886027959620514,0.12804701411487382,0.0,0.10368807394513781,0.11397765128289122,0.08654307715492536,0.10410111184195119,0.017887589300945642
2014-07-01,0,-0.018159241802240045,4.80176666924923,-3.8940726459204478,7.951238774898948,0.0,-0.8882836191562449,0.12797853625779496,0.0,0.09766639901197742,0.10021411992673494,0.07785286437420334,0.09418492583037039,0.01859859263142478
2014-08-01,0,-0.012367896488965191,4.695696946853645,-3.9088909843398563,7.724452498565478,0.0,-0.8853796269548805,0.12946398082390517,0.0,0.10229320523878106,0.10706529933269679,0.08654192770874207,0.101094193016762,0.04257500146393177
2014-09-01,0,-0.028075033990056397,4.7674107113913085,-3.9266839785721164,7.924456398635115,0.0,-0.8879483572632012,0.1283870692846741,0.0,0.08801645928271072,0.09660665602999596,0.07386069351235248,0.09004163629593985,0.12307520507447584
2014-10-01,0,0.046926860995111674,4.336578562550228,-3.9156303959423635,6.924999785220157,0.0,-0.8738170312805604,0.13482876245139924,0.0,0.1046619039481477,0.1074663847772965,0.1057954512983208,0.10556014648234678,0.142749572455753
2014-11-01,0,-0.008016355517296958,4.774461650441499,-3.9060873281851634,7.906174663282744,0.0,-0.8877183484709014,0.12833868839853896,0.0,0.07450631879616142,0.07620074565855593,0.059101401258302565,0.07535364172426585,0.1015373923537487
2014-12-01,0,-0.01270037531580559,4.780892093104701,-3.8807821974505905,7.878913992667152,0.0,-0.8873736133916973,0.12830771969182583,0.0,0.06599702476940973,0.06134296382903908,0.049436863703875344,0.06651316268773798,0.08771694592651955
2015-01-01,0,0.025545069964204137,4.590045602980407,-3.8679954365861775,7.410484592942697,0.0,-0.8811007868869877,0.13113243498217392,0.0,0.07039018840283628,0.06054987125845096,0.055100830662252576,0.06520676932003622,0.09102755413464973
2015-02-01,0,-0.020329459225818858,4.765650148311904,-3.892765931428472,7.862652421210113,0.0,-0.887166961709251,0.128497470540736,0.0,0.062284796115635636,0.05832165559318938,0.046878449797709415,0.05782968842565917,0.07074447387858407
2015-03-01,0,-0.06518300568752722,4.759515874253548,-3.908828515250503,7.8752018307390825,0.0,-0.8873265060253029,0.128545374473998,0.0,0.049457252588817155,0.044969846015002195,0.03647876042156252,0.04296564203811212,0.06426031992731429
2015-04-01,0,-0.07181864181854636,4.795602445777032,-3.894110174544794,7.9365119242513735,0.0,-0.8880995170737411,0.1280662072223086,0.0,0.05556053929852782,0.049436384837792446,0.03901452695383105,0.05672900738438857,0.07131930531616398
2015-05-01,0,-0.07932517022263885,4.79075283360114,-3.8954300122893684,7.927113945473094,0.0,-0.8879817143470992,0.12813218919053265,0.0,0.05178100224264726,0.0460284627135663,0.03654884986887589,0.05301335145825223,0.04756494186966582
2015-06-01,0,-0.07377732471454634,4.689887067519196,-3.8909456559576063,7.680493832760534,0.0,-0.8847991808684941,0.129596737405009,0.0,0.04734571208312351,0.04070626521015109,0.03455369883342487,0.048676019352624,0.03330917772055531
2015-07-01,0,-0.08382438614419285,4.651952050213762,-3.9144558796077216,7.631685572524124,0.0,-0.8841477725760608,0.13008451488550143,0.0,0.04341332928665582,0.03873782110723355,0.03287500316833905,0.04055306152314014,0.03017661556185361
2015-08-01,0,-0.066401290278302,4.251340281759387,-3.91817059544424,6.746325150228234,0.0,-0.8709065291468515,0.13615154232537055,0.0,0.05571115658590498,0.049519678659232985,0.05210366279932945,0.05611506647038137,0.04026715988250689
2015-09-01,0,-0.02056665003780067,3.544798372394131,-3.8898987324811163,5.321371910380487,0.0,-0.8418064916639576,0.14826403417201126,0.0,0.07651031244163246,0.06701745498310521,0.08536297507692928,0.07640404370238948,0.06431020255629544
2015-10-01,0,-0.05945743057373276,4.1444675539463285,-3.8872037321874897,6.469598012157919,0.0,-0.8661239870777053,0.13800024507764933,0.0,0.06120202686192734,0.05056827349974349,0.058929049371106657,0.05828110840395124,0.0685857322278173
2015-11-01,0,-0.08468629543116946,4.537020898060744,-3.8743663428329995,7.300102889479876,0.0,-0.8795195658035192,0.1319087453211414,0.0,0.03779898984720663,0.03014469565351947,0.029610874463912557,0.03836560495631309,0.04985251626159707
2015-12-01,0,-0.07285986913849507,4.3262282118505695,-3.8785350002103574,6.839986076008796,0.0,-0.8724487530583622,0.13513647107551874,0.0,0.04736444343956309,0.03978453425470436,0.041664815197579724,0.04432949175231721,0.06288435798687309
2016-01-01,0,-0.007390805795892796,3.319621559970245,-3.8895095675919573,4.934290639801905,0.0,-0.8314878625436887,0.15240691648622695,0.0,0.08715619967986707,0.08663283745339681,0.11143980332233079,0.080387478212154,0.10840104990173131
2016-02-01,0,0.061714327721825946,3.2286294112480927,-3.838428484025299,4.700590250600005,0.0,-0.8245795687745235,0.1546205924104708,0.0,0.07749317333701015,0.06857227679302987,0.09386188416332288,0.07953377214642543,0.09145697254602544
2016-03-01,0,0.021563342318059453,4.080850302914625,-3.815575691351112,6.220723998427844,0.0,-0.8615097322349216,0.1393796033114321,0.0,0.05519399243769834,0.04160905179040767,0.05213452103429128,0.05676011663875312,0.06643227097362034
2016-04-01,0,-0.004813205238154761,4.478825704644852,-3.821382102986545,7.081766015461456,0.0,-0.8762646681323276,0.1329584635175622,0.0,0.03754126099349325,0.02743413655430882,0.0306425903746866,0.03877182738788645,0.04843837203656768
2016-05-01,0,0.00887899106775425,4.500947750112528,-3.8177682677588773,7.12557066520796,0.0,-0.8769317207120237,0.13262857538499703,0.0,0.03349705894248204,0.023698463375085844,0.026496840229993667,0.03471603042039475,0.044003334561036375
2016-06-01,0,0.028374818248564138,4.6893226385452325,-3.801016952962567,7.5313650796189116,0.0,-0.8827854639125736,0.12982665348846392,0.0,0.03538378179333655,0.024571651270576065,0.02463393665892171,0.03665071225149963,0.03826528363515873
2016-07-01,0,-0.0027362836800224333,4.771501744052638,-3.766887428954978,7.671437836678855,0.0,-0.8846788711590421,0.1286839154524095,0.0,0.04444103746693179,0.030215257320175753,0.02919333273855375,0.04579273308838479,0.05509590459652424
2016-08-01,0,-0.01286533545222135,4.7734098149827,-3.7717830912881465,7.6837194880120165,0.0,-0.8848419733755204,0.1286467421849161,0.0,0.051857137721134844,0.03657329097652757,0.03565824797139738,0.053506469585442876,0.03204057082647633
2016-09-01,0,-0.006798937752874656,4.673254728030301,-3.7895679065201775,7.47543192792706,0.0,-0.8820119129616345,0.13009163291746836,0.0,0.07147289554547295,0.0548172730140185,0.05581231480761858,0.06985914140030494,0.041649119421339954
2016-10-01,0,0.010251887523214709,4.572151344628995,-3.80107698686749,7.260166731222886,0.0,-0.8789370683983817,0.13158650460665336,0.0,0.0643632034655006,0.049151661262462155,0.05130445395288457,0.06523839943913716,0.046766654161505876
2016-11-01,0,0.037709181104762735,4.7215067925559735,-3.785960357760255,7.583010190723851,0.0,-0.8834907593281484,0.12938277215554325,0.0,0.054340602700288225,0.04085983132398531,0.038530182826039996,0.05566909131750278,0.04554606975759208
2016-12-01,0,0.012681215865540718,4.760126810481178,-3.8108241045770597,7.714414298764632,0.0,-0.8852475948794676,0.12876339053490796,0.0,0.062387211274333734,0.05158609474448235,0.04647055462015071,0.06470804744523224,0.05696476175399494
2017-01-01,0,0.02408224621118893,4.794797324135092,-3.8246712190483168,7.819657791288551,0.0,-0.8866169160227814,0.1282311979997326,0.0,0.09295067558892664,0.08168969062940751,0.0730846414221394,0.09538885376788732,0.10490454761207146
2017-02-01,0,0.012618513161452682,4.786339625362046,-3.8523747871444707,7.844754011523318,0.0,-0.8869386306620674,0.12829411893672793,0.0,0.12157731830906064,0.12329094569147729,0.10310873884200715,0.12243031472750134,0.16150617481331475
2017-03-01,0,-0.003173033859778185,4.770553793692842,-3.8520032929691204,7.806425607607229,0.0,-0.8864465511255585,0.1285225412989967,0.0,0.08713349571528088,0.08463151691850705,0.07174119697133426,0.08985430810386312,0.1175037482950625
2017-04-01,0,0.01527565262725128,4.738154953762482,-3.8425669094100137,7.713888527786649,0.0,-0.8852406710492999,0.1290139099447061,0.0,0.09659603148056432,0.09439073909126165,0.07763852543081455,0.09655297737932886,0.1377265975638639
2017-05-01,0,0.016131254305216336,4.777649814614106,-3.848064077895961,7.816876388274568,0.0,-0.8865811477940322,0.12842888232263658,0.0,0.10386522528716413,0.10431751243871935,0.08164720718599813,0.09979784535520894,0.12741162944171525
2017-06-01,0,0.00826215391188967,4.778718337399443,-3.854207218870083,7.829552571218045,0.0,-0.8867439780289966,0.12839981632065411,0.0,0.09822885541402535,0.09945249437131487,0.07833524347326255,0.08651122113715155,0.11405944208779493
2017-07-01,0,0.0008638604783830495,4.767013315237463,-3.863169900023462,7.816447065355145,0.0,-0.8865756247854568,0.12854818368679444,0.0,0.0831167558314307,0.08407312381892613,0.06629103255752113,0.08156318108938733,0.10881580099834813
2017-08-01,0,0.014909087948148159,4.785382270843866,-3.848625328482671,7.8362863738967725,0.0,-0.8868302861987254,0.1283161465690499,0.0,0.09315404672191105,0.09343114521596178,0.07207468439989921,0.09043630199184215,0.13850179529058132
2017-09-01,0,0.025737712809486224,4.806181785135305,-3.848439767862218,7.885855967203115,0.0,-0.8874616014831989,0.12801750904257234,0.0,0.10494294712572308,0.10736365431984107,0.08255114231137817,0.10758932168337769,0.1574979063785966
2017-10-01,0,0.014317559640203426,4.80027735668178,-3.849567838866793,7.873532713484392,0.0,-0.8873053120680582,0.12809984507061414,0.0,0.11263840239419931,0.11679009092924324,0.0908764307867637,0.11511118087905249,0.1619541008759244
2017-11-01,0,0.02314149004669175,4.805743288149041,-3.8360648438237797,7.864503382888415,0.0,-0.8871905219269983,0.1280498431334567,0.0,0.11693735402512578,0.11851331789391982,0.09389002497378492,0.10557805382930979,0.14701330830090617
2017-12-01,0,-0.004019757238190369,4.815517208957317,-3.8045968770251224,7.836982153235082,0.0,-0.8868391966103591,0.12797171332336377,0.0,0.1192799785808099,0.11341128051635696,0.09078248307663023,0.11317317687763716,0.16007523520414318
2018-01-01,0,-0.04880995053408854,4.820879344869399,-3.8023086608435994,7.846222079672268,0.0,-0.886957393676799,0.12789863699030718,0.0,0.13856145841950832,0.13527147360386133,0.10737360999934256,0.13295921159241686,0.19388036759399457
2018-02-01,0,-0.019048780848452518,4.346438795347361,-3.808630954319966,6.769058210000564,0.0,-0.8712842698600495,0.13507345969236811,0.0,0.13049169482557296,0.11720384546361025,0.12431618641582066,0.11468435058187638,0.17339353660001736
2018-03-01,0,-0.01818134728445253,4.323581854812378,-3.807646378514074,6.717929202307609,0.0,-0.8704315660603615,0.13544119617114456,0.0,0.12103731178401175,0.10846054093622734,0.11711292279394468,0.12121633805122033,0.1611240992124062
2018-04-01,0,0.018035671890956895,4.043913581011887,-3.81249576681757,6.140720322429607,0.0,-0.8599581057867628,0.14001476695878207,0.0,0.14452431620592382,0.13301768606918266,0.15553510332491405,0.1463239418106958,0.18733058966194088
2018-05-01,0,0.008047410873258887,4.297747242102586,-3.80977158710568,6.665672454178743,0.0,-0.869548300429289,0.1358472889716316,0.0,0.12190533230073275,0.11134792711426579,0.12051930390010149,0.12339340125136587,0.16241408763739568
2018-06-01,0,-0.06790712872365534,4.58770044088743,-3.822135382863099,7.329767402289189,0.0,-0.8799486286105445,0.13129511280909364,0.0,0.09261951874735118,0.08674537641176443,0.08190314630047134,0.08857171129383892,0.1231045087253286
2018-07-01,0,-0.08101616528972955,4.790739440658153,-3.8285806137015848,7.816294157755925,0.0,-0.8865736575814823,0.12828172758951648,0.0,0.07909141501454447,0.0756885783235894,0.06318056037667263,0.08091776299774502,0.11320583157577736
2018-08-01,1,-0.10165440790532654,4.7941604221883845,-3.8524218376606223,7.863563383773689,0.0,-0.8871785582499838,0.12818153456768205,0.0,0.07759417562972426,0.07660038880782563,0.06324191060087662,0.06902243883765809,0.10778432626323435
2018-09-01,1,-0.11517835602274684,4.791572982067315,-3.855898531493874,7.863101059130911,0.0,-0.8871726731616374,0.1282110878085022,0.0,0.07046851530427152,0.06747806086317432,0.055940102276234464,0.0669312936459536,0.09538434845849436
2018-10-01,0,-0.07831740538367093,4.160342018218605,-3.833154340261926,6.413067481246583,0.0,-0.8651030760842555,0.13798408711114363,0.0,0.09421653609354907,0.08414203658360367,0.09690747133205897,0.09352823760450514,0.12275425389324124
2018-11-01,0,-0.05725553845984366,3.829462703259782,-3.8249827232918667,5.738839938592626,0.0,-0.8516065065927586,0.14363767840972239,0.0,0.09848261999794831,0.0851356377986947,0.10877042953059858,0.10069088085639294,0.12262380234385292
2018-12-01,0,0.015611671360295398,3.0038249808485156,-3.8096398593796312,4.303543312990943,0.0,-0.8114468118794248,0.1593643326612837,0.0,0.13057306358839327,0.13058828207838905,0.16304372864278643,0.13059836968361668,0.15469654739388453
2019-01-01,0,0.05655847418299542,3.216849520300186,-3.803115783557899,4.6243297070786396,0.0,-0.8222010351310974,0.1551895951926009,0.0,0.08261041246319298,0.07065792984760154,0.0970473988854289,0.08442069476000218,0.09713846476177179
2019-02-01,0,0.017830307166244452,4.011385243138733,-3.814470738109137,6.078405210398291,0.0,-0.8587252396159825,0.14055580833273396,0.0,0.06980587677813292,0.05425903230638003,0.06896585934666645,0.07123458233904208,0.08792991822134114
2019-03-01,0,0.018092140457492523,4.291372969534036,-3.819277119376928,6.667353020486146,0.0,-0.8695768934431305,0.1359145201648281,0.0,0.0589524280512164,0.04442142322373183,0.05298128361203921,0.06057607834326336,0.07541149905727992
2019-04-01,0,-0.01690543425855784,4.821069797607226,-3.8379326560017755,7.904445185151657,0.0,-0.8876965404124761,0.1278259365531762,0.0,0.04733940826798403,0.038377378442695495,0.033882854473665666,0.04814271085806202,0.06290794786324912
2019-05-01,0,0.012421576972792447,4.574942283377384,-3.829940008260602,7.313237076016873,0.0,-0.8797099143383109,0.1314664798658884,0.0,0.04870743888157635,0.03624787739911297,0.038248234780606884,0.047353427220127836,0.06335038031008768
2019-06-01,0,0.0025355539010445405,4.782926944637935,-3.798804841012302,7.749476872575256,0.0,-0.8857074526210311,0.12845554393307784,0.0,0.046712910885921534,0.03311876784432527,0.031156282596834943,0.04728049407281333,0.06268474508402842
2019-07-01,0,-0.03291445736522314,4.8851243113383545,-3.7766012864267995,7.961094936711053,0.0,-0.8884064941770358,0.12702008125797412,0.0,0.05630046861090652,0.04018247008362507,0.035884478215232544,0.0554119844328478,0.07711875632427893
2019-08-01,0,0.02767277601240936,4.364412853209635,-3.7432592390368384,6.704636370407496,0.0,-0.8702080212583595,0.1349994273948254,0.0,0.06981894788350165,0.04496259810747,0.05592222010085912,0.07223461034742139,0.08993035434655096
2019-09-01,1,-0.1105785088494241,4.782302308938603,-3.7399589672901326,7.655081701723327,0.0,-0.8844609404668141,0.1285732718158177,0.0,0.05024792091525129,0.032650257717344686,0.032538447438200765,0.04469185728332858,0.06903357542966776
2019-10-01,1,-0.10924154497338978,4.768685400446169,-3.76413435735889,7.660383391754992,0.0,-0.8845316708551221,0.12873042377632485,0.0,0.05787808785079814,0.03956785380568394,0.039590672259019966,0.06012634657539531,0.06839635464067854
2019-11-01,1,-0.14574067048966033,4.850788719381083,-3.7854374689562116,7.89155874943665,0.0,-0.887533780276337,0.12749808189046363,0.0,0.07332937535223463,0.05753741796109086,0.05274178043725873,0.06896694000041764,0.0991161996327964
2019-12-01,1,-0.16506050713657927,4.842259064773611,-3.806674644911302,7.904892427225345,0.0,-0.887702180776193,0.12758273023622707,0.0,0.10209486220214958,0.08831568748572421,0.08157456897113194,0.10439650494850915,0.13085794051024935
2020-01-01,1,-0.19090009009529374,4.837870957783338,-3.8058928919966455,7.893014634905299,0.0,-0.8875521922481747,0.12764720973298918,0.0,0.12409961146308908,0.11535825190363046,0.10359145114056527,0.11729667000852415,0.15554560073701312
2020-02-01,1,-0.19068070194658615,4.844221568105595,-3.7882397652563395,7.880106637632613,0.0,-0.8873887397070048,0.12758773314527558,0.0,0.0988225921756484,0.08466083289622285,0.07708499810991298,0.10227215257638936,0.13269476961727464
2020-03-01,0,0.04131423037262105,1.921546993076748,-3.7766905641564987,2.9182122499565333,0.0,-0.7447815645997499,0.1829259066949302,0.0,0.3603068828753987,0.49573778976575883,0.42629336366346204,0.3633409257274343,0.393056229518601
2020-04-01,0,0.05707500912045682,2.4348995074381503,-3.738508013398706,3.4174076449534336,0.0,-0.7736228846476446,0.17239994796050323,0.0,0.08009225415834863,0.06763936754845457,0.10340855027861576,0.08227966458068256,0.06995471132358787
2020-05-01,0,0.06338024331663905,3.168570896254449,-3.740981525193888,4.4490278757997785,0.0,-0.8164810269293722,0.1567477723125172,0.0,0.058729326580482605,0.035892954568802225,0.07412795066052556,0.060658778266215414,0.05359598440044053
2020-06-01,0,0.033162456330321,4.044666039992898,-3.7561520560315085,6.052584209854881,0.0,-0.8582080028760725,0.14026037059567306,0.0,0.0332483778797311,0.01671697209692198,0.03478356229321543,0.034394534933308504,0.03146685423144911
2020-07-01,0,0.04922578750235118,4.549714002612273,-3.740771161139497,7.113714774670781,0.0,-0.8767518913627851,0.13208289918610708,0.0,0.021639633870928522,0.010068966676746503,0.017738135276060902,0.022599386622741947,0.021494006732933914
2020-08-01,0,-0.007722751453789867,4.885397906074409,-3.7510129870922175,7.921486395098663,0.0,-0.8879110547599574,0.12705557766838535,0.0,0.025788631845555233,0.01356585256852084,0.019111251882382743,0.023097403596059957,0.02273087729298315
2020-09-01,0,0.015802832740796857,4.763682794719288,-3.752171341469257,7.629688128069255,0.0,-0.8841209571934168,0.12882611269116304,0.0,0.022505890110463552,0.011299747325211088,0.017560237375361762,0.023636362528034985,0.014506998189921282
2020-10-01,0,0.03811129505182942,4.876148752564552,-3.7534436631553856,7.902717330650312,0.0,-0.8876747443662851,0.1271849942303502,0.0,0.021591159928683344,0.01105420602501705,0.01575864698258843,0.01948529439533861,0.017815856518007392
2020-11-01,0,0.04122789777662206,4.882184562460646,-3.7378473058045434,7.893129410984288,0.0,-0.8875536435166617,0.12712104776472472,0.0,0.02142525287248306,0.01057706344301867,0.015179004402200496,0.022306254672790994,0.019805597555551696
2020-12-01,0,0.02663874507216768,4.890894936697595,-3.736432834572778,7.912216226972353,0.0,-0.8877944638536088,0.1269975515498776,0.0,0.023195234958397717,0.011673192277481894,0.016692368314103853,0.024171046249880913,0.019844397223123186
2021-01-01,0,0.02363986070158064,4.8908495139994015,-3.7416365711538684,7.920188507467629,0.0,-0.8878947458158717,0.1269908352040574,0.0,0.02102739144725274,0.01048268110084689,0.015040644719791633,0.021824712117173826,0.011544918976515137
2021-02-01,0,0.00697222324801583,4.880133719151169,-3.7615530057971025,7.925158521177778,0.0,-0.8879571721188837,0.1271152673844883,0.0,0.02232214628502646,0.011901000180738062,0.01693036624162003,0.02330733451166699,0.011200217326526653
2021-03-01,0,0.05898668771903659,4.848162199635885,-3.841609754736315,7.975959706434772,0.0,-0.8885913002391143,0.1274314477993724,0.0,0.060712628887584205,0.04623084151033222,0.06292543159179581,0.056453985270111494,0.04285315925349768
2021-04-01,0,0.006440998474093851,4.8285452860102085,-3.847064329474461,7.937459897924706,0.0,-0.8881113860737767,0.1277002366110139,0.0,0.2119689219328819,0.24099741012239467,0.23287682413930746,0.2148647478998987,0.22583822158091887
2021-05-01,0,0.016948799483893273,4.83650535373103,-3.825731393748684,7.9218070834925705,0.0,-0.8879150837221942,0.12762911361029516,0.0,0.18475943131748168,0.20361272918148177,0.20178028791661567,0.18784201504489054,0.20442299560176022
2021-06-01,0,0.029544324775462538,4.868786798246274,-3.8206479017052515,7.991876263673676,0.0,-0.8887885052377884,0.12717772172748032,0.0,0.1729357700334719,0.18908564386151913,0.1804287178970405,0.17683535740286987,0.21027250257976784
2021-07-01,0,0.01875248873365476,4.891850021051463,-3.8391038172561256,8.078233193955642,0.0,-0.8898464074853455,0.1268166512529961,0.0,0.1819960622881162,0.20752338670086742,0.18735788558588926,0.18607067811421502,0.22787078098079155
2021-08-01,0,-0.004091825980351516,4.904081668755295,-3.8508501594821856,8.127483431803405,0.0,-0.8904407762039158,0.1266224699171396,0.0,0.144905558112794,0.16327953617045807,0.14493616668950324,0.14770443710606443,0.18373240067038554
2021-09-01,0,-0.012209557273920146,4.87371589486627,-3.848405835091597,8.049230945620346,0.0,-0.8894933717561954,0.12705535208595464,0.0,0.17513487272475817,0.20194563632383775,0.17732103419284068,0.1792850765922882,0.22015339627517877
2021-10-01,0,-0.015567470188450505,4.899971280537328,-3.840037038051408,8.099642321251395,0.0,-0.8901055706701141,0.12670034815508413,0.0,0.180342151460091,0.21059634410771313,0.18248406987367452,0.1799826965215838,0.22570492754394414
2021-11-01,1,-0.13434213007136053,4.911179757617608,-3.8246873273022253,8.102085280902577,0.0,-0.8901350658515431,0.1265697186639914,0.0,0.19977517930703353,0.23593188780240118,0.20642780465539406,0.19989200903080162,0.26244643654587546
2021-12-01,1,-0.1659601665937409,4.927126935904872,-3.8208527620577306,8.135082289130636,0.0,-0.8905319111148184,0.12635163698013888,0.0,0.16861533762409897,0.19374737422203822,0.16940507932952995,0.1718322876903609,0.23067725377210885
2022-01-01,1,-0.14755051517345452,4.585575896039496,-3.8125926743999505,7.309444145399728,0.0,-0.8796550067005843,0.13135258193851848,0.0,0.1973095187104178,0.21859171101317518,0.2265681303298811,0.20217060433515274,0.27087869963333294
2022-02-01,1,-0.12106316888977486,4.136195171400769,-3.787504931250646,6.289342124566218,0.0,-0.86281340854755,0.13857803669973862,0.0,0.24593533594719963,0.2593998801083165,0.3138895815218369,0.25122637760916006,0.32750998983331325
2022-03-01,1,-0.12314098885652547,4.023802086532754,-3.7568268606607034,6.011557208640565,0.0,-0.8573783297713569,0.14061543486918676,0.0,0.2886766273928895,0.29154638156402585,0.36332029724588466,0.29404194912180043,0.3797416424581716
2022-04-01,1,-0.1514917344717932,4.042209105869275,-3.7581266953592554,6.050714113260818,0.0,-0.8581703946669426,0.14029366938739737,0.0,0.20391732081403469,0.1878762108077378,0.2431932831123352,0.2058107036792511,0.2750363625050832
2022-05-01,0,-0.07779233722219014,2.9066965955907174,-3.7841254376920896,4.119153970264248,0.0,-0.804655221193048,0.16164538528007072,0.0,0.35179552021426147,0.40637755475235326,0.46512108985723943,0.35846177856639067,0.43452812593197804
2022-06-01,0,-0.04434421115935139,2.4476644856992333,-3.783398445352924,3.5035415826952754,0.0,-0.7779525332146437,0.17137674244050052,0.0,0.305548930098724,0.379485978557756,0.419719592400721,0.294961390448297,0.3605733733864141
2022-07-01,0,-0.04746712358792882,2.492861637245855,-3.784802377590281,3.561599730766259,0.0,-0.780778661210588,0.17038009204874205,0.0,0.2549295686083247,0.304610704302719,0.3493015446427,0.2595828872039411,0.30007314472607755
2022-08-01,1,-0.10400517836938994,3.3027017910238223,-3.7749053645615933,4.719258433218769,0.0,-0.8251521571062832,0.1537657408801418,0.0,0.17133341495033805,0.1571334588377111,0.22660892999255444,0.1722443596397171,0.21936830898808704
2022-09-01,0,-0.03232537642097355,2.2510430015225564,-3.7939800937659687,3.28945163280462,0.0,-0.7668699671649732,0.17543669297608935,0.0,0.20505394406618477,0.26262002935610557,0.2835569853928417,0.21060190051370833,0.23653824514897953
2022-10-01,0,0.05000736768801728,1.8357752286312734,-3.8036260112157056,2.8806372554863713,0.0,-0.742310364467532,0.18411265224493048,0.0,0.17374757894051135,0.24334958669853785,0.22934600783437406,0.17773146594229502,0.18592818057268337
2022-11-01,0,-0.0013037993486105792,2.4863681826156436,-3.780673634861126,3.546952338186949,0.0,-0.780072469288574,0.1705865022172559,0.0,0.10732490034690194,0.10651818401500664,0.1394656091368185,0.10762231160819775,0.11765845426455032
2022-12-01,0,0.012339173563777894,2.7676349400711078,-3.7602043057460133,3.8840634440641084,0.0,-0.7952524549583074,0.16485987905675564,0.0,0.08756999780807485,0.07194731052261558,0.10664818718036834,0.09034776857418034,0.09760310515297305
2023-01-01,0,0.0019952829625045077,3.3691495339968176,-3.7549946285991194,4.798731651706444,0.0,-0.827548495073794,0.15263752461454916,0.0,0.06839613408213231,0.04324912780715709,0.07504232725268944,0.06349735544271183,0.08085513344424285
2023-02-01,0,-0.027238772987478233,3.926252936037386,-3.790124385306038,5.870358093318458,0.0,-0.8544471792565634,0.14214037328902,0.0,0.047740030416767075,0.027577260259624377,0.04625093414523076,0.04931814490531059,0.05039899267173459
2023-03-01,0,0.03852991298872688,3.544031639771222,-3.801289717896208,5.174406345326826,0.0,-0.8380411096919687,0.14894824721152972,0.0,0.05297942339132273,0.03110663272859264,0.05448733122217024,0.05275655985092274,0.05207417683793342
