claim_id,feature,family,target,orientation,diagnostic_survivor,discovery_n,discovery_beta,discovery_hac_t,discovery_bonferroni_lb,discovery_spearman,validation_n,validation_beta,validation_hac_t,validation_bonferroni_lb,validation_spearman,diagnostic_holdout_n,diagnostic_holdout_beta,diagnostic_holdout_hac_t,diagnostic_holdout_bonferroni_lb,diagnostic_holdout_spearman
cape_z_24:future_6m_realized_vol,cape_z_24,valuation,future_6m_realized_vol,-1,False,264,0.37341376605433363,2.683337354920447,-0.13082648080350712,0.3734137660543336,156,0.1523668031167517,0.7426170314306222,-0.5910765948941662,0.15236680311675183,183,0.504495860518669,5.001951413492209,0.1390352316971925,0.504495860518669
oil_mom_12:future_12m_return,oil_mom_12,cross_asset,future_12m_return,-1,False,96,0.17532555615843728,0.6795930358842199,-0.7594745743167599,0.1753255561584372,156,0.10873860062271812,0.5419417164149721,-0.618293549299802,0.10873860062271806,177,0.4433419608386281,2.247322043466933,-0.2714768702480811,0.4433419608386282
inflation_oil_gap:future_12m_return,inflation_oil_gap,interaction_or_placebo,future_12m_return,1,False,96,0.18574335322843177,0.7141752501995398,-0.7566472454251174,0.18574335322843205,156,0.10982282562311321,0.5495052482174035,-0.6143516736550622,0.10982282562311318,177,0.4408489292082894,2.2258666204899273,-0.2768017701422523,0.44084892920828955
cpi_yoy_change_6:future_6m_return,cpi_yoy_change_6,macro,future_6m_return,-1,False,264,0.14047247103817312,0.9458184069330922,-0.39768071936621724,0.14047247103817334,156,-0.02351472238466279,-0.17197679273779223,-0.518956322204324,-0.023514722384662807,183,0.43760622841164526,3.3660825542568222,-0.03345915458534615,0.4376062284116451
spx_mom_24:future_12m_return,spx_mom_24,trend,future_12m_return,-1,False,264,0.2629313437118876,1.814110095295328,-0.26224019244989566,0.26293134371188787,156,-0.3133916012075042,-1.5524690198136484,-1.044845349636898,-0.31339160120750403,177,0.4355923547030005,3.2513226968732245,-0.04985555095173699,0.43559235470300034
cpi_yoy_level:future_6m_return,cpi_yoy_level,macro,future_6m_return,-1,False,264,0.10248782111923414,0.8150832694069691,-0.35312164660212153,0.1024878211192342,156,0.06451459951211848,0.32999140090940754,-0.643884240887766,0.0645145995121185,183,0.4320588534772424,2.4095071242183255,-0.21767747955447125,0.43205885347724265
spx_vol_12:future_12m_return,spx_vol_12,volatility,future_12m_return,1,False,264,0.24678632222214975,2.501706812569708,-0.11065695524005803,0.24678632222214977,156,-0.18093913483270369,-0.9247544928437993,-0.8899102120744955,-0.18093913483270357,177,0.4174745935839062,3.108548969904578,-0.06915083159015661,0.4174745935839061
cpi_yoy_level:future_12m_return,cpi_yoy_level,macro,future_12m_return,-1,False,264,0.05590137154442022,0.36757314739139124,-0.49516149290600964,0.05590137154442026,156,0.11335691972385809,0.5977785461645811,-0.5737592529276238,0.11335691972385811,177,0.40954320389189947,2.1814968954274905,-0.27070528097805635,0.4095432038918995
cape_z_60:future_6m_realized_vol,cape_z_60,valuation,future_6m_realized_vol,-1,False,264,0.38864572074521986,2.4868547530780063,-0.17762737516990446,0.3886457207452202,156,-0.007687566183559538,-0.038942822129527675,-0.7229804519516835,-0.007687566183559606,183,0.40756072153078576,3.7483870096137326,0.013584185680363736,0.40756072153078593
cape_z_12:future_6m_realized_vol,cape_z_12,valuation,future_6m_realized_vol,-1,False,264,0.36812970281710133,2.673828851859656,-0.13074296892514076,0.3681297028171014,156,0.2561679126297987,1.3198942050177571,-0.4470793757748834,0.2561679126297989,183,0.40438463888214415,2.8111815613468583,-0.11684393191460174,0.4043846388821445
oil_gold_ratio_mom12:future_12m_return,oil_gold_ratio_mom12,interaction_or_placebo,future_12m_return,-1,False,96,0.044953879544221455,0.20900815371403786,-0.734385116186327,0.044953879544221316,156,-0.009995100440960327,-0.0471569294627833,-0.7780001978987696,-0.009995100440960325,177,0.4019948581222624,2.2157334407706695,-0.2553987009876187,0.4019948581222624
inflation_momentum_interaction:future_6m_realized_vol,inflation_momentum_interaction,interaction_or_placebo,future_6m_realized_vol,-1,False,264,0.41615128516968714,2.9360768061921907,-0.09742656710120923,0.41615128516968747,156,0.046947258617692125,0.22369636687675565,-0.7135081725013246,0.04694725861769219,183,0.400254948187949,2.971512495376266,-0.08781448297595201,0.40025494818794916
dxy_vol_12:future_12m_return,dxy_vol_12,cross_asset,future_12m_return,1,False,264,0.01698374084485,0.10307221352199424,-0.5800710814469369,0.01698374084485001,156,-0.1110492958859509,-0.5133705804536867,-0.8948529630159539,-0.11104929588595089,177,0.39541386056335603,2.777147307498319,-0.1204979036337569,0.3954138605633561
cpi_yoy_change_6:future_12m_return,cpi_yoy_change_6,macro,future_12m_return,-1,False,264,0.10296030105198625,0.585908236258391,-0.5337804709352328,0.10296030105198616,156,-0.017651056566199363,-0.0957629215230726,-0.6855269661223022,-0.017651056566199412,177,0.37517312719655127,2.3681759346068967,-0.1988643124396119,0.3751731271965515
oil_mom_36:future_6m_realized_vol,oil_mom_36,cross_asset,future_6m_realized_vol,1,False,72,0.37883465174609277,3.8915041033596514,0.02609469041922624,0.37883465174609304,156,-0.07570925068356749,-0.3355770040822493,-0.893193162195007,-0.07570925068356742,183,0.3702309807085289,2.835675740707554,-0.10285344234028754,0.37023098070852906
spx_drawdown_60:future_6m_realized_vol,spx_drawdown_60,fragility,future_6m_realized_vol,-1,False,264,0.3205112244870374,2.224290942327774,-0.20161331946835115,0.32051122448703756,156,0.11582766870284311,0.6276094030674874,-0.55289390223865,0.11582766870284307,183,0.3681847834771437,2.857135635579146,-0.09875130055004122,0.3681847834771436
spx_drawdown_24:future_6m_realized_vol,spx_drawdown_24,fragility,future_6m_realized_vol,-1,False,264,0.4057208146734721,3.0729413371849597,-0.0726839299686457,0.4057208146734723,156,0.3583617453043447,2.307846693136196,-0.20428672963921957,0.35836174530434495,183,0.3679530792522054,2.863895834822847,-0.0975876502557868,0.3679530792522056
cpi_yoy_change_12:future_12m_return,cpi_yoy_change_12,macro,future_12m_return,-1,False,264,0.055817881809703304,0.3433650448130582,-0.5332152581181439,0.05581788180970338,156,-0.006571731124843903,-0.03252588729403055,-0.7386762585169755,-0.006571731124843891,177,0.358511798618445,1.8807450956608134,-0.33219856729326175,0.3585117986184449
spx_drawdown_120:future_6m_realized_vol,spx_drawdown_120,fragility,future_6m_realized_vol,-1,False,264,0.3576369810679275,2.6889364319367415,-0.1242934427263529,0.3576369810679276,156,0.019968562819391546,0.10287525529748774,-0.6833601408155205,0.01996856281939153,183,0.3582988576423083,2.7553490683246755,-0.11288592501370259,0.3582988576423086
dxy_vol_24:future_6m_return,dxy_vol_24,cross_asset,future_6m_return,1,False,264,0.07982183406626289,0.6269832889024999,-0.3814832017642622,0.07982183406626278,156,-0.18465015567953733,-1.0359203072324952,-0.8305211638568614,-0.18465015567953727,183,0.3499937339923085,2.7292050670511347,-0.11467832529303024,0.34999373399230865
cpi_yoy_change_12:future_6m_return,cpi_yoy_change_12,macro,future_6m_return,-1,False,264,0.0866871379007143,0.5407551475358073,-0.4941795368215007,0.08668713790071424,156,-0.07398966351092914,-0.3961430459824371,-0.7507602488322132,-0.07398966351092913,183,0.3478613332497865,2.212871941300205,-0.22174175331539514,0.3478613332497864
rate10_level:future_6m_realized_vol,rate10_level,macro,future_6m_realized_vol,1,False,264,0.2948697191377946,2.0434562551191484,-0.22799253389559893,0.2948697191377946,156,0.06575019862141881,0.3675538874112817,-0.5824341014677461,0.06575019862141872,183,0.34738050581083824,2.9680815383097507,-0.0767036767702306,0.3473805058108383
commodity_dxy_divergence:future_12m_return,commodity_dxy_divergence,interaction_or_placebo,future_12m_return,-1,False,264,0.2064267033633559,1.2457556841815205,-0.3939937227517577,0.2064267033633561,156,0.1808537876752383,0.8158091092738923,-0.6224161565261891,0.18085378767523833,177,0.34528055262201135,1.760689231245787,-0.36529763015080946,0.34528055262201146
cpi_yoy_level:future_6m_drawdown_loss,cpi_yoy_level,macro,future_6m_drawdown_loss,1,False,264,0.2547902718759678,2.400726872197919,-0.1297683452759391,0.25479027187596737,156,0.04212983929114501,0.22926928353970766,-0.6237048037951691,0.04212983929114506,183,0.34407303058144667,2.4712934692665973,-0.16041256461741693,0.3440730305814471
cape_change_12:future_6m_realized_vol,cape_change_12,valuation,future_6m_realized_vol,-1,False,264,0.32944238722364794,2.261037874595843,-0.19850919765721065,0.32944238722364777,156,0.08884509125897078,0.41974596903974787,-0.67810898949185,0.08884509125897073,183,0.3427248846943147,2.5379550933565866,-0.14658519754366517,0.34272488469431506
cpi_yoy_level:future_6m_realized_vol,cpi_yoy_level,macro,future_6m_realized_vol,1,False,264,0.45034483050982865,3.437911564281028,-0.024304573541416186,0.45034483050982915,156,-0.303848764717552,-1.7974749724545853,-0.9163642628705904,-0.303848764717552,183,0.32532328683433437,2.708292007638758,-0.10993006300538771,0.3253232868343347
spx_vol_24:future_12m_return,spx_vol_24,volatility,future_12m_return,1,False,264,0.1258535567309511,0.9549984539474263,-0.35165953620685614,0.12585355673095108,156,-0.2681291586982978,-1.221605909448232,-1.0634372108119157,-0.2681291586982979,177,0.3225965616938763,2.5991652873611026,-0.12712974771405494,0.32259656169387657
spx_vol_60:future_12m_return,spx_vol_60,volatility,future_12m_return,1,False,264,0.09334176835432309,0.5709089455286416,-0.4990808554000955,0.09334176835432298,156,-0.42072039322912547,-1.9487632464820437,-1.2029908740938613,-0.42072039322912513,177,0.32012084278319286,2.234480510557312,-0.19898968837418618,0.3201208427831928
spx_vol_24:future_6m_return,spx_vol_24,volatility,future_6m_return,1,False,264,0.13360521062636904,1.3460040539620788,-0.22606087389264373,0.13360521062636907,156,-0.25012406947890814,-1.326220869852929,-0.9335037903194765,-0.2501240694789079,183,0.3198973157989552,2.8912357550856016,-0.08101513952722389,0.3198973157989551
real_rate_change_12:future_12m_return,real_rate_change_12,macro,future_12m_return,1,False,264,0.005931689373830126,0.034488692429824296,-0.6172635539051577,0.005931689373830108,156,-0.061288742077729136,-0.3347475947042242,-0.7247043756219983,-0.061288742077729205,177,0.31259413791312496,1.669595219754531,-0.3658156352160967,0.3125941379131249
oil_mom_24:future_6m_realized_vol,oil_mom_24,cross_asset,future_6m_realized_vol,1,False,84,0.5102561506530325,3.9392093232845355,0.040900935074745404,0.5102561506530322,156,-0.28887483997407964,-1.5333051139622758,-0.971533482265093,-0.28887483997407964,183,0.30933126032912195,2.6372983230166334,-0.11566686203824961,0.3093312603291221
cpi_yoy_change_3:future_6m_return,cpi_yoy_change_3,macro,future_6m_return,-1,False,264,0.1421570841388608,1.161477068746412,-0.30132933591147143,0.14215708413886083,156,0.002228509111599296,0.021473909961118965,-0.37380430532644254,0.0022285091115993336,183,0.30751607622598365,2.7891747574262684,-0.09198187591263318,0.30751607622598365
cpi_yoy_change_3:future_12m_return,cpi_yoy_change_3,macro,future_12m_return,-1,False,264,0.17030959570596566,1.2046151752134768,-0.34197730024619405,0.17030959570596577,156,0.013655545194480877,0.0913259588573788,-0.5281422859050471,0.013655545194480874,177,0.3063550665674071,2.3494506185555437,-0.1661225129704948,0.3063550665674071
spx_mom_6:future_6m_realized_vol,spx_mom_6,trend,future_6m_realized_vol,-1,False,264,0.2852044574752517,2.136644347643455,-0.198462623240517,0.28520445747525186,156,0.23592167027548172,1.269808819308173,-0.4372904931423044,0.23592167027548147,183,0.299850007440884,1.7893560364785597,-0.3073471924230184,0.299850007440884
spx_vol_12:future_6m_return,spx_vol_12,volatility,future_6m_return,1,False,264,0.2481566187995485,3.1067728953394997,-0.0412702288930418,0.2481566187995485,156,-0.15576172338037952,-0.8909734168652002,-0.7892206433472613,-0.15576172338037964,183,0.2988826925035051,2.2140783092470158,-0.19025400676088833,0.2988826925035051
dxy_vol_24:future_12m_return,dxy_vol_24,cross_asset,future_12m_return,1,False,264,0.08939404809266353,0.6235307012754175,-0.4300912020519629,0.08939404809266346,156,-0.19460732405051306,-0.8828157128483745,-0.9933586377742818,-0.19460732405051287,177,0.2976900503800141,1.9834423107172032,-0.24614501319401544,0.29769005038001417
spx_drawdown_12:future_6m_realized_vol,spx_drawdown_12,fragility,future_6m_realized_vol,-1,False,264,0.4009745640903814,3.475924513089737,-0.017018375975493494,0.40097456409038196,156,0.4423182066287087,3.6469729263915567,0.0028527582270556073,0.44231820662870885,183,0.2937032533066366,1.9362631166550757,-0.25592220820535927,0.2937032533066368
gold_mom_36:future_6m_realized_vol,gold_mom_36,cross_asset,future_6m_realized_vol,1,False,264,0.3705535760608897,2.991508397335842,-0.07827783339535072,0.3705535760608897,156,-0.3982646077982013,-2.5763988891243903,-0.9583845944320998,-0.3982646077982014,183,0.29181776883131133,1.8873132557387493,-0.26844298503989167,0.2918177688313116
spx_mom_24:future_6m_return,spx_mom_24,trend,future_6m_return,-1,False,264,0.19127141494293814,1.4876208657154326,-0.2746152375989011,0.1912714149429384,156,-0.2772486605237787,-1.5942722921041819,-0.907377587881166,-0.27724866052377845,183,0.29104430850688856,1.9385499724532158,-0.2529627928956054,0.2910443085068888
cape_level:future_12m_return,cape_level,valuation,future_12m_return,-1,False,264,0.2506133901038624,1.8257443642150735,-0.24676482734526178,0.25061339010386235,156,0.40816558771813033,2.3844548441254556,-0.21208865448045872,0.4081655877181303,177,0.28936714463737534,1.9162215490859902,-0.2578074917776495,0.2893671446373754
spx_mom_36:future_12m_return,spx_mom_36,trend,future_12m_return,-1,False,264,0.12579355503525108,0.7480571710033781,-0.4835273230019949,0.12579355503525114,156,-0.22477280270582106,-1.1253078540188222,-0.9485332900813013,-0.22477280270582092,177,0.28833252540641613,1.847935002781275,-0.27703310443494694,0.2883325254064162
fourier_10y_placebo:future_6m_realized_vol,fourier_10y_placebo,interaction_or_placebo,future_6m_realized_vol,-1,False,264,0.1184890224296899,0.7049014575572938,-0.4905879310177,0.11848902242968977,156,0.2636784624867633,1.619119197643817,-0.32641159115953944,0.263678462486763,183,0.2845698995529442,1.7756764355581927,-0.2961244339503494,0.28456989955294465
real_rate_change_12:future_6m_drawdown_loss,real_rate_change_12,macro,future_6m_drawdown_loss,-1,False,264,0.06912062771351767,0.44408906494109396,-0.4948546321040844,0.06912062771351778,156,-0.014239408256208537,-0.08203885636434752,-0.6431585355560417,-0.014239408256208614,183,0.2777420959226047,2.1540875808774076,-0.18945572719984627,0.27774209592260524
commodity_dxy_divergence:future_6m_return,commodity_dxy_divergence,interaction_or_placebo,future_6m_return,-1,False,264,0.06915750920528968,0.4668386605725677,-0.46762083681596484,0.06915750920528976,156,0.19226501872895962,1.0942374727646071,-0.4444002371228857,0.19226501872895965,183,0.276699067148105,1.584181348071393,-0.3561865968509047,0.27669906714810505
cpi_yoy_change_6:future_6m_drawdown_loss,cpi_yoy_change_6,macro,future_6m_drawdown_loss,1,False,264,0.2630174621751925,2.040208054322694,-0.20410697132223998,0.26301746217519234,156,0.04595534299170602,0.3622959446696773,-0.41366050793962,0.045955342991705984,183,0.2660517256280377,2.3529546773721846,-0.1436567772519366,0.266051725628038
spx_vol_60:future_6m_return,spx_vol_60,volatility,future_6m_return,1,False,264,0.15519180246264813,1.1893979452576504,-0.31759359268177906,0.15519180246264822,156,-0.3446918809565205,-1.7939639259378755,-1.0409011597764661,-0.34469188095652,183,0.2654104626663429,2.2112173939326634,-0.16950921351539727,0.265410462666343
cape_z_60:future_12m_return,cape_z_60,valuation,future_12m_return,-1,False,264,0.09810342466200135,0.575820829109402,-0.5192292392573755,0.09810342466200137,156,-0.4000885081632975,-2.066891433007198,-1.1014806097502736,-0.40008850816329705,177,0.2652395214764287,1.629671408811255,-0.32450056392995075,0.2652395214764289
spx_vol_6:future_12m_return,spx_vol_6,volatility,future_12m_return,1,False,264,0.29116903703295866,3.170365570344245,-0.04161179716434216,0.2911690370329591,156,-0.17905517535679855,-1.0166050570834348,-0.8172555743884826,-0.17905517535679855,177,0.2641315074185004,2.0928321556225145,-0.1931759350284875,0.26413150741850044
valuation_rate_interaction:future_12m_return,valuation_rate_interaction,interaction_or_placebo,future_12m_return,-1,False,264,0.02080297921462998,0.1255795014951141,-0.5794429719925445,0.020802979214629983,156,-0.2776216592119612,-1.4072006737797267,-0.9924796398530109,-0.2776216592119612,177,0.26298670383130485,1.6124273606022832,-0.3279977978628009,0.2629867038313048
inflation_momentum_interaction:future_6m_drawdown_loss,inflation_momentum_interaction,interaction_or_placebo,future_6m_drawdown_loss,-1,False,264,0.21110449190244637,1.8451970143796923,-0.20344576637005182,0.21110449190244635,156,0.30097701617736017,2.3164217646146468,-0.16982482704672203,0.3009770161773598,183,0.26135771534719554,1.7160747568772707,-0.29049296340492925,0.26135771534719576
oil_vol_12:future_12m_return,oil_vol_12,cross_asset,future_12m_return,1,False,102,0.23350164828019068,1.2566371384929433,-0.43978890155408046,0.23350164828019085,156,-0.3788054558960663,-2.3517015812669553,-0.9624608091551572,-0.3788054558960657,177,0.26110178147885255,1.7471685065389284,-0.28039702178984305,0.26110178147885266
fourier_7y_placebo:future_12m_return,fourier_7y_placebo,interaction_or_placebo,future_12m_return,-1,False,264,0.08681882363729365,0.5088262997488521,-0.5314349919181097,0.08681882363729355,156,0.3201500846756105,1.4775029029757183,-0.46499106052304245,0.3201500846756108,177,0.2562751947822754,1.6319995934235776,-0.31272050600323315,0.25627519478227545
cpi_yoy_change_24:future_6m_drawdown_loss,cpi_yoy_change_24,macro,future_6m_drawdown_loss,1,False,264,0.10207360540427951,0.7697031949969,-0.37844767390424006,0.10207360540427933,156,0.08259704372425732,0.42047128180294135,-0.6291908934022127,0.08259704372425726,183,0.25377979653761434,2.2791499690430754,-0.1496858859267366,0.25377979653761457
spx_mom_3:future_6m_realized_vol,spx_mom_3,trend,future_6m_realized_vol,-1,False,264,0.1927352608989945,1.6878442516346959,-0.22102737128992578,0.1927352608989944,156,0.26689636642379605,1.8649758523750233,-0.2516551483218337,0.2668963664237955,183,0.250280012218715,1.903317942023341,-0.22619187865810997,0.25028001221871515
spx_mom_12:future_6m_realized_vol,spx_mom_12,trend,future_6m_realized_vol,-1,False,264,0.2385413454958561,1.8234848882791015,-0.2354647810001308,0.23854134549585645,156,0.09008866621358917,0.45557163880292606,-0.6264439043633653,0.09008866621358909,183,0.24987076359136245,1.627503564539545,-0.3064380678782382,0.24987076359136237
oil_vol_24:future_6m_return,oil_vol_24,cross_asset,future_6m_return,1,False,96,0.07377916440586002,0.4422243378538425,-0.5307448405118254,0.07377916440586006,156,-0.5287193184871425,-4.090374728117506,-0.9970844347972082,-0.5287193184871419,183,0.2468317498609729,1.3925976945445984,-0.3954089278929399,0.24683174986097298
oil_mom_24:future_6m_drawdown_loss,oil_mom_24,cross_asset,future_6m_drawdown_loss,1,False,84,0.05985067116906283,0.40421967456001057,-0.4766546525460703,0.059850671169062765,156,0.1355156138302629,0.7715208684212417,-0.500934132881925,0.13551561383026312,183,0.2463908843366864,1.979843000592379,-0.2045466051750657,0.2463908843366868
spx_vol_36:future_6m_return,spx_vol_36,volatility,future_6m_return,1,False,264,0.05464981423113348,0.4176996677261485,-0.4194251480137601,0.05464981423113354,156,-0.3233139985143272,-1.73950891782311,-0.9967871826891505,-0.32331399851432713,183,0.24635396677449412,2.2248054320412667,-0.1548728778118656,0.24635396677449417
dxy_vol_12:future_6m_return,dxy_vol_12,cross_asset,future_6m_return,1,False,264,0.023060546775324417,0.16750808425286134,-0.47577372968306203,0.023060546775324493,156,-0.16693904000252885,-0.8965598079008584,-0.8416241176747183,-0.16693904000252865,183,0.24214595098415487,1.6889886811112906,-0.27733895248585355,0.24214595098415476
cape_z_120:future_6m_realized_vol,cape_z_120,valuation,future_6m_realized_vol,-1,False,264,0.32141446194367773,1.851822836228748,-0.30749544685899066,0.3214144619436781,156,-0.2574070269159648,-1.57797200590149,-0.8484833500416011,-0.2574070269159645,183,0.23916372294846985,1.6325925564010235,-0.29164732342447874,0.2391637229484703
spx_vol_36:future_12m_return,spx_vol_36,volatility,future_12m_return,1,False,264,0.020351009919845574,0.12547649245415649,-0.5673359507372273,0.020351009919845536,156,-0.38494412922191856,-1.7943918630844964,-1.1622695458497545,-0.38494412922191895,177,0.23416968196534002,1.6101651844595755,-0.29279643666694566,0.23416968196534002
cape_z_120:future_12m_return,cape_z_120,valuation,future_12m_return,-1,False,264,0.012568398672136395,0.07664549302629987,-0.581608530458628,0.012568398672136482,156,-0.2461285581071898,-1.2942601042369974,-0.9351978595648233,-0.24612855810718948,177,0.23370223853465127,1.414905496218109,-0.36478913862827816,0.23370223853465147
spx_mom_36:future_6m_return,spx_mom_36,trend,future_6m_return,-1,False,264,0.04739221663746272,0.4135718148120965,-0.36782805415994235,0.04739221663746268,156,-0.17348864408654835,-0.9963779792032633,-0.8044015203616834,-0.17348864408654827,183,0.23352627415350144,1.7412174446686455,-0.252438958487491,0.23352627415350166
cape_z_24:future_6m_drawdown_loss,cape_z_24,valuation,future_6m_drawdown_loss,-1,False,264,0.1614557749020537,1.3000609776905363,-0.2885440237464655,0.16145577490205368,156,0.3165301793619688,2.1853190475955815,-0.208304750810279,0.3165301793619688,183,0.23234935491029937,1.706055581347512,-0.2611320063788244,0.23234935491029968
fourier_7y_placebo:future_6m_drawdown_loss,fourier_7y_placebo,interaction_or_placebo,future_6m_drawdown_loss,1,False,264,0.16346493587716232,1.1354722793731389,-0.3581746377217178,0.16346493587716204,156,0.3047979041315028,1.684283854117154,-0.3509231824025358,0.30479790413150315,183,0.22998744782021024,1.703237695416317,-0.25928564486030836,0.22998744782021044
cape_z_12:future_6m_drawdown_loss,cape_z_12,valuation,future_6m_drawdown_loss,-1,False,264,0.25642593223627913,2.321317262442189,-0.1438411735301599,0.2564259322362787,156,0.37376490709874816,2.76866708737932,-0.11539431286811697,0.3737649070987486,183,0.22941144449337406,1.624383880409296,-0.2823279692517263,0.22941144449337408
cpi_yoy_change_12:future_6m_drawdown_loss,cpi_yoy_change_12,macro,future_6m_drawdown_loss,1,False,264,0.2155058532007617,1.509310326580777,-0.3018662236684326,0.2155058532007614,156,-0.05429426385237013,-0.35333259682042784,-0.6110858998505712,-0.05429426385237026,183,0.22920893741267384,1.8258212926204291,-0.22566990720292268,0.2292089374126741
valuation_momentum_interaction:future_6m_realized_vol,valuation_momentum_interaction,interaction_or_placebo,future_6m_realized_vol,1,False,264,0.2882393885434934,1.6300072792455864,-0.3525071118808444,0.2882393885434935,156,-0.3232887104676708,-2.456618000936052,-0.8001316625784876,-0.32328871046767077,183,0.22811401000994722,1.5662791395327913,-0.2996080561290815,0.22811401000994724
gas_vol_24:future_6m_realized_vol,gas_vol_24,cross_asset,future_6m_realized_vol,1,False,0,,,,,120,0.05983054378776314,0.2687221827731183,-0.7469248737352808,0.05983054378776301,183,0.2261989614092251,1.5801165171877887,-0.292510240680801,0.22619896140922519
valuation_rate_interaction:future_6m_realized_vol,valuation_rate_interaction,interaction_or_placebo,future_6m_realized_vol,-1,False,264,0.3149580827759435,1.9279090373533814,-0.2769968963348137,0.31495808277594395,156,-0.2416525738489987,-1.4503343621246143,-0.8453867310816094,-0.24165257384899866,183,0.22453063686135663,1.4796930034856286,-0.32529684948249515,0.22453063686135713
spx_mom_3:future_6m_drawdown_loss,spx_mom_3,trend,future_6m_drawdown_loss,-1,False,264,0.19716423369374736,1.957396482123412,-0.16781805535910915,0.19716423369374703,156,0.2622424353851739,2.3983270960024416,-0.13395988461983582,0.2622424353851738,183,0.22404656460159691,1.6969926374669073,-0.25434200018195663,0.22404656460159728
cross_asset_stress:future_12m_return,cross_asset_stress,interaction_or_placebo,future_12m_return,1,False,264,0.03467641476824344,0.2505154567027365,-0.4668826928926806,0.03467641476824345,156,0.2729781416446714,1.4462559344942105,-0.41094165946828853,0.2729781416446714,177,0.21165665414379956,1.2596340734596452,-0.39719289046948303,0.21165665414379928
gas_mom_24:future_6m_drawdown_loss,gas_mom_24,cross_asset,future_6m_drawdown_loss,1,False,0,,,,,108,-0.08442760479255053,-0.3607112246190345,-0.9325280096606395,-0.08442760479255065,183,0.20934205677777804,1.701253586163862,-0.2365296267593703,0.20934205677777795
oil_mom_12:future_6m_drawdown_loss,oil_mom_12,cross_asset,future_6m_drawdown_loss,1,False,96,0.15413646547407073,0.9872106522754318,-0.4116050141137709,0.15413646547407087,156,0.06365354524055125,0.541356764605683,-0.3623973557346294,0.06365354524055117,183,0.20911608101582907,1.582435442794781,-0.2697167154885581,0.2091160810158292
dxy_vol_6:future_12m_return,dxy_vol_6,cross_asset,future_12m_return,1,False,264,0.08851358842749905,0.6237790418416892,-0.42565036686913055,0.08851358842749907,156,-0.10160104945393628,-0.48517372048894664,-0.8603941678960296,-0.10160104945393628,177,0.208280673811049,1.6741288261574856,-0.24251792605557346,0.208280673811049
cpi_yoy_change_24:future_6m_realized_vol,cpi_yoy_change_24,macro,future_6m_realized_vol,1,False,264,0.39597538560471546,2.783532932890023,-0.11948380249254265,0.39597538560471573,156,-0.2635583442651452,-1.5072648645380726,-0.897150298877246,-0.26355834426514513,183,0.20616340181557577,1.4833149401757217,-0.29745392050511643,0.20616340181557588
fourier_7y_placebo:future_6m_return,fourier_7y_placebo,interaction_or_placebo,future_6m_return,-1,False,264,0.10726089853876727,0.7401737435764918,-0.41782482988768455,0.10726089853876737,156,0.29420926981507,1.484899516532925,-0.42372014125529855,0.2942092698150699,183,0.20550411648631162,1.5687141029871894,-0.2691739707839638,0.20550411648631148
spx_vol_6:future_6m_return,spx_vol_6,volatility,future_6m_return,1,False,264,0.22755780953303342,2.3758141720014647,-0.11949993088301739,0.2275578095330334,156,-0.1827914842502884,-1.1900424728624566,-0.7393565669695654,-0.1827914842502882,183,0.2052959513757803,1.4428001790875726,-0.3102847537482044,0.20529595137578024
rate10_change_12:future_12m_return,rate10_change_12,macro,future_12m_return,-1,False,264,0.02324168934059203,0.15775511326996022,-0.5105928949900801,0.02324168934059197,156,0.05356600959749545,0.28989307294181904,-0.6159699632880012,0.05356600959749538,177,0.20001763782183887,1.1514834359999413,-0.4293915204759716,0.20001763782183885
inflation_oil_gap:future_6m_drawdown_loss,inflation_oil_gap,interaction_or_placebo,future_6m_drawdown_loss,-1,False,96,0.15199666531901088,0.9723746279618963,-0.4144028858952842,0.15199666531901107,156,0.06632995416416548,0.570441451433811,-0.3549987812808643,0.06632995416416551,183,0.19888999268940086,1.5081604211871047,-0.27895589334293536,0.19888999268940113
gold_mom_3:future_6m_return,gold_mom_3,cross_asset,future_6m_return,1,False,264,0.06593600459404453,0.6581902021989948,-0.29705316996135517,0.06593600459404449,156,-0.22324603688893807,-1.538802202640794,-0.7489284134248988,-0.223246036888938,183,0.1982271114487794,1.805933358764383,-0.1994987133691368,0.19822711144877936
spx_mom_60:future_6m_realized_vol,spx_mom_60,trend,future_6m_realized_vol,-1,False,264,0.13322563461994238,0.7467492583268,-0.5132251347416634,0.13322563461994225,156,-0.3997945346209163,-3.0432359940261176,-0.8758128683631057,-0.39979453462091624,183,0.19578728470389198,1.6269555825212707,-0.2402576499558106,0.19578728470389217
gold_mom_24:future_6m_realized_vol,gold_mom_24,cross_asset,future_6m_realized_vol,1,False,264,0.38701067427080116,2.9176401251418884,-0.09362242929359582,0.38701067427080116,156,-0.38191904664064114,-2.5764225792809623,-0.9190456707898131,-0.381919046640641,183,0.19019487283920647,1.2724347463045755,-0.35141396739734143,0.19019487283920655
spx_mom_1:future_6m_drawdown_loss,spx_mom_1,trend,future_6m_drawdown_loss,-1,False,264,0.15712602099541212,2.564912509951852,-0.06484588739075947,0.1571260209954122,156,0.2357000219185872,2.879424733455533,-0.06090353238431323,0.23570002191858738,183,0.18924130916743045,2.0156662166540467,-0.15094731422195143,0.18924130916743065
cpi_yoy_change_6:future_6m_realized_vol,cpi_yoy_change_6,macro,future_6m_realized_vol,1,False,264,0.21263952230816402,1.5625064628552654,-0.280471402668849,0.21263952230816424,156,-0.07018381248913406,-0.5200275984283524,-0.559211020038201,-0.07018381248913398,183,0.18713236157997384,1.419967385580688,-0.2903892018954508,0.18713236157997387
cape_change_12:future_12m_return,cape_change_12,valuation,future_12m_return,-1,False,264,0.22963160071323646,1.3990878967310312,-0.3650837005900998,0.22963160071323643,156,-0.3514275147478947,-1.9145650087039798,-1.0165292835747775,-0.3514275147478945,177,0.1853434050651956,1.344496093580859,-0.31416183856666174,0.18534340506519564
spx_mom_6:future_6m_drawdown_loss,spx_mom_6,trend,future_6m_drawdown_loss,-1,False,264,0.21084990207378143,1.7920643987549387,-0.21547652095860445,0.21084990207378154,156,0.2966510787332234,2.1415139193600727,-0.2052839318219195,0.29665107873322344,183,0.1820787894977468,1.1805714491841603,-0.3767638564909239,0.18207878949774697
spx_vol_12:future_6m_realized_vol,spx_vol_12,volatility,future_6m_realized_vol,1,False,264,0.28446025938672426,2.0818401373349027,-0.2106440235737287,0.2844602593867245,156,0.44741824848666845,3.274838667256449,-0.04762853448978832,0.4474182484866683,183,0.1777157268960548,1.3435336838186651,-0.30157581170814074,0.17771572689605478
spx_vol_6:future_6m_realized_vol,spx_vol_6,volatility,future_6m_realized_vol,1,False,264,0.3171181958788605,2.5474443288652773,-0.13394658543537302,0.3171181958788606,156,0.44321411073003447,3.4067346009669723,-0.028194744264465943,0.4432141107300341,183,0.17513491497810807,1.1456730789487208,-0.37876906617864714,0.17513491497810826
gold_mom_12:future_6m_realized_vol,gold_mom_12,cross_asset,future_6m_realized_vol,1,False,264,0.195539036245435,1.398307342725739,-0.3111637484452626,0.195539036245435,156,-0.32826413364732665,-2.065506782675002,-0.9041272557611165,-0.3282641336473266,183,0.1738445090191348,1.1971014906539819,-0.3523574554563996,0.173844509019135
cape_z_24:future_12m_return,cape_z_24,valuation,future_12m_return,-1,False,264,0.19932758969275216,1.0757046626316307,-0.47209635162881364,0.19932758969275224,156,-0.3903399661772377,-2.2665302250947215,-1.0143678042786177,-0.39033996617723754,177,0.17301899205346177,1.0916659491201515,-0.4012646849571721,0.17301899205346183
cpi_yoy_change_3:future_6m_drawdown_loss,cpi_yoy_change_3,macro,future_6m_drawdown_loss,1,False,264,0.2783583203815434,2.4528427319680155,-0.13284533117261205,0.2783583203815431,156,0.08657742776290889,0.9037623404415993,-0.2605371852067231,0.0865774277629089,183,0.1728538130984719,1.6221618646009945,-0.2132527962695289,0.17285381309847198
fourier_7y_placebo:future_6m_realized_vol,fourier_7y_placebo,interaction_or_placebo,future_6m_realized_vol,1,False,264,0.22513854651046156,1.579355679957994,-0.29138767122566794,0.2251385465104618,156,0.2577201701571588,1.0463349991623592,-0.6347631658245345,0.25772017015715876,183,0.17201808140229544,1.0630422345574846,-0.41431721536494537,0.17201808140229546
inflation_momentum_interaction:future_6m_return,inflation_momentum_interaction,interaction_or_placebo,future_6m_return,1,False,264,0.04145824362290351,0.32152833918732543,-0.42575387705492296,0.0414582436229035,156,0.3029349939150638,2.0561796264953376,-0.23090468613705,0.30293499391506346,183,0.17085640660123916,1.013423394533511,-0.44003329167657546,0.17085640660123913
gas_vol_24:future_6m_drawdown_loss,gas_vol_24,cross_asset,future_6m_drawdown_loss,1,False,0,,,,,120,0.09086191033801636,0.47592776880802584,-0.600910563625689,0.09086191033801638,183,0.16991901817509553,1.0301081341781828,-0.4277787474654649,0.1699190181750957
rate10_change_6:future_6m_return,rate10_change_6,macro,future_6m_return,-1,False,264,0.3099628752263682,3.1069543361415244,-0.051527941783627906,0.30996287522636823,156,0.002596838117455924,0.018978878620105076,-0.4931920488886213,0.0025968381174559254,183,0.1686275258854381,1.324858330454218,-0.29256417769488596,0.16862752588543814
real_rate:future_6m_drawdown_loss,real_rate,macro,future_6m_drawdown_loss,-1,False,264,0.1820656522561112,1.4510318567745317,-0.2725805136444814,0.18206565225611096,156,0.12143268258785891,0.8206914890735751,-0.4147072044186245,0.1214326825878589,183,0.1684308507564125,1.2619840471884531,-0.31517354106048945,0.1684308507564127
rate_inflation_gap:future_6m_drawdown_loss,rate_inflation_gap,interaction_or_placebo,future_6m_drawdown_loss,-1,False,264,0.1820656522561112,1.4510318567745317,-0.2725805136444814,0.18206565225611096,156,0.12143268258785891,0.8206914890735751,-0.4147072044186245,0.1214326825878589,183,0.1684308507564125,1.2619840471884531,-0.31517354106048945,0.1684308507564127
spx_mom_1:future_6m_realized_vol,spx_mom_1,trend,future_6m_realized_vol,-1,False,264,0.10146567233389393,1.5094901996973158,-0.14209731866394365,0.10146567233389385,156,0.26775299900428307,2.867227061025455,-0.07061923284804683,0.2677529990042831,183,0.16731415412812423,1.7803210451711475,-0.1732169726236461,0.1673141541281244
rate10_change_6:future_12m_return,rate10_change_6,macro,future_12m_return,-1,False,264,0.18273466926246598,1.2973755102739033,-0.3276266068283238,0.18273466926246626,156,0.052951473287284695,0.38202599972011064,-0.4492842337543278,0.052951473287284626,177,0.16623672578621881,1.280884656385397,-0.304024760360312,0.16623672578621884
cape_level:future_6m_return,cape_level,valuation,future_6m_return,-1,False,264,0.19441811656847008,1.528698023420799,-0.2664084269844025,0.19441811656847022,156,0.35330265022830765,2.281125740011066,-0.20790053727510394,0.3533026502283076,183,0.16253563820286765,1.0777461047752817,-0.3839196056951456,0.1625356382028677
spx_drawdown_24:future_12m_return,spx_drawdown_24,fragility,future_12m_return,-1,False,264,0.2641356954483779,1.9101330892582713,-0.2369199121760922,0.2641356954483781,156,-0.2138239025591755,-1.0817986860059827,-0.9300205125778342,-0.21382390255917566,177,0.16201889153314442,1.2675324904117062,-0.3011389434442353,0.16201889153314436
commodity_dxy_divergence:future_6m_drawdown_loss,commodity_dxy_divergence,interaction_or_placebo,future_6m_drawdown_loss,1,False,264,0.17873785068913853,1.2411294224949656,-0.34308358935596484,0.17873785068913864,156,0.10949805034747909,0.8089424052829141,-0.3809705885949587,0.10949805034747909,183,0.16201501104069482,1.1356042263403245,-0.3549375765153243,0.162015011040695
oil_vol_12:future_6m_return,oil_vol_12,cross_asset,future_6m_return,1,False,102,0.42663598170211076,3.098817378280404,-0.07223007635836765,0.42663598170211087,156,-0.29546869813974813,-1.8955519873508413,-0.8602733144549359,-0.2954686981397479,183,0.16082687803999282,0.9930945389624564,-0.42597365103080265,0.16082687803999274
spx_mom_12:future_12m_return,spx_mom_12,trend,future_12m_return,-1,False,264,0.2554083050173158,1.6141935345916292,-0.31791800279208504,0.2554083050173159,156,-0.3528599200265524,-1.8291785530490545,-1.0518462616399806,-0.35285992002655214,177,0.15775782967746405,1.0708277195672358,-0.3760608625191792,0.15775782967746405
spx_drawdown_12:future_12m_return,spx_drawdown_12,fragility,future_12m_return,-1,False,264,0.17741367255306348,1.3345467238857835,-0.30428534607271485,0.17741367255306362,156,-0.20420927732262084,-1.05928216329959,-0.9027412157793043,-0.20420927732262073,177,0.15554016562804215,1.1325399623117929,-0.3420954793293133,0.15554016562804213
spx_drawdown_120:future_12m_return,spx_drawdown_120,fragility,future_12m_return,-1,False,264,0.18895494628878318,1.362629185199592,-0.3135068392619128,0.18895494628878307,156,-0.24368576046949747,-1.1491776526661703,-1.0120469838106543,-0.2436857604694976,177,0.1547130735240212,1.2247086917617969,-0.30302461559973576,0.15471307352402117
oil_vol_12:future_6m_realized_vol,oil_vol_12,cross_asset,future_6m_realized_vol,1,False,102,0.45070143793362766,2.733784057043901,-0.14667377196356074,0.450701437933628,156,0.053898310442382774,0.3063265396328224,-0.5836498330230431,0.05389831044238271,183,0.1523188144713447,1.010455518175998,-0.39389013268959255,0.15231881447134482
real_rate:future_6m_return,real_rate,macro,future_6m_return,1,False,264,0.19142663674625365,1.3358357779584684,-0.3278176861777656,0.1914266367462537,156,0.25894643675617596,1.546324361208932,-0.3478343213798281,0.25894643675617596,183,0.151492484707025,0.8946101730985196,-0.462099552780582,0.15149248470702495
rate_inflation_gap:future_6m_return,rate_inflation_gap,interaction_or_placebo,future_6m_return,1,False,264,0.19142663674625365,1.3358357779584684,-0.3278176861777656,0.1914266367462537,156,0.25894643675617596,1.546324361208932,-0.3478343213798281,0.25894643675617596,183,0.151492484707025,0.8946101730985196,-0.462099552780582,0.15149248470702495
spx_vol_60:future_6m_drawdown_loss,spx_vol_60,volatility,future_6m_drawdown_loss,-1,False,264,0.1730183168888635,1.3470549979355455,-0.2923847214893882,0.1730183168888634,156,-0.21529281136825162,-1.349338827034433,-0.7934300856502173,-0.21529281136825165,183,0.1487108150876258,1.1568532969401037,-0.3170754995588461,0.14871081508762596
gold_mom_36:future_6m_drawdown_loss,gold_mom_36,cross_asset,future_6m_drawdown_loss,1,False,264,0.22843729230226478,1.657028655870428,-0.27109025567114126,0.2284372923022645,156,-0.03915837270457348,-0.28242013698727503,-0.5415604601558767,-0.03915837270457349,183,0.14858723384350636,0.9356627116953689,-0.42683234458766506,0.1485872338435065
spx_vol_3:future_6m_realized_vol,spx_vol_3,volatility,future_6m_realized_vol,1,False,264,0.27264122779142397,2.4269322266746434,-0.13441681412464618,0.27264122779142413,156,0.3644702944476933,3.6125368096614734,-0.0011011927798536547,0.3644702944476931,183,0.1472883851714927,1.072028651704894,-0.3505456298354681,0.14728838517149292
oil_vol_6:future_12m_return,oil_vol_6,cross_asset,future_12m_return,1,False,105,0.38238648144308507,2.7399032184957766,-0.12330980753462029,0.38238648144308507,156,-0.21804934330103837,-1.3826391331492212,-0.7894863961896426,-0.21804934330103828,177,0.14679022177593878,0.9412315084788498,-0.4183069431196995,0.14679022177593878
oil_vol_6:future_6m_return,oil_vol_6,cross_asset,future_6m_return,1,False,105,0.2751606883682353,2.4506276994187837,-0.13168667715676086,0.2751606883682354,156,-0.19217651056566193,-1.1419108092640096,-0.8019809452635662,-0.19217651056566193,183,0.1459294447533934,0.8379602240684837,-0.4850888994659255,0.14592944475339342
spx_vol_3:future_12m_return,spx_vol_3,volatility,future_12m_return,1,False,264,0.24855311128357988,2.710316318122113,-0.0837402638032177,0.24855311128357968,156,-0.11139384552164498,-0.8475207759490987,-0.5876419965083162,-0.1113938455216451,177,0.1436912449576704,1.3886259257412046,-0.23125369517178448,0.14369124495767044
dxy_mom_36:future_6m_realized_vol,dxy_mom_36,cross_asset,future_6m_realized_vol,-1,False,252,0.1955217330418118,1.2695841387096638,-0.362506290065501,0.19552173304181197,156,-0.5861769214964201,-6.2013592922886,-0.9286798431931637,-0.5861769214964199,183,0.143254642720074,1.2149220263486575,-0.28399603368237863,0.1432546427200741
gold_mom_6:future_6m_realized_vol,gold_mom_6,cross_asset,future_6m_realized_vol,1,False,264,0.08886741726408975,0.6727570538730117,-0.3897701223616605,0.08886741726408966,156,-0.21808095335935906,-1.5760424280085599,-0.7194670549813916,-0.21808095335935887,183,0.1426730788812044,1.0345074492216733,-0.3570516833986189,0.1426730788812045
gas_oil_ratio_mom12:future_12m_return,gas_oil_ratio_mom12,interaction_or_placebo,future_12m_return,1,False,0,,,,,120,0.24871866101812629,1.166329395961876,-0.5239790189550342,0.24871866101812617,177,0.14118522878759027,1.0462658469684283,-0.3477706497685751,0.14118522878759027
gas_mom_36:future_6m_drawdown_loss,gas_mom_36,cross_asset,future_6m_drawdown_loss,1,False,0,,,,,96,0.036932202412430865,0.20707220382701333,-0.6093256906643536,0.03693220241243083,183,0.14097400610703387,1.3184861639477854,-0.24644946121897682,0.14097400610703395
oil_vol_6:future_6m_realized_vol,oil_vol_6,cross_asset,future_6m_realized_vol,1,False,105,0.33570391872278654,1.8872264301179171,-0.30884347950470176,0.33570391872278676,156,0.023821339950372215,0.15842024448566985,-0.5210299289043255,0.02382133995037217,183,0.1401901733334377,0.9724564713358435,-0.38216976374428563,0.14019017333343772
rate10_change_24:future_6m_drawdown_loss,rate10_change_24,macro,future_6m_drawdown_loss,1,False,264,0.12287628335234857,1.0255639944517123,-0.31126167591568077,0.1228762833523484,156,-0.0752807440723289,-0.43909085461044556,-0.6965101003676232,-0.07528074407232893,183,0.14012516174927717,1.0690741654851934,-0.3348060930171689,0.1401251617492773
spx_vol_3:future_6m_drawdown_loss,spx_vol_3,volatility,future_6m_drawdown_loss,1,False,264,0.0174746290867382,0.1986708683443476,-0.30123577076870667,0.01747462908673816,156,0.1986149696469233,1.890145611054767,-0.1821343841921583,0.19861496964692346,183,0.14007051297775652,1.0872194812442626,-0.32675217225910863,0.14007051297775674
rate10_change_3:future_6m_return,rate10_change_3,macro,future_6m_return,-1,False,264,0.30061395111053213,3.8366398034454288,0.01670403420699773,0.30061395111053185,156,0.05299548828983226,0.41979263979542036,-0.4044365057551181,0.05299548828983216,183,0.1394217401963503,1.085633926110988,-0.3259173660934943,0.1394217401963502
real_rate_change_12:future_6m_realized_vol,real_rate_change_12,macro,future_6m_realized_vol,-1,False,264,0.14058399594727794,0.9424932628342899,-0.3998965766218832,0.1405839959472781,156,-0.10536264639408272,-0.8700451637631387,-0.5441633667802223,-0.10536264639408251,183,0.1394186711364187,0.9819819894201363,-0.37502742440017844,0.1394186711364189
gas_oil_ratio_mom12:future_6m_return,gas_oil_ratio_mom12,interaction_or_placebo,future_6m_return,1,False,0,,,,,120,0.026383776651156328,0.13405263998791836,-0.6867714172335023,0.026383776651156356,183,0.13800294502361504,0.8977281798788722,-0.4190108555578636,0.13800294502361501
oil_mom_12:future_6m_realized_vol,oil_mom_12,cross_asset,future_6m_realized_vol,1,False,96,0.25765056972327727,1.462603847456685,-0.3806523845797921,0.2576505697232775,156,-0.2633117858102448,-1.9991520886503817,-0.7405628686274575,-0.2633117858102446,183,0.13772880718711084,1.1779442576880115,-0.28593611323426427,0.13772880718711086
cape_z_60:future_6m_drawdown_loss,cape_z_60,valuation,future_6m_drawdown_loss,-1,False,264,0.18550090991058527,1.4723741539201778,-0.27100911383107307,0.1855009099105853,156,0.23575544086097636,1.6325561458344322,-0.2875027762135698,0.23575544086097616,183,0.13451143398807758,0.8805480362616875,-0.41900256435226485,0.13451143398807763
real_rate:future_12m_return,real_rate,macro,future_12m_return,1,False,264,0.2717333315941537,1.5443951367433306,-0.3658059475336901,0.271733331594154,156,0.34353811382781996,1.85598125688562,-0.3271549264141671,0.34353811382781985,177,0.13442677585221863,0.665861064139513,-0.5970905569079038,0.13442677585221866
rate_inflation_gap:future_12m_return,rate_inflation_gap,interaction_or_placebo,future_12m_return,1,False,264,0.2717333315941537,1.5443951367433306,-0.3658059475336901,0.271733331594154,156,0.34353811382781996,1.85598125688562,-0.3271549264141671,0.34353811382781985,177,0.13442677585221863,0.665861064139513,-0.5970905569079038,0.13442677585221866
real_rate:future_6m_realized_vol,real_rate,macro,future_6m_realized_vol,-1,False,264,0.16567677439962242,1.2062870881929262,-0.33198399910035553,0.16567677439962236,156,-0.21767002260119167,-1.159684021815872,-0.8977835418351459,-0.2176700226011917,183,0.13412585276448424,0.9958080392024168,-0.3539185395945539,0.13412585276448435
rate_inflation_gap:future_6m_realized_vol,rate_inflation_gap,interaction_or_placebo,future_6m_realized_vol,-1,False,264,0.16567677439962242,1.2062870881929262,-0.33198399910035553,0.16567677439962236,156,-0.21767002260119167,-1.159684021815872,-0.8977835418351459,-0.2176700226011917,183,0.13412585276448424,0.9958080392024168,-0.3539185395945539,0.13412585276448435
cape_change_12:future_6m_drawdown_loss,cape_change_12,valuation,future_6m_drawdown_loss,-1,False,264,0.1664261535716134,1.3131052209996252,-0.2928189205116676,0.1664261535716131,156,0.3040113492718828,2.1701021362500375,-0.20360088566648327,0.30401134927188267,183,0.12936786818784105,0.9182351603799181,-0.3811312098532722,0.1293678681878411
spx_drawdown_60:future_12m_return,spx_drawdown_60,fragility,future_12m_return,-1,False,264,0.1594218721944367,1.110878563779968,-0.3605786473068807,0.15942187219443674,156,-0.22878055028443106,-1.1270785641624645,-0.9642884965942313,-0.22878055028443076,177,0.1286974448278686,0.9996690635141238,-0.3377858877614512,0.12869744482786843
dxy_mom_24:future_6m_realized_vol,dxy_mom_24,cross_asset,future_6m_realized_vol,-1,False,264,0.17970412963368698,1.4741458282160433,-0.2620087558942091,0.1797041296336871,156,-0.6205876309841796,-6.231990524202062,-0.9814144336045334,-0.620587630984179,183,0.12639320764766243,1.064703679227768,-0.30375432859385226,0.12639320764766254
dxy_vol_6:future_6m_return,dxy_vol_6,cross_asset,future_6m_return,1,False,264,0.05720119109907387,0.483966738821799,-0.3710632495195526,0.057201191099073866,156,-0.1681086121603895,-0.8959667234824715,-0.8479702584887768,-0.16810861216038933,183,0.12480320819593807,0.8358912007126907,-0.41619827391091635,0.12480320819593801
inflation_oil_gap:future_6m_realized_vol,inflation_oil_gap,interaction_or_placebo,future_6m_realized_vol,-1,False,96,0.24287845903418326,1.3848029360892407,-0.3926331408222504,0.24287845903418334,156,-0.2587409713770921,-1.9546821800755578,-0.7383766809201694,-0.25874097137709207,183,0.12471900871758324,1.0678258224052022,-0.29848979205593257,0.1247190087175832
spx_vol_24:future_6m_drawdown_loss,spx_vol_24,volatility,future_6m_drawdown_loss,-1,False,264,0.14014743297923637,1.3950486273350151,-0.22386671220875826,0.14014743297923637,156,-0.22429349959979744,-1.3844724774629524,-0.8113160966671615,-0.2242934995997974,183,0.12363005351846111,1.1047001798388765,-0.281880434760654,0.12363005351846128
spx_vol_36:future_6m_drawdown_loss,spx_vol_36,volatility,future_6m_drawdown_loss,-1,False,264,0.02218667863804719,0.19598960101091695,-0.38800016156187495,0.0221866786380471,156,-0.26753331441443795,-1.5487611254926021,-0.8934490785967089,-0.2675333144144381,183,0.12092580511772799,1.1715716500999167,-0.2530750476903478,0.12092580511772817
oil_mom_3:future_6m_drawdown_loss,oil_mom_3,cross_asset,future_6m_drawdown_loss,-1,False,105,0.09273414352646098,0.9074560607129919,-0.27755119684056684,0.09273414352646106,156,-0.15752019389651928,-1.5105325702417103,-0.5353781774530239,-0.1575201938965193,183,0.12052182945417764,1.1926108323257936,-0.24565378976799082,0.12052182945417768
spx_mom_12:future_6m_return,spx_mom_12,trend,future_6m_return,-1,False,264,0.03114023295336099,0.2492715051368413,-0.4215193093834652,0.031140232953360998,156,-0.30340914478987224,-1.8937313804087046,-0.8839499480077025,-0.30340914478987163,183,0.1199920891652895,0.7898772225226443,-0.4304548782220097,0.1199920891652895
oil_gold_ratio_mom12:future_6m_drawdown_loss,oil_gold_ratio_mom12,interaction_or_placebo,future_6m_drawdown_loss,1,False,96,0.024097550752841552,0.18142311810437084,-0.4571879027967843,0.024097550752841607,156,0.03639720539848177,0.2611208207151348,-0.4686697978307832,0.03639720539848179,183,0.11909701040432902,0.8839830643093537,-0.3690823050639452,0.11909701040432906
cpi_yoy_change_3:future_6m_realized_vol,cpi_yoy_change_3,macro,future_6m_realized_vol,1,False,264,0.18601572207732023,1.6076057565307575,-0.23325309067060881,0.18601572207732023,156,-0.01212877937759799,-0.11577385376714912,-0.39173128057159606,-0.012128779377597994,183,0.11661236126667346,0.9884469357176218,-0.3108655600833886,0.11661236126667367
spx_mom_36:future_6m_realized_vol,spx_mom_36,trend,future_6m_realized_vol,-1,False,264,0.18732858548099202,1.1963397228901858,-0.3800487579758581,0.18732858548099215,156,-0.10294447693255998,-0.5686165764433609,-0.7589477314839947,-0.10294447693255984,183,0.10783211798892481,0.7289669734109536,-0.4281653545482639,0.10783211798892504
spx_drawdown_12:future_6m_drawdown_loss,spx_drawdown_12,fragility,future_6m_drawdown_loss,-1,False,264,0.16942026044853242,1.4360057835187643,-0.25807530590196615,0.16942026044853253,156,0.2965516194426645,2.307102985710384,-0.1692015057765623,0.29655161944266467,183,0.1071773250334608,0.675862424624785,-0.46742459188189955,0.10717732503346106
rate10_change_12:future_6m_return,rate10_change_12,macro,future_6m_return,-1,False,264,0.17833773240643847,1.4341676741438416,-0.2722358964420101,0.1783377324064386,156,-0.0609328966983165,-0.41793779841531725,-0.5892110279486512,-0.06093289669831647,183,0.10665273757277115,0.6889718021375666,-0.45425705048059506,0.10665273757277112
gas_mom_24:future_6m_realized_vol,gas_mom_24,cross_asset,future_6m_realized_vol,1,False,0,,,,,108,-0.30376213476616454,-1.453894617382407,-1.0608096989977827,-0.30376213476616476,183,0.10608356214880403,0.8493165681588649,-0.34650227256711735,0.10608356214880406
spx_drawdown_12:future_6m_return,spx_drawdown_12,fragility,future_6m_return,-1,False,264,0.0016756331102898928,0.014363741953866136,-0.42102587559218024,0.0016756331102898746,156,-0.19409067879763775,-1.1821319692926093,-0.789014248787006,-0.1940906787976376,183,0.10397655995861958,0.66034206809389,-0.4665671715184679,0.10397655995861964
linear_time_placebo:future_6m_realized_vol,linear_time_placebo,interaction_or_placebo,future_6m_realized_vol,-1,False,264,0.37408421989386403,2.4717773411019777,-0.17429690841974804,0.37408421989386403,156,0.09479540389752016,0.4353073655414263,-0.6942713121529989,0.09479540389752016,183,0.10211830222521602,0.5579853737137035,-0.5610186510792677,0.10211830222521584
spx_drawdown_24:future_6m_drawdown_loss,spx_drawdown_24,fragility,future_6m_drawdown_loss,-1,False,264,0.12270141905175466,1.0564923998741516,-0.29812758774618575,0.12270141905175432,156,0.2325967345469106,1.4608641165858605,-0.34432413665378986,0.23259673454691068,183,0.10106132148612004,0.6623196021737402,-0.45183006359644706,0.10106132148612018
spx_drawdown_60:future_6m_drawdown_loss,spx_drawdown_60,fragility,future_6m_drawdown_loss,-1,False,264,0.11892732531898514,1.0255892927660066,-0.30124808463678154,0.11892732531898496,156,0.1701445317704694,1.0684103131378662,-0.406890770278443,0.17014453177046926,183,0.10100394716106491,0.7165421792295072,-0.4097586007178771,0.10100394716106519
spx_mom_6:future_12m_return,spx_mom_6,trend,future_12m_return,-1,False,264,0.0886287148270585,0.6718729051630117,-0.3893513493306696,0.08862871482705849,156,-0.3225774841554583,-1.960327116151246,-0.9188268937870185,-0.322577484155458,177,0.09967149114454389,0.7619010921633214,-0.37434649231725564,0.09967149114454393
spx_mom_3:future_6m_return,spx_mom_3,trend,future_6m_return,1,False,264,0.04598217655860603,0.477881238287502,-0.30266969691737455,0.045982176558605994,156,0.20083450553966278,1.4897799359110098,-0.28763636408695703,0.20083450553966253,183,0.0935319135604239,0.7302160460843257,-0.370588752089823,0.09353191356042395
spx_mom_24:future_6m_drawdown_loss,spx_mom_24,trend,future_6m_drawdown_loss,1,False,264,0.10446767363948423,0.7951850265217222,-0.3715643712125496,0.10446767363948414,156,-0.2012652990682368,-1.3328778445283191,-0.7484085075177977,-0.20126529906823673,183,0.09239515369171401,0.5621391685680859,-0.5031679769101094,0.09239515369171412
cape_z_12:future_12m_return,cape_z_12,valuation,future_12m_return,-1,False,264,0.09588401411344236,0.6379086159717906,-0.44875681856726657,0.09588401411344252,156,-0.43381327938550024,-2.787657056803333,-0.9976923249616998,-0.4338132793855008,177,0.09038105295960942,0.6645882682278571,-0.4023922659486688,0.09038105295960937
spx_mom_24:future_6m_realized_vol,spx_mom_24,trend,future_6m_realized_vol,-1,False,264,0.14706711500549918,0.9368727303622395,-0.4217300640395836,0.14706711500549915,156,-0.022553776611717896,-0.1069499359302688,-0.7866731392126094,-0.022553776611717792,183,0.0898937128445325,0.5169017268629054,-0.540256074664454,0.0898937128445325
linear_time_placebo:future_6m_drawdown_loss,linear_time_placebo,interaction_or_placebo,future_6m_drawdown_loss,-1,False,264,0.32687808103405513,2.7569435316874302,-0.10273786013845226,0.3268780810340548,156,-0.24147011180262776,-1.7704202842723886,-0.7356777636299103,-0.24147011180262798,183,0.08969194378883066,0.5038930634403572,-0.5552750869710066,0.08969194378883076
cape_z_60:future_6m_return,cape_z_60,valuation,future_6m_return,-1,False,264,0.004319796698569293,0.03128701101434024,-0.49597005348048395,0.0043197966985693255,156,-0.31552528014414194,-1.9568297663239769,-0.8997818086340691,-0.3155252801441414,183,0.08947663170756542,0.5778833691871551,-0.47156086710220174,0.0894766317075654
gold_mom_12:future_6m_drawdown_loss,gold_mom_12,cross_asset,future_6m_drawdown_loss,1,False,264,0.18149900493754717,1.2267323483829533,-0.35460233130178814,0.1814990049375472,156,0.037006813764761726,0.23524773140033434,-0.5329982442319066,0.03700681376476177,183,0.08899926572305147,0.6043891563666041,-0.44457173590379817,0.08899926572305161
spx_mom_1:future_6m_return,spx_mom_1,trend,future_6m_return,1,False,264,0.11870801306602573,1.8946743798037804,-0.10831396960063731,0.11870801306602578,156,0.1248376033253781,1.2979361280919313,-0.2236718477643175,0.12483760332537802,183,0.08820384889522451,0.9703890668424623,-0.24115102959222182,0.08820384889522456
spx_drawdown_120:future_6m_drawdown_loss,spx_drawdown_120,fragility,future_6m_drawdown_loss,-1,False,264,0.11156298011423295,0.990151830249811,-0.29670072361352107,0.11156298011423278,156,0.14085121816291268,0.8530484102070026,-0.4574355367088879,0.14085121816291274,183,0.08683360996179958,0.6194452683599857,-0.4211004963688013,0.08683360996179966
spx_vol_3:future_6m_return,spx_vol_3,volatility,future_6m_return,1,False,264,0.14047507980797688,1.5826410236635948,-0.18114216527452523,0.14047507980797688,156,-0.1406647595264813,-1.1727720240824717,-0.5752692101693476,-0.14066475952648136,183,0.08414660891496241,0.6952061427296307,-0.3544300116739862,0.08414660891496246
cpi_yoy_change_12:future_6m_realized_vol,cpi_yoy_change_12,macro,future_6m_realized_vol,1,False,264,0.2849562517456376,2.2072787518946537,-0.18282570457955288,0.28495625174563743,156,-0.3076069605348422,-2.731570897348184,-0.7156501563825441,-0.30760696053484227,183,0.08408003258324001,0.6545555688848634,-0.38136543768836895,0.0840800325832401
spx_drawdown_120:future_6m_return,spx_drawdown_120,fragility,future_6m_return,-1,False,264,0.06161987638328244,0.5777990883582623,-0.32480620359894774,0.06161987638328247,156,-0.18839165672541658,-1.0152129302834259,-0.8607905403818181,-0.1883916567254163,183,0.08219268915535406,0.6677093569884205,-0.3638415381442999,0.08219268915535419
rate10_change_3:future_12m_return,rate10_change_3,macro,future_12m_return,-1,False,264,0.18929627824550374,1.6915477158103542,-0.2161938458794929,0.1892962782455037,156,0.08056407985985384,0.6856242321586957,-0.3452085613814664,0.08056407985985385,177,0.07998623584495262,0.7454646819372774,-0.30879978910704214,0.0799862358449526
commodity_dispersion:future_6m_realized_vol,commodity_dispersion,interaction_or_placebo,future_6m_realized_vol,1,False,96,0.18856483993488887,1.6765351556193981,-0.21897541335188425,0.1885648399348888,156,0.0752161337737668,0.639175032677436,-0.3511803972930538,0.07521613377376661,183,0.07843866753346439,0.8500137741015492,-0.2559308689277634,0.07843866753346442
gas_vol_12:future_6m_return,gas_vol_12,cross_asset,future_6m_return,1,False,0,,,,,126,-0.14754855643044615,-0.9228348361900761,-0.7268884608927633,-0.1475485564304462,183,0.07494145199063237,0.6441716806502495,-0.3466025691165875,0.07494145199063233
gas_mom_6:future_6m_drawdown_loss,gas_mom_6,cross_asset,future_6m_drawdown_loss,1,False,0,,,,,126,0.11367336291457031,0.9020118033792088,-0.3429613748585951,0.11367336291457025,183,0.07479469213425459,0.6529929984841981,-0.3402402989673501,0.07479469213425466
spx_drawdown_24:future_6m_return,spx_drawdown_24,fragility,future_6m_return,-1,False,264,0.09393616857395866,0.819661742646835,-0.3213243445424976,0.0939361685739587,156,-0.17111512276130592,-0.9308920814012551,-0.8371723055152185,-0.1711151227613061,183,0.07418913337962361,0.5297560949332986,-0.4332533162248291,0.07418913337962359
oil_mom_1:future_6m_realized_vol,oil_mom_1,cross_asset,future_6m_realized_vol,-1,False,107,0.07550108740375003,0.9267042673225875,-0.21971124947419793,0.07550108740375004,156,0.03503342763667398,0.4881143367028891,-0.2250325409412091,0.03503342763667399,183,0.07314780728893343,0.9853659317072815,-0.19583605681410282,0.07314780728893351
rate10_change_24:future_6m_realized_vol,rate10_change_24,macro,future_6m_realized_vol,1,False,264,0.3138294802197344,2.1595113802864434,-0.2127460810995752,0.31382948021973434,156,-0.43197548269730107,-2.835757050330173,-0.9839417497437561,-0.43197548269730074,183,0.06974124599862307,0.46292408155480647,-0.4761452959632744,0.06974124599862312
cape_level:future_6m_realized_vol,cape_level,valuation,future_6m_realized_vol,-1,False,264,0.3516446015266844,2.807503159729185,-0.10219894013884417,0.3516446015266846,156,-0.4526603277565462,-2.775937433463077,-1.0435211834400144,-0.452660327756546,183,0.06442877060163793,0.4098362720409699,-0.5051999928180864,0.06442877060163782
spx_drawdown_60:future_6m_return,spx_drawdown_60,fragility,future_6m_return,-1,False,264,0.0395149249435496,0.3501186475691752,-0.36943334764505537,0.03951492494354952,156,-0.18439150359591627,-1.0399394648545923,-0.8268651306768362,-0.18439150359591627,183,0.06272999505823892,0.5005376157948417,-0.39137992754291717,0.06272999505823895
cape_change_12:future_6m_return,cape_change_12,valuation,future_6m_return,-1,False,264,0.020409164852056537,0.1522175329834133,-0.46541936366406067,0.02040916485205657,156,-0.32394564317350816,-2.174641740978715,-0.8637133306452586,-0.32394564317350794,183,0.06271521149423236,0.4571569802719302,-0.43436902925047394,0.06271521149423237
linear_time_placebo:future_6m_return,linear_time_placebo,interaction_or_placebo,future_6m_return,1,False,264,0.1943406326168971,1.4685254075902094,-0.2851770272648268,0.1943406326168972,156,-0.4081870051050244,-3.2144774129286224,-0.8683071575487331,-0.4081870051050243,183,0.05840114981241139,0.3167554450934487,-0.6096654618905365,0.05840114981241146
gas_mom_36:future_6m_realized_vol,gas_mom_36,cross_asset,future_6m_realized_vol,1,False,0,,,,,96,-0.02852685838307109,-0.13256396953864452,-0.8082688172970733,-0.028526858383071077,183,0.057756925896626565,0.4533821425586891,-0.4038391608246096,0.05775692589662656
gas_mom_12:future_6m_drawdown_loss,gas_mom_12,cross_asset,future_6m_drawdown_loss,1,False,0,,,,,120,0.04930594840401178,0.2724208617281378,-0.606509153814084,0.049305948404011875,183,0.057669862591977795,0.3900001702017503,-0.47813491159544497,0.05766986259197781
spx_vol_12:future_6m_drawdown_loss,spx_vol_12,volatility,future_6m_drawdown_loss,-1,False,264,0.18083257696630334,1.6510734214015401,-0.21602323405694673,0.18083257696630312,156,-0.19023692953280782,-1.1506386411133653,-0.7893079784134844,-0.19023692953280794,183,0.056881642724022206,0.39882945618549415,-0.45990033871536484,0.05688164272402221
spx_mom_3:future_12m_return,spx_mom_3,trend,future_12m_return,-1,False,264,0.028378845489111654,0.27743642609284713,-0.34226236117310493,0.028378845489111588,156,-0.28049185250746794,-2.202168734040309,-0.7420135436733053,-0.2804918525074677,177,0.05209613753224498,0.433772002501106,-0.3830813965639489,0.05209613753224496
valuation_momentum_interaction:future_6m_drawdown_loss,valuation_momentum_interaction,interaction_or_placebo,future_6m_drawdown_loss,1,False,264,0.17873751697458112,1.3171874189182937,-0.31295161095681273,0.17873751697458082,156,0.02688470693428381,0.21742655792376628,-0.4211536284169405,0.02688470693428372,183,0.050075327816800734,0.3221944510158029,-0.5130800081490394,0.05007532781680078
cape_z_120:future_6m_drawdown_loss,cape_z_120,valuation,future_6m_drawdown_loss,-1,False,264,0.1895632172185232,1.3898292174997764,-0.30465083802999793,0.18956321721852312,156,0.05740424450173447,0.46206029416363786,-0.39275670088549064,0.05740424450173447,183,0.04918014267032146,0.29860585203588896,-0.5475994016171704,0.04918014267032162
commodity_dispersion:future_6m_drawdown_loss,commodity_dispersion,interaction_or_placebo,future_6m_drawdown_loss,1,False,96,0.11225448296891162,1.4596436353568738,-0.16640852128098405,0.11225448296891166,156,0.24062578791564104,2.218120566350022,-0.15245288326473433,0.240625787915641,183,0.04791421379148366,0.4041074405738615,-0.38171121476267594,0.04791421379148375
spx_vol_24:future_6m_realized_vol,spx_vol_24,volatility,future_6m_realized_vol,1,False,264,0.03624526936281987,0.2264879271667829,-0.5436221839623312,0.036245269362819854,156,0.291441576709709,1.5766250354542475,-0.3783590479011261,0.2914415767097089,183,0.047421929460418434,0.3704855069372948,-0.41637776228837853,0.04742192946041843
oil_vol_6:future_6m_drawdown_loss,oil_vol_6,cross_asset,future_6m_drawdown_loss,1,False,105,0.03149461478257163,0.2742996596631773,-0.38454385556090087,0.03149461478257165,156,0.14915193359576667,0.8264353985847124,-0.5047948918148242,0.1491519335957666,183,0.04656520508466636,0.3085449576266396,-0.5002814066493034,0.046565205084666446
rate10_change_3:future_6m_drawdown_loss,rate10_change_3,macro,future_6m_drawdown_loss,1,False,264,0.2911004753089822,4.329034568300238,0.04744604093505084,0.2911004753089819,156,0.14523954858603338,1.2361839045810377,-0.28048065843541314,0.1452395485860334,183,0.04633873181781556,0.36501821563600567,-0.4136551603852148,0.04633873181781562
commodity_dxy_divergence:future_6m_realized_vol,commodity_dxy_divergence,interaction_or_placebo,future_6m_realized_vol,1,False,264,0.22650611210308075,1.6513700207342445,-0.27049571861518523,0.2265061121030808,156,-0.22115977303978135,-1.7399828556742098,-0.6817170252604091,-0.221159773039781,183,0.0454207232539378,0.3423537395991307,-0.43530950149062836,0.04542072325393777
spx_vol_60:future_6m_realized_vol,spx_vol_60,volatility,future_6m_realized_vol,-1,False,264,0.0281629744149796,0.15773164908692203,-0.6188040353841535,0.028162974414979624,156,0.057565077207567386,0.29790991899015806,-0.6425937797759737,0.057565077207567386,183,0.04436137632858942,0.2774737452557772,-0.5349413529095085,0.04436137632858943
dxy_mom_6:future_6m_realized_vol,dxy_mom_6,cross_asset,future_6m_realized_vol,-1,False,264,0.02570290449016603,0.2951918006954658,-0.2897978274179618,0.025702904490166014,156,-0.3345450522356215,-2.463664584893634,-0.8265794778062598,-0.33454505223562125,183,0.043599664768588495,0.26430352924211054,-0.5541270225637113,0.04359966476858841
dxy_mom_12:future_6m_realized_vol,dxy_mom_12,cross_asset,future_6m_realized_vol,-1,False,264,0.06794508343905732,0.6540942343442182,-0.3084467346345064,0.06794508343905734,156,-0.3755970349765295,-2.529181553925603,-0.9136990376978157,-0.3755970349765293,183,0.041533840357788995,0.24745951001439742,-0.5666297267136121,0.04153384035778914
calendar_month_placebo:future_6m_return,calendar_month_placebo,interaction_or_placebo,future_6m_return,1,False,264,0.1037895102924048,1.397187279835514,-0.16537717022766252,0.10378951029240494,156,0.07076039314458568,0.7477340323827647,-0.27213807780212573,0.07076039314458564,183,0.03931176290482954,0.3920127210063284,-0.32405468080200883,0.03931176290482959
gold_mom_24:future_6m_drawdown_loss,gold_mom_24,cross_asset,future_6m_drawdown_loss,1,False,264,0.22914810430965074,1.8185343049344465,-0.22743225934210223,0.22914810430965038,156,-0.02671519016932892,-0.1848314924870354,-0.5504419424974765,-0.026715190169328995,183,0.03909217455790929,0.2730589208077269,-0.4796552084772104,0.0390921745579093
gold_mom_1:future_6m_realized_vol,gold_mom_1,cross_asset,future_6m_realized_vol,1,False,264,0.03371247997973031,0.5159217538852551,-0.2030589625761467,0.03371247997973029,156,-0.037157623555815436,-0.4375042977779797,-0.34490054044996715,-0.03715762355581544,183,0.038592732997579746,0.5404503350283416,-0.22015240827247912,0.0385927329975798
cross_asset_stress:future_6m_drawdown_loss,cross_asset_stress,interaction_or_placebo,future_6m_drawdown_loss,-1,False,264,0.023363356167644598,0.19093427054795364,-0.4200142990269945,0.023363356167644542,156,0.17817841965649944,1.5596804422117276,-0.2357659075349957,0.17817841965649947,183,0.03784078464896792,0.2905824762006831,-0.4340192244888902,0.03784078464896801
spx_mom_12:future_6m_drawdown_loss,spx_mom_12,trend,future_6m_drawdown_loss,-1,False,264,0.11800413723365889,1.000258338451315,-0.3094677045861352,0.11800413723365884,156,0.2785323445097786,1.9807158272310303,-0.23100488551367093,0.27853234450977854,183,0.03704633379391391,0.22723239450056865,-0.5536951227067941,0.037046333793913935
valuation_rate_interaction:future_6m_drawdown_loss,valuation_rate_interaction,interaction_or_placebo,future_6m_drawdown_loss,-1,False,264,0.19577164284547438,1.491427462481599,-0.279859308711658,0.19577164284547446,156,0.07213590336386959,0.5689793072132354,-0.3872497855433314,0.07213590336386963,183,0.03638377216577725,0.22054283012646478,-0.5613905270751762,0.03638377216577727
oil_mom_1:future_12m_return,oil_mom_1,cross_asset,future_12m_return,-1,False,107,0.12993984991868968,1.388338193082763,-0.20919275713285956,0.12993984991868957,156,0.11839863444548061,1.5439811618778647,-0.15946208455846544,0.1183986344454805,177,0.032550077041602496,0.3888404254442483,-0.27077133571557016,0.03255007704160247
spx_mom_1:future_12m_return,spx_mom_1,trend,future_12m_return,1,False,264,0.02958149299569803,0.4406962600787862,-0.21364069067909708,0.02958149299569808,156,0.20220638207077485,2.3328372214091364,-0.11186826585958759,0.20220638207077501,177,0.02998346635272934,0.3075007398131932,-0.3233283265365641,0.029983466352729363
calendar_month_placebo:future_12m_return,calendar_month_placebo,interaction_or_placebo,future_12m_return,1,False,264,0.06319374161055863,0.9868309846619213,-0.16884139377878146,0.06319374161055868,156,-0.07228611257719035,-0.9030291108557693,-0.36233792118062375,-0.07228611257719034,177,0.02670668450712902,0.32150002852541454,-0.27428979713283597,0.02670668450712908
dxy_mom_36:future_6m_drawdown_loss,dxy_mom_36,cross_asset,future_6m_drawdown_loss,-1,False,252,0.09267361237839764,0.6653791117678138,-0.41199859431990893,0.09267361237839765,156,-0.20442091884662728,-1.50627827666518,-0.6961688960868144,-0.20442091884662744,183,0.025508622683259256,0.2375138168216407,-0.3636445629913784,0.02550862268325925
rate10_change_6:future_6m_drawdown_loss,rate10_change_6,macro,future_6m_drawdown_loss,1,False,264,0.4163952446342348,5.248568283122061,0.12892866057950741,0.41639524463423433,156,-0.028533394696313448,-0.20939023246040123,-0.5222974642471478,-0.02853339469631345,183,0.024062478136740527,0.1864074771083781,-0.4436721058429777,0.024062478136740555
oil_gold_ratio_mom12:future_6m_realized_vol,oil_gold_ratio_mom12,interaction_or_placebo,future_6m_realized_vol,1,False,96,0.12683125339120999,0.8267086564110775,-0.4290682142297079,0.12683125339121004,156,-0.11214932591550636,-0.7237605251051014,-0.6736163236014903,-0.11214932591550628,183,0.019598897182646315,0.14313815454349013,-0.4765347482852431,0.019598897182646312
calendar_month_placebo:future_6m_realized_vol,calendar_month_placebo,interaction_or_placebo,future_6m_realized_vol,1,False,264,0.09428669045568606,1.395353927253464,-0.15055674905960154,0.09428669045568616,156,0.02173119299953185,0.2931451961227186,-0.2468794683664951,0.021731192999531832,183,0.013139617551525484,0.15159880078317753,-0.30091806210903094,0.013139617551525502
cape_z_12:future_6m_return,cape_z_12,valuation,future_6m_return,1,False,264,0.06543218592572039,0.5497470368451679,-0.3658395441075214,0.06543218592572052,156,0.37376681259976896,2.6992347923066475,-0.12797758590944142,0.3737668125997694,183,0.01302154723394923,0.0938929407168441,-0.4894970146255656,0.013021547233949163
dxy_mom_24:future_6m_drawdown_loss,dxy_mom_24,cross_asset,future_6m_drawdown_loss,-1,False,264,0.21314549013586032,1.6978757222838428,-0.2417301800650895,0.2131454901358605,156,-0.1922059319565145,-1.1951565604520737,-0.7749319994430914,-0.19220593195651442,183,0.009613374595079239,0.08617196202437058,-0.39462016356232904,0.009613374595079204
rate10_change_3:future_6m_realized_vol,rate10_change_3,macro,future_6m_realized_vol,1,False,264,0.2517933130611074,2.9790985844905267,-0.05446069135885456,0.25179331306110747,156,-0.00586871806555956,-0.048788313280608474,-0.44173161543957545,-0.005868718065559486,183,0.006312295617505079,0.050196511830109265,-0.44934281904538553,0.00631229561750509
spx_mom_6:future_6m_return,spx_mom_6,trend,future_6m_return,1,False,264,0.023775679674321093,0.20498553175655443,-0.3964979985893135,0.023775679674321124,156,0.29819664617281216,2.033594209743379,-0.23312916862307387,0.29819664617281183,183,0.00399653803075046,0.025552114643576755,-0.5627378451394732,0.0039965380307504395
dxy_mom_12:future_6m_drawdown_loss,dxy_mom_12,cross_asset,future_6m_drawdown_loss,-1,False,264,0.15586004920259544,1.4997990441658382,-0.22069128906944163,0.15586004920259544,156,-0.1493084106095711,-0.8997135155478593,-0.7506240325723429,-0.14930841060957117,183,0.003194419385812227,0.02311708109881068,-0.49750996594045516,0.003194419385812158
oil_vol_12:future_6m_drawdown_loss,oil_vol_12,cross_asset,future_6m_drawdown_loss,-1,False,102,0.10238881266202766,0.6437939535457378,-0.47388392201003166,0.10238881266202775,156,-0.17616051816597894,-0.9804079893098127,-0.8272252891153393,-0.1761605181659791,183,0.0022016154414570563,0.015031738444513176,-0.5285052564411807,0.002201615441457073
cross_asset_stress:future_6m_realized_vol,cross_asset_stress,interaction_or_placebo,future_6m_realized_vol,-1,False,264,0.1446608509578851,1.1080528084710155,-0.3283956504548116,0.14466085095788508,156,-0.0791199759763557,-0.5247339606153583,-0.6254680709819886,-0.0791199759763557,183,0.0018798023074573225,0.013244209543651549,-0.5124108064649506,0.0018798023074573743
oil_mom_6:future_6m_realized_vol,oil_mom_6,cross_asset,future_6m_realized_vol,1,False,102,0.33813209990330867,2.1056617895923275,-0.24373023350761164,0.33813209990330856,156,-0.06064073588215772,-0.4015429828017324,-0.6078518140829555,-0.0606407358821577,183,0.0013099872330093174,0.010074765877772989,-0.46983498332868856,0.0013099872330093456
gold_mom_3:future_6m_realized_vol,gold_mom_3,cross_asset,future_6m_realized_vol,1,False,264,0.06658167512044044,0.6247747444554658,-0.31956625452748205,0.06658167512044046,156,-0.15879944998498524,-1.3466905410613845,-0.586070672291157,-0.1587994499849852,183,-0.0004386205384067196,-0.004094602084828535,-0.38858873569499797,-0.00043862053840670244
gas_mom_1:future_6m_drawdown_loss,gas_mom_1,cross_asset,future_6m_drawdown_loss,1,False,0,,,,,131,-0.028137519484837933,-0.4185255495271634,-0.27174257243680894,-0.028137519484837892,183,-0.005010235328759802,-0.06455013139140879,-0.2862543565706376,-0.005010235328759766
gold_mom_36:future_6m_return,gold_mom_36,cross_asset,future_6m_return,-1,False,264,0.12086626157906714,0.8617834669359073,-0.387327571255413,0.12086626157906712,156,0.11092917766433275,0.7092674152325533,-0.4557773879656283,0.11092917766433284,183,-0.005476882347873059,-0.03665884054947334,-0.5468256415430668,-0.005476882347873122
oil_vol_24:future_6m_realized_vol,oil_vol_24,cross_asset,future_6m_realized_vol,1,False,96,0.48567552902875744,2.7773237914330258,-0.14796385971892234,0.48567552902875744,156,0.1406805645556416,0.7961239040038073,-0.49960822397279814,0.14068056455564135,183,-0.006853445912604816,-0.04314036537376288,-0.5824890256130546,-0.006853445912604821
cape_z_24:future_6m_return,cape_z_24,valuation,future_6m_return,-1,False,264,0.055538426445491555,0.3986808186511208,-0.44922826435074015,0.0555384264454916,156,-0.338211819000806,-2.242578596317597,-0.884678347561405,-0.33821181900080605,183,-0.007294024578415187,-0.04970799992871311,-0.5389900235895417,-0.007294024578415169
gas_vol_12:future_6m_realized_vol,gas_vol_12,cross_asset,future_6m_realized_vol,1,False,0,,,,,126,0.07517960254968133,0.34342754204804754,-0.7180289034805364,0.07517960254968124,183,-0.008141893744174525,-0.05228483304190512,-0.5723926680000334,-0.008141893744174573
gold_mom_1:future_6m_drawdown_loss,gold_mom_1,cross_asset,future_6m_drawdown_loss,1,False,264,0.07063969637906718,1.0501604984729844,-0.17309401658069679,0.07063969637906717,156,0.036162489877775,0.3478692283079262,-0.34051075230254607,0.03616248987777503,183,-0.008299674815153184,-0.10011539103318477,-0.30868774983471897,-0.008299674815153188
gold_mom_12:future_6m_return,gold_mom_12,cross_asset,future_6m_return,-1,False,264,0.09292894575210056,0.6408996810839558,-0.43246300352553046,0.09292894575210064,156,0.19247048410804318,1.1317089193020955,-0.42377231694473233,0.19247048410804313,183,-0.012046399786955788,-0.07200037855185519,-0.6182869069233669,-0.012046399786955743
dxy_vol_6:future_6m_realized_vol,dxy_vol_6,cross_asset,future_6m_realized_vol,1,False,264,0.1153187125916692,1.13727896584304,-0.2520948954109451,0.11531871259166931,156,0.4048616269697018,2.7271720072814882,-0.13305695197596584,0.4048616269697014,183,-0.01242431837585083,-0.08240090534979304,-0.5587643799776878,-0.012424318375850864
gas_vol_6:future_6m_return,gas_vol_6,cross_asset,future_6m_return,1,False,0,,,,,129,-0.0765093917710197,-0.4428854698246905,-0.7024682304873732,-0.0765093917710197,183,-0.012802236964745885,-0.10462270665451241,-0.45618863830877177,-0.012802236964745863
gold_mom_1:future_12m_return,gold_mom_1,cross_asset,future_12m_return,-1,False,264,0.0591740636148413,0.8123523624613629,-0.20476848467733744,0.059174063614841316,156,0.11458013940035722,1.0582168700513896,-0.2777549251022415,0.11458013940035723,177,-0.0137398071363031,-0.14926406532622713,-0.3472797344262082,-0.013739807136303057
oil_mom_6:future_6m_drawdown_loss,oil_mom_6,cross_asset,future_6m_drawdown_loss,-1,False,102,0.015926360105056343,0.11786227930736197,-0.4736992824990467,0.01592636010505634,156,-0.15929685999075777,-1.3233161459583203,-0.5954771759098894,-0.1592968599907578,183,-0.015641854612842506,-0.12598181138782844,-0.46552824498058804,-0.015641854612842513
spx_vol_6:future_6m_drawdown_loss,spx_vol_6,volatility,future_6m_drawdown_loss,-1,False,264,0.0836312177368238,0.8078915909795287,-0.29146077370125334,0.0836312177368238,156,-0.2200164612224748,-1.5162094742967367,-0.7458138536381522,-0.22001646122247479,183,-0.016996055808908513,-0.11379353192664816,-0.5581901268649586,-0.016996055808908506
deterministic_noise_placebo:future_6m_drawdown_loss,deterministic_noise_placebo,interaction_or_placebo,future_6m_drawdown_loss,1,False,264,0.024201980850536802,0.36694882605598195,-0.21478149274005068,0.024201980850536802,156,0.0009127825805261558,0.013450489411583328,-0.24498335971469234,0.0009127825805262053,183,-0.018364795974870982,-0.26311218639814543,-0.27127572873395944,-0.01836479597487103
dxy_mom_12:future_12m_return,dxy_mom_12,cross_asset,future_12m_return,1,False,264,0.23797911680112666,1.626136087289666,-0.2922998720980929,0.23797911680112707,156,0.05111662531017375,0.23483187007789574,-0.737611988337671,0.05111662531017368,177,-0.020167154308270232,-0.1440698753469905,-0.5273842696638428,-0.02016715430827018
commodity_dispersion:future_12m_return,commodity_dispersion,interaction_or_placebo,future_12m_return,-1,False,96,0.15746066196418884,1.088637375951546,-0.3666358761660058,0.15746066196418881,156,0.32571636294668954,2.41363177956562,-0.1632635514339505,0.3257163629466895,177,-0.021106369349561123,-0.1303128288524245,-0.6079857077531938,-0.02110636934956114
linear_time_placebo:future_12m_return,linear_time_placebo,interaction_or_placebo,future_12m_return,1,False,264,0.2091874335579051,1.3168415932490765,-0.3664175099115993,0.20918743355790492,156,-0.5329487442904333,-3.814814695721763,-1.039163097754142,-0.5329487442904335,177,-0.024499662401966747,-0.11723649942495336,-0.7817155482045264,-0.024499662401966823
rate10_change_6:future_6m_realized_vol,rate10_change_6,macro,future_6m_realized_vol,1,False,264,0.3425666209035948,3.2859187830681114,-0.035188776054045134,0.3425666209035946,156,-0.17818450517925286,-1.2039675600939672,-0.7144472279319684,-0.17818450517925274,183,-0.02490200599994331,-0.15499005214194367,-0.6070762233003852,-0.0249020059999433
dxy_mom_1:future_6m_realized_vol,dxy_mom_1,cross_asset,future_6m_realized_vol,1,False,264,0.03781379220724645,0.5681036460490353,-0.2033683319058492,0.037813792207246434,156,0.06772454995179464,0.8081519130749909,-0.2359270552467637,0.06772454995179471,183,-0.02539103804249917,-0.34015813604803313,-0.29586287586973586,-0.02539103804249919
gas_vol_6:future_12m_return,gas_vol_6,cross_asset,future_12m_return,1,False,0,,,,,129,-0.12527951699463324,-0.8026665705642833,-0.690824759526046,-0.1252795169946333,177,-0.025637973719291593,-0.2205903666066868,-0.44677130378814267,-0.025637973719291628
oil_mom_3:future_6m_realized_vol,oil_mom_3,cross_asset,future_6m_realized_vol,1,False,105,0.057889280530789976,0.5418346662230121,-0.329238041648806,0.05788928053078995,156,-0.05161606423163856,-0.42502230808700286,-0.4916595737215672,-0.05161606423163849,183,-0.026221284061626195,-0.2363746126061958,-0.42817457078730387,-0.0262212840616262
gold_vol_6:future_6m_realized_vol,gold_vol_6,cross_asset,future_6m_realized_vol,1,False,264,0.3588460693746942,2.9844721716106366,-0.07682941102337648,0.35884606937469415,156,-0.0784245546933034,-0.45190658280097307,-0.7072438400378533,-0.07842455469330332,183,-0.02703782318892796,-0.1689361783978612,-0.6069624037790555,-0.02703782318892808
gas_mom_3:future_6m_drawdown_loss,gas_mom_3,cross_asset,future_6m_drawdown_loss,1,False,0,,,,,129,0.07816288101160963,0.8188036617916619,-0.2677312884301331,0.07816288101160959,183,-0.029073785801429983,-0.3003545314720593,-0.37981746786340503,-0.02907378580142999
dxy_mom_12:future_6m_return,dxy_mom_12,cross_asset,future_6m_return,1,False,264,0.181440918130447,1.5070040717134834,-0.25481694525889675,0.18144091813044722,156,-0.005044965307960992,-0.024705185698482776,-0.7449781760667838,-0.005044965307961028,183,-0.030603573190886076,-0.24662279749664257,-0.480239883820216,-0.03060357319088609
gas_vol_12:future_12m_return,gas_vol_12,cross_asset,future_12m_return,1,False,0,,,,,126,-0.26597975253093364,-1.3688203375264165,-0.9700639341860501,-0.2659797525309337,177,-0.031136926299752447,-0.22875724447371948,-0.5243372364943669,-0.03113692629975247
spx_vol_36:future_6m_realized_vol,spx_vol_36,volatility,future_6m_realized_vol,-1,False,264,0.05039491068142922,0.31148144651193915,-0.5358471251762383,0.05039491068142927,156,-0.22856600970428798,-1.1263757261826561,-0.9638427414442313,-0.22856600970428761,183,-0.0341438675365974,-0.2741081431258176,-0.485493646551158,-0.03414386753659744
calendar_month_placebo:future_6m_drawdown_loss,calendar_month_placebo,interaction_or_placebo,future_6m_drawdown_loss,1,False,264,0.039061387692927795,0.7500299105764087,-0.14964714762524695,0.03906138769292779,156,-0.11754252271298332,-1.204177082506854,-0.471236047169736,-0.11754252271298324,183,-0.03455343972647259,-0.37229128341921,-0.3708565453571164,-0.03455343972647264
gold_mom_12:future_12m_return,gold_mom_12,cross_asset,future_12m_return,-1,False,264,0.19167672129864538,1.1841877583202556,-0.3948276640434773,0.19167672129864535,156,0.23708175941584614,1.3426187118312536,-0.402753110752292,0.2370817594158461,177,-0.03493274008413988,-0.1743073788768684,-0.7611044724482567,-0.034932740084139824
gold_vol_6:future_6m_drawdown_loss,gold_vol_6,cross_asset,future_6m_drawdown_loss,1,False,264,0.21716942026969077,1.6461366057626787,-0.2608606959592407,0.21716942026969036,156,0.07606086846013216,0.4721249617363237,-0.507688973690063,0.07606086846013234,183,-0.038412996964176785,-0.23232968852394859,-0.6375083358398148,-0.038412996964176944
commodity_dispersion:future_6m_return,commodity_dispersion,interaction_or_placebo,future_6m_return,1,False,96,0.08247422680412367,0.5888191789917973,-0.4250523208997484,0.08247422680412371,156,-0.2671555689020244,-2.0337878569245325,-0.7431271691548718,-0.2671555689020245,183,-0.03847328722596003,-0.27872069213040307,-0.5386374166065968,-0.03847328722596009
gas_vol_6:future_6m_drawdown_loss,gas_vol_6,cross_asset,future_6m_drawdown_loss,1,False,0,,,,,129,-0.050017723627980515,-0.2918947772988832,-0.6709154320345967,-0.05001772362798048,183,-0.0403487569560994,-0.31937954781873984,-0.49811684831695424,-0.04034875695609948
dxy_mom_1:future_12m_return,dxy_mom_1,cross_asset,future_12m_return,1,False,264,0.06426246828714731,0.9130877030952053,-0.19075349532547586,0.06426246828714731,156,0.0763224858149863,0.7538532751661752,-0.2905271901227233,0.07632248581498634,177,-0.043457090424334786,-0.5842585658551963,-0.31296903420668565,-0.04345709042433476
dxy_mom_36:future_6m_return,dxy_mom_36,cross_asset,future_6m_return,1,False,252,0.03536653974475576,0.24966542608341621,-0.4779161576107043,0.035366539744755766,156,-0.03805218820628723,-0.24488865811172147,-0.6010846352229908,-0.0380521882062872,183,-0.044328088162728194,-0.41821741381982563,-0.4283883270592469,-0.044328088162728214
spx_mom_60:future_6m_drawdown_loss,spx_mom_60,trend,future_6m_drawdown_loss,-1,False,264,0.1625243289150347,1.204194680638586,-0.32651539311418326,0.16252432891503463,156,-0.12248564249325161,-1.0076804551998608,-0.5629236693821769,-0.12248564249325165,183,-0.04444770796903854,-0.3518250608605576,-0.5022153156580654,-0.04444770796903864
gas_mom_6:future_6m_realized_vol,gas_mom_6,cross_asset,future_6m_realized_vol,1,False,0,,,,,126,0.0024896925229762478,0.01659620235564163,-0.541085279855122,0.002489692522976198,183,-0.04520141298473447,-0.3579775200561856,-0.5027305059248528,-0.045201412984734415
oil_mom_3:future_6m_return,oil_mom_3,cross_asset,future_6m_return,1,False,105,0.21138295666597548,1.9297107217399962,-0.1855345158989127,0.21138295666597548,156,-0.1862970397180383,-1.8854662777240356,-0.5443189814120433,-0.18629703971803818,183,-0.0453600213044262,-0.41346275303990854,-0.44288032609131184,-0.045360021304426144
gas_mom_1:future_6m_realized_vol,gas_mom_1,cross_asset,future_6m_realized_vol,1,False,0,,,,,131,0.027470239683980144,0.33530569476181,-0.26938449371030276,0.027470239683980154,183,-0.045660616213210395,-0.6220382972817955,-0.31163946577644824,-0.045660616213210437
gold_mom_6:future_6m_drawdown_loss,gold_mom_6,cross_asset,future_6m_drawdown_loss,1,False,264,0.041764710580444064,0.3113778623339647,-0.44424416702062086,0.041764710580443884,156,0.07265097353430933,0.4752346196105406,-0.48128022584345237,0.07265097353430938,183,-0.05009921326734482,-0.38539980069473617,-0.5211219583589302,-0.05009921326734489
gold_mom_36:future_12m_return,gold_mom_36,cross_asset,future_12m_return,-1,False,264,0.10070110677040883,0.6158767095699496,-0.4917641967108192,0.10070110677040874,156,0.14346857169951474,0.7480976934401231,-0.5514291981837183,0.14346857169951485,177,-0.05018957428022371,-0.29289430409270917,-0.6710944136443976,-0.05018957428022373
gas_vol_12:future_6m_drawdown_loss,gas_vol_12,cross_asset,future_6m_drawdown_loss,1,False,0,,,,,126,0.041332103251048344,0.2552933438846086,-0.545306276757874,0.041332103251048274,183,-0.05243064094001987,-0.41712070267891677,-0.50788606686449,-0.052430640940019944
gas_oil_ratio_mom12:future_6m_drawdown_loss,gas_oil_ratio_mom12,interaction_or_placebo,future_6m_drawdown_loss,1,False,0,,,,,120,0.05057182641181701,0.2926678106805294,-0.5755461005540937,0.05057182641181704,183,-0.05253345222714455,-0.3798986199643209,-0.5535945485700067,-0.05253345222714458
deterministic_noise_placebo:future_6m_realized_vol,deterministic_noise_placebo,interaction_or_placebo,future_6m_realized_vol,1,False,264,0.03737649716891453,0.6260602680524996,-0.17894760706844398,0.0373764971689146,156,-0.0011442841112041524,-0.020698908609168086,-0.20145716617022383,-0.0011442841112041585,183,-0.052683417793895355,-0.7916263480202687,-0.29382725094383155,-0.05268341779389534
cape_level:future_6m_drawdown_loss,cape_level,valuation,future_6m_drawdown_loss,-1,False,264,0.03272271852133443,0.264400168940297,-0.4157232325375835,0.03272271852133439,156,-0.35960714752648304,-2.4303856966175075,-0.8957438927044656,-0.35960714752648343,183,-0.0528552813027605,-0.3430058832550589,-0.6112088269171827,-0.05285528130276054
deterministic_noise_placebo:future_6m_return,deterministic_noise_placebo,interaction_or_placebo,future_6m_return,-1,False,264,0.006436487297981432,0.10173124253903425,-0.22281756788646873,0.0064364872979814315,156,-0.08619430702849645,-1.3173141632297642,-0.32328345729873986,-0.08619430702849641,183,-0.05410893454371715,-0.6980923405457462,-0.3349616118711106,-0.05410893454371717
dxy_mom_24:future_6m_return,dxy_mom_24,cross_asset,future_6m_return,1,False,264,0.20785536458455034,1.4702978307615278,-0.30439040473764656,0.20785536458455037,156,-0.011977051097659282,-0.06235938307180249,-0.707915051982642,-0.01197705109765925,183,-0.0548745623585253,-0.5211345580348345,-0.43641770719973705,-0.05487456235852531
dxy_mom_3:future_12m_return,dxy_mom_3,cross_asset,future_12m_return,1,False,264,0.09690534732503318,0.9061064121258023,-0.29061186532133976,0.09690534732503328,156,0.09526007175483236,0.6304986695299633,-0.4521958889794983,0.09526007175483239,177,-0.05538122608680595,-0.49392856663011153,-0.4616569574134353,-0.05538122608680597
dxy_mom_36:future_12m_return,dxy_mom_36,cross_asset,future_12m_return,1,False,252,0.09519160324634077,0.5647588708672102,-0.5155507513026473,0.09519160324634081,156,-0.012726209479856464,-0.07105553376993483,-0.6616947140805445,-0.012726209479856471,177,-0.05543100015581451,-0.37204659198634704,-0.5952868888659703,-0.05543100015581451
dxy_mom_3:future_6m_drawdown_loss,dxy_mom_3,cross_asset,future_6m_drawdown_loss,-1,False,264,0.05562387615168066,0.6260905009223237,-0.26629511173917075,0.055623876151680636,156,-0.11776851251460374,-0.8444989698407542,-0.6230722662419113,-0.11776851251460382,183,-0.05628866045181845,-0.63984612173085,-0.37505160541977056,-0.0562886604518185
dxy_mom_24:future_12m_return,dxy_mom_24,cross_asset,future_12m_return,1,False,264,0.25259670381989047,1.5028989682723113,-0.356407585807259,0.25259670381989063,156,0.040391332522008536,0.19210048936200555,-0.7214809407404378,0.040391332522008556,177,-0.060934280916189146,-0.4485887912430337,-0.5531276194084624,-0.06093428091618913
dxy_mom_3:future_6m_realized_vol,dxy_mom_3,cross_asset,future_6m_realized_vol,1,False,264,0.03225646033308492,0.3715135817615665,-0.2823477075963979,0.03225646033308486,156,0.18702091005357907,1.690527890724773,-0.21383684009554899,0.187020910053579,183,-0.06118756510773619,-0.4911043261975109,-0.5126398654484619,-0.06118756510773613
gas_vol_6:future_6m_realized_vol,gas_vol_6,cross_asset,future_6m_realized_vol,1,False,0,,,,,129,-0.03362589445438279,-0.19209565294307607,-0.6679026081145877,-0.03362589445438283,183,-0.062395729715758186,-0.41506131006126007,-0.6071053863689222,-0.06239572971575824
gas_mom_3:future_6m_realized_vol,gas_mom_3,cross_asset,future_6m_realized_vol,1,False,0,,,,,129,0.023281035557547194,0.166467096371974,-0.4834719881205402,0.023281035557547198,183,-0.0629244241147306,-0.5883480164669858,-0.45045628595947546,-0.06292442411473063
dxy_mom_6:future_6m_drawdown_loss,dxy_mom_6,cross_asset,future_6m_drawdown_loss,-1,False,264,0.015017155085616405,0.16127987699038043,-0.3223710852890776,0.015017155085616383,156,-0.15954787520040248,-0.9519040500497029,-0.7668716869079292,-0.15954787520040245,183,-0.06628939474485211,-0.5111866809968536,-0.5361694194332168,-0.06628939474485221
gold_mom_3:future_6m_drawdown_loss,gold_mom_3,cross_asset,future_6m_drawdown_loss,1,False,264,0.031167938522918125,0.3188785615384243,-0.322996714870578,0.03116793852291808,156,0.06071634129392945,0.45962273978449397,-0.41794300705053783,0.06071634129392947,183,-0.06942565825107867,-0.6433356025637307,-0.4604509771587227,-0.06942565825107869
gold_mom_3:future_12m_return,gold_mom_3,cross_asset,future_12m_return,-1,False,264,0.01971251361451517,0.18658383062602257,-0.363103820555357,0.01971251361451522,156,0.22722258222566422,1.5534760881596725,-0.30276949460853314,0.22722258222566422,177,-0.07033941586883881,-0.5865552555994071,-0.5048619321748912,-0.07033941586883885
gold_mom_24:future_12m_return,gold_mom_24,cross_asset,future_12m_return,-1,False,264,0.18796900781978632,0.9692082116594404,-0.5147660546461027,0.18796900781978634,156,0.20145090167691365,1.0849912549423877,-0.4713172695521111,0.20145090167691362,177,-0.07541420681774903,-0.44396330620492397,-0.6909149045955277,-0.07541420681774898
gold_mom_6:future_12m_return,gold_mom_6,cross_asset,future_12m_return,-1,False,264,0.0688578155469611,0.5049836655240859,-0.4252234303691894,0.06885781554696116,156,0.2633433958685655,1.47720039964396,-0.3826163782890667,0.2633433958685654,177,-0.07696585931684015,-0.49169409403239817,-0.6441519731994635,-0.07696585931684004
gas_mom_3:future_12m_return,gas_mom_3,cross_asset,future_12m_return,1,False,0,,,,,129,-0.126861937785429,-0.9438604006451697,-0.6138810828604587,-0.12686193778542906,177,-0.0783075950901127,-0.6645218406071614,-0.5052969875296751,-0.07830759509011272
fourier_10y_placebo:future_12m_return,fourier_10y_placebo,interaction_or_placebo,future_12m_return,-1,False,264,0.09240091091992754,0.6073779574307228,-0.45883777004918014,0.09240091091992761,156,0.09682160863586792,0.4909732724573802,-0.6177354309944516,0.09682160863586786,177,-0.07907913594334694,-0.4519688388605545,-0.7130596081554308,-0.07907913594334703
gas_mom_1:future_6m_return,gas_mom_1,cross_asset,future_6m_return,1,False,0,,,,,131,-0.015881065499386088,-0.27045147844191075,-0.22865221308912215,-0.015881065499386074,183,-0.08237356487549499,-1.2490627408732413,-0.3213340363929794,-0.08237356487549494
rate10_change_12:future_6m_drawdown_loss,rate10_change_12,macro,future_6m_drawdown_loss,1,False,264,0.30527504032385755,3.31778667746025,-0.028124730747928706,0.30527504032385744,156,-0.05695889337053701,-0.5177402867536238,-0.45559078638599027,-0.056958893370537,183,-0.08416587383948641,-0.5411764084242443,-0.6476992457019101,-0.08416587383948647
oil_mom_1:future_6m_return,oil_mom_1,cross_asset,future_6m_return,-1,False,107,0.01939693175806735,0.21079994698733448,-0.3140179646519189,0.01939693175806738,156,0.16226075137108634,2.7457021544655436,-0.051871713969910804,0.1622607513710863,183,-0.08445795117213502,-1.0614360429528555,-0.37277423391746384,-0.0844579511721351
spx_mom_36:future_6m_drawdown_loss,spx_mom_36,trend,future_6m_drawdown_loss,-1,False,264,0.06103338912807716,0.5596134853623448,-0.3341528141370867,0.06103338912807707,156,0.09937920345478875,0.6483449921170561,-0.45602838571408727,0.09937920345478869,183,-0.08542475612423303,-0.5526293738515927,-0.6455333566193326,-0.08542475612423306
dxy_mom_1:future_6m_return,dxy_mom_1,cross_asset,future_6m_return,1,False,264,0.002860189993443887,0.041756841807768875,-0.2453329065830917,0.0028601899934438805,156,0.05294684768693393,0.4866315514224763,-0.341294620787805,0.05294684768693393,183,-0.08956474744072744,-1.3321369670738281,-0.3331834827240056,-0.08956474744072751
gas_mom_1:future_12m_return,gas_mom_1,cross_asset,future_12m_return,1,False,0,,,,,131,-0.060636310254630885,-0.8103293062902391,-0.33177636505757674,-0.06063631025463087,177,-0.09017443115513467,-1.3123020442869993,-0.3391587895705143,-0.09017443115513477
dxy_mom_6:future_12m_return,dxy_mom_6,cross_asset,future_12m_return,1,False,264,0.11310450077936986,0.8758707983392465,-0.35480546915527056,0.11310450077936997,156,0.09913546490493266,0.5143481423597666,-0.599248615081438,0.09913546490493277,177,-0.09097401360779764,-0.6588913701621187,-0.5912688205380365,-0.09097401360779771
gold_vol_6:future_6m_return,gold_vol_6,cross_asset,future_6m_return,-1,False,264,0.08536807866875896,0.6267108015617736,-0.4082042299553057,0.0853680786687589,156,0.12989205165083528,0.7413418634064018,-0.5049804402639083,0.1298920516508352,183,-0.09209268991877687,-0.6404624746279861,-0.6131121304919155,-0.09209268991877692
gas_mom_3:future_6m_return,gas_mom_3,cross_asset,future_6m_return,1,False,0,,,,,129,-0.07694844853688523,-0.6971264240377356,-0.4769031277480218,-0.07694844853688532,183,-0.09392353904114419,-0.9127302861254663,-0.46679096604179715,-0.09392353904114417
deterministic_noise_placebo:future_12m_return,deterministic_noise_placebo,interaction_or_placebo,future_12m_return,-1,False,264,0.10629104735568615,1.7420443944615844,-0.11479428305130795,0.10629104735568617,156,-0.11583189770985128,-1.7656225664426104,-0.3535448027983882,-0.11583189770985121,177,-0.09708973182597254,-1.2561600557666244,-0.3771495362108834,-0.09708973182597265
oil_vol_24:future_6m_drawdown_loss,oil_vol_24,cross_asset,future_6m_drawdown_loss,1,False,96,0.04614032652234752,0.2626389906623192,-0.5904263817868758,0.04614032652234755,156,0.38048037894119097,2.5571885607483518,-0.15864772480672235,0.3804803789411907,183,-0.10315606841076023,-0.6887175915598024,-0.6458763659456823,-0.10315606841076044
valuation_momentum_interaction:future_6m_return,valuation_momentum_interaction,interaction_or_placebo,future_6m_return,-1,False,264,0.057962625785505435,0.4328991940124777,-0.4271959729851507,0.057962625785505394,156,0.17841665217872327,1.2831161458969251,-0.3254224565058721,0.17841665217872313,183,-0.10502024703735321,-0.6932642992130243,-0.6539245791644787,-0.10502024703735327
dxy_vol_12:future_6m_realized_vol,dxy_vol_12,cross_asset,future_6m_realized_vol,1,False,264,0.09526346863011502,0.7076140928427698,-0.3925484146741337,0.09526346863011509,156,0.5263643691422615,3.699960557499522,0.01088433610206252,0.5263643691422606,183,-0.108607536440751,-0.6020320868895532,-0.762283901993803,-0.10860753644075107
cape_z_120:future_6m_return,cape_z_120,valuation,future_6m_return,1,False,264,0.04747667555985482,0.345748432138898,-0.4500799805605348,0.04747667555985478,156,0.16659132936100274,1.1359693191296083,-0.3647923980006552,0.16659132936100268,183,-0.1105225850414731,-0.6845171732703696,-0.695567413669987,-0.11052258504147318
rate10_change_12:future_6m_realized_vol,rate10_change_12,macro,future_6m_realized_vol,1,False,264,0.38321890537454517,3.490492170139621,-0.014597525619607754,0.38321890537454534,156,-0.30501062128928264,-1.9220460648214999,-0.8800182807813712,-0.30501062128928236,183,-0.11268879826381528,-0.6394830922929998,-0.7512082617388436,-0.11268879826381528
dxy_mom_6:future_6m_return,dxy_mom_6,cross_asset,future_6m_return,1,False,264,0.05781816515762997,0.5293362463449515,-0.3379630074643517,0.057818165157630004,156,0.015789224131118544,0.08235429811047941,-0.6789102633232539,0.015789224131118437,183,-0.11641263227150613,-0.9771485645965804,-0.5480926739670937,-0.1164126322715061
gold_mom_1:future_6m_return,gold_mom_1,cross_asset,future_6m_return,-1,False,264,0.014657373141638928,0.21260671602323936,-0.23514791267277022,0.014657373141638933,156,0.0870414565914874,0.8259871552880887,-0.2947931748297753,0.08704145659148745,183,-0.11728008271130153,-1.3729677961607418,-0.426798411501495,-0.1172800827113016
gas_mom_6:future_12m_return,gas_mom_6,cross_asset,future_12m_return,1,False,0,,,,,126,-0.08761617940194248,-0.4473147215250406,-0.7973468589007615,-0.08761617940194258,177,-0.11797752808988764,-0.7267549471044724,-0.7061893579415751,-0.11797752808988753
fourier_10y_placebo:future_6m_return,fourier_10y_placebo,interaction_or_placebo,future_6m_return,-1,False,264,0.11059258044283145,0.8419015237204182,-0.36538572103844325,0.11059258044283152,156,0.10406979500877182,0.5833795097613047,-0.5423222258955545,0.10406979500877162,183,-0.12561197630470367,-0.8848512929483722,-0.6399909619625027,-0.12561197630470372
gold_mom_24:future_6m_return,gold_mom_24,cross_asset,future_6m_return,-1,False,264,0.1348078535058379,0.866653046965337,-0.4288199185929451,0.13480785350583788,156,0.11507641731598993,0.6992918221224621,-0.48120371890457103,0.11507641731598998,183,-0.12581164380879278,-0.8407215775265497,-0.6680510822131303,-0.12581164380879276
dxy_mom_3:future_6m_return,dxy_mom_3,cross_asset,future_6m_return,1,False,264,0.02394100658404618,0.2615698445019407,-0.3077068469176049,0.023941006584046177,156,0.026884354601634228,0.16833006286966803,-0.5518248477376356,0.026884354601634203,183,-0.1266203504264802,-1.239262569710686,-0.4968427040385195,-0.12662035042648018
gold_vol_24:future_6m_return,gold_vol_24,cross_asset,future_6m_return,-1,False,264,0.1053228849928737,0.7991082904251617,-0.3722498991835552,0.10532288499287376,156,0.4203284285059506,2.759336463528761,-0.13163024593010536,0.42032842850595054,183,-0.12663797357311254,-0.7693598130873716,-0.7230644493442148,-0.12663797357311254
dxy_vol_6:future_6m_drawdown_loss,dxy_vol_6,cross_asset,future_6m_drawdown_loss,1,False,264,0.024950168888357997,0.21921357966291655,-0.3874591733015512,0.02495016888835798,156,0.2510934481516039,1.42147846846289,-0.3889619340823465,0.2510934481516041,183,-0.12836871920684254,-1.1121483751096097,-0.5466023337880742,-0.1283687192068426
gold_mom_6:future_6m_return,gold_mom_6,cross_asset,future_6m_return,-1,False,264,0.0008938297539652503,0.00674438649146319,-0.47932016948355377,0.0008938297539652653,156,0.24503168908346656,1.4450809626669323,-0.3693701867296771,0.2450316890834662,183,-0.12882716001033892,-1.0452897122994533,-0.5754009351285424,-0.1288271600103389
inflation_momentum_interaction:future_12m_return,inflation_momentum_interaction,interaction_or_placebo,future_12m_return,-1,False,264,0.08385367412557315,0.5246394814059446,-0.49528635715738506,0.08385367412557317,156,-0.33930236601286534,-1.8322019854764302,-1.0103231893518116,-0.33930236601286506,177,-0.13212418413808624,-0.7298116906615919,-0.7881092638965997,-0.13212418413808627
gold_vol_24:future_12m_return,gold_vol_24,cross_asset,future_12m_return,-1,False,264,0.10446816975262335,0.704360599469218,-0.4329488182759937,0.10446816975262345,156,0.6649807968895705,5.779613488717044,0.24807995993532728,0.6649807968895708,177,-0.1331954086667474,-0.7307832910775816,-0.7936198001123757,-0.13319540866674737
dxy_mom_1:future_6m_drawdown_loss,dxy_mom_1,cross_asset,future_6m_drawdown_loss,-1,False,264,0.04175236314181804,0.6347144526799585,-0.19660311214050816,0.04175236314181799,156,-0.04298879960499581,-0.38535831187221653,-0.44720437731524865,-0.04298879960499586,183,-0.13427154098478672,-2.0869967805475267,-0.36739428853361145,-0.13427154098478683
gold_vol_12:future_6m_realized_vol,gold_vol_12,cross_asset,future_6m_realized_vol,1,False,264,0.40171239649910145,3.1388117957467943,-0.06202531744490958,0.4017123964991015,156,-0.09555088429138148,-0.5603916686914822,-0.7133759151571264,-0.09555088429138148,183,-0.13790112239862778,-0.7438469690773325,-0.8096495555940446,-0.13790112239862787
gold_vol_24:future_6m_drawdown_loss,gold_vol_24,cross_asset,future_6m_drawdown_loss,1,False,264,0.28254443579029787,2.424002641964639,-0.139809094987776,0.28254443579029775,156,0.26959359509619707,1.6718016719478122,-0.31472172592796965,0.2695935950961972,183,-0.13896035877638044,-0.8350998615410544,-0.7419015768276916,-0.13896035877638047
gas_vol_24:future_6m_return,gas_vol_24,cross_asset,future_6m_return,1,False,0,,,,,120,-0.12425168414473228,-0.5840860144022754,-0.8950627405384068,-0.12425168414473224,183,-0.14263195820572871,-0.8010649967411669,-0.7877980714001799,-0.14263195820572863
valuation_rate_interaction:future_6m_return,valuation_rate_interaction,interaction_or_placebo,future_6m_return,1,False,264,0.05318759875620445,0.3816831810559938,-0.45174082575910884,0.05318759875620446,156,0.2007586413996933,1.3027224757912512,-0.3576405758773194,0.20075864139969324,183,-0.14627994955863807,-0.9551475246957806,-0.701208163881138,-0.1462799495586381
cross_asset_stress:future_6m_return,cross_asset_stress,interaction_or_placebo,future_6m_return,-1,False,264,0.06722799783928729,0.510967592729815,-0.4095094637779062,0.06722799783928729,156,-0.24542681481247325,-1.9126818845741658,-0.7103719686682732,-0.24542681481247325,183,-0.14670094695041236,-1.0375216488018626,-0.6590408817947258,-0.14670094695041241
gold_vol_24:future_6m_realized_vol,gold_vol_24,cross_asset,future_6m_realized_vol,1,False,264,0.43335155667740455,3.3067835396692833,-0.041499110710910614,0.43335155667740494,156,-0.041339634271625264,-0.2500944224674915,-0.6402820676687468,-0.04133963427162518,183,-0.14692613160182658,-0.7787907990946993,-0.8305239864304741,-0.14692613160182685
gas_mom_12:future_6m_realized_vol,gas_mom_12,cross_asset,future_6m_realized_vol,1,False,0,,,,,120,-0.0775887214389889,-0.5184262473229623,-0.6198818144071039,-0.0775887214389888,183,-0.15242651147854286,-1.0396826343745424,-0.6836560053288845,-0.15242651147854291
gas_mom_12:future_6m_return,gas_mom_12,cross_asset,future_6m_return,1,False,0,,,,,120,-0.0689631224390583,-0.29418935460454976,-0.9183634462100349,-0.06896312243905832,183,-0.1591233071988596,-0.9486987213386624,-0.7668774671899327,-0.1591233071988596
oil_mom_1:future_6m_drawdown_loss,oil_mom_1,cross_asset,future_6m_drawdown_loss,1,False,107,0.13425379372285437,1.3473746744854163,-0.22679063324678658,0.13425379372285454,156,0.14095319005996895,2.154261776630246,-0.09612897927549646,0.14095319005996898,183,-0.16403800485199585,-2.168523539429849,-0.4381340672208859,-0.16403800485199616
oil_mom_3:future_12m_return,oil_mom_3,cross_asset,future_12m_return,1,False,105,0.013197180178312253,0.10614397065291016,-0.43731680293844594,0.013197180178312281,156,-0.18520965371181114,-1.4136464861008993,-0.6599381051566717,-0.1852096537118111,177,-0.16649426083343424,-1.4848955482247947,-0.5727746140757297,-0.16649426083343444
gas_mom_6:future_6m_return,gas_mom_6,cross_asset,future_6m_return,1,False,0,,,,,126,-0.08891801862479987,-0.6345574277798852,-0.5966579307363,-0.08891801862479987,183,-0.18209997415271828,-1.275549612349983,-0.6993910521501245,-0.1820999741527183
oil_mom_6:future_6m_return,oil_mom_6,cross_asset,future_6m_return,1,False,102,0.3393534670428779,2.4202634888087213,-0.16870313613688775,0.339353467042878,156,-0.16473581893758593,-1.339320624711402,-0.6104186881700517,-0.16473581893758593,183,-0.18814862970244295,-1.3583606001429225,-0.6900385139355041,-0.1881486297024428
fourier_10y_placebo:future_6m_drawdown_loss,fourier_10y_placebo,interaction_or_placebo,future_6m_drawdown_loss,1,False,264,0.057893128754525035,0.4122495730469565,-0.4509562696834506,0.05789312875452488,156,0.015259768783725279,0.0986940902601803,-0.5449868755784709,0.01525976878372529,183,-0.18959241425219187,-1.252948873034861,-0.7378820871232235,-0.18959241425219236
gold_vol_12:future_6m_drawdown_loss,gold_vol_12,cross_asset,future_6m_drawdown_loss,1,False,264,0.3312931246292262,2.790764358861048,-0.09884874058490384,0.33129312462922605,156,0.1411781257673128,0.9038435883293002,-0.4247960157359544,0.14117812576731295,183,-0.1932831427986337,-1.0785154580190925,-0.8426499169080682,-0.193283142798634
dxy_vol_12:future_6m_drawdown_loss,dxy_vol_12,cross_asset,future_6m_drawdown_loss,1,False,264,0.029589468666141087,0.21833604579773447,-0.46147010776518044,0.029589468666141133,156,0.2583174702889113,1.6315732145446467,-0.31536247882549007,0.2583174702889113,183,-0.20505347742763097,-1.6281032944872516,-0.6614135521225069,-0.2050534774276312
gold_vol_6:future_12m_return,gold_vol_6,cross_asset,future_12m_return,-1,False,264,0.1436251459280372,1.0384880690866771,-0.3575060403121779,0.14362514592803718,156,0.2964707369885098,1.6539641699609533,-0.3530278263138156,0.2964707369885096,177,-0.21986721144024507,-1.6686495574723157,-0.6973060990835486,-0.21986721144024526
oil_vol_24:future_12m_return,oil_vol_24,cross_asset,future_12m_return,-1,False,96,0.056741725447639675,0.21610106503024595,-0.8946691022725249,0.05674172544763973,156,0.6555736435333728,5.400724092176052,0.2157364484193896,0.6555736435333713,177,-0.2247104447637679,-1.0771776898643763,-0.980600041764896,-0.22471044476376792
gas_vol_24:future_12m_return,gas_vol_24,cross_asset,future_12m_return,1,False,0,,,,,120,-0.22244600319466623,-0.9156049214433833,-1.1027627169809713,-0.22244600319466623,177,-0.23222849327400838,-1.1475807631336565,-0.9654829372896799,-0.23222849327400832
rate10_level:future_6m_drawdown_loss,rate10_level,macro,future_6m_drawdown_loss,-1,False,264,0.013354227941654563,0.0881807107710947,-0.53538707320462,0.01335422794165454,156,0.09973072160252089,0.6874338968597505,-0.4259480958812563,0.09973072160252104,183,-0.23570001021107012,-1.7398634770536732,-0.7265704601817979,-0.2357000102110702
gas_mom_12:future_12m_return,gas_mom_12,cross_asset,future_12m_return,1,False,0,,,,,120,0.03646781026460175,0.13467805317175374,-0.9446819806562938,0.036467810264601684,177,-0.2366194317965409,-1.3557451286342403,-0.8690237306072968,-0.23661943179654094
gas_oil_ratio_mom12:future_6m_realized_vol,gas_oil_ratio_mom12,interaction_or_placebo,future_6m_realized_vol,1,False,0,,,,,120,0.18021390374331553,1.1821905641211987,-0.3721474236747175,0.18021390374331545,183,-0.24093387012132558,-2.018589087202798,-0.6734202098225343,-0.24093387012132572
valuation_momentum_interaction:future_12m_return,valuation_momentum_interaction,interaction_or_placebo,future_12m_return,-1,False,264,0.035087295945320174,0.21509486857018184,-0.5559873205859767,0.03508729594532018,156,0.29877511024007836,1.7591494904368299,-0.3166342923512471,0.29877511024007813,177,-0.24677117778431826,-1.5830234144510988,-0.8116165231121542,-0.24677117778431826
gas_mom_36:future_6m_return,gas_mom_36,cross_asset,future_6m_return,1,False,0,,,,,96,-0.002211068909386861,-0.013207764868648917,-0.6088012945506235,-0.0022110689093868302,183,-0.24853532070210624,-2.149136642203245,-0.6675667009815537,-0.2485353207021061
spx_mom_60:future_6m_return,spx_mom_60,trend,future_6m_return,1,False,264,0.08337465244256781,0.6377724985735749,-0.3903115201166687,0.08337465244256782,156,-0.03119280555072624,-0.2028272084339069,-0.5884435835163202,-0.031192805550726194,183,-0.24968865774282734,-2.178135039140376,-0.6650599447494931,-0.24968865774282745
gold_vol_12:future_6m_return,gold_vol_12,cross_asset,future_6m_return,-1,False,264,0.170786702252463,1.272455821981238,-0.31554636384954177,0.17078670225246298,156,0.27245341467655004,1.678008398115079,-0.315876029585777,0.2724534146765497,183,-0.25905829736906005,-1.64509646680955,-0.8296541309072465,-0.25905829736906016
oil_mom_36:future_12m_return,oil_mom_36,cross_asset,future_12m_return,1,False,72,0.14853045211910731,0.6333052149778721,-0.7012855363832238,0.14853045211910731,156,-0.48310600433057793,-3.287141102576575,-1.0156390312607848,-0.48310600433057777,177,-0.26940972282335823,-1.4853482397270004,-0.9266246790547044,-0.2694097228233583
oil_mom_36:future_6m_drawdown_loss,oil_mom_36,cross_asset,future_6m_drawdown_loss,-1,False,72,0.20189977191223885,2.2369704114993114,-0.12513809956666877,0.20189977191223907,156,-0.29256963662315644,-1.8191301695705056,-0.8753272213753565,-0.29256963662315605,183,-0.2742060107442269,-1.8570104367916653,-0.8092445735802376,-0.2742060107442273
rate10_level:future_6m_return,rate10_level,macro,future_6m_return,1,False,264,0.19490224757044616,1.244956347050133,-0.3723616996137902,0.19490224757044602,156,0.2369845856992009,1.2710997558886177,-0.43857385173841146,0.2369845856992009,183,-0.2859362649981933,-1.8611928370173552,-0.8426094815778793,-0.28593626499819325
rate10_level:future_12m_return,rate10_level,macro,future_12m_return,1,False,264,0.3270087407908173,2.026044161817618,-0.2578256629967117,0.32700874079081704,156,0.28235331334239444,1.2514530824915189,-0.5351711834463607,0.2823533133423945,177,-0.2954252430082635,-1.5693573915213337,-0.9775254842540446,-0.29542524300826367
oil_mom_36:future_6m_return,oil_mom_36,cross_asset,future_6m_return,1,False,72,0.46491735802945505,3.0091429764676056,-0.09491164836952753,0.4649173580294555,156,-0.39534067740354983,-3.0237378371594983,-0.869091335813278,-0.3953406774035495,183,-0.297094922184017,-1.7801006782850841,-0.9018410863143597,-0.29709492218401706
gold_vol_12:future_12m_return,gold_vol_12,cross_asset,future_12m_return,-1,False,264,0.1960796718168123,1.2749924024763022,-0.3611669359535471,0.1960796718168125,156,0.4410867538050606,2.7202278566561238,-0.14645832218891858,0.4410867538050608,177,-0.3240443378750368,-2.2582216569530393,-0.8439928360491884,-0.32404433787503656
real_rate_change_12:future_6m_return,real_rate_change_12,macro,future_6m_return,-1,False,264,0.018130297942708082,0.1170441867600327,-0.5431470968781196,0.01813029794270807,156,0.014268780325899759,0.07189562679989264,-0.7048602755311528,0.014268780325899677,183,-0.3272481260720746,-2.0883089427858876,-0.8950605345229579,-0.3272481260720748
oil_mom_6:future_12m_return,oil_mom_6,cross_asset,future_12m_return,1,False,102,0.05522728172303248,0.26038223064874716,-0.7133097232342497,0.055227281723032366,156,-0.20173539220179865,-1.2206793256528554,-0.800564588911693,-0.2017353922017988,177,-0.34124452485240914,-2.2503570635751062,-0.8907053296702732,-0.3412445248524091
cpi_yoy_change_24:future_6m_return,cpi_yoy_change_24,macro,future_6m_return,1,False,264,0.03515578187358305,0.23875844507617922,-0.4983762251739521,0.03515578187358312,156,-0.1822635962763352,-0.9178365322499026,-0.9018070962834648,-0.18226359627633504,183,-0.3520458515112827,-2.638579080398796,-0.8354958631498945,-0.35204585151128287
dxy_vol_24:future_6m_realized_vol,dxy_vol_24,cross_asset,future_6m_realized_vol,1,False,264,0.37773878029250996,2.776426836150119,-0.11523951540094401,0.37773878029251046,156,0.389508621643407,2.4345357226714026,-0.19021818481603198,0.389508621643407,183,-0.36079868100538104,-2.3302103188910315,-0.9218366826598842,-0.360798681005381
gas_mom_24:future_6m_return,gas_mom_24,cross_asset,future_6m_return,1,False,0,,,,,108,-0.011022511837053571,-0.04998660382057619,-0.8100273365942764,-0.011022511837053668,183,-0.3631202188013068,-2.885192355924161,-0.8191551579532838,-0.3631202188013063
oil_gold_ratio_mom12:future_6m_return,oil_gold_ratio_mom12,interaction_or_placebo,future_6m_return,1,False,96,0.13830710797612586,0.8181477875887256,-0.474233942294078,0.13830710797612591,156,-0.016541543519147776,-0.0957737364697125,-0.64236532100459,-0.0165415435191478,183,-0.3645387043462596,-2.292433474774907,-0.9407335421288701,-0.3645387043462595
oil_mom_24:future_6m_return,oil_mom_24,cross_asset,future_6m_return,1,False,84,0.22134251290877816,1.3473949384579424,-0.3738978647196164,0.22134251290877796,156,-0.30180967583885177,-1.7562620554662343,-0.9244916582936763,-0.301809675838852,183,-0.36964158436004474,-2.286876507600167,-0.9553218203417755,-0.36964158436004513
rate10_change_24:future_6m_return,rate10_change_24,macro,future_6m_return,1,False,264,0.015709596894408595,0.11797387295236257,-0.4667952308952192,0.015709596894408616,156,-0.08261220726005017,-0.4247373065511983,-0.7873803686992946,-0.08261220726005013,183,-0.3871073860824853,-2.7596525037342117,-0.8953832857101091,-0.3871073860824852
dxy_vol_24:future_6m_drawdown_loss,dxy_vol_24,cross_asset,future_6m_drawdown_loss,1,False,264,0.14687378359936276,1.090218780264667,-0.34127597936971943,0.14687378359936262,156,0.22927142460145294,1.3917190757508386,-0.3676550053353638,0.22927142460145306,183,-0.3880056436170125,-3.2115032820321874,-0.8257818275987729,-0.38800564361701284
cpi_yoy_change_24:future_12m_return,cpi_yoy_change_24,macro,future_12m_return,1,False,264,0.09594010265507502,0.5895287738838136,-0.4937415707263686,0.09594010265507508,156,-0.24619810023549504,-1.3187501785591333,-0.9226619998942777,-0.24619810023549477,177,-0.3909212098128494,-2.7346041769014984,-0.9089062536724599,-0.39092120981284956
inflation_oil_gap:future_6m_return,inflation_oil_gap,interaction_or_placebo,future_6m_return,-1,False,96,0.02097124253933799,0.10188260342442558,-0.7248703317636505,0.02097124253933807,156,-0.10680722605933202,-0.7132796014593777,-0.6493866132538298,-0.10680722605933204,183,-0.4001648743273833,-2.403207212903668,-1.0035161073211045,-0.4001648743273831
oil_mom_12:future_6m_return,oil_mom_12,cross_asset,future_6m_return,1,False,96,0.022599023331524675,0.11111352497608135,-0.7143631618569054,0.022599023331524675,156,-0.10347236490651328,-0.6819132430018928,-0.6532887896277789,-0.10347236490651322,183,-0.40730224871351034,-2.4447925889315103,-1.010968985934919,-0.4073022487135104
spx_mom_60:future_12m_return,spx_mom_60,trend,future_12m_return,1,False,264,0.037227139027842,0.23824261642173383,-0.5289634809499146,0.037227139027842,156,-0.018403375954228605,-0.09933933677702962,-0.6896756365895275,-0.01840337595422861,177,-0.42253856408303186,-3.531397711568776,-0.8560915481902116,-0.4225385640830318
gas_mom_36:future_12m_return,gas_mom_36,cross_asset,future_12m_return,1,False,0,,,,,96,0.10432718393922953,0.6650256568147258,-0.4641087744552375,0.10432718393922949,177,-0.4249450321150951,-2.932978428134715,-0.9499293693594086,-0.4249450321150949
rate10_change_24:future_12m_return,rate10_change_24,macro,future_12m_return,1,False,264,0.16350441560945142,1.0163753901873545,-0.41940061560503805,0.16350441560945148,156,-0.17867015660246893,-0.8859114137299252,-0.9094459951928182,-0.1786701566024689,177,-0.46507586559598696,-4.041527710441228,-0.882041920972199,-0.4650758655959873
gas_mom_24:future_12m_return,gas_mom_24,cross_asset,future_12m_return,1,False,0,,,,,108,-0.010212733525774793,-0.05034158282328916,-0.7452977878986051,-0.010212733525774816,177,-0.4738472292330449,-3.8184000562612503,-0.9235021771181253,-0.4738472292330453
oil_mom_24:future_12m_return,oil_mom_24,cross_asset,future_12m_return,1,False,84,0.17981168370962852,1.098823712553636,-0.4131304934658926,0.17981168370962833,156,-0.3710040935025525,-2.2163097786769064,-0.9775598067125856,-0.3710040935025525,177,-0.4779003133602256,-2.7143264739833,-1.1158665450837946,-0.4779003133602257
