candidate_id,kind,network_feature,network_orientation,self_feature,self_orientation,third_feature,third_orientation
single|cluster24_peer_ret_5|+1,single,cluster24_peer_ret_5,1,,0,,0
single|cluster24_peer_ret_5|-1,single,cluster24_peer_ret_5,-1,,0,,0
single|cluster24_peer_breadth_5|+1,single,cluster24_peer_breadth_5,1,,0,,0
single|cluster24_peer_breadth_5|-1,single,cluster24_peer_breadth_5,-1,,0,,0
single|cluster24_peer_ret_21|+1,single,cluster24_peer_ret_21,1,,0,,0
single|cluster24_peer_ret_21|-1,single,cluster24_peer_ret_21,-1,,0,,0
single|cluster24_peer_breadth_21|+1,single,cluster24_peer_breadth_21,1,,0,,0
single|cluster24_peer_breadth_21|-1,single,cluster24_peer_breadth_21,-1,,0,,0
single|cluster24_peer_ret_63|+1,single,cluster24_peer_ret_63,1,,0,,0
single|cluster24_peer_ret_63|-1,single,cluster24_peer_ret_63,-1,,0,,0
single|cluster24_peer_breadth_63|+1,single,cluster24_peer_breadth_63,1,,0,,0
single|cluster24_peer_breadth_63|-1,single,cluster24_peer_breadth_63,-1,,0,,0
single|cluster24_peer_accel_5_21|+1,single,cluster24_peer_accel_5_21,1,,0,,0
single|cluster24_peer_accel_5_21|-1,single,cluster24_peer_accel_5_21,-1,,0,,0
single|cluster24_peer_accel_21_63|+1,single,cluster24_peer_accel_21_63,1,,0,,0
single|cluster24_peer_accel_21_63|-1,single,cluster24_peer_accel_21_63,-1,,0,,0
single|cluster24_peer_volume_ratio_5_20|+1,single,cluster24_peer_volume_ratio_5_20,1,,0,,0
single|cluster24_peer_volume_ratio_5_20|-1,single,cluster24_peer_volume_ratio_5_20,-1,,0,,0
single|cluster24_peer_breakout_share_63|+1,single,cluster24_peer_breakout_share_63,1,,0,,0
single|cluster24_peer_breakout_share_63|-1,single,cluster24_peer_breakout_share_63,-1,,0,,0
single|cluster24_follower_gap_5|+1,single,cluster24_follower_gap_5,1,,0,,0
single|cluster24_follower_gap_5|-1,single,cluster24_follower_gap_5,-1,,0,,0
single|cluster24_follower_gap_21|+1,single,cluster24_follower_gap_21,1,,0,,0
single|cluster24_follower_gap_21|-1,single,cluster24_follower_gap_21,-1,,0,,0
single|cluster24_follower_gap_63|+1,single,cluster24_follower_gap_63,1,,0,,0
single|cluster24_follower_gap_63|-1,single,cluster24_follower_gap_63,-1,,0,,0
single|cluster24_network_residual_21|+1,single,cluster24_network_residual_21,1,,0,,0
single|cluster24_network_residual_21|-1,single,cluster24_network_residual_21,-1,,0,,0
single|cluster24_network_residual_63|+1,single,cluster24_network_residual_63,1,,0,,0
single|cluster24_network_residual_63|-1,single,cluster24_network_residual_63,-1,,0,,0
single|cluster48_peer_ret_5|+1,single,cluster48_peer_ret_5,1,,0,,0
single|cluster48_peer_ret_5|-1,single,cluster48_peer_ret_5,-1,,0,,0
single|cluster48_peer_breadth_5|+1,single,cluster48_peer_breadth_5,1,,0,,0
single|cluster48_peer_breadth_5|-1,single,cluster48_peer_breadth_5,-1,,0,,0
single|cluster48_peer_ret_21|+1,single,cluster48_peer_ret_21,1,,0,,0
single|cluster48_peer_ret_21|-1,single,cluster48_peer_ret_21,-1,,0,,0
single|cluster48_peer_breadth_21|+1,single,cluster48_peer_breadth_21,1,,0,,0
single|cluster48_peer_breadth_21|-1,single,cluster48_peer_breadth_21,-1,,0,,0
single|cluster48_peer_ret_63|+1,single,cluster48_peer_ret_63,1,,0,,0
single|cluster48_peer_ret_63|-1,single,cluster48_peer_ret_63,-1,,0,,0
single|cluster48_peer_breadth_63|+1,single,cluster48_peer_breadth_63,1,,0,,0
single|cluster48_peer_breadth_63|-1,single,cluster48_peer_breadth_63,-1,,0,,0
single|cluster48_peer_accel_5_21|+1,single,cluster48_peer_accel_5_21,1,,0,,0
single|cluster48_peer_accel_5_21|-1,single,cluster48_peer_accel_5_21,-1,,0,,0
single|cluster48_peer_accel_21_63|+1,single,cluster48_peer_accel_21_63,1,,0,,0
single|cluster48_peer_accel_21_63|-1,single,cluster48_peer_accel_21_63,-1,,0,,0
single|cluster48_peer_volume_ratio_5_20|+1,single,cluster48_peer_volume_ratio_5_20,1,,0,,0
single|cluster48_peer_volume_ratio_5_20|-1,single,cluster48_peer_volume_ratio_5_20,-1,,0,,0
single|cluster48_peer_breakout_share_63|+1,single,cluster48_peer_breakout_share_63,1,,0,,0
single|cluster48_peer_breakout_share_63|-1,single,cluster48_peer_breakout_share_63,-1,,0,,0
single|cluster48_follower_gap_5|+1,single,cluster48_follower_gap_5,1,,0,,0
single|cluster48_follower_gap_5|-1,single,cluster48_follower_gap_5,-1,,0,,0
single|cluster48_follower_gap_21|+1,single,cluster48_follower_gap_21,1,,0,,0
single|cluster48_follower_gap_21|-1,single,cluster48_follower_gap_21,-1,,0,,0
single|cluster48_follower_gap_63|+1,single,cluster48_follower_gap_63,1,,0,,0
single|cluster48_follower_gap_63|-1,single,cluster48_follower_gap_63,-1,,0,,0
single|cluster48_network_residual_21|+1,single,cluster48_network_residual_21,1,,0,,0
single|cluster48_network_residual_21|-1,single,cluster48_network_residual_21,-1,,0,,0
single|cluster48_network_residual_63|+1,single,cluster48_network_residual_63,1,,0,,0
single|cluster48_network_residual_63|-1,single,cluster48_network_residual_63,-1,,0,,0
single|corr20_peer_ret_5|+1,single,corr20_peer_ret_5,1,,0,,0
single|corr20_peer_ret_5|-1,single,corr20_peer_ret_5,-1,,0,,0
single|corr20_peer_breadth_5|+1,single,corr20_peer_breadth_5,1,,0,,0
single|corr20_peer_breadth_5|-1,single,corr20_peer_breadth_5,-1,,0,,0
single|corr20_peer_ret_21|+1,single,corr20_peer_ret_21,1,,0,,0
single|corr20_peer_ret_21|-1,single,corr20_peer_ret_21,-1,,0,,0
single|corr20_peer_breadth_21|+1,single,corr20_peer_breadth_21,1,,0,,0
single|corr20_peer_breadth_21|-1,single,corr20_peer_breadth_21,-1,,0,,0
single|corr20_peer_ret_63|+1,single,corr20_peer_ret_63,1,,0,,0
single|corr20_peer_ret_63|-1,single,corr20_peer_ret_63,-1,,0,,0
single|corr20_peer_breadth_63|+1,single,corr20_peer_breadth_63,1,,0,,0
single|corr20_peer_breadth_63|-1,single,corr20_peer_breadth_63,-1,,0,,0
single|corr20_peer_accel_5_21|+1,single,corr20_peer_accel_5_21,1,,0,,0
single|corr20_peer_accel_5_21|-1,single,corr20_peer_accel_5_21,-1,,0,,0
single|corr20_peer_accel_21_63|+1,single,corr20_peer_accel_21_63,1,,0,,0
single|corr20_peer_accel_21_63|-1,single,corr20_peer_accel_21_63,-1,,0,,0
single|corr20_peer_volume_ratio_5_20|+1,single,corr20_peer_volume_ratio_5_20,1,,0,,0
single|corr20_peer_volume_ratio_5_20|-1,single,corr20_peer_volume_ratio_5_20,-1,,0,,0
single|corr20_peer_breakout_share_63|+1,single,corr20_peer_breakout_share_63,1,,0,,0
single|corr20_peer_breakout_share_63|-1,single,corr20_peer_breakout_share_63,-1,,0,,0
single|corr20_follower_gap_5|+1,single,corr20_follower_gap_5,1,,0,,0
single|corr20_follower_gap_5|-1,single,corr20_follower_gap_5,-1,,0,,0
single|corr20_follower_gap_21|+1,single,corr20_follower_gap_21,1,,0,,0
single|corr20_follower_gap_21|-1,single,corr20_follower_gap_21,-1,,0,,0
single|corr20_follower_gap_63|+1,single,corr20_follower_gap_63,1,,0,,0
single|corr20_follower_gap_63|-1,single,corr20_follower_gap_63,-1,,0,,0
single|corr20_network_residual_21|+1,single,corr20_network_residual_21,1,,0,,0
single|corr20_network_residual_21|-1,single,corr20_network_residual_21,-1,,0,,0
single|corr20_network_residual_63|+1,single,corr20_network_residual_63,1,,0,,0
single|corr20_network_residual_63|-1,single,corr20_network_residual_63,-1,,0,,0
pair|cluster24_peer_ret_5|+1|self_ret_5|+1,pair,cluster24_peer_ret_5,1,self_ret_5,1,,0
pair|cluster24_peer_ret_5|+1|self_ret_5|-1,pair,cluster24_peer_ret_5,1,self_ret_5,-1,,0
pair|cluster24_peer_ret_5|-1|self_ret_5|+1,pair,cluster24_peer_ret_5,-1,self_ret_5,1,,0
pair|cluster24_peer_ret_5|-1|self_ret_5|-1,pair,cluster24_peer_ret_5,-1,self_ret_5,-1,,0
pair|cluster24_peer_ret_5|+1|self_ret_21|+1,pair,cluster24_peer_ret_5,1,self_ret_21,1,,0
pair|cluster24_peer_ret_5|+1|self_ret_21|-1,pair,cluster24_peer_ret_5,1,self_ret_21,-1,,0
pair|cluster24_peer_ret_5|-1|self_ret_21|+1,pair,cluster24_peer_ret_5,-1,self_ret_21,1,,0
pair|cluster24_peer_ret_5|-1|self_ret_21|-1,pair,cluster24_peer_ret_5,-1,self_ret_21,-1,,0
pair|cluster24_peer_ret_5|+1|self_ret_63|+1,pair,cluster24_peer_ret_5,1,self_ret_63,1,,0
pair|cluster24_peer_ret_5|+1|self_ret_63|-1,pair,cluster24_peer_ret_5,1,self_ret_63,-1,,0
pair|cluster24_peer_ret_5|-1|self_ret_63|+1,pair,cluster24_peer_ret_5,-1,self_ret_63,1,,0
pair|cluster24_peer_ret_5|-1|self_ret_63|-1,pair,cluster24_peer_ret_5,-1,self_ret_63,-1,,0
pair|cluster24_peer_ret_5|+1|self_mom_252_21|+1,pair,cluster24_peer_ret_5,1,self_mom_252_21,1,,0
pair|cluster24_peer_ret_5|+1|self_mom_252_21|-1,pair,cluster24_peer_ret_5,1,self_mom_252_21,-1,,0
pair|cluster24_peer_ret_5|-1|self_mom_252_21|+1,pair,cluster24_peer_ret_5,-1,self_mom_252_21,1,,0
pair|cluster24_peer_ret_5|-1|self_mom_252_21|-1,pair,cluster24_peer_ret_5,-1,self_mom_252_21,-1,,0
pair|cluster24_peer_ret_5|+1|self_atr_63|+1,pair,cluster24_peer_ret_5,1,self_atr_63,1,,0
pair|cluster24_peer_ret_5|+1|self_atr_63|-1,pair,cluster24_peer_ret_5,1,self_atr_63,-1,,0
pair|cluster24_peer_ret_5|-1|self_atr_63|+1,pair,cluster24_peer_ret_5,-1,self_atr_63,1,,0
pair|cluster24_peer_ret_5|-1|self_atr_63|-1,pair,cluster24_peer_ret_5,-1,self_atr_63,-1,,0
pair|cluster24_peer_ret_5|+1|self_compression_20_63|+1,pair,cluster24_peer_ret_5,1,self_compression_20_63,1,,0
pair|cluster24_peer_ret_5|+1|self_compression_20_63|-1,pair,cluster24_peer_ret_5,1,self_compression_20_63,-1,,0
pair|cluster24_peer_ret_5|-1|self_compression_20_63|+1,pair,cluster24_peer_ret_5,-1,self_compression_20_63,1,,0
pair|cluster24_peer_ret_5|-1|self_compression_20_63|-1,pair,cluster24_peer_ret_5,-1,self_compression_20_63,-1,,0
pair|cluster24_peer_ret_5|+1|self_volume_ratio_5_20|+1,pair,cluster24_peer_ret_5,1,self_volume_ratio_5_20,1,,0
pair|cluster24_peer_ret_5|+1|self_volume_ratio_5_20|-1,pair,cluster24_peer_ret_5,1,self_volume_ratio_5_20,-1,,0
pair|cluster24_peer_ret_5|-1|self_volume_ratio_5_20|+1,pair,cluster24_peer_ret_5,-1,self_volume_ratio_5_20,1,,0
pair|cluster24_peer_ret_5|-1|self_volume_ratio_5_20|-1,pair,cluster24_peer_ret_5,-1,self_volume_ratio_5_20,-1,,0
pair|cluster24_peer_ret_5|+1|self_dist_high_63|+1,pair,cluster24_peer_ret_5,1,self_dist_high_63,1,,0
pair|cluster24_peer_ret_5|+1|self_dist_high_63|-1,pair,cluster24_peer_ret_5,1,self_dist_high_63,-1,,0
pair|cluster24_peer_ret_5|-1|self_dist_high_63|+1,pair,cluster24_peer_ret_5,-1,self_dist_high_63,1,,0
pair|cluster24_peer_ret_5|-1|self_dist_high_63|-1,pair,cluster24_peer_ret_5,-1,self_dist_high_63,-1,,0
pair|cluster24_peer_ret_5|+1|self_range_loc_63|+1,pair,cluster24_peer_ret_5,1,self_range_loc_63,1,,0
pair|cluster24_peer_ret_5|+1|self_range_loc_63|-1,pair,cluster24_peer_ret_5,1,self_range_loc_63,-1,,0
pair|cluster24_peer_ret_5|-1|self_range_loc_63|+1,pair,cluster24_peer_ret_5,-1,self_range_loc_63,1,,0
pair|cluster24_peer_ret_5|-1|self_range_loc_63|-1,pair,cluster24_peer_ret_5,-1,self_range_loc_63,-1,,0
pair|cluster24_peer_breadth_5|+1|self_ret_5|+1,pair,cluster24_peer_breadth_5,1,self_ret_5,1,,0
pair|cluster24_peer_breadth_5|+1|self_ret_5|-1,pair,cluster24_peer_breadth_5,1,self_ret_5,-1,,0
pair|cluster24_peer_breadth_5|-1|self_ret_5|+1,pair,cluster24_peer_breadth_5,-1,self_ret_5,1,,0
pair|cluster24_peer_breadth_5|-1|self_ret_5|-1,pair,cluster24_peer_breadth_5,-1,self_ret_5,-1,,0
pair|cluster24_peer_breadth_5|+1|self_ret_21|+1,pair,cluster24_peer_breadth_5,1,self_ret_21,1,,0
pair|cluster24_peer_breadth_5|+1|self_ret_21|-1,pair,cluster24_peer_breadth_5,1,self_ret_21,-1,,0
pair|cluster24_peer_breadth_5|-1|self_ret_21|+1,pair,cluster24_peer_breadth_5,-1,self_ret_21,1,,0
pair|cluster24_peer_breadth_5|-1|self_ret_21|-1,pair,cluster24_peer_breadth_5,-1,self_ret_21,-1,,0
pair|cluster24_peer_breadth_5|+1|self_ret_63|+1,pair,cluster24_peer_breadth_5,1,self_ret_63,1,,0
pair|cluster24_peer_breadth_5|+1|self_ret_63|-1,pair,cluster24_peer_breadth_5,1,self_ret_63,-1,,0
pair|cluster24_peer_breadth_5|-1|self_ret_63|+1,pair,cluster24_peer_breadth_5,-1,self_ret_63,1,,0
pair|cluster24_peer_breadth_5|-1|self_ret_63|-1,pair,cluster24_peer_breadth_5,-1,self_ret_63,-1,,0
pair|cluster24_peer_breadth_5|+1|self_mom_252_21|+1,pair,cluster24_peer_breadth_5,1,self_mom_252_21,1,,0
pair|cluster24_peer_breadth_5|+1|self_mom_252_21|-1,pair,cluster24_peer_breadth_5,1,self_mom_252_21,-1,,0
pair|cluster24_peer_breadth_5|-1|self_mom_252_21|+1,pair,cluster24_peer_breadth_5,-1,self_mom_252_21,1,,0
pair|cluster24_peer_breadth_5|-1|self_mom_252_21|-1,pair,cluster24_peer_breadth_5,-1,self_mom_252_21,-1,,0
pair|cluster24_peer_breadth_5|+1|self_atr_63|+1,pair,cluster24_peer_breadth_5,1,self_atr_63,1,,0
pair|cluster24_peer_breadth_5|+1|self_atr_63|-1,pair,cluster24_peer_breadth_5,1,self_atr_63,-1,,0
pair|cluster24_peer_breadth_5|-1|self_atr_63|+1,pair,cluster24_peer_breadth_5,-1,self_atr_63,1,,0
pair|cluster24_peer_breadth_5|-1|self_atr_63|-1,pair,cluster24_peer_breadth_5,-1,self_atr_63,-1,,0
pair|cluster24_peer_breadth_5|+1|self_compression_20_63|+1,pair,cluster24_peer_breadth_5,1,self_compression_20_63,1,,0
pair|cluster24_peer_breadth_5|+1|self_compression_20_63|-1,pair,cluster24_peer_breadth_5,1,self_compression_20_63,-1,,0
pair|cluster24_peer_breadth_5|-1|self_compression_20_63|+1,pair,cluster24_peer_breadth_5,-1,self_compression_20_63,1,,0
pair|cluster24_peer_breadth_5|-1|self_compression_20_63|-1,pair,cluster24_peer_breadth_5,-1,self_compression_20_63,-1,,0
pair|cluster24_peer_breadth_5|+1|self_volume_ratio_5_20|+1,pair,cluster24_peer_breadth_5,1,self_volume_ratio_5_20,1,,0
pair|cluster24_peer_breadth_5|+1|self_volume_ratio_5_20|-1,pair,cluster24_peer_breadth_5,1,self_volume_ratio_5_20,-1,,0
pair|cluster24_peer_breadth_5|-1|self_volume_ratio_5_20|+1,pair,cluster24_peer_breadth_5,-1,self_volume_ratio_5_20,1,,0
pair|cluster24_peer_breadth_5|-1|self_volume_ratio_5_20|-1,pair,cluster24_peer_breadth_5,-1,self_volume_ratio_5_20,-1,,0
pair|cluster24_peer_breadth_5|+1|self_dist_high_63|+1,pair,cluster24_peer_breadth_5,1,self_dist_high_63,1,,0
pair|cluster24_peer_breadth_5|+1|self_dist_high_63|-1,pair,cluster24_peer_breadth_5,1,self_dist_high_63,-1,,0
pair|cluster24_peer_breadth_5|-1|self_dist_high_63|+1,pair,cluster24_peer_breadth_5,-1,self_dist_high_63,1,,0
pair|cluster24_peer_breadth_5|-1|self_dist_high_63|-1,pair,cluster24_peer_breadth_5,-1,self_dist_high_63,-1,,0
pair|cluster24_peer_breadth_5|+1|self_range_loc_63|+1,pair,cluster24_peer_breadth_5,1,self_range_loc_63,1,,0
pair|cluster24_peer_breadth_5|+1|self_range_loc_63|-1,pair,cluster24_peer_breadth_5,1,self_range_loc_63,-1,,0
pair|cluster24_peer_breadth_5|-1|self_range_loc_63|+1,pair,cluster24_peer_breadth_5,-1,self_range_loc_63,1,,0
pair|cluster24_peer_breadth_5|-1|self_range_loc_63|-1,pair,cluster24_peer_breadth_5,-1,self_range_loc_63,-1,,0
pair|cluster24_peer_ret_21|+1|self_ret_5|+1,pair,cluster24_peer_ret_21,1,self_ret_5,1,,0
pair|cluster24_peer_ret_21|+1|self_ret_5|-1,pair,cluster24_peer_ret_21,1,self_ret_5,-1,,0
pair|cluster24_peer_ret_21|-1|self_ret_5|+1,pair,cluster24_peer_ret_21,-1,self_ret_5,1,,0
pair|cluster24_peer_ret_21|-1|self_ret_5|-1,pair,cluster24_peer_ret_21,-1,self_ret_5,-1,,0
pair|cluster24_peer_ret_21|+1|self_ret_21|+1,pair,cluster24_peer_ret_21,1,self_ret_21,1,,0
pair|cluster24_peer_ret_21|+1|self_ret_21|-1,pair,cluster24_peer_ret_21,1,self_ret_21,-1,,0
pair|cluster24_peer_ret_21|-1|self_ret_21|+1,pair,cluster24_peer_ret_21,-1,self_ret_21,1,,0
pair|cluster24_peer_ret_21|-1|self_ret_21|-1,pair,cluster24_peer_ret_21,-1,self_ret_21,-1,,0
pair|cluster24_peer_ret_21|+1|self_ret_63|+1,pair,cluster24_peer_ret_21,1,self_ret_63,1,,0
pair|cluster24_peer_ret_21|+1|self_ret_63|-1,pair,cluster24_peer_ret_21,1,self_ret_63,-1,,0
pair|cluster24_peer_ret_21|-1|self_ret_63|+1,pair,cluster24_peer_ret_21,-1,self_ret_63,1,,0
pair|cluster24_peer_ret_21|-1|self_ret_63|-1,pair,cluster24_peer_ret_21,-1,self_ret_63,-1,,0
pair|cluster24_peer_ret_21|+1|self_mom_252_21|+1,pair,cluster24_peer_ret_21,1,self_mom_252_21,1,,0
pair|cluster24_peer_ret_21|+1|self_mom_252_21|-1,pair,cluster24_peer_ret_21,1,self_mom_252_21,-1,,0
pair|cluster24_peer_ret_21|-1|self_mom_252_21|+1,pair,cluster24_peer_ret_21,-1,self_mom_252_21,1,,0
pair|cluster24_peer_ret_21|-1|self_mom_252_21|-1,pair,cluster24_peer_ret_21,-1,self_mom_252_21,-1,,0
pair|cluster24_peer_ret_21|+1|self_atr_63|+1,pair,cluster24_peer_ret_21,1,self_atr_63,1,,0
pair|cluster24_peer_ret_21|+1|self_atr_63|-1,pair,cluster24_peer_ret_21,1,self_atr_63,-1,,0
pair|cluster24_peer_ret_21|-1|self_atr_63|+1,pair,cluster24_peer_ret_21,-1,self_atr_63,1,,0
pair|cluster24_peer_ret_21|-1|self_atr_63|-1,pair,cluster24_peer_ret_21,-1,self_atr_63,-1,,0
pair|cluster24_peer_ret_21|+1|self_compression_20_63|+1,pair,cluster24_peer_ret_21,1,self_compression_20_63,1,,0
pair|cluster24_peer_ret_21|+1|self_compression_20_63|-1,pair,cluster24_peer_ret_21,1,self_compression_20_63,-1,,0
pair|cluster24_peer_ret_21|-1|self_compression_20_63|+1,pair,cluster24_peer_ret_21,-1,self_compression_20_63,1,,0
pair|cluster24_peer_ret_21|-1|self_compression_20_63|-1,pair,cluster24_peer_ret_21,-1,self_compression_20_63,-1,,0
pair|cluster24_peer_ret_21|+1|self_volume_ratio_5_20|+1,pair,cluster24_peer_ret_21,1,self_volume_ratio_5_20,1,,0
pair|cluster24_peer_ret_21|+1|self_volume_ratio_5_20|-1,pair,cluster24_peer_ret_21,1,self_volume_ratio_5_20,-1,,0
pair|cluster24_peer_ret_21|-1|self_volume_ratio_5_20|+1,pair,cluster24_peer_ret_21,-1,self_volume_ratio_5_20,1,,0
pair|cluster24_peer_ret_21|-1|self_volume_ratio_5_20|-1,pair,cluster24_peer_ret_21,-1,self_volume_ratio_5_20,-1,,0
pair|cluster24_peer_ret_21|+1|self_dist_high_63|+1,pair,cluster24_peer_ret_21,1,self_dist_high_63,1,,0
pair|cluster24_peer_ret_21|+1|self_dist_high_63|-1,pair,cluster24_peer_ret_21,1,self_dist_high_63,-1,,0
pair|cluster24_peer_ret_21|-1|self_dist_high_63|+1,pair,cluster24_peer_ret_21,-1,self_dist_high_63,1,,0
pair|cluster24_peer_ret_21|-1|self_dist_high_63|-1,pair,cluster24_peer_ret_21,-1,self_dist_high_63,-1,,0
pair|cluster24_peer_ret_21|+1|self_range_loc_63|+1,pair,cluster24_peer_ret_21,1,self_range_loc_63,1,,0
pair|cluster24_peer_ret_21|+1|self_range_loc_63|-1,pair,cluster24_peer_ret_21,1,self_range_loc_63,-1,,0
pair|cluster24_peer_ret_21|-1|self_range_loc_63|+1,pair,cluster24_peer_ret_21,-1,self_range_loc_63,1,,0
pair|cluster24_peer_ret_21|-1|self_range_loc_63|-1,pair,cluster24_peer_ret_21,-1,self_range_loc_63,-1,,0
pair|cluster24_peer_breadth_21|+1|self_ret_5|+1,pair,cluster24_peer_breadth_21,1,self_ret_5,1,,0
pair|cluster24_peer_breadth_21|+1|self_ret_5|-1,pair,cluster24_peer_breadth_21,1,self_ret_5,-1,,0
pair|cluster24_peer_breadth_21|-1|self_ret_5|+1,pair,cluster24_peer_breadth_21,-1,self_ret_5,1,,0
pair|cluster24_peer_breadth_21|-1|self_ret_5|-1,pair,cluster24_peer_breadth_21,-1,self_ret_5,-1,,0
pair|cluster24_peer_breadth_21|+1|self_ret_21|+1,pair,cluster24_peer_breadth_21,1,self_ret_21,1,,0
pair|cluster24_peer_breadth_21|+1|self_ret_21|-1,pair,cluster24_peer_breadth_21,1,self_ret_21,-1,,0
pair|cluster24_peer_breadth_21|-1|self_ret_21|+1,pair,cluster24_peer_breadth_21,-1,self_ret_21,1,,0
pair|cluster24_peer_breadth_21|-1|self_ret_21|-1,pair,cluster24_peer_breadth_21,-1,self_ret_21,-1,,0
pair|cluster24_peer_breadth_21|+1|self_ret_63|+1,pair,cluster24_peer_breadth_21,1,self_ret_63,1,,0
pair|cluster24_peer_breadth_21|+1|self_ret_63|-1,pair,cluster24_peer_breadth_21,1,self_ret_63,-1,,0
pair|cluster24_peer_breadth_21|-1|self_ret_63|+1,pair,cluster24_peer_breadth_21,-1,self_ret_63,1,,0
pair|cluster24_peer_breadth_21|-1|self_ret_63|-1,pair,cluster24_peer_breadth_21,-1,self_ret_63,-1,,0
pair|cluster24_peer_breadth_21|+1|self_mom_252_21|+1,pair,cluster24_peer_breadth_21,1,self_mom_252_21,1,,0
pair|cluster24_peer_breadth_21|+1|self_mom_252_21|-1,pair,cluster24_peer_breadth_21,1,self_mom_252_21,-1,,0
pair|cluster24_peer_breadth_21|-1|self_mom_252_21|+1,pair,cluster24_peer_breadth_21,-1,self_mom_252_21,1,,0
pair|cluster24_peer_breadth_21|-1|self_mom_252_21|-1,pair,cluster24_peer_breadth_21,-1,self_mom_252_21,-1,,0
pair|cluster24_peer_breadth_21|+1|self_atr_63|+1,pair,cluster24_peer_breadth_21,1,self_atr_63,1,,0
pair|cluster24_peer_breadth_21|+1|self_atr_63|-1,pair,cluster24_peer_breadth_21,1,self_atr_63,-1,,0
pair|cluster24_peer_breadth_21|-1|self_atr_63|+1,pair,cluster24_peer_breadth_21,-1,self_atr_63,1,,0
pair|cluster24_peer_breadth_21|-1|self_atr_63|-1,pair,cluster24_peer_breadth_21,-1,self_atr_63,-1,,0
pair|cluster24_peer_breadth_21|+1|self_compression_20_63|+1,pair,cluster24_peer_breadth_21,1,self_compression_20_63,1,,0
pair|cluster24_peer_breadth_21|+1|self_compression_20_63|-1,pair,cluster24_peer_breadth_21,1,self_compression_20_63,-1,,0
pair|cluster24_peer_breadth_21|-1|self_compression_20_63|+1,pair,cluster24_peer_breadth_21,-1,self_compression_20_63,1,,0
pair|cluster24_peer_breadth_21|-1|self_compression_20_63|-1,pair,cluster24_peer_breadth_21,-1,self_compression_20_63,-1,,0
pair|cluster24_peer_breadth_21|+1|self_volume_ratio_5_20|+1,pair,cluster24_peer_breadth_21,1,self_volume_ratio_5_20,1,,0
pair|cluster24_peer_breadth_21|+1|self_volume_ratio_5_20|-1,pair,cluster24_peer_breadth_21,1,self_volume_ratio_5_20,-1,,0
pair|cluster24_peer_breadth_21|-1|self_volume_ratio_5_20|+1,pair,cluster24_peer_breadth_21,-1,self_volume_ratio_5_20,1,,0
pair|cluster24_peer_breadth_21|-1|self_volume_ratio_5_20|-1,pair,cluster24_peer_breadth_21,-1,self_volume_ratio_5_20,-1,,0
pair|cluster24_peer_breadth_21|+1|self_dist_high_63|+1,pair,cluster24_peer_breadth_21,1,self_dist_high_63,1,,0
pair|cluster24_peer_breadth_21|+1|self_dist_high_63|-1,pair,cluster24_peer_breadth_21,1,self_dist_high_63,-1,,0
pair|cluster24_peer_breadth_21|-1|self_dist_high_63|+1,pair,cluster24_peer_breadth_21,-1,self_dist_high_63,1,,0
pair|cluster24_peer_breadth_21|-1|self_dist_high_63|-1,pair,cluster24_peer_breadth_21,-1,self_dist_high_63,-1,,0
pair|cluster24_peer_breadth_21|+1|self_range_loc_63|+1,pair,cluster24_peer_breadth_21,1,self_range_loc_63,1,,0
pair|cluster24_peer_breadth_21|+1|self_range_loc_63|-1,pair,cluster24_peer_breadth_21,1,self_range_loc_63,-1,,0
pair|cluster24_peer_breadth_21|-1|self_range_loc_63|+1,pair,cluster24_peer_breadth_21,-1,self_range_loc_63,1,,0
pair|cluster24_peer_breadth_21|-1|self_range_loc_63|-1,pair,cluster24_peer_breadth_21,-1,self_range_loc_63,-1,,0
pair|cluster24_peer_ret_63|+1|self_ret_5|+1,pair,cluster24_peer_ret_63,1,self_ret_5,1,,0
pair|cluster24_peer_ret_63|+1|self_ret_5|-1,pair,cluster24_peer_ret_63,1,self_ret_5,-1,,0
pair|cluster24_peer_ret_63|-1|self_ret_5|+1,pair,cluster24_peer_ret_63,-1,self_ret_5,1,,0
pair|cluster24_peer_ret_63|-1|self_ret_5|-1,pair,cluster24_peer_ret_63,-1,self_ret_5,-1,,0
pair|cluster24_peer_ret_63|+1|self_ret_21|+1,pair,cluster24_peer_ret_63,1,self_ret_21,1,,0
pair|cluster24_peer_ret_63|+1|self_ret_21|-1,pair,cluster24_peer_ret_63,1,self_ret_21,-1,,0
pair|cluster24_peer_ret_63|-1|self_ret_21|+1,pair,cluster24_peer_ret_63,-1,self_ret_21,1,,0
pair|cluster24_peer_ret_63|-1|self_ret_21|-1,pair,cluster24_peer_ret_63,-1,self_ret_21,-1,,0
pair|cluster24_peer_ret_63|+1|self_ret_63|+1,pair,cluster24_peer_ret_63,1,self_ret_63,1,,0
pair|cluster24_peer_ret_63|+1|self_ret_63|-1,pair,cluster24_peer_ret_63,1,self_ret_63,-1,,0
pair|cluster24_peer_ret_63|-1|self_ret_63|+1,pair,cluster24_peer_ret_63,-1,self_ret_63,1,,0
pair|cluster24_peer_ret_63|-1|self_ret_63|-1,pair,cluster24_peer_ret_63,-1,self_ret_63,-1,,0
pair|cluster24_peer_ret_63|+1|self_mom_252_21|+1,pair,cluster24_peer_ret_63,1,self_mom_252_21,1,,0
pair|cluster24_peer_ret_63|+1|self_mom_252_21|-1,pair,cluster24_peer_ret_63,1,self_mom_252_21,-1,,0
pair|cluster24_peer_ret_63|-1|self_mom_252_21|+1,pair,cluster24_peer_ret_63,-1,self_mom_252_21,1,,0
pair|cluster24_peer_ret_63|-1|self_mom_252_21|-1,pair,cluster24_peer_ret_63,-1,self_mom_252_21,-1,,0
pair|cluster24_peer_ret_63|+1|self_atr_63|+1,pair,cluster24_peer_ret_63,1,self_atr_63,1,,0
pair|cluster24_peer_ret_63|+1|self_atr_63|-1,pair,cluster24_peer_ret_63,1,self_atr_63,-1,,0
pair|cluster24_peer_ret_63|-1|self_atr_63|+1,pair,cluster24_peer_ret_63,-1,self_atr_63,1,,0
pair|cluster24_peer_ret_63|-1|self_atr_63|-1,pair,cluster24_peer_ret_63,-1,self_atr_63,-1,,0
pair|cluster24_peer_ret_63|+1|self_compression_20_63|+1,pair,cluster24_peer_ret_63,1,self_compression_20_63,1,,0
pair|cluster24_peer_ret_63|+1|self_compression_20_63|-1,pair,cluster24_peer_ret_63,1,self_compression_20_63,-1,,0
pair|cluster24_peer_ret_63|-1|self_compression_20_63|+1,pair,cluster24_peer_ret_63,-1,self_compression_20_63,1,,0
pair|cluster24_peer_ret_63|-1|self_compression_20_63|-1,pair,cluster24_peer_ret_63,-1,self_compression_20_63,-1,,0
pair|cluster24_peer_ret_63|+1|self_volume_ratio_5_20|+1,pair,cluster24_peer_ret_63,1,self_volume_ratio_5_20,1,,0
pair|cluster24_peer_ret_63|+1|self_volume_ratio_5_20|-1,pair,cluster24_peer_ret_63,1,self_volume_ratio_5_20,-1,,0
pair|cluster24_peer_ret_63|-1|self_volume_ratio_5_20|+1,pair,cluster24_peer_ret_63,-1,self_volume_ratio_5_20,1,,0
pair|cluster24_peer_ret_63|-1|self_volume_ratio_5_20|-1,pair,cluster24_peer_ret_63,-1,self_volume_ratio_5_20,-1,,0
pair|cluster24_peer_ret_63|+1|self_dist_high_63|+1,pair,cluster24_peer_ret_63,1,self_dist_high_63,1,,0
pair|cluster24_peer_ret_63|+1|self_dist_high_63|-1,pair,cluster24_peer_ret_63,1,self_dist_high_63,-1,,0
pair|cluster24_peer_ret_63|-1|self_dist_high_63|+1,pair,cluster24_peer_ret_63,-1,self_dist_high_63,1,,0
pair|cluster24_peer_ret_63|-1|self_dist_high_63|-1,pair,cluster24_peer_ret_63,-1,self_dist_high_63,-1,,0
pair|cluster24_peer_ret_63|+1|self_range_loc_63|+1,pair,cluster24_peer_ret_63,1,self_range_loc_63,1,,0
pair|cluster24_peer_ret_63|+1|self_range_loc_63|-1,pair,cluster24_peer_ret_63,1,self_range_loc_63,-1,,0
pair|cluster24_peer_ret_63|-1|self_range_loc_63|+1,pair,cluster24_peer_ret_63,-1,self_range_loc_63,1,,0
pair|cluster24_peer_ret_63|-1|self_range_loc_63|-1,pair,cluster24_peer_ret_63,-1,self_range_loc_63,-1,,0
pair|cluster24_peer_breadth_63|+1|self_ret_5|+1,pair,cluster24_peer_breadth_63,1,self_ret_5,1,,0
pair|cluster24_peer_breadth_63|+1|self_ret_5|-1,pair,cluster24_peer_breadth_63,1,self_ret_5,-1,,0
pair|cluster24_peer_breadth_63|-1|self_ret_5|+1,pair,cluster24_peer_breadth_63,-1,self_ret_5,1,,0
pair|cluster24_peer_breadth_63|-1|self_ret_5|-1,pair,cluster24_peer_breadth_63,-1,self_ret_5,-1,,0
pair|cluster24_peer_breadth_63|+1|self_ret_21|+1,pair,cluster24_peer_breadth_63,1,self_ret_21,1,,0
pair|cluster24_peer_breadth_63|+1|self_ret_21|-1,pair,cluster24_peer_breadth_63,1,self_ret_21,-1,,0
pair|cluster24_peer_breadth_63|-1|self_ret_21|+1,pair,cluster24_peer_breadth_63,-1,self_ret_21,1,,0
pair|cluster24_peer_breadth_63|-1|self_ret_21|-1,pair,cluster24_peer_breadth_63,-1,self_ret_21,-1,,0
pair|cluster24_peer_breadth_63|+1|self_ret_63|+1,pair,cluster24_peer_breadth_63,1,self_ret_63,1,,0
pair|cluster24_peer_breadth_63|+1|self_ret_63|-1,pair,cluster24_peer_breadth_63,1,self_ret_63,-1,,0
pair|cluster24_peer_breadth_63|-1|self_ret_63|+1,pair,cluster24_peer_breadth_63,-1,self_ret_63,1,,0
pair|cluster24_peer_breadth_63|-1|self_ret_63|-1,pair,cluster24_peer_breadth_63,-1,self_ret_63,-1,,0
pair|cluster24_peer_breadth_63|+1|self_mom_252_21|+1,pair,cluster24_peer_breadth_63,1,self_mom_252_21,1,,0
pair|cluster24_peer_breadth_63|+1|self_mom_252_21|-1,pair,cluster24_peer_breadth_63,1,self_mom_252_21,-1,,0
pair|cluster24_peer_breadth_63|-1|self_mom_252_21|+1,pair,cluster24_peer_breadth_63,-1,self_mom_252_21,1,,0
pair|cluster24_peer_breadth_63|-1|self_mom_252_21|-1,pair,cluster24_peer_breadth_63,-1,self_mom_252_21,-1,,0
pair|cluster24_peer_breadth_63|+1|self_atr_63|+1,pair,cluster24_peer_breadth_63,1,self_atr_63,1,,0
pair|cluster24_peer_breadth_63|+1|self_atr_63|-1,pair,cluster24_peer_breadth_63,1,self_atr_63,-1,,0
pair|cluster24_peer_breadth_63|-1|self_atr_63|+1,pair,cluster24_peer_breadth_63,-1,self_atr_63,1,,0
pair|cluster24_peer_breadth_63|-1|self_atr_63|-1,pair,cluster24_peer_breadth_63,-1,self_atr_63,-1,,0
pair|cluster24_peer_breadth_63|+1|self_compression_20_63|+1,pair,cluster24_peer_breadth_63,1,self_compression_20_63,1,,0
pair|cluster24_peer_breadth_63|+1|self_compression_20_63|-1,pair,cluster24_peer_breadth_63,1,self_compression_20_63,-1,,0
pair|cluster24_peer_breadth_63|-1|self_compression_20_63|+1,pair,cluster24_peer_breadth_63,-1,self_compression_20_63,1,,0
pair|cluster24_peer_breadth_63|-1|self_compression_20_63|-1,pair,cluster24_peer_breadth_63,-1,self_compression_20_63,-1,,0
pair|cluster24_peer_breadth_63|+1|self_volume_ratio_5_20|+1,pair,cluster24_peer_breadth_63,1,self_volume_ratio_5_20,1,,0
pair|cluster24_peer_breadth_63|+1|self_volume_ratio_5_20|-1,pair,cluster24_peer_breadth_63,1,self_volume_ratio_5_20,-1,,0
pair|cluster24_peer_breadth_63|-1|self_volume_ratio_5_20|+1,pair,cluster24_peer_breadth_63,-1,self_volume_ratio_5_20,1,,0
pair|cluster24_peer_breadth_63|-1|self_volume_ratio_5_20|-1,pair,cluster24_peer_breadth_63,-1,self_volume_ratio_5_20,-1,,0
pair|cluster24_peer_breadth_63|+1|self_dist_high_63|+1,pair,cluster24_peer_breadth_63,1,self_dist_high_63,1,,0
pair|cluster24_peer_breadth_63|+1|self_dist_high_63|-1,pair,cluster24_peer_breadth_63,1,self_dist_high_63,-1,,0
pair|cluster24_peer_breadth_63|-1|self_dist_high_63|+1,pair,cluster24_peer_breadth_63,-1,self_dist_high_63,1,,0
pair|cluster24_peer_breadth_63|-1|self_dist_high_63|-1,pair,cluster24_peer_breadth_63,-1,self_dist_high_63,-1,,0
pair|cluster24_peer_breadth_63|+1|self_range_loc_63|+1,pair,cluster24_peer_breadth_63,1,self_range_loc_63,1,,0
pair|cluster24_peer_breadth_63|+1|self_range_loc_63|-1,pair,cluster24_peer_breadth_63,1,self_range_loc_63,-1,,0
pair|cluster24_peer_breadth_63|-1|self_range_loc_63|+1,pair,cluster24_peer_breadth_63,-1,self_range_loc_63,1,,0
pair|cluster24_peer_breadth_63|-1|self_range_loc_63|-1,pair,cluster24_peer_breadth_63,-1,self_range_loc_63,-1,,0
pair|cluster24_peer_accel_5_21|+1|self_ret_5|+1,pair,cluster24_peer_accel_5_21,1,self_ret_5,1,,0
pair|cluster24_peer_accel_5_21|+1|self_ret_5|-1,pair,cluster24_peer_accel_5_21,1,self_ret_5,-1,,0
pair|cluster24_peer_accel_5_21|-1|self_ret_5|+1,pair,cluster24_peer_accel_5_21,-1,self_ret_5,1,,0
pair|cluster24_peer_accel_5_21|-1|self_ret_5|-1,pair,cluster24_peer_accel_5_21,-1,self_ret_5,-1,,0
pair|cluster24_peer_accel_5_21|+1|self_ret_21|+1,pair,cluster24_peer_accel_5_21,1,self_ret_21,1,,0
pair|cluster24_peer_accel_5_21|+1|self_ret_21|-1,pair,cluster24_peer_accel_5_21,1,self_ret_21,-1,,0
pair|cluster24_peer_accel_5_21|-1|self_ret_21|+1,pair,cluster24_peer_accel_5_21,-1,self_ret_21,1,,0
pair|cluster24_peer_accel_5_21|-1|self_ret_21|-1,pair,cluster24_peer_accel_5_21,-1,self_ret_21,-1,,0
pair|cluster24_peer_accel_5_21|+1|self_ret_63|+1,pair,cluster24_peer_accel_5_21,1,self_ret_63,1,,0
pair|cluster24_peer_accel_5_21|+1|self_ret_63|-1,pair,cluster24_peer_accel_5_21,1,self_ret_63,-1,,0
pair|cluster24_peer_accel_5_21|-1|self_ret_63|+1,pair,cluster24_peer_accel_5_21,-1,self_ret_63,1,,0
pair|cluster24_peer_accel_5_21|-1|self_ret_63|-1,pair,cluster24_peer_accel_5_21,-1,self_ret_63,-1,,0
pair|cluster24_peer_accel_5_21|+1|self_mom_252_21|+1,pair,cluster24_peer_accel_5_21,1,self_mom_252_21,1,,0
pair|cluster24_peer_accel_5_21|+1|self_mom_252_21|-1,pair,cluster24_peer_accel_5_21,1,self_mom_252_21,-1,,0
pair|cluster24_peer_accel_5_21|-1|self_mom_252_21|+1,pair,cluster24_peer_accel_5_21,-1,self_mom_252_21,1,,0
pair|cluster24_peer_accel_5_21|-1|self_mom_252_21|-1,pair,cluster24_peer_accel_5_21,-1,self_mom_252_21,-1,,0
pair|cluster24_peer_accel_5_21|+1|self_atr_63|+1,pair,cluster24_peer_accel_5_21,1,self_atr_63,1,,0
pair|cluster24_peer_accel_5_21|+1|self_atr_63|-1,pair,cluster24_peer_accel_5_21,1,self_atr_63,-1,,0
pair|cluster24_peer_accel_5_21|-1|self_atr_63|+1,pair,cluster24_peer_accel_5_21,-1,self_atr_63,1,,0
pair|cluster24_peer_accel_5_21|-1|self_atr_63|-1,pair,cluster24_peer_accel_5_21,-1,self_atr_63,-1,,0
pair|cluster24_peer_accel_5_21|+1|self_compression_20_63|+1,pair,cluster24_peer_accel_5_21,1,self_compression_20_63,1,,0
pair|cluster24_peer_accel_5_21|+1|self_compression_20_63|-1,pair,cluster24_peer_accel_5_21,1,self_compression_20_63,-1,,0
pair|cluster24_peer_accel_5_21|-1|self_compression_20_63|+1,pair,cluster24_peer_accel_5_21,-1,self_compression_20_63,1,,0
pair|cluster24_peer_accel_5_21|-1|self_compression_20_63|-1,pair,cluster24_peer_accel_5_21,-1,self_compression_20_63,-1,,0
pair|cluster24_peer_accel_5_21|+1|self_volume_ratio_5_20|+1,pair,cluster24_peer_accel_5_21,1,self_volume_ratio_5_20,1,,0
pair|cluster24_peer_accel_5_21|+1|self_volume_ratio_5_20|-1,pair,cluster24_peer_accel_5_21,1,self_volume_ratio_5_20,-1,,0
pair|cluster24_peer_accel_5_21|-1|self_volume_ratio_5_20|+1,pair,cluster24_peer_accel_5_21,-1,self_volume_ratio_5_20,1,,0
pair|cluster24_peer_accel_5_21|-1|self_volume_ratio_5_20|-1,pair,cluster24_peer_accel_5_21,-1,self_volume_ratio_5_20,-1,,0
pair|cluster24_peer_accel_5_21|+1|self_dist_high_63|+1,pair,cluster24_peer_accel_5_21,1,self_dist_high_63,1,,0
pair|cluster24_peer_accel_5_21|+1|self_dist_high_63|-1,pair,cluster24_peer_accel_5_21,1,self_dist_high_63,-1,,0
pair|cluster24_peer_accel_5_21|-1|self_dist_high_63|+1,pair,cluster24_peer_accel_5_21,-1,self_dist_high_63,1,,0
pair|cluster24_peer_accel_5_21|-1|self_dist_high_63|-1,pair,cluster24_peer_accel_5_21,-1,self_dist_high_63,-1,,0
pair|cluster24_peer_accel_5_21|+1|self_range_loc_63|+1,pair,cluster24_peer_accel_5_21,1,self_range_loc_63,1,,0
pair|cluster24_peer_accel_5_21|+1|self_range_loc_63|-1,pair,cluster24_peer_accel_5_21,1,self_range_loc_63,-1,,0
pair|cluster24_peer_accel_5_21|-1|self_range_loc_63|+1,pair,cluster24_peer_accel_5_21,-1,self_range_loc_63,1,,0
pair|cluster24_peer_accel_5_21|-1|self_range_loc_63|-1,pair,cluster24_peer_accel_5_21,-1,self_range_loc_63,-1,,0
pair|cluster24_peer_accel_21_63|+1|self_ret_5|+1,pair,cluster24_peer_accel_21_63,1,self_ret_5,1,,0
pair|cluster24_peer_accel_21_63|+1|self_ret_5|-1,pair,cluster24_peer_accel_21_63,1,self_ret_5,-1,,0
pair|cluster24_peer_accel_21_63|-1|self_ret_5|+1,pair,cluster24_peer_accel_21_63,-1,self_ret_5,1,,0
pair|cluster24_peer_accel_21_63|-1|self_ret_5|-1,pair,cluster24_peer_accel_21_63,-1,self_ret_5,-1,,0
pair|cluster24_peer_accel_21_63|+1|self_ret_21|+1,pair,cluster24_peer_accel_21_63,1,self_ret_21,1,,0
pair|cluster24_peer_accel_21_63|+1|self_ret_21|-1,pair,cluster24_peer_accel_21_63,1,self_ret_21,-1,,0
pair|cluster24_peer_accel_21_63|-1|self_ret_21|+1,pair,cluster24_peer_accel_21_63,-1,self_ret_21,1,,0
pair|cluster24_peer_accel_21_63|-1|self_ret_21|-1,pair,cluster24_peer_accel_21_63,-1,self_ret_21,-1,,0
pair|cluster24_peer_accel_21_63|+1|self_ret_63|+1,pair,cluster24_peer_accel_21_63,1,self_ret_63,1,,0
pair|cluster24_peer_accel_21_63|+1|self_ret_63|-1,pair,cluster24_peer_accel_21_63,1,self_ret_63,-1,,0
pair|cluster24_peer_accel_21_63|-1|self_ret_63|+1,pair,cluster24_peer_accel_21_63,-1,self_ret_63,1,,0
pair|cluster24_peer_accel_21_63|-1|self_ret_63|-1,pair,cluster24_peer_accel_21_63,-1,self_ret_63,-1,,0
pair|cluster24_peer_accel_21_63|+1|self_mom_252_21|+1,pair,cluster24_peer_accel_21_63,1,self_mom_252_21,1,,0
pair|cluster24_peer_accel_21_63|+1|self_mom_252_21|-1,pair,cluster24_peer_accel_21_63,1,self_mom_252_21,-1,,0
pair|cluster24_peer_accel_21_63|-1|self_mom_252_21|+1,pair,cluster24_peer_accel_21_63,-1,self_mom_252_21,1,,0
pair|cluster24_peer_accel_21_63|-1|self_mom_252_21|-1,pair,cluster24_peer_accel_21_63,-1,self_mom_252_21,-1,,0
pair|cluster24_peer_accel_21_63|+1|self_atr_63|+1,pair,cluster24_peer_accel_21_63,1,self_atr_63,1,,0
pair|cluster24_peer_accel_21_63|+1|self_atr_63|-1,pair,cluster24_peer_accel_21_63,1,self_atr_63,-1,,0
pair|cluster24_peer_accel_21_63|-1|self_atr_63|+1,pair,cluster24_peer_accel_21_63,-1,self_atr_63,1,,0
pair|cluster24_peer_accel_21_63|-1|self_atr_63|-1,pair,cluster24_peer_accel_21_63,-1,self_atr_63,-1,,0
pair|cluster24_peer_accel_21_63|+1|self_compression_20_63|+1,pair,cluster24_peer_accel_21_63,1,self_compression_20_63,1,,0
pair|cluster24_peer_accel_21_63|+1|self_compression_20_63|-1,pair,cluster24_peer_accel_21_63,1,self_compression_20_63,-1,,0
pair|cluster24_peer_accel_21_63|-1|self_compression_20_63|+1,pair,cluster24_peer_accel_21_63,-1,self_compression_20_63,1,,0
pair|cluster24_peer_accel_21_63|-1|self_compression_20_63|-1,pair,cluster24_peer_accel_21_63,-1,self_compression_20_63,-1,,0
pair|cluster24_peer_accel_21_63|+1|self_volume_ratio_5_20|+1,pair,cluster24_peer_accel_21_63,1,self_volume_ratio_5_20,1,,0
pair|cluster24_peer_accel_21_63|+1|self_volume_ratio_5_20|-1,pair,cluster24_peer_accel_21_63,1,self_volume_ratio_5_20,-1,,0
pair|cluster24_peer_accel_21_63|-1|self_volume_ratio_5_20|+1,pair,cluster24_peer_accel_21_63,-1,self_volume_ratio_5_20,1,,0
pair|cluster24_peer_accel_21_63|-1|self_volume_ratio_5_20|-1,pair,cluster24_peer_accel_21_63,-1,self_volume_ratio_5_20,-1,,0
pair|cluster24_peer_accel_21_63|+1|self_dist_high_63|+1,pair,cluster24_peer_accel_21_63,1,self_dist_high_63,1,,0
pair|cluster24_peer_accel_21_63|+1|self_dist_high_63|-1,pair,cluster24_peer_accel_21_63,1,self_dist_high_63,-1,,0
pair|cluster24_peer_accel_21_63|-1|self_dist_high_63|+1,pair,cluster24_peer_accel_21_63,-1,self_dist_high_63,1,,0
pair|cluster24_peer_accel_21_63|-1|self_dist_high_63|-1,pair,cluster24_peer_accel_21_63,-1,self_dist_high_63,-1,,0
pair|cluster24_peer_accel_21_63|+1|self_range_loc_63|+1,pair,cluster24_peer_accel_21_63,1,self_range_loc_63,1,,0
pair|cluster24_peer_accel_21_63|+1|self_range_loc_63|-1,pair,cluster24_peer_accel_21_63,1,self_range_loc_63,-1,,0
pair|cluster24_peer_accel_21_63|-1|self_range_loc_63|+1,pair,cluster24_peer_accel_21_63,-1,self_range_loc_63,1,,0
pair|cluster24_peer_accel_21_63|-1|self_range_loc_63|-1,pair,cluster24_peer_accel_21_63,-1,self_range_loc_63,-1,,0
pair|cluster24_peer_volume_ratio_5_20|+1|self_ret_5|+1,pair,cluster24_peer_volume_ratio_5_20,1,self_ret_5,1,,0
pair|cluster24_peer_volume_ratio_5_20|+1|self_ret_5|-1,pair,cluster24_peer_volume_ratio_5_20,1,self_ret_5,-1,,0
pair|cluster24_peer_volume_ratio_5_20|-1|self_ret_5|+1,pair,cluster24_peer_volume_ratio_5_20,-1,self_ret_5,1,,0
pair|cluster24_peer_volume_ratio_5_20|-1|self_ret_5|-1,pair,cluster24_peer_volume_ratio_5_20,-1,self_ret_5,-1,,0
pair|cluster24_peer_volume_ratio_5_20|+1|self_ret_21|+1,pair,cluster24_peer_volume_ratio_5_20,1,self_ret_21,1,,0
pair|cluster24_peer_volume_ratio_5_20|+1|self_ret_21|-1,pair,cluster24_peer_volume_ratio_5_20,1,self_ret_21,-1,,0
pair|cluster24_peer_volume_ratio_5_20|-1|self_ret_21|+1,pair,cluster24_peer_volume_ratio_5_20,-1,self_ret_21,1,,0
pair|cluster24_peer_volume_ratio_5_20|-1|self_ret_21|-1,pair,cluster24_peer_volume_ratio_5_20,-1,self_ret_21,-1,,0
pair|cluster24_peer_volume_ratio_5_20|+1|self_ret_63|+1,pair,cluster24_peer_volume_ratio_5_20,1,self_ret_63,1,,0
pair|cluster24_peer_volume_ratio_5_20|+1|self_ret_63|-1,pair,cluster24_peer_volume_ratio_5_20,1,self_ret_63,-1,,0
pair|cluster24_peer_volume_ratio_5_20|-1|self_ret_63|+1,pair,cluster24_peer_volume_ratio_5_20,-1,self_ret_63,1,,0
pair|cluster24_peer_volume_ratio_5_20|-1|self_ret_63|-1,pair,cluster24_peer_volume_ratio_5_20,-1,self_ret_63,-1,,0
pair|cluster24_peer_volume_ratio_5_20|+1|self_mom_252_21|+1,pair,cluster24_peer_volume_ratio_5_20,1,self_mom_252_21,1,,0
pair|cluster24_peer_volume_ratio_5_20|+1|self_mom_252_21|-1,pair,cluster24_peer_volume_ratio_5_20,1,self_mom_252_21,-1,,0
pair|cluster24_peer_volume_ratio_5_20|-1|self_mom_252_21|+1,pair,cluster24_peer_volume_ratio_5_20,-1,self_mom_252_21,1,,0
pair|cluster24_peer_volume_ratio_5_20|-1|self_mom_252_21|-1,pair,cluster24_peer_volume_ratio_5_20,-1,self_mom_252_21,-1,,0
pair|cluster24_peer_volume_ratio_5_20|+1|self_atr_63|+1,pair,cluster24_peer_volume_ratio_5_20,1,self_atr_63,1,,0
pair|cluster24_peer_volume_ratio_5_20|+1|self_atr_63|-1,pair,cluster24_peer_volume_ratio_5_20,1,self_atr_63,-1,,0
pair|cluster24_peer_volume_ratio_5_20|-1|self_atr_63|+1,pair,cluster24_peer_volume_ratio_5_20,-1,self_atr_63,1,,0
pair|cluster24_peer_volume_ratio_5_20|-1|self_atr_63|-1,pair,cluster24_peer_volume_ratio_5_20,-1,self_atr_63,-1,,0
pair|cluster24_peer_volume_ratio_5_20|+1|self_compression_20_63|+1,pair,cluster24_peer_volume_ratio_5_20,1,self_compression_20_63,1,,0
pair|cluster24_peer_volume_ratio_5_20|+1|self_compression_20_63|-1,pair,cluster24_peer_volume_ratio_5_20,1,self_compression_20_63,-1,,0
pair|cluster24_peer_volume_ratio_5_20|-1|self_compression_20_63|+1,pair,cluster24_peer_volume_ratio_5_20,-1,self_compression_20_63,1,,0
pair|cluster24_peer_volume_ratio_5_20|-1|self_compression_20_63|-1,pair,cluster24_peer_volume_ratio_5_20,-1,self_compression_20_63,-1,,0
pair|cluster24_peer_volume_ratio_5_20|+1|self_volume_ratio_5_20|+1,pair,cluster24_peer_volume_ratio_5_20,1,self_volume_ratio_5_20,1,,0
pair|cluster24_peer_volume_ratio_5_20|+1|self_volume_ratio_5_20|-1,pair,cluster24_peer_volume_ratio_5_20,1,self_volume_ratio_5_20,-1,,0
pair|cluster24_peer_volume_ratio_5_20|-1|self_volume_ratio_5_20|+1,pair,cluster24_peer_volume_ratio_5_20,-1,self_volume_ratio_5_20,1,,0
pair|cluster24_peer_volume_ratio_5_20|-1|self_volume_ratio_5_20|-1,pair,cluster24_peer_volume_ratio_5_20,-1,self_volume_ratio_5_20,-1,,0
pair|cluster24_peer_volume_ratio_5_20|+1|self_dist_high_63|+1,pair,cluster24_peer_volume_ratio_5_20,1,self_dist_high_63,1,,0
pair|cluster24_peer_volume_ratio_5_20|+1|self_dist_high_63|-1,pair,cluster24_peer_volume_ratio_5_20,1,self_dist_high_63,-1,,0
pair|cluster24_peer_volume_ratio_5_20|-1|self_dist_high_63|+1,pair,cluster24_peer_volume_ratio_5_20,-1,self_dist_high_63,1,,0
pair|cluster24_peer_volume_ratio_5_20|-1|self_dist_high_63|-1,pair,cluster24_peer_volume_ratio_5_20,-1,self_dist_high_63,-1,,0
pair|cluster24_peer_volume_ratio_5_20|+1|self_range_loc_63|+1,pair,cluster24_peer_volume_ratio_5_20,1,self_range_loc_63,1,,0
pair|cluster24_peer_volume_ratio_5_20|+1|self_range_loc_63|-1,pair,cluster24_peer_volume_ratio_5_20,1,self_range_loc_63,-1,,0
pair|cluster24_peer_volume_ratio_5_20|-1|self_range_loc_63|+1,pair,cluster24_peer_volume_ratio_5_20,-1,self_range_loc_63,1,,0
pair|cluster24_peer_volume_ratio_5_20|-1|self_range_loc_63|-1,pair,cluster24_peer_volume_ratio_5_20,-1,self_range_loc_63,-1,,0
pair|cluster24_peer_breakout_share_63|+1|self_ret_5|+1,pair,cluster24_peer_breakout_share_63,1,self_ret_5,1,,0
pair|cluster24_peer_breakout_share_63|+1|self_ret_5|-1,pair,cluster24_peer_breakout_share_63,1,self_ret_5,-1,,0
pair|cluster24_peer_breakout_share_63|-1|self_ret_5|+1,pair,cluster24_peer_breakout_share_63,-1,self_ret_5,1,,0
pair|cluster24_peer_breakout_share_63|-1|self_ret_5|-1,pair,cluster24_peer_breakout_share_63,-1,self_ret_5,-1,,0
pair|cluster24_peer_breakout_share_63|+1|self_ret_21|+1,pair,cluster24_peer_breakout_share_63,1,self_ret_21,1,,0
pair|cluster24_peer_breakout_share_63|+1|self_ret_21|-1,pair,cluster24_peer_breakout_share_63,1,self_ret_21,-1,,0
pair|cluster24_peer_breakout_share_63|-1|self_ret_21|+1,pair,cluster24_peer_breakout_share_63,-1,self_ret_21,1,,0
pair|cluster24_peer_breakout_share_63|-1|self_ret_21|-1,pair,cluster24_peer_breakout_share_63,-1,self_ret_21,-1,,0
pair|cluster24_peer_breakout_share_63|+1|self_ret_63|+1,pair,cluster24_peer_breakout_share_63,1,self_ret_63,1,,0
pair|cluster24_peer_breakout_share_63|+1|self_ret_63|-1,pair,cluster24_peer_breakout_share_63,1,self_ret_63,-1,,0
pair|cluster24_peer_breakout_share_63|-1|self_ret_63|+1,pair,cluster24_peer_breakout_share_63,-1,self_ret_63,1,,0
pair|cluster24_peer_breakout_share_63|-1|self_ret_63|-1,pair,cluster24_peer_breakout_share_63,-1,self_ret_63,-1,,0
pair|cluster24_peer_breakout_share_63|+1|self_mom_252_21|+1,pair,cluster24_peer_breakout_share_63,1,self_mom_252_21,1,,0
pair|cluster24_peer_breakout_share_63|+1|self_mom_252_21|-1,pair,cluster24_peer_breakout_share_63,1,self_mom_252_21,-1,,0
pair|cluster24_peer_breakout_share_63|-1|self_mom_252_21|+1,pair,cluster24_peer_breakout_share_63,-1,self_mom_252_21,1,,0
pair|cluster24_peer_breakout_share_63|-1|self_mom_252_21|-1,pair,cluster24_peer_breakout_share_63,-1,self_mom_252_21,-1,,0
pair|cluster24_peer_breakout_share_63|+1|self_atr_63|+1,pair,cluster24_peer_breakout_share_63,1,self_atr_63,1,,0
pair|cluster24_peer_breakout_share_63|+1|self_atr_63|-1,pair,cluster24_peer_breakout_share_63,1,self_atr_63,-1,,0
pair|cluster24_peer_breakout_share_63|-1|self_atr_63|+1,pair,cluster24_peer_breakout_share_63,-1,self_atr_63,1,,0
pair|cluster24_peer_breakout_share_63|-1|self_atr_63|-1,pair,cluster24_peer_breakout_share_63,-1,self_atr_63,-1,,0
pair|cluster24_peer_breakout_share_63|+1|self_compression_20_63|+1,pair,cluster24_peer_breakout_share_63,1,self_compression_20_63,1,,0
pair|cluster24_peer_breakout_share_63|+1|self_compression_20_63|-1,pair,cluster24_peer_breakout_share_63,1,self_compression_20_63,-1,,0
pair|cluster24_peer_breakout_share_63|-1|self_compression_20_63|+1,pair,cluster24_peer_breakout_share_63,-1,self_compression_20_63,1,,0
pair|cluster24_peer_breakout_share_63|-1|self_compression_20_63|-1,pair,cluster24_peer_breakout_share_63,-1,self_compression_20_63,-1,,0
pair|cluster24_peer_breakout_share_63|+1|self_volume_ratio_5_20|+1,pair,cluster24_peer_breakout_share_63,1,self_volume_ratio_5_20,1,,0
pair|cluster24_peer_breakout_share_63|+1|self_volume_ratio_5_20|-1,pair,cluster24_peer_breakout_share_63,1,self_volume_ratio_5_20,-1,,0
pair|cluster24_peer_breakout_share_63|-1|self_volume_ratio_5_20|+1,pair,cluster24_peer_breakout_share_63,-1,self_volume_ratio_5_20,1,,0
pair|cluster24_peer_breakout_share_63|-1|self_volume_ratio_5_20|-1,pair,cluster24_peer_breakout_share_63,-1,self_volume_ratio_5_20,-1,,0
pair|cluster24_peer_breakout_share_63|+1|self_dist_high_63|+1,pair,cluster24_peer_breakout_share_63,1,self_dist_high_63,1,,0
pair|cluster24_peer_breakout_share_63|+1|self_dist_high_63|-1,pair,cluster24_peer_breakout_share_63,1,self_dist_high_63,-1,,0
pair|cluster24_peer_breakout_share_63|-1|self_dist_high_63|+1,pair,cluster24_peer_breakout_share_63,-1,self_dist_high_63,1,,0
pair|cluster24_peer_breakout_share_63|-1|self_dist_high_63|-1,pair,cluster24_peer_breakout_share_63,-1,self_dist_high_63,-1,,0
pair|cluster24_peer_breakout_share_63|+1|self_range_loc_63|+1,pair,cluster24_peer_breakout_share_63,1,self_range_loc_63,1,,0
pair|cluster24_peer_breakout_share_63|+1|self_range_loc_63|-1,pair,cluster24_peer_breakout_share_63,1,self_range_loc_63,-1,,0
pair|cluster24_peer_breakout_share_63|-1|self_range_loc_63|+1,pair,cluster24_peer_breakout_share_63,-1,self_range_loc_63,1,,0
pair|cluster24_peer_breakout_share_63|-1|self_range_loc_63|-1,pair,cluster24_peer_breakout_share_63,-1,self_range_loc_63,-1,,0
pair|cluster24_follower_gap_5|+1|self_ret_5|+1,pair,cluster24_follower_gap_5,1,self_ret_5,1,,0
pair|cluster24_follower_gap_5|+1|self_ret_5|-1,pair,cluster24_follower_gap_5,1,self_ret_5,-1,,0
pair|cluster24_follower_gap_5|-1|self_ret_5|+1,pair,cluster24_follower_gap_5,-1,self_ret_5,1,,0
pair|cluster24_follower_gap_5|-1|self_ret_5|-1,pair,cluster24_follower_gap_5,-1,self_ret_5,-1,,0
pair|cluster24_follower_gap_5|+1|self_ret_21|+1,pair,cluster24_follower_gap_5,1,self_ret_21,1,,0
pair|cluster24_follower_gap_5|+1|self_ret_21|-1,pair,cluster24_follower_gap_5,1,self_ret_21,-1,,0
pair|cluster24_follower_gap_5|-1|self_ret_21|+1,pair,cluster24_follower_gap_5,-1,self_ret_21,1,,0
pair|cluster24_follower_gap_5|-1|self_ret_21|-1,pair,cluster24_follower_gap_5,-1,self_ret_21,-1,,0
pair|cluster24_follower_gap_5|+1|self_ret_63|+1,pair,cluster24_follower_gap_5,1,self_ret_63,1,,0
pair|cluster24_follower_gap_5|+1|self_ret_63|-1,pair,cluster24_follower_gap_5,1,self_ret_63,-1,,0
pair|cluster24_follower_gap_5|-1|self_ret_63|+1,pair,cluster24_follower_gap_5,-1,self_ret_63,1,,0
pair|cluster24_follower_gap_5|-1|self_ret_63|-1,pair,cluster24_follower_gap_5,-1,self_ret_63,-1,,0
pair|cluster24_follower_gap_5|+1|self_mom_252_21|+1,pair,cluster24_follower_gap_5,1,self_mom_252_21,1,,0
pair|cluster24_follower_gap_5|+1|self_mom_252_21|-1,pair,cluster24_follower_gap_5,1,self_mom_252_21,-1,,0
pair|cluster24_follower_gap_5|-1|self_mom_252_21|+1,pair,cluster24_follower_gap_5,-1,self_mom_252_21,1,,0
pair|cluster24_follower_gap_5|-1|self_mom_252_21|-1,pair,cluster24_follower_gap_5,-1,self_mom_252_21,-1,,0
pair|cluster24_follower_gap_5|+1|self_atr_63|+1,pair,cluster24_follower_gap_5,1,self_atr_63,1,,0
pair|cluster24_follower_gap_5|+1|self_atr_63|-1,pair,cluster24_follower_gap_5,1,self_atr_63,-1,,0
pair|cluster24_follower_gap_5|-1|self_atr_63|+1,pair,cluster24_follower_gap_5,-1,self_atr_63,1,,0
pair|cluster24_follower_gap_5|-1|self_atr_63|-1,pair,cluster24_follower_gap_5,-1,self_atr_63,-1,,0
pair|cluster24_follower_gap_5|+1|self_compression_20_63|+1,pair,cluster24_follower_gap_5,1,self_compression_20_63,1,,0
pair|cluster24_follower_gap_5|+1|self_compression_20_63|-1,pair,cluster24_follower_gap_5,1,self_compression_20_63,-1,,0
pair|cluster24_follower_gap_5|-1|self_compression_20_63|+1,pair,cluster24_follower_gap_5,-1,self_compression_20_63,1,,0
pair|cluster24_follower_gap_5|-1|self_compression_20_63|-1,pair,cluster24_follower_gap_5,-1,self_compression_20_63,-1,,0
pair|cluster24_follower_gap_5|+1|self_volume_ratio_5_20|+1,pair,cluster24_follower_gap_5,1,self_volume_ratio_5_20,1,,0
pair|cluster24_follower_gap_5|+1|self_volume_ratio_5_20|-1,pair,cluster24_follower_gap_5,1,self_volume_ratio_5_20,-1,,0
pair|cluster24_follower_gap_5|-1|self_volume_ratio_5_20|+1,pair,cluster24_follower_gap_5,-1,self_volume_ratio_5_20,1,,0
pair|cluster24_follower_gap_5|-1|self_volume_ratio_5_20|-1,pair,cluster24_follower_gap_5,-1,self_volume_ratio_5_20,-1,,0
pair|cluster24_follower_gap_5|+1|self_dist_high_63|+1,pair,cluster24_follower_gap_5,1,self_dist_high_63,1,,0
pair|cluster24_follower_gap_5|+1|self_dist_high_63|-1,pair,cluster24_follower_gap_5,1,self_dist_high_63,-1,,0
pair|cluster24_follower_gap_5|-1|self_dist_high_63|+1,pair,cluster24_follower_gap_5,-1,self_dist_high_63,1,,0
pair|cluster24_follower_gap_5|-1|self_dist_high_63|-1,pair,cluster24_follower_gap_5,-1,self_dist_high_63,-1,,0
pair|cluster24_follower_gap_5|+1|self_range_loc_63|+1,pair,cluster24_follower_gap_5,1,self_range_loc_63,1,,0
pair|cluster24_follower_gap_5|+1|self_range_loc_63|-1,pair,cluster24_follower_gap_5,1,self_range_loc_63,-1,,0
pair|cluster24_follower_gap_5|-1|self_range_loc_63|+1,pair,cluster24_follower_gap_5,-1,self_range_loc_63,1,,0
pair|cluster24_follower_gap_5|-1|self_range_loc_63|-1,pair,cluster24_follower_gap_5,-1,self_range_loc_63,-1,,0
pair|cluster24_follower_gap_21|+1|self_ret_5|+1,pair,cluster24_follower_gap_21,1,self_ret_5,1,,0
pair|cluster24_follower_gap_21|+1|self_ret_5|-1,pair,cluster24_follower_gap_21,1,self_ret_5,-1,,0
pair|cluster24_follower_gap_21|-1|self_ret_5|+1,pair,cluster24_follower_gap_21,-1,self_ret_5,1,,0
pair|cluster24_follower_gap_21|-1|self_ret_5|-1,pair,cluster24_follower_gap_21,-1,self_ret_5,-1,,0
pair|cluster24_follower_gap_21|+1|self_ret_21|+1,pair,cluster24_follower_gap_21,1,self_ret_21,1,,0
pair|cluster24_follower_gap_21|+1|self_ret_21|-1,pair,cluster24_follower_gap_21,1,self_ret_21,-1,,0
pair|cluster24_follower_gap_21|-1|self_ret_21|+1,pair,cluster24_follower_gap_21,-1,self_ret_21,1,,0
pair|cluster24_follower_gap_21|-1|self_ret_21|-1,pair,cluster24_follower_gap_21,-1,self_ret_21,-1,,0
pair|cluster24_follower_gap_21|+1|self_ret_63|+1,pair,cluster24_follower_gap_21,1,self_ret_63,1,,0
pair|cluster24_follower_gap_21|+1|self_ret_63|-1,pair,cluster24_follower_gap_21,1,self_ret_63,-1,,0
pair|cluster24_follower_gap_21|-1|self_ret_63|+1,pair,cluster24_follower_gap_21,-1,self_ret_63,1,,0
pair|cluster24_follower_gap_21|-1|self_ret_63|-1,pair,cluster24_follower_gap_21,-1,self_ret_63,-1,,0
pair|cluster24_follower_gap_21|+1|self_mom_252_21|+1,pair,cluster24_follower_gap_21,1,self_mom_252_21,1,,0
pair|cluster24_follower_gap_21|+1|self_mom_252_21|-1,pair,cluster24_follower_gap_21,1,self_mom_252_21,-1,,0
pair|cluster24_follower_gap_21|-1|self_mom_252_21|+1,pair,cluster24_follower_gap_21,-1,self_mom_252_21,1,,0
pair|cluster24_follower_gap_21|-1|self_mom_252_21|-1,pair,cluster24_follower_gap_21,-1,self_mom_252_21,-1,,0
pair|cluster24_follower_gap_21|+1|self_atr_63|+1,pair,cluster24_follower_gap_21,1,self_atr_63,1,,0
pair|cluster24_follower_gap_21|+1|self_atr_63|-1,pair,cluster24_follower_gap_21,1,self_atr_63,-1,,0
pair|cluster24_follower_gap_21|-1|self_atr_63|+1,pair,cluster24_follower_gap_21,-1,self_atr_63,1,,0
pair|cluster24_follower_gap_21|-1|self_atr_63|-1,pair,cluster24_follower_gap_21,-1,self_atr_63,-1,,0
pair|cluster24_follower_gap_21|+1|self_compression_20_63|+1,pair,cluster24_follower_gap_21,1,self_compression_20_63,1,,0
pair|cluster24_follower_gap_21|+1|self_compression_20_63|-1,pair,cluster24_follower_gap_21,1,self_compression_20_63,-1,,0
pair|cluster24_follower_gap_21|-1|self_compression_20_63|+1,pair,cluster24_follower_gap_21,-1,self_compression_20_63,1,,0
pair|cluster24_follower_gap_21|-1|self_compression_20_63|-1,pair,cluster24_follower_gap_21,-1,self_compression_20_63,-1,,0
pair|cluster24_follower_gap_21|+1|self_volume_ratio_5_20|+1,pair,cluster24_follower_gap_21,1,self_volume_ratio_5_20,1,,0
pair|cluster24_follower_gap_21|+1|self_volume_ratio_5_20|-1,pair,cluster24_follower_gap_21,1,self_volume_ratio_5_20,-1,,0
pair|cluster24_follower_gap_21|-1|self_volume_ratio_5_20|+1,pair,cluster24_follower_gap_21,-1,self_volume_ratio_5_20,1,,0
pair|cluster24_follower_gap_21|-1|self_volume_ratio_5_20|-1,pair,cluster24_follower_gap_21,-1,self_volume_ratio_5_20,-1,,0
pair|cluster24_follower_gap_21|+1|self_dist_high_63|+1,pair,cluster24_follower_gap_21,1,self_dist_high_63,1,,0
pair|cluster24_follower_gap_21|+1|self_dist_high_63|-1,pair,cluster24_follower_gap_21,1,self_dist_high_63,-1,,0
pair|cluster24_follower_gap_21|-1|self_dist_high_63|+1,pair,cluster24_follower_gap_21,-1,self_dist_high_63,1,,0
pair|cluster24_follower_gap_21|-1|self_dist_high_63|-1,pair,cluster24_follower_gap_21,-1,self_dist_high_63,-1,,0
pair|cluster24_follower_gap_21|+1|self_range_loc_63|+1,pair,cluster24_follower_gap_21,1,self_range_loc_63,1,,0
pair|cluster24_follower_gap_21|+1|self_range_loc_63|-1,pair,cluster24_follower_gap_21,1,self_range_loc_63,-1,,0
pair|cluster24_follower_gap_21|-1|self_range_loc_63|+1,pair,cluster24_follower_gap_21,-1,self_range_loc_63,1,,0
pair|cluster24_follower_gap_21|-1|self_range_loc_63|-1,pair,cluster24_follower_gap_21,-1,self_range_loc_63,-1,,0
pair|cluster24_follower_gap_63|+1|self_ret_5|+1,pair,cluster24_follower_gap_63,1,self_ret_5,1,,0
pair|cluster24_follower_gap_63|+1|self_ret_5|-1,pair,cluster24_follower_gap_63,1,self_ret_5,-1,,0
pair|cluster24_follower_gap_63|-1|self_ret_5|+1,pair,cluster24_follower_gap_63,-1,self_ret_5,1,,0
pair|cluster24_follower_gap_63|-1|self_ret_5|-1,pair,cluster24_follower_gap_63,-1,self_ret_5,-1,,0
pair|cluster24_follower_gap_63|+1|self_ret_21|+1,pair,cluster24_follower_gap_63,1,self_ret_21,1,,0
pair|cluster24_follower_gap_63|+1|self_ret_21|-1,pair,cluster24_follower_gap_63,1,self_ret_21,-1,,0
pair|cluster24_follower_gap_63|-1|self_ret_21|+1,pair,cluster24_follower_gap_63,-1,self_ret_21,1,,0
pair|cluster24_follower_gap_63|-1|self_ret_21|-1,pair,cluster24_follower_gap_63,-1,self_ret_21,-1,,0
pair|cluster24_follower_gap_63|+1|self_ret_63|+1,pair,cluster24_follower_gap_63,1,self_ret_63,1,,0
pair|cluster24_follower_gap_63|+1|self_ret_63|-1,pair,cluster24_follower_gap_63,1,self_ret_63,-1,,0
pair|cluster24_follower_gap_63|-1|self_ret_63|+1,pair,cluster24_follower_gap_63,-1,self_ret_63,1,,0
pair|cluster24_follower_gap_63|-1|self_ret_63|-1,pair,cluster24_follower_gap_63,-1,self_ret_63,-1,,0
pair|cluster24_follower_gap_63|+1|self_mom_252_21|+1,pair,cluster24_follower_gap_63,1,self_mom_252_21,1,,0
pair|cluster24_follower_gap_63|+1|self_mom_252_21|-1,pair,cluster24_follower_gap_63,1,self_mom_252_21,-1,,0
pair|cluster24_follower_gap_63|-1|self_mom_252_21|+1,pair,cluster24_follower_gap_63,-1,self_mom_252_21,1,,0
pair|cluster24_follower_gap_63|-1|self_mom_252_21|-1,pair,cluster24_follower_gap_63,-1,self_mom_252_21,-1,,0
pair|cluster24_follower_gap_63|+1|self_atr_63|+1,pair,cluster24_follower_gap_63,1,self_atr_63,1,,0
pair|cluster24_follower_gap_63|+1|self_atr_63|-1,pair,cluster24_follower_gap_63,1,self_atr_63,-1,,0
pair|cluster24_follower_gap_63|-1|self_atr_63|+1,pair,cluster24_follower_gap_63,-1,self_atr_63,1,,0
pair|cluster24_follower_gap_63|-1|self_atr_63|-1,pair,cluster24_follower_gap_63,-1,self_atr_63,-1,,0
pair|cluster24_follower_gap_63|+1|self_compression_20_63|+1,pair,cluster24_follower_gap_63,1,self_compression_20_63,1,,0
pair|cluster24_follower_gap_63|+1|self_compression_20_63|-1,pair,cluster24_follower_gap_63,1,self_compression_20_63,-1,,0
pair|cluster24_follower_gap_63|-1|self_compression_20_63|+1,pair,cluster24_follower_gap_63,-1,self_compression_20_63,1,,0
pair|cluster24_follower_gap_63|-1|self_compression_20_63|-1,pair,cluster24_follower_gap_63,-1,self_compression_20_63,-1,,0
pair|cluster24_follower_gap_63|+1|self_volume_ratio_5_20|+1,pair,cluster24_follower_gap_63,1,self_volume_ratio_5_20,1,,0
pair|cluster24_follower_gap_63|+1|self_volume_ratio_5_20|-1,pair,cluster24_follower_gap_63,1,self_volume_ratio_5_20,-1,,0
pair|cluster24_follower_gap_63|-1|self_volume_ratio_5_20|+1,pair,cluster24_follower_gap_63,-1,self_volume_ratio_5_20,1,,0
pair|cluster24_follower_gap_63|-1|self_volume_ratio_5_20|-1,pair,cluster24_follower_gap_63,-1,self_volume_ratio_5_20,-1,,0
pair|cluster24_follower_gap_63|+1|self_dist_high_63|+1,pair,cluster24_follower_gap_63,1,self_dist_high_63,1,,0
pair|cluster24_follower_gap_63|+1|self_dist_high_63|-1,pair,cluster24_follower_gap_63,1,self_dist_high_63,-1,,0
pair|cluster24_follower_gap_63|-1|self_dist_high_63|+1,pair,cluster24_follower_gap_63,-1,self_dist_high_63,1,,0
pair|cluster24_follower_gap_63|-1|self_dist_high_63|-1,pair,cluster24_follower_gap_63,-1,self_dist_high_63,-1,,0
pair|cluster24_follower_gap_63|+1|self_range_loc_63|+1,pair,cluster24_follower_gap_63,1,self_range_loc_63,1,,0
pair|cluster24_follower_gap_63|+1|self_range_loc_63|-1,pair,cluster24_follower_gap_63,1,self_range_loc_63,-1,,0
pair|cluster24_follower_gap_63|-1|self_range_loc_63|+1,pair,cluster24_follower_gap_63,-1,self_range_loc_63,1,,0
pair|cluster24_follower_gap_63|-1|self_range_loc_63|-1,pair,cluster24_follower_gap_63,-1,self_range_loc_63,-1,,0
pair|cluster48_peer_ret_5|+1|self_ret_5|+1,pair,cluster48_peer_ret_5,1,self_ret_5,1,,0
pair|cluster48_peer_ret_5|+1|self_ret_5|-1,pair,cluster48_peer_ret_5,1,self_ret_5,-1,,0
pair|cluster48_peer_ret_5|-1|self_ret_5|+1,pair,cluster48_peer_ret_5,-1,self_ret_5,1,,0
pair|cluster48_peer_ret_5|-1|self_ret_5|-1,pair,cluster48_peer_ret_5,-1,self_ret_5,-1,,0
pair|cluster48_peer_ret_5|+1|self_ret_21|+1,pair,cluster48_peer_ret_5,1,self_ret_21,1,,0
pair|cluster48_peer_ret_5|+1|self_ret_21|-1,pair,cluster48_peer_ret_5,1,self_ret_21,-1,,0
pair|cluster48_peer_ret_5|-1|self_ret_21|+1,pair,cluster48_peer_ret_5,-1,self_ret_21,1,,0
pair|cluster48_peer_ret_5|-1|self_ret_21|-1,pair,cluster48_peer_ret_5,-1,self_ret_21,-1,,0
pair|cluster48_peer_ret_5|+1|self_ret_63|+1,pair,cluster48_peer_ret_5,1,self_ret_63,1,,0
pair|cluster48_peer_ret_5|+1|self_ret_63|-1,pair,cluster48_peer_ret_5,1,self_ret_63,-1,,0
pair|cluster48_peer_ret_5|-1|self_ret_63|+1,pair,cluster48_peer_ret_5,-1,self_ret_63,1,,0
pair|cluster48_peer_ret_5|-1|self_ret_63|-1,pair,cluster48_peer_ret_5,-1,self_ret_63,-1,,0
pair|cluster48_peer_ret_5|+1|self_mom_252_21|+1,pair,cluster48_peer_ret_5,1,self_mom_252_21,1,,0
pair|cluster48_peer_ret_5|+1|self_mom_252_21|-1,pair,cluster48_peer_ret_5,1,self_mom_252_21,-1,,0
pair|cluster48_peer_ret_5|-1|self_mom_252_21|+1,pair,cluster48_peer_ret_5,-1,self_mom_252_21,1,,0
pair|cluster48_peer_ret_5|-1|self_mom_252_21|-1,pair,cluster48_peer_ret_5,-1,self_mom_252_21,-1,,0
pair|cluster48_peer_ret_5|+1|self_atr_63|+1,pair,cluster48_peer_ret_5,1,self_atr_63,1,,0
pair|cluster48_peer_ret_5|+1|self_atr_63|-1,pair,cluster48_peer_ret_5,1,self_atr_63,-1,,0
pair|cluster48_peer_ret_5|-1|self_atr_63|+1,pair,cluster48_peer_ret_5,-1,self_atr_63,1,,0
pair|cluster48_peer_ret_5|-1|self_atr_63|-1,pair,cluster48_peer_ret_5,-1,self_atr_63,-1,,0
pair|cluster48_peer_ret_5|+1|self_compression_20_63|+1,pair,cluster48_peer_ret_5,1,self_compression_20_63,1,,0
pair|cluster48_peer_ret_5|+1|self_compression_20_63|-1,pair,cluster48_peer_ret_5,1,self_compression_20_63,-1,,0
pair|cluster48_peer_ret_5|-1|self_compression_20_63|+1,pair,cluster48_peer_ret_5,-1,self_compression_20_63,1,,0
pair|cluster48_peer_ret_5|-1|self_compression_20_63|-1,pair,cluster48_peer_ret_5,-1,self_compression_20_63,-1,,0
pair|cluster48_peer_ret_5|+1|self_volume_ratio_5_20|+1,pair,cluster48_peer_ret_5,1,self_volume_ratio_5_20,1,,0
pair|cluster48_peer_ret_5|+1|self_volume_ratio_5_20|-1,pair,cluster48_peer_ret_5,1,self_volume_ratio_5_20,-1,,0
pair|cluster48_peer_ret_5|-1|self_volume_ratio_5_20|+1,pair,cluster48_peer_ret_5,-1,self_volume_ratio_5_20,1,,0
pair|cluster48_peer_ret_5|-1|self_volume_ratio_5_20|-1,pair,cluster48_peer_ret_5,-1,self_volume_ratio_5_20,-1,,0
pair|cluster48_peer_ret_5|+1|self_dist_high_63|+1,pair,cluster48_peer_ret_5,1,self_dist_high_63,1,,0
pair|cluster48_peer_ret_5|+1|self_dist_high_63|-1,pair,cluster48_peer_ret_5,1,self_dist_high_63,-1,,0
pair|cluster48_peer_ret_5|-1|self_dist_high_63|+1,pair,cluster48_peer_ret_5,-1,self_dist_high_63,1,,0
pair|cluster48_peer_ret_5|-1|self_dist_high_63|-1,pair,cluster48_peer_ret_5,-1,self_dist_high_63,-1,,0
pair|cluster48_peer_ret_5|+1|self_range_loc_63|+1,pair,cluster48_peer_ret_5,1,self_range_loc_63,1,,0
pair|cluster48_peer_ret_5|+1|self_range_loc_63|-1,pair,cluster48_peer_ret_5,1,self_range_loc_63,-1,,0
pair|cluster48_peer_ret_5|-1|self_range_loc_63|+1,pair,cluster48_peer_ret_5,-1,self_range_loc_63,1,,0
pair|cluster48_peer_ret_5|-1|self_range_loc_63|-1,pair,cluster48_peer_ret_5,-1,self_range_loc_63,-1,,0
pair|cluster48_peer_breadth_5|+1|self_ret_5|+1,pair,cluster48_peer_breadth_5,1,self_ret_5,1,,0
pair|cluster48_peer_breadth_5|+1|self_ret_5|-1,pair,cluster48_peer_breadth_5,1,self_ret_5,-1,,0
pair|cluster48_peer_breadth_5|-1|self_ret_5|+1,pair,cluster48_peer_breadth_5,-1,self_ret_5,1,,0
pair|cluster48_peer_breadth_5|-1|self_ret_5|-1,pair,cluster48_peer_breadth_5,-1,self_ret_5,-1,,0
pair|cluster48_peer_breadth_5|+1|self_ret_21|+1,pair,cluster48_peer_breadth_5,1,self_ret_21,1,,0
pair|cluster48_peer_breadth_5|+1|self_ret_21|-1,pair,cluster48_peer_breadth_5,1,self_ret_21,-1,,0
pair|cluster48_peer_breadth_5|-1|self_ret_21|+1,pair,cluster48_peer_breadth_5,-1,self_ret_21,1,,0
pair|cluster48_peer_breadth_5|-1|self_ret_21|-1,pair,cluster48_peer_breadth_5,-1,self_ret_21,-1,,0
pair|cluster48_peer_breadth_5|+1|self_ret_63|+1,pair,cluster48_peer_breadth_5,1,self_ret_63,1,,0
pair|cluster48_peer_breadth_5|+1|self_ret_63|-1,pair,cluster48_peer_breadth_5,1,self_ret_63,-1,,0
pair|cluster48_peer_breadth_5|-1|self_ret_63|+1,pair,cluster48_peer_breadth_5,-1,self_ret_63,1,,0
pair|cluster48_peer_breadth_5|-1|self_ret_63|-1,pair,cluster48_peer_breadth_5,-1,self_ret_63,-1,,0
pair|cluster48_peer_breadth_5|+1|self_mom_252_21|+1,pair,cluster48_peer_breadth_5,1,self_mom_252_21,1,,0
pair|cluster48_peer_breadth_5|+1|self_mom_252_21|-1,pair,cluster48_peer_breadth_5,1,self_mom_252_21,-1,,0
pair|cluster48_peer_breadth_5|-1|self_mom_252_21|+1,pair,cluster48_peer_breadth_5,-1,self_mom_252_21,1,,0
pair|cluster48_peer_breadth_5|-1|self_mom_252_21|-1,pair,cluster48_peer_breadth_5,-1,self_mom_252_21,-1,,0
pair|cluster48_peer_breadth_5|+1|self_atr_63|+1,pair,cluster48_peer_breadth_5,1,self_atr_63,1,,0
pair|cluster48_peer_breadth_5|+1|self_atr_63|-1,pair,cluster48_peer_breadth_5,1,self_atr_63,-1,,0
pair|cluster48_peer_breadth_5|-1|self_atr_63|+1,pair,cluster48_peer_breadth_5,-1,self_atr_63,1,,0
pair|cluster48_peer_breadth_5|-1|self_atr_63|-1,pair,cluster48_peer_breadth_5,-1,self_atr_63,-1,,0
pair|cluster48_peer_breadth_5|+1|self_compression_20_63|+1,pair,cluster48_peer_breadth_5,1,self_compression_20_63,1,,0
pair|cluster48_peer_breadth_5|+1|self_compression_20_63|-1,pair,cluster48_peer_breadth_5,1,self_compression_20_63,-1,,0
pair|cluster48_peer_breadth_5|-1|self_compression_20_63|+1,pair,cluster48_peer_breadth_5,-1,self_compression_20_63,1,,0
pair|cluster48_peer_breadth_5|-1|self_compression_20_63|-1,pair,cluster48_peer_breadth_5,-1,self_compression_20_63,-1,,0
pair|cluster48_peer_breadth_5|+1|self_volume_ratio_5_20|+1,pair,cluster48_peer_breadth_5,1,self_volume_ratio_5_20,1,,0
pair|cluster48_peer_breadth_5|+1|self_volume_ratio_5_20|-1,pair,cluster48_peer_breadth_5,1,self_volume_ratio_5_20,-1,,0
pair|cluster48_peer_breadth_5|-1|self_volume_ratio_5_20|+1,pair,cluster48_peer_breadth_5,-1,self_volume_ratio_5_20,1,,0
pair|cluster48_peer_breadth_5|-1|self_volume_ratio_5_20|-1,pair,cluster48_peer_breadth_5,-1,self_volume_ratio_5_20,-1,,0
pair|cluster48_peer_breadth_5|+1|self_dist_high_63|+1,pair,cluster48_peer_breadth_5,1,self_dist_high_63,1,,0
pair|cluster48_peer_breadth_5|+1|self_dist_high_63|-1,pair,cluster48_peer_breadth_5,1,self_dist_high_63,-1,,0
pair|cluster48_peer_breadth_5|-1|self_dist_high_63|+1,pair,cluster48_peer_breadth_5,-1,self_dist_high_63,1,,0
pair|cluster48_peer_breadth_5|-1|self_dist_high_63|-1,pair,cluster48_peer_breadth_5,-1,self_dist_high_63,-1,,0
pair|cluster48_peer_breadth_5|+1|self_range_loc_63|+1,pair,cluster48_peer_breadth_5,1,self_range_loc_63,1,,0
pair|cluster48_peer_breadth_5|+1|self_range_loc_63|-1,pair,cluster48_peer_breadth_5,1,self_range_loc_63,-1,,0
pair|cluster48_peer_breadth_5|-1|self_range_loc_63|+1,pair,cluster48_peer_breadth_5,-1,self_range_loc_63,1,,0
pair|cluster48_peer_breadth_5|-1|self_range_loc_63|-1,pair,cluster48_peer_breadth_5,-1,self_range_loc_63,-1,,0
pair|cluster48_peer_ret_21|+1|self_ret_5|+1,pair,cluster48_peer_ret_21,1,self_ret_5,1,,0
pair|cluster48_peer_ret_21|+1|self_ret_5|-1,pair,cluster48_peer_ret_21,1,self_ret_5,-1,,0
pair|cluster48_peer_ret_21|-1|self_ret_5|+1,pair,cluster48_peer_ret_21,-1,self_ret_5,1,,0
pair|cluster48_peer_ret_21|-1|self_ret_5|-1,pair,cluster48_peer_ret_21,-1,self_ret_5,-1,,0
pair|cluster48_peer_ret_21|+1|self_ret_21|+1,pair,cluster48_peer_ret_21,1,self_ret_21,1,,0
pair|cluster48_peer_ret_21|+1|self_ret_21|-1,pair,cluster48_peer_ret_21,1,self_ret_21,-1,,0
pair|cluster48_peer_ret_21|-1|self_ret_21|+1,pair,cluster48_peer_ret_21,-1,self_ret_21,1,,0
pair|cluster48_peer_ret_21|-1|self_ret_21|-1,pair,cluster48_peer_ret_21,-1,self_ret_21,-1,,0
pair|cluster48_peer_ret_21|+1|self_ret_63|+1,pair,cluster48_peer_ret_21,1,self_ret_63,1,,0
pair|cluster48_peer_ret_21|+1|self_ret_63|-1,pair,cluster48_peer_ret_21,1,self_ret_63,-1,,0
pair|cluster48_peer_ret_21|-1|self_ret_63|+1,pair,cluster48_peer_ret_21,-1,self_ret_63,1,,0
pair|cluster48_peer_ret_21|-1|self_ret_63|-1,pair,cluster48_peer_ret_21,-1,self_ret_63,-1,,0
pair|cluster48_peer_ret_21|+1|self_mom_252_21|+1,pair,cluster48_peer_ret_21,1,self_mom_252_21,1,,0
pair|cluster48_peer_ret_21|+1|self_mom_252_21|-1,pair,cluster48_peer_ret_21,1,self_mom_252_21,-1,,0
pair|cluster48_peer_ret_21|-1|self_mom_252_21|+1,pair,cluster48_peer_ret_21,-1,self_mom_252_21,1,,0
pair|cluster48_peer_ret_21|-1|self_mom_252_21|-1,pair,cluster48_peer_ret_21,-1,self_mom_252_21,-1,,0
pair|cluster48_peer_ret_21|+1|self_atr_63|+1,pair,cluster48_peer_ret_21,1,self_atr_63,1,,0
pair|cluster48_peer_ret_21|+1|self_atr_63|-1,pair,cluster48_peer_ret_21,1,self_atr_63,-1,,0
pair|cluster48_peer_ret_21|-1|self_atr_63|+1,pair,cluster48_peer_ret_21,-1,self_atr_63,1,,0
pair|cluster48_peer_ret_21|-1|self_atr_63|-1,pair,cluster48_peer_ret_21,-1,self_atr_63,-1,,0
pair|cluster48_peer_ret_21|+1|self_compression_20_63|+1,pair,cluster48_peer_ret_21,1,self_compression_20_63,1,,0
pair|cluster48_peer_ret_21|+1|self_compression_20_63|-1,pair,cluster48_peer_ret_21,1,self_compression_20_63,-1,,0
pair|cluster48_peer_ret_21|-1|self_compression_20_63|+1,pair,cluster48_peer_ret_21,-1,self_compression_20_63,1,,0
pair|cluster48_peer_ret_21|-1|self_compression_20_63|-1,pair,cluster48_peer_ret_21,-1,self_compression_20_63,-1,,0
pair|cluster48_peer_ret_21|+1|self_volume_ratio_5_20|+1,pair,cluster48_peer_ret_21,1,self_volume_ratio_5_20,1,,0
pair|cluster48_peer_ret_21|+1|self_volume_ratio_5_20|-1,pair,cluster48_peer_ret_21,1,self_volume_ratio_5_20,-1,,0
pair|cluster48_peer_ret_21|-1|self_volume_ratio_5_20|+1,pair,cluster48_peer_ret_21,-1,self_volume_ratio_5_20,1,,0
pair|cluster48_peer_ret_21|-1|self_volume_ratio_5_20|-1,pair,cluster48_peer_ret_21,-1,self_volume_ratio_5_20,-1,,0
pair|cluster48_peer_ret_21|+1|self_dist_high_63|+1,pair,cluster48_peer_ret_21,1,self_dist_high_63,1,,0
pair|cluster48_peer_ret_21|+1|self_dist_high_63|-1,pair,cluster48_peer_ret_21,1,self_dist_high_63,-1,,0
pair|cluster48_peer_ret_21|-1|self_dist_high_63|+1,pair,cluster48_peer_ret_21,-1,self_dist_high_63,1,,0
pair|cluster48_peer_ret_21|-1|self_dist_high_63|-1,pair,cluster48_peer_ret_21,-1,self_dist_high_63,-1,,0
pair|cluster48_peer_ret_21|+1|self_range_loc_63|+1,pair,cluster48_peer_ret_21,1,self_range_loc_63,1,,0
pair|cluster48_peer_ret_21|+1|self_range_loc_63|-1,pair,cluster48_peer_ret_21,1,self_range_loc_63,-1,,0
pair|cluster48_peer_ret_21|-1|self_range_loc_63|+1,pair,cluster48_peer_ret_21,-1,self_range_loc_63,1,,0
pair|cluster48_peer_ret_21|-1|self_range_loc_63|-1,pair,cluster48_peer_ret_21,-1,self_range_loc_63,-1,,0
pair|cluster48_peer_breadth_21|+1|self_ret_5|+1,pair,cluster48_peer_breadth_21,1,self_ret_5,1,,0
pair|cluster48_peer_breadth_21|+1|self_ret_5|-1,pair,cluster48_peer_breadth_21,1,self_ret_5,-1,,0
pair|cluster48_peer_breadth_21|-1|self_ret_5|+1,pair,cluster48_peer_breadth_21,-1,self_ret_5,1,,0
pair|cluster48_peer_breadth_21|-1|self_ret_5|-1,pair,cluster48_peer_breadth_21,-1,self_ret_5,-1,,0
pair|cluster48_peer_breadth_21|+1|self_ret_21|+1,pair,cluster48_peer_breadth_21,1,self_ret_21,1,,0
pair|cluster48_peer_breadth_21|+1|self_ret_21|-1,pair,cluster48_peer_breadth_21,1,self_ret_21,-1,,0
pair|cluster48_peer_breadth_21|-1|self_ret_21|+1,pair,cluster48_peer_breadth_21,-1,self_ret_21,1,,0
pair|cluster48_peer_breadth_21|-1|self_ret_21|-1,pair,cluster48_peer_breadth_21,-1,self_ret_21,-1,,0
pair|cluster48_peer_breadth_21|+1|self_ret_63|+1,pair,cluster48_peer_breadth_21,1,self_ret_63,1,,0
pair|cluster48_peer_breadth_21|+1|self_ret_63|-1,pair,cluster48_peer_breadth_21,1,self_ret_63,-1,,0
pair|cluster48_peer_breadth_21|-1|self_ret_63|+1,pair,cluster48_peer_breadth_21,-1,self_ret_63,1,,0
pair|cluster48_peer_breadth_21|-1|self_ret_63|-1,pair,cluster48_peer_breadth_21,-1,self_ret_63,-1,,0
pair|cluster48_peer_breadth_21|+1|self_mom_252_21|+1,pair,cluster48_peer_breadth_21,1,self_mom_252_21,1,,0
pair|cluster48_peer_breadth_21|+1|self_mom_252_21|-1,pair,cluster48_peer_breadth_21,1,self_mom_252_21,-1,,0
pair|cluster48_peer_breadth_21|-1|self_mom_252_21|+1,pair,cluster48_peer_breadth_21,-1,self_mom_252_21,1,,0
pair|cluster48_peer_breadth_21|-1|self_mom_252_21|-1,pair,cluster48_peer_breadth_21,-1,self_mom_252_21,-1,,0
pair|cluster48_peer_breadth_21|+1|self_atr_63|+1,pair,cluster48_peer_breadth_21,1,self_atr_63,1,,0
pair|cluster48_peer_breadth_21|+1|self_atr_63|-1,pair,cluster48_peer_breadth_21,1,self_atr_63,-1,,0
pair|cluster48_peer_breadth_21|-1|self_atr_63|+1,pair,cluster48_peer_breadth_21,-1,self_atr_63,1,,0
pair|cluster48_peer_breadth_21|-1|self_atr_63|-1,pair,cluster48_peer_breadth_21,-1,self_atr_63,-1,,0
pair|cluster48_peer_breadth_21|+1|self_compression_20_63|+1,pair,cluster48_peer_breadth_21,1,self_compression_20_63,1,,0
pair|cluster48_peer_breadth_21|+1|self_compression_20_63|-1,pair,cluster48_peer_breadth_21,1,self_compression_20_63,-1,,0
pair|cluster48_peer_breadth_21|-1|self_compression_20_63|+1,pair,cluster48_peer_breadth_21,-1,self_compression_20_63,1,,0
pair|cluster48_peer_breadth_21|-1|self_compression_20_63|-1,pair,cluster48_peer_breadth_21,-1,self_compression_20_63,-1,,0
pair|cluster48_peer_breadth_21|+1|self_volume_ratio_5_20|+1,pair,cluster48_peer_breadth_21,1,self_volume_ratio_5_20,1,,0
pair|cluster48_peer_breadth_21|+1|self_volume_ratio_5_20|-1,pair,cluster48_peer_breadth_21,1,self_volume_ratio_5_20,-1,,0
pair|cluster48_peer_breadth_21|-1|self_volume_ratio_5_20|+1,pair,cluster48_peer_breadth_21,-1,self_volume_ratio_5_20,1,,0
pair|cluster48_peer_breadth_21|-1|self_volume_ratio_5_20|-1,pair,cluster48_peer_breadth_21,-1,self_volume_ratio_5_20,-1,,0
pair|cluster48_peer_breadth_21|+1|self_dist_high_63|+1,pair,cluster48_peer_breadth_21,1,self_dist_high_63,1,,0
pair|cluster48_peer_breadth_21|+1|self_dist_high_63|-1,pair,cluster48_peer_breadth_21,1,self_dist_high_63,-1,,0
pair|cluster48_peer_breadth_21|-1|self_dist_high_63|+1,pair,cluster48_peer_breadth_21,-1,self_dist_high_63,1,,0
pair|cluster48_peer_breadth_21|-1|self_dist_high_63|-1,pair,cluster48_peer_breadth_21,-1,self_dist_high_63,-1,,0
pair|cluster48_peer_breadth_21|+1|self_range_loc_63|+1,pair,cluster48_peer_breadth_21,1,self_range_loc_63,1,,0
pair|cluster48_peer_breadth_21|+1|self_range_loc_63|-1,pair,cluster48_peer_breadth_21,1,self_range_loc_63,-1,,0
pair|cluster48_peer_breadth_21|-1|self_range_loc_63|+1,pair,cluster48_peer_breadth_21,-1,self_range_loc_63,1,,0
pair|cluster48_peer_breadth_21|-1|self_range_loc_63|-1,pair,cluster48_peer_breadth_21,-1,self_range_loc_63,-1,,0
pair|cluster48_peer_ret_63|+1|self_ret_5|+1,pair,cluster48_peer_ret_63,1,self_ret_5,1,,0
pair|cluster48_peer_ret_63|+1|self_ret_5|-1,pair,cluster48_peer_ret_63,1,self_ret_5,-1,,0
pair|cluster48_peer_ret_63|-1|self_ret_5|+1,pair,cluster48_peer_ret_63,-1,self_ret_5,1,,0
pair|cluster48_peer_ret_63|-1|self_ret_5|-1,pair,cluster48_peer_ret_63,-1,self_ret_5,-1,,0
pair|cluster48_peer_ret_63|+1|self_ret_21|+1,pair,cluster48_peer_ret_63,1,self_ret_21,1,,0
pair|cluster48_peer_ret_63|+1|self_ret_21|-1,pair,cluster48_peer_ret_63,1,self_ret_21,-1,,0
pair|cluster48_peer_ret_63|-1|self_ret_21|+1,pair,cluster48_peer_ret_63,-1,self_ret_21,1,,0
pair|cluster48_peer_ret_63|-1|self_ret_21|-1,pair,cluster48_peer_ret_63,-1,self_ret_21,-1,,0
pair|cluster48_peer_ret_63|+1|self_ret_63|+1,pair,cluster48_peer_ret_63,1,self_ret_63,1,,0
pair|cluster48_peer_ret_63|+1|self_ret_63|-1,pair,cluster48_peer_ret_63,1,self_ret_63,-1,,0
pair|cluster48_peer_ret_63|-1|self_ret_63|+1,pair,cluster48_peer_ret_63,-1,self_ret_63,1,,0
pair|cluster48_peer_ret_63|-1|self_ret_63|-1,pair,cluster48_peer_ret_63,-1,self_ret_63,-1,,0
pair|cluster48_peer_ret_63|+1|self_mom_252_21|+1,pair,cluster48_peer_ret_63,1,self_mom_252_21,1,,0
pair|cluster48_peer_ret_63|+1|self_mom_252_21|-1,pair,cluster48_peer_ret_63,1,self_mom_252_21,-1,,0
pair|cluster48_peer_ret_63|-1|self_mom_252_21|+1,pair,cluster48_peer_ret_63,-1,self_mom_252_21,1,,0
pair|cluster48_peer_ret_63|-1|self_mom_252_21|-1,pair,cluster48_peer_ret_63,-1,self_mom_252_21,-1,,0
pair|cluster48_peer_ret_63|+1|self_atr_63|+1,pair,cluster48_peer_ret_63,1,self_atr_63,1,,0
pair|cluster48_peer_ret_63|+1|self_atr_63|-1,pair,cluster48_peer_ret_63,1,self_atr_63,-1,,0
pair|cluster48_peer_ret_63|-1|self_atr_63|+1,pair,cluster48_peer_ret_63,-1,self_atr_63,1,,0
pair|cluster48_peer_ret_63|-1|self_atr_63|-1,pair,cluster48_peer_ret_63,-1,self_atr_63,-1,,0
pair|cluster48_peer_ret_63|+1|self_compression_20_63|+1,pair,cluster48_peer_ret_63,1,self_compression_20_63,1,,0
pair|cluster48_peer_ret_63|+1|self_compression_20_63|-1,pair,cluster48_peer_ret_63,1,self_compression_20_63,-1,,0
pair|cluster48_peer_ret_63|-1|self_compression_20_63|+1,pair,cluster48_peer_ret_63,-1,self_compression_20_63,1,,0
pair|cluster48_peer_ret_63|-1|self_compression_20_63|-1,pair,cluster48_peer_ret_63,-1,self_compression_20_63,-1,,0
pair|cluster48_peer_ret_63|+1|self_volume_ratio_5_20|+1,pair,cluster48_peer_ret_63,1,self_volume_ratio_5_20,1,,0
pair|cluster48_peer_ret_63|+1|self_volume_ratio_5_20|-1,pair,cluster48_peer_ret_63,1,self_volume_ratio_5_20,-1,,0
pair|cluster48_peer_ret_63|-1|self_volume_ratio_5_20|+1,pair,cluster48_peer_ret_63,-1,self_volume_ratio_5_20,1,,0
pair|cluster48_peer_ret_63|-1|self_volume_ratio_5_20|-1,pair,cluster48_peer_ret_63,-1,self_volume_ratio_5_20,-1,,0
pair|cluster48_peer_ret_63|+1|self_dist_high_63|+1,pair,cluster48_peer_ret_63,1,self_dist_high_63,1,,0
pair|cluster48_peer_ret_63|+1|self_dist_high_63|-1,pair,cluster48_peer_ret_63,1,self_dist_high_63,-1,,0
pair|cluster48_peer_ret_63|-1|self_dist_high_63|+1,pair,cluster48_peer_ret_63,-1,self_dist_high_63,1,,0
pair|cluster48_peer_ret_63|-1|self_dist_high_63|-1,pair,cluster48_peer_ret_63,-1,self_dist_high_63,-1,,0
pair|cluster48_peer_ret_63|+1|self_range_loc_63|+1,pair,cluster48_peer_ret_63,1,self_range_loc_63,1,,0
pair|cluster48_peer_ret_63|+1|self_range_loc_63|-1,pair,cluster48_peer_ret_63,1,self_range_loc_63,-1,,0
pair|cluster48_peer_ret_63|-1|self_range_loc_63|+1,pair,cluster48_peer_ret_63,-1,self_range_loc_63,1,,0
pair|cluster48_peer_ret_63|-1|self_range_loc_63|-1,pair,cluster48_peer_ret_63,-1,self_range_loc_63,-1,,0
pair|cluster48_peer_breadth_63|+1|self_ret_5|+1,pair,cluster48_peer_breadth_63,1,self_ret_5,1,,0
pair|cluster48_peer_breadth_63|+1|self_ret_5|-1,pair,cluster48_peer_breadth_63,1,self_ret_5,-1,,0
pair|cluster48_peer_breadth_63|-1|self_ret_5|+1,pair,cluster48_peer_breadth_63,-1,self_ret_5,1,,0
pair|cluster48_peer_breadth_63|-1|self_ret_5|-1,pair,cluster48_peer_breadth_63,-1,self_ret_5,-1,,0
pair|cluster48_peer_breadth_63|+1|self_ret_21|+1,pair,cluster48_peer_breadth_63,1,self_ret_21,1,,0
pair|cluster48_peer_breadth_63|+1|self_ret_21|-1,pair,cluster48_peer_breadth_63,1,self_ret_21,-1,,0
pair|cluster48_peer_breadth_63|-1|self_ret_21|+1,pair,cluster48_peer_breadth_63,-1,self_ret_21,1,,0
pair|cluster48_peer_breadth_63|-1|self_ret_21|-1,pair,cluster48_peer_breadth_63,-1,self_ret_21,-1,,0
pair|cluster48_peer_breadth_63|+1|self_ret_63|+1,pair,cluster48_peer_breadth_63,1,self_ret_63,1,,0
pair|cluster48_peer_breadth_63|+1|self_ret_63|-1,pair,cluster48_peer_breadth_63,1,self_ret_63,-1,,0
pair|cluster48_peer_breadth_63|-1|self_ret_63|+1,pair,cluster48_peer_breadth_63,-1,self_ret_63,1,,0
pair|cluster48_peer_breadth_63|-1|self_ret_63|-1,pair,cluster48_peer_breadth_63,-1,self_ret_63,-1,,0
pair|cluster48_peer_breadth_63|+1|self_mom_252_21|+1,pair,cluster48_peer_breadth_63,1,self_mom_252_21,1,,0
pair|cluster48_peer_breadth_63|+1|self_mom_252_21|-1,pair,cluster48_peer_breadth_63,1,self_mom_252_21,-1,,0
pair|cluster48_peer_breadth_63|-1|self_mom_252_21|+1,pair,cluster48_peer_breadth_63,-1,self_mom_252_21,1,,0
pair|cluster48_peer_breadth_63|-1|self_mom_252_21|-1,pair,cluster48_peer_breadth_63,-1,self_mom_252_21,-1,,0
pair|cluster48_peer_breadth_63|+1|self_atr_63|+1,pair,cluster48_peer_breadth_63,1,self_atr_63,1,,0
pair|cluster48_peer_breadth_63|+1|self_atr_63|-1,pair,cluster48_peer_breadth_63,1,self_atr_63,-1,,0
pair|cluster48_peer_breadth_63|-1|self_atr_63|+1,pair,cluster48_peer_breadth_63,-1,self_atr_63,1,,0
pair|cluster48_peer_breadth_63|-1|self_atr_63|-1,pair,cluster48_peer_breadth_63,-1,self_atr_63,-1,,0
pair|cluster48_peer_breadth_63|+1|self_compression_20_63|+1,pair,cluster48_peer_breadth_63,1,self_compression_20_63,1,,0
pair|cluster48_peer_breadth_63|+1|self_compression_20_63|-1,pair,cluster48_peer_breadth_63,1,self_compression_20_63,-1,,0
pair|cluster48_peer_breadth_63|-1|self_compression_20_63|+1,pair,cluster48_peer_breadth_63,-1,self_compression_20_63,1,,0
pair|cluster48_peer_breadth_63|-1|self_compression_20_63|-1,pair,cluster48_peer_breadth_63,-1,self_compression_20_63,-1,,0
pair|cluster48_peer_breadth_63|+1|self_volume_ratio_5_20|+1,pair,cluster48_peer_breadth_63,1,self_volume_ratio_5_20,1,,0
pair|cluster48_peer_breadth_63|+1|self_volume_ratio_5_20|-1,pair,cluster48_peer_breadth_63,1,self_volume_ratio_5_20,-1,,0
pair|cluster48_peer_breadth_63|-1|self_volume_ratio_5_20|+1,pair,cluster48_peer_breadth_63,-1,self_volume_ratio_5_20,1,,0
pair|cluster48_peer_breadth_63|-1|self_volume_ratio_5_20|-1,pair,cluster48_peer_breadth_63,-1,self_volume_ratio_5_20,-1,,0
pair|cluster48_peer_breadth_63|+1|self_dist_high_63|+1,pair,cluster48_peer_breadth_63,1,self_dist_high_63,1,,0
pair|cluster48_peer_breadth_63|+1|self_dist_high_63|-1,pair,cluster48_peer_breadth_63,1,self_dist_high_63,-1,,0
pair|cluster48_peer_breadth_63|-1|self_dist_high_63|+1,pair,cluster48_peer_breadth_63,-1,self_dist_high_63,1,,0
pair|cluster48_peer_breadth_63|-1|self_dist_high_63|-1,pair,cluster48_peer_breadth_63,-1,self_dist_high_63,-1,,0
pair|cluster48_peer_breadth_63|+1|self_range_loc_63|+1,pair,cluster48_peer_breadth_63,1,self_range_loc_63,1,,0
pair|cluster48_peer_breadth_63|+1|self_range_loc_63|-1,pair,cluster48_peer_breadth_63,1,self_range_loc_63,-1,,0
pair|cluster48_peer_breadth_63|-1|self_range_loc_63|+1,pair,cluster48_peer_breadth_63,-1,self_range_loc_63,1,,0
pair|cluster48_peer_breadth_63|-1|self_range_loc_63|-1,pair,cluster48_peer_breadth_63,-1,self_range_loc_63,-1,,0
pair|cluster48_peer_accel_5_21|+1|self_ret_5|+1,pair,cluster48_peer_accel_5_21,1,self_ret_5,1,,0
pair|cluster48_peer_accel_5_21|+1|self_ret_5|-1,pair,cluster48_peer_accel_5_21,1,self_ret_5,-1,,0
pair|cluster48_peer_accel_5_21|-1|self_ret_5|+1,pair,cluster48_peer_accel_5_21,-1,self_ret_5,1,,0
pair|cluster48_peer_accel_5_21|-1|self_ret_5|-1,pair,cluster48_peer_accel_5_21,-1,self_ret_5,-1,,0
pair|cluster48_peer_accel_5_21|+1|self_ret_21|+1,pair,cluster48_peer_accel_5_21,1,self_ret_21,1,,0
pair|cluster48_peer_accel_5_21|+1|self_ret_21|-1,pair,cluster48_peer_accel_5_21,1,self_ret_21,-1,,0
pair|cluster48_peer_accel_5_21|-1|self_ret_21|+1,pair,cluster48_peer_accel_5_21,-1,self_ret_21,1,,0
pair|cluster48_peer_accel_5_21|-1|self_ret_21|-1,pair,cluster48_peer_accel_5_21,-1,self_ret_21,-1,,0
pair|cluster48_peer_accel_5_21|+1|self_ret_63|+1,pair,cluster48_peer_accel_5_21,1,self_ret_63,1,,0
pair|cluster48_peer_accel_5_21|+1|self_ret_63|-1,pair,cluster48_peer_accel_5_21,1,self_ret_63,-1,,0
pair|cluster48_peer_accel_5_21|-1|self_ret_63|+1,pair,cluster48_peer_accel_5_21,-1,self_ret_63,1,,0
pair|cluster48_peer_accel_5_21|-1|self_ret_63|-1,pair,cluster48_peer_accel_5_21,-1,self_ret_63,-1,,0
pair|cluster48_peer_accel_5_21|+1|self_mom_252_21|+1,pair,cluster48_peer_accel_5_21,1,self_mom_252_21,1,,0
pair|cluster48_peer_accel_5_21|+1|self_mom_252_21|-1,pair,cluster48_peer_accel_5_21,1,self_mom_252_21,-1,,0
pair|cluster48_peer_accel_5_21|-1|self_mom_252_21|+1,pair,cluster48_peer_accel_5_21,-1,self_mom_252_21,1,,0
pair|cluster48_peer_accel_5_21|-1|self_mom_252_21|-1,pair,cluster48_peer_accel_5_21,-1,self_mom_252_21,-1,,0
pair|cluster48_peer_accel_5_21|+1|self_atr_63|+1,pair,cluster48_peer_accel_5_21,1,self_atr_63,1,,0
pair|cluster48_peer_accel_5_21|+1|self_atr_63|-1,pair,cluster48_peer_accel_5_21,1,self_atr_63,-1,,0
pair|cluster48_peer_accel_5_21|-1|self_atr_63|+1,pair,cluster48_peer_accel_5_21,-1,self_atr_63,1,,0
pair|cluster48_peer_accel_5_21|-1|self_atr_63|-1,pair,cluster48_peer_accel_5_21,-1,self_atr_63,-1,,0
pair|cluster48_peer_accel_5_21|+1|self_compression_20_63|+1,pair,cluster48_peer_accel_5_21,1,self_compression_20_63,1,,0
pair|cluster48_peer_accel_5_21|+1|self_compression_20_63|-1,pair,cluster48_peer_accel_5_21,1,self_compression_20_63,-1,,0
pair|cluster48_peer_accel_5_21|-1|self_compression_20_63|+1,pair,cluster48_peer_accel_5_21,-1,self_compression_20_63,1,,0
pair|cluster48_peer_accel_5_21|-1|self_compression_20_63|-1,pair,cluster48_peer_accel_5_21,-1,self_compression_20_63,-1,,0
pair|cluster48_peer_accel_5_21|+1|self_volume_ratio_5_20|+1,pair,cluster48_peer_accel_5_21,1,self_volume_ratio_5_20,1,,0
pair|cluster48_peer_accel_5_21|+1|self_volume_ratio_5_20|-1,pair,cluster48_peer_accel_5_21,1,self_volume_ratio_5_20,-1,,0
pair|cluster48_peer_accel_5_21|-1|self_volume_ratio_5_20|+1,pair,cluster48_peer_accel_5_21,-1,self_volume_ratio_5_20,1,,0
pair|cluster48_peer_accel_5_21|-1|self_volume_ratio_5_20|-1,pair,cluster48_peer_accel_5_21,-1,self_volume_ratio_5_20,-1,,0
pair|cluster48_peer_accel_5_21|+1|self_dist_high_63|+1,pair,cluster48_peer_accel_5_21,1,self_dist_high_63,1,,0
pair|cluster48_peer_accel_5_21|+1|self_dist_high_63|-1,pair,cluster48_peer_accel_5_21,1,self_dist_high_63,-1,,0
pair|cluster48_peer_accel_5_21|-1|self_dist_high_63|+1,pair,cluster48_peer_accel_5_21,-1,self_dist_high_63,1,,0
pair|cluster48_peer_accel_5_21|-1|self_dist_high_63|-1,pair,cluster48_peer_accel_5_21,-1,self_dist_high_63,-1,,0
pair|cluster48_peer_accel_5_21|+1|self_range_loc_63|+1,pair,cluster48_peer_accel_5_21,1,self_range_loc_63,1,,0
pair|cluster48_peer_accel_5_21|+1|self_range_loc_63|-1,pair,cluster48_peer_accel_5_21,1,self_range_loc_63,-1,,0
pair|cluster48_peer_accel_5_21|-1|self_range_loc_63|+1,pair,cluster48_peer_accel_5_21,-1,self_range_loc_63,1,,0
pair|cluster48_peer_accel_5_21|-1|self_range_loc_63|-1,pair,cluster48_peer_accel_5_21,-1,self_range_loc_63,-1,,0
pair|cluster48_peer_accel_21_63|+1|self_ret_5|+1,pair,cluster48_peer_accel_21_63,1,self_ret_5,1,,0
pair|cluster48_peer_accel_21_63|+1|self_ret_5|-1,pair,cluster48_peer_accel_21_63,1,self_ret_5,-1,,0
pair|cluster48_peer_accel_21_63|-1|self_ret_5|+1,pair,cluster48_peer_accel_21_63,-1,self_ret_5,1,,0
pair|cluster48_peer_accel_21_63|-1|self_ret_5|-1,pair,cluster48_peer_accel_21_63,-1,self_ret_5,-1,,0
pair|cluster48_peer_accel_21_63|+1|self_ret_21|+1,pair,cluster48_peer_accel_21_63,1,self_ret_21,1,,0
pair|cluster48_peer_accel_21_63|+1|self_ret_21|-1,pair,cluster48_peer_accel_21_63,1,self_ret_21,-1,,0
pair|cluster48_peer_accel_21_63|-1|self_ret_21|+1,pair,cluster48_peer_accel_21_63,-1,self_ret_21,1,,0
pair|cluster48_peer_accel_21_63|-1|self_ret_21|-1,pair,cluster48_peer_accel_21_63,-1,self_ret_21,-1,,0
pair|cluster48_peer_accel_21_63|+1|self_ret_63|+1,pair,cluster48_peer_accel_21_63,1,self_ret_63,1,,0
pair|cluster48_peer_accel_21_63|+1|self_ret_63|-1,pair,cluster48_peer_accel_21_63,1,self_ret_63,-1,,0
pair|cluster48_peer_accel_21_63|-1|self_ret_63|+1,pair,cluster48_peer_accel_21_63,-1,self_ret_63,1,,0
pair|cluster48_peer_accel_21_63|-1|self_ret_63|-1,pair,cluster48_peer_accel_21_63,-1,self_ret_63,-1,,0
pair|cluster48_peer_accel_21_63|+1|self_mom_252_21|+1,pair,cluster48_peer_accel_21_63,1,self_mom_252_21,1,,0
pair|cluster48_peer_accel_21_63|+1|self_mom_252_21|-1,pair,cluster48_peer_accel_21_63,1,self_mom_252_21,-1,,0
pair|cluster48_peer_accel_21_63|-1|self_mom_252_21|+1,pair,cluster48_peer_accel_21_63,-1,self_mom_252_21,1,,0
pair|cluster48_peer_accel_21_63|-1|self_mom_252_21|-1,pair,cluster48_peer_accel_21_63,-1,self_mom_252_21,-1,,0
pair|cluster48_peer_accel_21_63|+1|self_atr_63|+1,pair,cluster48_peer_accel_21_63,1,self_atr_63,1,,0
pair|cluster48_peer_accel_21_63|+1|self_atr_63|-1,pair,cluster48_peer_accel_21_63,1,self_atr_63,-1,,0
pair|cluster48_peer_accel_21_63|-1|self_atr_63|+1,pair,cluster48_peer_accel_21_63,-1,self_atr_63,1,,0
pair|cluster48_peer_accel_21_63|-1|self_atr_63|-1,pair,cluster48_peer_accel_21_63,-1,self_atr_63,-1,,0
pair|cluster48_peer_accel_21_63|+1|self_compression_20_63|+1,pair,cluster48_peer_accel_21_63,1,self_compression_20_63,1,,0
pair|cluster48_peer_accel_21_63|+1|self_compression_20_63|-1,pair,cluster48_peer_accel_21_63,1,self_compression_20_63,-1,,0
pair|cluster48_peer_accel_21_63|-1|self_compression_20_63|+1,pair,cluster48_peer_accel_21_63,-1,self_compression_20_63,1,,0
pair|cluster48_peer_accel_21_63|-1|self_compression_20_63|-1,pair,cluster48_peer_accel_21_63,-1,self_compression_20_63,-1,,0
pair|cluster48_peer_accel_21_63|+1|self_volume_ratio_5_20|+1,pair,cluster48_peer_accel_21_63,1,self_volume_ratio_5_20,1,,0
pair|cluster48_peer_accel_21_63|+1|self_volume_ratio_5_20|-1,pair,cluster48_peer_accel_21_63,1,self_volume_ratio_5_20,-1,,0
pair|cluster48_peer_accel_21_63|-1|self_volume_ratio_5_20|+1,pair,cluster48_peer_accel_21_63,-1,self_volume_ratio_5_20,1,,0
pair|cluster48_peer_accel_21_63|-1|self_volume_ratio_5_20|-1,pair,cluster48_peer_accel_21_63,-1,self_volume_ratio_5_20,-1,,0
pair|cluster48_peer_accel_21_63|+1|self_dist_high_63|+1,pair,cluster48_peer_accel_21_63,1,self_dist_high_63,1,,0
pair|cluster48_peer_accel_21_63|+1|self_dist_high_63|-1,pair,cluster48_peer_accel_21_63,1,self_dist_high_63,-1,,0
pair|cluster48_peer_accel_21_63|-1|self_dist_high_63|+1,pair,cluster48_peer_accel_21_63,-1,self_dist_high_63,1,,0
pair|cluster48_peer_accel_21_63|-1|self_dist_high_63|-1,pair,cluster48_peer_accel_21_63,-1,self_dist_high_63,-1,,0
pair|cluster48_peer_accel_21_63|+1|self_range_loc_63|+1,pair,cluster48_peer_accel_21_63,1,self_range_loc_63,1,,0
pair|cluster48_peer_accel_21_63|+1|self_range_loc_63|-1,pair,cluster48_peer_accel_21_63,1,self_range_loc_63,-1,,0
pair|cluster48_peer_accel_21_63|-1|self_range_loc_63|+1,pair,cluster48_peer_accel_21_63,-1,self_range_loc_63,1,,0
pair|cluster48_peer_accel_21_63|-1|self_range_loc_63|-1,pair,cluster48_peer_accel_21_63,-1,self_range_loc_63,-1,,0
pair|cluster48_peer_volume_ratio_5_20|+1|self_ret_5|+1,pair,cluster48_peer_volume_ratio_5_20,1,self_ret_5,1,,0
pair|cluster48_peer_volume_ratio_5_20|+1|self_ret_5|-1,pair,cluster48_peer_volume_ratio_5_20,1,self_ret_5,-1,,0
pair|cluster48_peer_volume_ratio_5_20|-1|self_ret_5|+1,pair,cluster48_peer_volume_ratio_5_20,-1,self_ret_5,1,,0
pair|cluster48_peer_volume_ratio_5_20|-1|self_ret_5|-1,pair,cluster48_peer_volume_ratio_5_20,-1,self_ret_5,-1,,0
pair|cluster48_peer_volume_ratio_5_20|+1|self_ret_21|+1,pair,cluster48_peer_volume_ratio_5_20,1,self_ret_21,1,,0
pair|cluster48_peer_volume_ratio_5_20|+1|self_ret_21|-1,pair,cluster48_peer_volume_ratio_5_20,1,self_ret_21,-1,,0
pair|cluster48_peer_volume_ratio_5_20|-1|self_ret_21|+1,pair,cluster48_peer_volume_ratio_5_20,-1,self_ret_21,1,,0
pair|cluster48_peer_volume_ratio_5_20|-1|self_ret_21|-1,pair,cluster48_peer_volume_ratio_5_20,-1,self_ret_21,-1,,0
pair|cluster48_peer_volume_ratio_5_20|+1|self_ret_63|+1,pair,cluster48_peer_volume_ratio_5_20,1,self_ret_63,1,,0
pair|cluster48_peer_volume_ratio_5_20|+1|self_ret_63|-1,pair,cluster48_peer_volume_ratio_5_20,1,self_ret_63,-1,,0
pair|cluster48_peer_volume_ratio_5_20|-1|self_ret_63|+1,pair,cluster48_peer_volume_ratio_5_20,-1,self_ret_63,1,,0
pair|cluster48_peer_volume_ratio_5_20|-1|self_ret_63|-1,pair,cluster48_peer_volume_ratio_5_20,-1,self_ret_63,-1,,0
pair|cluster48_peer_volume_ratio_5_20|+1|self_mom_252_21|+1,pair,cluster48_peer_volume_ratio_5_20,1,self_mom_252_21,1,,0
pair|cluster48_peer_volume_ratio_5_20|+1|self_mom_252_21|-1,pair,cluster48_peer_volume_ratio_5_20,1,self_mom_252_21,-1,,0
pair|cluster48_peer_volume_ratio_5_20|-1|self_mom_252_21|+1,pair,cluster48_peer_volume_ratio_5_20,-1,self_mom_252_21,1,,0
pair|cluster48_peer_volume_ratio_5_20|-1|self_mom_252_21|-1,pair,cluster48_peer_volume_ratio_5_20,-1,self_mom_252_21,-1,,0
pair|cluster48_peer_volume_ratio_5_20|+1|self_atr_63|+1,pair,cluster48_peer_volume_ratio_5_20,1,self_atr_63,1,,0
pair|cluster48_peer_volume_ratio_5_20|+1|self_atr_63|-1,pair,cluster48_peer_volume_ratio_5_20,1,self_atr_63,-1,,0
pair|cluster48_peer_volume_ratio_5_20|-1|self_atr_63|+1,pair,cluster48_peer_volume_ratio_5_20,-1,self_atr_63,1,,0
pair|cluster48_peer_volume_ratio_5_20|-1|self_atr_63|-1,pair,cluster48_peer_volume_ratio_5_20,-1,self_atr_63,-1,,0
pair|cluster48_peer_volume_ratio_5_20|+1|self_compression_20_63|+1,pair,cluster48_peer_volume_ratio_5_20,1,self_compression_20_63,1,,0
pair|cluster48_peer_volume_ratio_5_20|+1|self_compression_20_63|-1,pair,cluster48_peer_volume_ratio_5_20,1,self_compression_20_63,-1,,0
pair|cluster48_peer_volume_ratio_5_20|-1|self_compression_20_63|+1,pair,cluster48_peer_volume_ratio_5_20,-1,self_compression_20_63,1,,0
pair|cluster48_peer_volume_ratio_5_20|-1|self_compression_20_63|-1,pair,cluster48_peer_volume_ratio_5_20,-1,self_compression_20_63,-1,,0
pair|cluster48_peer_volume_ratio_5_20|+1|self_volume_ratio_5_20|+1,pair,cluster48_peer_volume_ratio_5_20,1,self_volume_ratio_5_20,1,,0
pair|cluster48_peer_volume_ratio_5_20|+1|self_volume_ratio_5_20|-1,pair,cluster48_peer_volume_ratio_5_20,1,self_volume_ratio_5_20,-1,,0
pair|cluster48_peer_volume_ratio_5_20|-1|self_volume_ratio_5_20|+1,pair,cluster48_peer_volume_ratio_5_20,-1,self_volume_ratio_5_20,1,,0
pair|cluster48_peer_volume_ratio_5_20|-1|self_volume_ratio_5_20|-1,pair,cluster48_peer_volume_ratio_5_20,-1,self_volume_ratio_5_20,-1,,0
pair|cluster48_peer_volume_ratio_5_20|+1|self_dist_high_63|+1,pair,cluster48_peer_volume_ratio_5_20,1,self_dist_high_63,1,,0
pair|cluster48_peer_volume_ratio_5_20|+1|self_dist_high_63|-1,pair,cluster48_peer_volume_ratio_5_20,1,self_dist_high_63,-1,,0
pair|cluster48_peer_volume_ratio_5_20|-1|self_dist_high_63|+1,pair,cluster48_peer_volume_ratio_5_20,-1,self_dist_high_63,1,,0
pair|cluster48_peer_volume_ratio_5_20|-1|self_dist_high_63|-1,pair,cluster48_peer_volume_ratio_5_20,-1,self_dist_high_63,-1,,0
pair|cluster48_peer_volume_ratio_5_20|+1|self_range_loc_63|+1,pair,cluster48_peer_volume_ratio_5_20,1,self_range_loc_63,1,,0
pair|cluster48_peer_volume_ratio_5_20|+1|self_range_loc_63|-1,pair,cluster48_peer_volume_ratio_5_20,1,self_range_loc_63,-1,,0
pair|cluster48_peer_volume_ratio_5_20|-1|self_range_loc_63|+1,pair,cluster48_peer_volume_ratio_5_20,-1,self_range_loc_63,1,,0
pair|cluster48_peer_volume_ratio_5_20|-1|self_range_loc_63|-1,pair,cluster48_peer_volume_ratio_5_20,-1,self_range_loc_63,-1,,0
pair|cluster48_peer_breakout_share_63|+1|self_ret_5|+1,pair,cluster48_peer_breakout_share_63,1,self_ret_5,1,,0
pair|cluster48_peer_breakout_share_63|+1|self_ret_5|-1,pair,cluster48_peer_breakout_share_63,1,self_ret_5,-1,,0
pair|cluster48_peer_breakout_share_63|-1|self_ret_5|+1,pair,cluster48_peer_breakout_share_63,-1,self_ret_5,1,,0
pair|cluster48_peer_breakout_share_63|-1|self_ret_5|-1,pair,cluster48_peer_breakout_share_63,-1,self_ret_5,-1,,0
pair|cluster48_peer_breakout_share_63|+1|self_ret_21|+1,pair,cluster48_peer_breakout_share_63,1,self_ret_21,1,,0
pair|cluster48_peer_breakout_share_63|+1|self_ret_21|-1,pair,cluster48_peer_breakout_share_63,1,self_ret_21,-1,,0
pair|cluster48_peer_breakout_share_63|-1|self_ret_21|+1,pair,cluster48_peer_breakout_share_63,-1,self_ret_21,1,,0
pair|cluster48_peer_breakout_share_63|-1|self_ret_21|-1,pair,cluster48_peer_breakout_share_63,-1,self_ret_21,-1,,0
pair|cluster48_peer_breakout_share_63|+1|self_ret_63|+1,pair,cluster48_peer_breakout_share_63,1,self_ret_63,1,,0
pair|cluster48_peer_breakout_share_63|+1|self_ret_63|-1,pair,cluster48_peer_breakout_share_63,1,self_ret_63,-1,,0
pair|cluster48_peer_breakout_share_63|-1|self_ret_63|+1,pair,cluster48_peer_breakout_share_63,-1,self_ret_63,1,,0
pair|cluster48_peer_breakout_share_63|-1|self_ret_63|-1,pair,cluster48_peer_breakout_share_63,-1,self_ret_63,-1,,0
pair|cluster48_peer_breakout_share_63|+1|self_mom_252_21|+1,pair,cluster48_peer_breakout_share_63,1,self_mom_252_21,1,,0
pair|cluster48_peer_breakout_share_63|+1|self_mom_252_21|-1,pair,cluster48_peer_breakout_share_63,1,self_mom_252_21,-1,,0
pair|cluster48_peer_breakout_share_63|-1|self_mom_252_21|+1,pair,cluster48_peer_breakout_share_63,-1,self_mom_252_21,1,,0
pair|cluster48_peer_breakout_share_63|-1|self_mom_252_21|-1,pair,cluster48_peer_breakout_share_63,-1,self_mom_252_21,-1,,0
pair|cluster48_peer_breakout_share_63|+1|self_atr_63|+1,pair,cluster48_peer_breakout_share_63,1,self_atr_63,1,,0
pair|cluster48_peer_breakout_share_63|+1|self_atr_63|-1,pair,cluster48_peer_breakout_share_63,1,self_atr_63,-1,,0
pair|cluster48_peer_breakout_share_63|-1|self_atr_63|+1,pair,cluster48_peer_breakout_share_63,-1,self_atr_63,1,,0
pair|cluster48_peer_breakout_share_63|-1|self_atr_63|-1,pair,cluster48_peer_breakout_share_63,-1,self_atr_63,-1,,0
pair|cluster48_peer_breakout_share_63|+1|self_compression_20_63|+1,pair,cluster48_peer_breakout_share_63,1,self_compression_20_63,1,,0
pair|cluster48_peer_breakout_share_63|+1|self_compression_20_63|-1,pair,cluster48_peer_breakout_share_63,1,self_compression_20_63,-1,,0
pair|cluster48_peer_breakout_share_63|-1|self_compression_20_63|+1,pair,cluster48_peer_breakout_share_63,-1,self_compression_20_63,1,,0
pair|cluster48_peer_breakout_share_63|-1|self_compression_20_63|-1,pair,cluster48_peer_breakout_share_63,-1,self_compression_20_63,-1,,0
pair|cluster48_peer_breakout_share_63|+1|self_volume_ratio_5_20|+1,pair,cluster48_peer_breakout_share_63,1,self_volume_ratio_5_20,1,,0
pair|cluster48_peer_breakout_share_63|+1|self_volume_ratio_5_20|-1,pair,cluster48_peer_breakout_share_63,1,self_volume_ratio_5_20,-1,,0
pair|cluster48_peer_breakout_share_63|-1|self_volume_ratio_5_20|+1,pair,cluster48_peer_breakout_share_63,-1,self_volume_ratio_5_20,1,,0
pair|cluster48_peer_breakout_share_63|-1|self_volume_ratio_5_20|-1,pair,cluster48_peer_breakout_share_63,-1,self_volume_ratio_5_20,-1,,0
pair|cluster48_peer_breakout_share_63|+1|self_dist_high_63|+1,pair,cluster48_peer_breakout_share_63,1,self_dist_high_63,1,,0
pair|cluster48_peer_breakout_share_63|+1|self_dist_high_63|-1,pair,cluster48_peer_breakout_share_63,1,self_dist_high_63,-1,,0
pair|cluster48_peer_breakout_share_63|-1|self_dist_high_63|+1,pair,cluster48_peer_breakout_share_63,-1,self_dist_high_63,1,,0
pair|cluster48_peer_breakout_share_63|-1|self_dist_high_63|-1,pair,cluster48_peer_breakout_share_63,-1,self_dist_high_63,-1,,0
pair|cluster48_peer_breakout_share_63|+1|self_range_loc_63|+1,pair,cluster48_peer_breakout_share_63,1,self_range_loc_63,1,,0
pair|cluster48_peer_breakout_share_63|+1|self_range_loc_63|-1,pair,cluster48_peer_breakout_share_63,1,self_range_loc_63,-1,,0
pair|cluster48_peer_breakout_share_63|-1|self_range_loc_63|+1,pair,cluster48_peer_breakout_share_63,-1,self_range_loc_63,1,,0
pair|cluster48_peer_breakout_share_63|-1|self_range_loc_63|-1,pair,cluster48_peer_breakout_share_63,-1,self_range_loc_63,-1,,0
pair|cluster48_follower_gap_5|+1|self_ret_5|+1,pair,cluster48_follower_gap_5,1,self_ret_5,1,,0
pair|cluster48_follower_gap_5|+1|self_ret_5|-1,pair,cluster48_follower_gap_5,1,self_ret_5,-1,,0
pair|cluster48_follower_gap_5|-1|self_ret_5|+1,pair,cluster48_follower_gap_5,-1,self_ret_5,1,,0
pair|cluster48_follower_gap_5|-1|self_ret_5|-1,pair,cluster48_follower_gap_5,-1,self_ret_5,-1,,0
pair|cluster48_follower_gap_5|+1|self_ret_21|+1,pair,cluster48_follower_gap_5,1,self_ret_21,1,,0
pair|cluster48_follower_gap_5|+1|self_ret_21|-1,pair,cluster48_follower_gap_5,1,self_ret_21,-1,,0
pair|cluster48_follower_gap_5|-1|self_ret_21|+1,pair,cluster48_follower_gap_5,-1,self_ret_21,1,,0
pair|cluster48_follower_gap_5|-1|self_ret_21|-1,pair,cluster48_follower_gap_5,-1,self_ret_21,-1,,0
pair|cluster48_follower_gap_5|+1|self_ret_63|+1,pair,cluster48_follower_gap_5,1,self_ret_63,1,,0
pair|cluster48_follower_gap_5|+1|self_ret_63|-1,pair,cluster48_follower_gap_5,1,self_ret_63,-1,,0
pair|cluster48_follower_gap_5|-1|self_ret_63|+1,pair,cluster48_follower_gap_5,-1,self_ret_63,1,,0
pair|cluster48_follower_gap_5|-1|self_ret_63|-1,pair,cluster48_follower_gap_5,-1,self_ret_63,-1,,0
pair|cluster48_follower_gap_5|+1|self_mom_252_21|+1,pair,cluster48_follower_gap_5,1,self_mom_252_21,1,,0
pair|cluster48_follower_gap_5|+1|self_mom_252_21|-1,pair,cluster48_follower_gap_5,1,self_mom_252_21,-1,,0
pair|cluster48_follower_gap_5|-1|self_mom_252_21|+1,pair,cluster48_follower_gap_5,-1,self_mom_252_21,1,,0
pair|cluster48_follower_gap_5|-1|self_mom_252_21|-1,pair,cluster48_follower_gap_5,-1,self_mom_252_21,-1,,0
pair|cluster48_follower_gap_5|+1|self_atr_63|+1,pair,cluster48_follower_gap_5,1,self_atr_63,1,,0
pair|cluster48_follower_gap_5|+1|self_atr_63|-1,pair,cluster48_follower_gap_5,1,self_atr_63,-1,,0
pair|cluster48_follower_gap_5|-1|self_atr_63|+1,pair,cluster48_follower_gap_5,-1,self_atr_63,1,,0
pair|cluster48_follower_gap_5|-1|self_atr_63|-1,pair,cluster48_follower_gap_5,-1,self_atr_63,-1,,0
pair|cluster48_follower_gap_5|+1|self_compression_20_63|+1,pair,cluster48_follower_gap_5,1,self_compression_20_63,1,,0
pair|cluster48_follower_gap_5|+1|self_compression_20_63|-1,pair,cluster48_follower_gap_5,1,self_compression_20_63,-1,,0
pair|cluster48_follower_gap_5|-1|self_compression_20_63|+1,pair,cluster48_follower_gap_5,-1,self_compression_20_63,1,,0
pair|cluster48_follower_gap_5|-1|self_compression_20_63|-1,pair,cluster48_follower_gap_5,-1,self_compression_20_63,-1,,0
pair|cluster48_follower_gap_5|+1|self_volume_ratio_5_20|+1,pair,cluster48_follower_gap_5,1,self_volume_ratio_5_20,1,,0
pair|cluster48_follower_gap_5|+1|self_volume_ratio_5_20|-1,pair,cluster48_follower_gap_5,1,self_volume_ratio_5_20,-1,,0
pair|cluster48_follower_gap_5|-1|self_volume_ratio_5_20|+1,pair,cluster48_follower_gap_5,-1,self_volume_ratio_5_20,1,,0
pair|cluster48_follower_gap_5|-1|self_volume_ratio_5_20|-1,pair,cluster48_follower_gap_5,-1,self_volume_ratio_5_20,-1,,0
pair|cluster48_follower_gap_5|+1|self_dist_high_63|+1,pair,cluster48_follower_gap_5,1,self_dist_high_63,1,,0
pair|cluster48_follower_gap_5|+1|self_dist_high_63|-1,pair,cluster48_follower_gap_5,1,self_dist_high_63,-1,,0
pair|cluster48_follower_gap_5|-1|self_dist_high_63|+1,pair,cluster48_follower_gap_5,-1,self_dist_high_63,1,,0
pair|cluster48_follower_gap_5|-1|self_dist_high_63|-1,pair,cluster48_follower_gap_5,-1,self_dist_high_63,-1,,0
pair|cluster48_follower_gap_5|+1|self_range_loc_63|+1,pair,cluster48_follower_gap_5,1,self_range_loc_63,1,,0
pair|cluster48_follower_gap_5|+1|self_range_loc_63|-1,pair,cluster48_follower_gap_5,1,self_range_loc_63,-1,,0
pair|cluster48_follower_gap_5|-1|self_range_loc_63|+1,pair,cluster48_follower_gap_5,-1,self_range_loc_63,1,,0
pair|cluster48_follower_gap_5|-1|self_range_loc_63|-1,pair,cluster48_follower_gap_5,-1,self_range_loc_63,-1,,0
pair|cluster48_follower_gap_21|+1|self_ret_5|+1,pair,cluster48_follower_gap_21,1,self_ret_5,1,,0
pair|cluster48_follower_gap_21|+1|self_ret_5|-1,pair,cluster48_follower_gap_21,1,self_ret_5,-1,,0
pair|cluster48_follower_gap_21|-1|self_ret_5|+1,pair,cluster48_follower_gap_21,-1,self_ret_5,1,,0
pair|cluster48_follower_gap_21|-1|self_ret_5|-1,pair,cluster48_follower_gap_21,-1,self_ret_5,-1,,0
pair|cluster48_follower_gap_21|+1|self_ret_21|+1,pair,cluster48_follower_gap_21,1,self_ret_21,1,,0
pair|cluster48_follower_gap_21|+1|self_ret_21|-1,pair,cluster48_follower_gap_21,1,self_ret_21,-1,,0
pair|cluster48_follower_gap_21|-1|self_ret_21|+1,pair,cluster48_follower_gap_21,-1,self_ret_21,1,,0
pair|cluster48_follower_gap_21|-1|self_ret_21|-1,pair,cluster48_follower_gap_21,-1,self_ret_21,-1,,0
pair|cluster48_follower_gap_21|+1|self_ret_63|+1,pair,cluster48_follower_gap_21,1,self_ret_63,1,,0
pair|cluster48_follower_gap_21|+1|self_ret_63|-1,pair,cluster48_follower_gap_21,1,self_ret_63,-1,,0
pair|cluster48_follower_gap_21|-1|self_ret_63|+1,pair,cluster48_follower_gap_21,-1,self_ret_63,1,,0
pair|cluster48_follower_gap_21|-1|self_ret_63|-1,pair,cluster48_follower_gap_21,-1,self_ret_63,-1,,0
pair|cluster48_follower_gap_21|+1|self_mom_252_21|+1,pair,cluster48_follower_gap_21,1,self_mom_252_21,1,,0
pair|cluster48_follower_gap_21|+1|self_mom_252_21|-1,pair,cluster48_follower_gap_21,1,self_mom_252_21,-1,,0
pair|cluster48_follower_gap_21|-1|self_mom_252_21|+1,pair,cluster48_follower_gap_21,-1,self_mom_252_21,1,,0
pair|cluster48_follower_gap_21|-1|self_mom_252_21|-1,pair,cluster48_follower_gap_21,-1,self_mom_252_21,-1,,0
pair|cluster48_follower_gap_21|+1|self_atr_63|+1,pair,cluster48_follower_gap_21,1,self_atr_63,1,,0
pair|cluster48_follower_gap_21|+1|self_atr_63|-1,pair,cluster48_follower_gap_21,1,self_atr_63,-1,,0
pair|cluster48_follower_gap_21|-1|self_atr_63|+1,pair,cluster48_follower_gap_21,-1,self_atr_63,1,,0
pair|cluster48_follower_gap_21|-1|self_atr_63|-1,pair,cluster48_follower_gap_21,-1,self_atr_63,-1,,0
pair|cluster48_follower_gap_21|+1|self_compression_20_63|+1,pair,cluster48_follower_gap_21,1,self_compression_20_63,1,,0
pair|cluster48_follower_gap_21|+1|self_compression_20_63|-1,pair,cluster48_follower_gap_21,1,self_compression_20_63,-1,,0
pair|cluster48_follower_gap_21|-1|self_compression_20_63|+1,pair,cluster48_follower_gap_21,-1,self_compression_20_63,1,,0
pair|cluster48_follower_gap_21|-1|self_compression_20_63|-1,pair,cluster48_follower_gap_21,-1,self_compression_20_63,-1,,0
pair|cluster48_follower_gap_21|+1|self_volume_ratio_5_20|+1,pair,cluster48_follower_gap_21,1,self_volume_ratio_5_20,1,,0
pair|cluster48_follower_gap_21|+1|self_volume_ratio_5_20|-1,pair,cluster48_follower_gap_21,1,self_volume_ratio_5_20,-1,,0
pair|cluster48_follower_gap_21|-1|self_volume_ratio_5_20|+1,pair,cluster48_follower_gap_21,-1,self_volume_ratio_5_20,1,,0
pair|cluster48_follower_gap_21|-1|self_volume_ratio_5_20|-1,pair,cluster48_follower_gap_21,-1,self_volume_ratio_5_20,-1,,0
pair|cluster48_follower_gap_21|+1|self_dist_high_63|+1,pair,cluster48_follower_gap_21,1,self_dist_high_63,1,,0
pair|cluster48_follower_gap_21|+1|self_dist_high_63|-1,pair,cluster48_follower_gap_21,1,self_dist_high_63,-1,,0
pair|cluster48_follower_gap_21|-1|self_dist_high_63|+1,pair,cluster48_follower_gap_21,-1,self_dist_high_63,1,,0
pair|cluster48_follower_gap_21|-1|self_dist_high_63|-1,pair,cluster48_follower_gap_21,-1,self_dist_high_63,-1,,0
pair|cluster48_follower_gap_21|+1|self_range_loc_63|+1,pair,cluster48_follower_gap_21,1,self_range_loc_63,1,,0
pair|cluster48_follower_gap_21|+1|self_range_loc_63|-1,pair,cluster48_follower_gap_21,1,self_range_loc_63,-1,,0
pair|cluster48_follower_gap_21|-1|self_range_loc_63|+1,pair,cluster48_follower_gap_21,-1,self_range_loc_63,1,,0
pair|cluster48_follower_gap_21|-1|self_range_loc_63|-1,pair,cluster48_follower_gap_21,-1,self_range_loc_63,-1,,0
pair|cluster48_follower_gap_63|+1|self_ret_5|+1,pair,cluster48_follower_gap_63,1,self_ret_5,1,,0
pair|cluster48_follower_gap_63|+1|self_ret_5|-1,pair,cluster48_follower_gap_63,1,self_ret_5,-1,,0
pair|cluster48_follower_gap_63|-1|self_ret_5|+1,pair,cluster48_follower_gap_63,-1,self_ret_5,1,,0
pair|cluster48_follower_gap_63|-1|self_ret_5|-1,pair,cluster48_follower_gap_63,-1,self_ret_5,-1,,0
pair|cluster48_follower_gap_63|+1|self_ret_21|+1,pair,cluster48_follower_gap_63,1,self_ret_21,1,,0
pair|cluster48_follower_gap_63|+1|self_ret_21|-1,pair,cluster48_follower_gap_63,1,self_ret_21,-1,,0
pair|cluster48_follower_gap_63|-1|self_ret_21|+1,pair,cluster48_follower_gap_63,-1,self_ret_21,1,,0
pair|cluster48_follower_gap_63|-1|self_ret_21|-1,pair,cluster48_follower_gap_63,-1,self_ret_21,-1,,0
pair|cluster48_follower_gap_63|+1|self_ret_63|+1,pair,cluster48_follower_gap_63,1,self_ret_63,1,,0
pair|cluster48_follower_gap_63|+1|self_ret_63|-1,pair,cluster48_follower_gap_63,1,self_ret_63,-1,,0
pair|cluster48_follower_gap_63|-1|self_ret_63|+1,pair,cluster48_follower_gap_63,-1,self_ret_63,1,,0
pair|cluster48_follower_gap_63|-1|self_ret_63|-1,pair,cluster48_follower_gap_63,-1,self_ret_63,-1,,0
pair|cluster48_follower_gap_63|+1|self_mom_252_21|+1,pair,cluster48_follower_gap_63,1,self_mom_252_21,1,,0
pair|cluster48_follower_gap_63|+1|self_mom_252_21|-1,pair,cluster48_follower_gap_63,1,self_mom_252_21,-1,,0
pair|cluster48_follower_gap_63|-1|self_mom_252_21|+1,pair,cluster48_follower_gap_63,-1,self_mom_252_21,1,,0
pair|cluster48_follower_gap_63|-1|self_mom_252_21|-1,pair,cluster48_follower_gap_63,-1,self_mom_252_21,-1,,0
pair|cluster48_follower_gap_63|+1|self_atr_63|+1,pair,cluster48_follower_gap_63,1,self_atr_63,1,,0
pair|cluster48_follower_gap_63|+1|self_atr_63|-1,pair,cluster48_follower_gap_63,1,self_atr_63,-1,,0
pair|cluster48_follower_gap_63|-1|self_atr_63|+1,pair,cluster48_follower_gap_63,-1,self_atr_63,1,,0
pair|cluster48_follower_gap_63|-1|self_atr_63|-1,pair,cluster48_follower_gap_63,-1,self_atr_63,-1,,0
pair|cluster48_follower_gap_63|+1|self_compression_20_63|+1,pair,cluster48_follower_gap_63,1,self_compression_20_63,1,,0
pair|cluster48_follower_gap_63|+1|self_compression_20_63|-1,pair,cluster48_follower_gap_63,1,self_compression_20_63,-1,,0
pair|cluster48_follower_gap_63|-1|self_compression_20_63|+1,pair,cluster48_follower_gap_63,-1,self_compression_20_63,1,,0
pair|cluster48_follower_gap_63|-1|self_compression_20_63|-1,pair,cluster48_follower_gap_63,-1,self_compression_20_63,-1,,0
pair|cluster48_follower_gap_63|+1|self_volume_ratio_5_20|+1,pair,cluster48_follower_gap_63,1,self_volume_ratio_5_20,1,,0
pair|cluster48_follower_gap_63|+1|self_volume_ratio_5_20|-1,pair,cluster48_follower_gap_63,1,self_volume_ratio_5_20,-1,,0
pair|cluster48_follower_gap_63|-1|self_volume_ratio_5_20|+1,pair,cluster48_follower_gap_63,-1,self_volume_ratio_5_20,1,,0
pair|cluster48_follower_gap_63|-1|self_volume_ratio_5_20|-1,pair,cluster48_follower_gap_63,-1,self_volume_ratio_5_20,-1,,0
pair|cluster48_follower_gap_63|+1|self_dist_high_63|+1,pair,cluster48_follower_gap_63,1,self_dist_high_63,1,,0
pair|cluster48_follower_gap_63|+1|self_dist_high_63|-1,pair,cluster48_follower_gap_63,1,self_dist_high_63,-1,,0
pair|cluster48_follower_gap_63|-1|self_dist_high_63|+1,pair,cluster48_follower_gap_63,-1,self_dist_high_63,1,,0
pair|cluster48_follower_gap_63|-1|self_dist_high_63|-1,pair,cluster48_follower_gap_63,-1,self_dist_high_63,-1,,0
pair|cluster48_follower_gap_63|+1|self_range_loc_63|+1,pair,cluster48_follower_gap_63,1,self_range_loc_63,1,,0
pair|cluster48_follower_gap_63|+1|self_range_loc_63|-1,pair,cluster48_follower_gap_63,1,self_range_loc_63,-1,,0
pair|cluster48_follower_gap_63|-1|self_range_loc_63|+1,pair,cluster48_follower_gap_63,-1,self_range_loc_63,1,,0
pair|cluster48_follower_gap_63|-1|self_range_loc_63|-1,pair,cluster48_follower_gap_63,-1,self_range_loc_63,-1,,0
pair|corr20_peer_ret_5|+1|self_ret_5|+1,pair,corr20_peer_ret_5,1,self_ret_5,1,,0
pair|corr20_peer_ret_5|+1|self_ret_5|-1,pair,corr20_peer_ret_5,1,self_ret_5,-1,,0
pair|corr20_peer_ret_5|-1|self_ret_5|+1,pair,corr20_peer_ret_5,-1,self_ret_5,1,,0
pair|corr20_peer_ret_5|-1|self_ret_5|-1,pair,corr20_peer_ret_5,-1,self_ret_5,-1,,0
pair|corr20_peer_ret_5|+1|self_ret_21|+1,pair,corr20_peer_ret_5,1,self_ret_21,1,,0
pair|corr20_peer_ret_5|+1|self_ret_21|-1,pair,corr20_peer_ret_5,1,self_ret_21,-1,,0
pair|corr20_peer_ret_5|-1|self_ret_21|+1,pair,corr20_peer_ret_5,-1,self_ret_21,1,,0
pair|corr20_peer_ret_5|-1|self_ret_21|-1,pair,corr20_peer_ret_5,-1,self_ret_21,-1,,0
pair|corr20_peer_ret_5|+1|self_ret_63|+1,pair,corr20_peer_ret_5,1,self_ret_63,1,,0
pair|corr20_peer_ret_5|+1|self_ret_63|-1,pair,corr20_peer_ret_5,1,self_ret_63,-1,,0
pair|corr20_peer_ret_5|-1|self_ret_63|+1,pair,corr20_peer_ret_5,-1,self_ret_63,1,,0
pair|corr20_peer_ret_5|-1|self_ret_63|-1,pair,corr20_peer_ret_5,-1,self_ret_63,-1,,0
pair|corr20_peer_ret_5|+1|self_mom_252_21|+1,pair,corr20_peer_ret_5,1,self_mom_252_21,1,,0
pair|corr20_peer_ret_5|+1|self_mom_252_21|-1,pair,corr20_peer_ret_5,1,self_mom_252_21,-1,,0
pair|corr20_peer_ret_5|-1|self_mom_252_21|+1,pair,corr20_peer_ret_5,-1,self_mom_252_21,1,,0
pair|corr20_peer_ret_5|-1|self_mom_252_21|-1,pair,corr20_peer_ret_5,-1,self_mom_252_21,-1,,0
pair|corr20_peer_ret_5|+1|self_atr_63|+1,pair,corr20_peer_ret_5,1,self_atr_63,1,,0
pair|corr20_peer_ret_5|+1|self_atr_63|-1,pair,corr20_peer_ret_5,1,self_atr_63,-1,,0
pair|corr20_peer_ret_5|-1|self_atr_63|+1,pair,corr20_peer_ret_5,-1,self_atr_63,1,,0
pair|corr20_peer_ret_5|-1|self_atr_63|-1,pair,corr20_peer_ret_5,-1,self_atr_63,-1,,0
pair|corr20_peer_ret_5|+1|self_compression_20_63|+1,pair,corr20_peer_ret_5,1,self_compression_20_63,1,,0
pair|corr20_peer_ret_5|+1|self_compression_20_63|-1,pair,corr20_peer_ret_5,1,self_compression_20_63,-1,,0
pair|corr20_peer_ret_5|-1|self_compression_20_63|+1,pair,corr20_peer_ret_5,-1,self_compression_20_63,1,,0
pair|corr20_peer_ret_5|-1|self_compression_20_63|-1,pair,corr20_peer_ret_5,-1,self_compression_20_63,-1,,0
pair|corr20_peer_ret_5|+1|self_volume_ratio_5_20|+1,pair,corr20_peer_ret_5,1,self_volume_ratio_5_20,1,,0
pair|corr20_peer_ret_5|+1|self_volume_ratio_5_20|-1,pair,corr20_peer_ret_5,1,self_volume_ratio_5_20,-1,,0
pair|corr20_peer_ret_5|-1|self_volume_ratio_5_20|+1,pair,corr20_peer_ret_5,-1,self_volume_ratio_5_20,1,,0
pair|corr20_peer_ret_5|-1|self_volume_ratio_5_20|-1,pair,corr20_peer_ret_5,-1,self_volume_ratio_5_20,-1,,0
pair|corr20_peer_ret_5|+1|self_dist_high_63|+1,pair,corr20_peer_ret_5,1,self_dist_high_63,1,,0
pair|corr20_peer_ret_5|+1|self_dist_high_63|-1,pair,corr20_peer_ret_5,1,self_dist_high_63,-1,,0
pair|corr20_peer_ret_5|-1|self_dist_high_63|+1,pair,corr20_peer_ret_5,-1,self_dist_high_63,1,,0
pair|corr20_peer_ret_5|-1|self_dist_high_63|-1,pair,corr20_peer_ret_5,-1,self_dist_high_63,-1,,0
pair|corr20_peer_ret_5|+1|self_range_loc_63|+1,pair,corr20_peer_ret_5,1,self_range_loc_63,1,,0
pair|corr20_peer_ret_5|+1|self_range_loc_63|-1,pair,corr20_peer_ret_5,1,self_range_loc_63,-1,,0
pair|corr20_peer_ret_5|-1|self_range_loc_63|+1,pair,corr20_peer_ret_5,-1,self_range_loc_63,1,,0
pair|corr20_peer_ret_5|-1|self_range_loc_63|-1,pair,corr20_peer_ret_5,-1,self_range_loc_63,-1,,0
pair|corr20_peer_breadth_5|+1|self_ret_5|+1,pair,corr20_peer_breadth_5,1,self_ret_5,1,,0
pair|corr20_peer_breadth_5|+1|self_ret_5|-1,pair,corr20_peer_breadth_5,1,self_ret_5,-1,,0
pair|corr20_peer_breadth_5|-1|self_ret_5|+1,pair,corr20_peer_breadth_5,-1,self_ret_5,1,,0
pair|corr20_peer_breadth_5|-1|self_ret_5|-1,pair,corr20_peer_breadth_5,-1,self_ret_5,-1,,0
pair|corr20_peer_breadth_5|+1|self_ret_21|+1,pair,corr20_peer_breadth_5,1,self_ret_21,1,,0
pair|corr20_peer_breadth_5|+1|self_ret_21|-1,pair,corr20_peer_breadth_5,1,self_ret_21,-1,,0
pair|corr20_peer_breadth_5|-1|self_ret_21|+1,pair,corr20_peer_breadth_5,-1,self_ret_21,1,,0
pair|corr20_peer_breadth_5|-1|self_ret_21|-1,pair,corr20_peer_breadth_5,-1,self_ret_21,-1,,0
pair|corr20_peer_breadth_5|+1|self_ret_63|+1,pair,corr20_peer_breadth_5,1,self_ret_63,1,,0
pair|corr20_peer_breadth_5|+1|self_ret_63|-1,pair,corr20_peer_breadth_5,1,self_ret_63,-1,,0
pair|corr20_peer_breadth_5|-1|self_ret_63|+1,pair,corr20_peer_breadth_5,-1,self_ret_63,1,,0
pair|corr20_peer_breadth_5|-1|self_ret_63|-1,pair,corr20_peer_breadth_5,-1,self_ret_63,-1,,0
pair|corr20_peer_breadth_5|+1|self_mom_252_21|+1,pair,corr20_peer_breadth_5,1,self_mom_252_21,1,,0
pair|corr20_peer_breadth_5|+1|self_mom_252_21|-1,pair,corr20_peer_breadth_5,1,self_mom_252_21,-1,,0
pair|corr20_peer_breadth_5|-1|self_mom_252_21|+1,pair,corr20_peer_breadth_5,-1,self_mom_252_21,1,,0
pair|corr20_peer_breadth_5|-1|self_mom_252_21|-1,pair,corr20_peer_breadth_5,-1,self_mom_252_21,-1,,0
pair|corr20_peer_breadth_5|+1|self_atr_63|+1,pair,corr20_peer_breadth_5,1,self_atr_63,1,,0
pair|corr20_peer_breadth_5|+1|self_atr_63|-1,pair,corr20_peer_breadth_5,1,self_atr_63,-1,,0
pair|corr20_peer_breadth_5|-1|self_atr_63|+1,pair,corr20_peer_breadth_5,-1,self_atr_63,1,,0
pair|corr20_peer_breadth_5|-1|self_atr_63|-1,pair,corr20_peer_breadth_5,-1,self_atr_63,-1,,0
pair|corr20_peer_breadth_5|+1|self_compression_20_63|+1,pair,corr20_peer_breadth_5,1,self_compression_20_63,1,,0
pair|corr20_peer_breadth_5|+1|self_compression_20_63|-1,pair,corr20_peer_breadth_5,1,self_compression_20_63,-1,,0
pair|corr20_peer_breadth_5|-1|self_compression_20_63|+1,pair,corr20_peer_breadth_5,-1,self_compression_20_63,1,,0
pair|corr20_peer_breadth_5|-1|self_compression_20_63|-1,pair,corr20_peer_breadth_5,-1,self_compression_20_63,-1,,0
pair|corr20_peer_breadth_5|+1|self_volume_ratio_5_20|+1,pair,corr20_peer_breadth_5,1,self_volume_ratio_5_20,1,,0
pair|corr20_peer_breadth_5|+1|self_volume_ratio_5_20|-1,pair,corr20_peer_breadth_5,1,self_volume_ratio_5_20,-1,,0
pair|corr20_peer_breadth_5|-1|self_volume_ratio_5_20|+1,pair,corr20_peer_breadth_5,-1,self_volume_ratio_5_20,1,,0
pair|corr20_peer_breadth_5|-1|self_volume_ratio_5_20|-1,pair,corr20_peer_breadth_5,-1,self_volume_ratio_5_20,-1,,0
pair|corr20_peer_breadth_5|+1|self_dist_high_63|+1,pair,corr20_peer_breadth_5,1,self_dist_high_63,1,,0
pair|corr20_peer_breadth_5|+1|self_dist_high_63|-1,pair,corr20_peer_breadth_5,1,self_dist_high_63,-1,,0
pair|corr20_peer_breadth_5|-1|self_dist_high_63|+1,pair,corr20_peer_breadth_5,-1,self_dist_high_63,1,,0
pair|corr20_peer_breadth_5|-1|self_dist_high_63|-1,pair,corr20_peer_breadth_5,-1,self_dist_high_63,-1,,0
pair|corr20_peer_breadth_5|+1|self_range_loc_63|+1,pair,corr20_peer_breadth_5,1,self_range_loc_63,1,,0
pair|corr20_peer_breadth_5|+1|self_range_loc_63|-1,pair,corr20_peer_breadth_5,1,self_range_loc_63,-1,,0
pair|corr20_peer_breadth_5|-1|self_range_loc_63|+1,pair,corr20_peer_breadth_5,-1,self_range_loc_63,1,,0
pair|corr20_peer_breadth_5|-1|self_range_loc_63|-1,pair,corr20_peer_breadth_5,-1,self_range_loc_63,-1,,0
pair|corr20_peer_ret_21|+1|self_ret_5|+1,pair,corr20_peer_ret_21,1,self_ret_5,1,,0
pair|corr20_peer_ret_21|+1|self_ret_5|-1,pair,corr20_peer_ret_21,1,self_ret_5,-1,,0
pair|corr20_peer_ret_21|-1|self_ret_5|+1,pair,corr20_peer_ret_21,-1,self_ret_5,1,,0
pair|corr20_peer_ret_21|-1|self_ret_5|-1,pair,corr20_peer_ret_21,-1,self_ret_5,-1,,0
pair|corr20_peer_ret_21|+1|self_ret_21|+1,pair,corr20_peer_ret_21,1,self_ret_21,1,,0
pair|corr20_peer_ret_21|+1|self_ret_21|-1,pair,corr20_peer_ret_21,1,self_ret_21,-1,,0
pair|corr20_peer_ret_21|-1|self_ret_21|+1,pair,corr20_peer_ret_21,-1,self_ret_21,1,,0
pair|corr20_peer_ret_21|-1|self_ret_21|-1,pair,corr20_peer_ret_21,-1,self_ret_21,-1,,0
pair|corr20_peer_ret_21|+1|self_ret_63|+1,pair,corr20_peer_ret_21,1,self_ret_63,1,,0
pair|corr20_peer_ret_21|+1|self_ret_63|-1,pair,corr20_peer_ret_21,1,self_ret_63,-1,,0
pair|corr20_peer_ret_21|-1|self_ret_63|+1,pair,corr20_peer_ret_21,-1,self_ret_63,1,,0
pair|corr20_peer_ret_21|-1|self_ret_63|-1,pair,corr20_peer_ret_21,-1,self_ret_63,-1,,0
pair|corr20_peer_ret_21|+1|self_mom_252_21|+1,pair,corr20_peer_ret_21,1,self_mom_252_21,1,,0
pair|corr20_peer_ret_21|+1|self_mom_252_21|-1,pair,corr20_peer_ret_21,1,self_mom_252_21,-1,,0
pair|corr20_peer_ret_21|-1|self_mom_252_21|+1,pair,corr20_peer_ret_21,-1,self_mom_252_21,1,,0
pair|corr20_peer_ret_21|-1|self_mom_252_21|-1,pair,corr20_peer_ret_21,-1,self_mom_252_21,-1,,0
pair|corr20_peer_ret_21|+1|self_atr_63|+1,pair,corr20_peer_ret_21,1,self_atr_63,1,,0
pair|corr20_peer_ret_21|+1|self_atr_63|-1,pair,corr20_peer_ret_21,1,self_atr_63,-1,,0
pair|corr20_peer_ret_21|-1|self_atr_63|+1,pair,corr20_peer_ret_21,-1,self_atr_63,1,,0
pair|corr20_peer_ret_21|-1|self_atr_63|-1,pair,corr20_peer_ret_21,-1,self_atr_63,-1,,0
pair|corr20_peer_ret_21|+1|self_compression_20_63|+1,pair,corr20_peer_ret_21,1,self_compression_20_63,1,,0
pair|corr20_peer_ret_21|+1|self_compression_20_63|-1,pair,corr20_peer_ret_21,1,self_compression_20_63,-1,,0
pair|corr20_peer_ret_21|-1|self_compression_20_63|+1,pair,corr20_peer_ret_21,-1,self_compression_20_63,1,,0
pair|corr20_peer_ret_21|-1|self_compression_20_63|-1,pair,corr20_peer_ret_21,-1,self_compression_20_63,-1,,0
pair|corr20_peer_ret_21|+1|self_volume_ratio_5_20|+1,pair,corr20_peer_ret_21,1,self_volume_ratio_5_20,1,,0
pair|corr20_peer_ret_21|+1|self_volume_ratio_5_20|-1,pair,corr20_peer_ret_21,1,self_volume_ratio_5_20,-1,,0
pair|corr20_peer_ret_21|-1|self_volume_ratio_5_20|+1,pair,corr20_peer_ret_21,-1,self_volume_ratio_5_20,1,,0
pair|corr20_peer_ret_21|-1|self_volume_ratio_5_20|-1,pair,corr20_peer_ret_21,-1,self_volume_ratio_5_20,-1,,0
pair|corr20_peer_ret_21|+1|self_dist_high_63|+1,pair,corr20_peer_ret_21,1,self_dist_high_63,1,,0
pair|corr20_peer_ret_21|+1|self_dist_high_63|-1,pair,corr20_peer_ret_21,1,self_dist_high_63,-1,,0
pair|corr20_peer_ret_21|-1|self_dist_high_63|+1,pair,corr20_peer_ret_21,-1,self_dist_high_63,1,,0
pair|corr20_peer_ret_21|-1|self_dist_high_63|-1,pair,corr20_peer_ret_21,-1,self_dist_high_63,-1,,0
pair|corr20_peer_ret_21|+1|self_range_loc_63|+1,pair,corr20_peer_ret_21,1,self_range_loc_63,1,,0
pair|corr20_peer_ret_21|+1|self_range_loc_63|-1,pair,corr20_peer_ret_21,1,self_range_loc_63,-1,,0
pair|corr20_peer_ret_21|-1|self_range_loc_63|+1,pair,corr20_peer_ret_21,-1,self_range_loc_63,1,,0
pair|corr20_peer_ret_21|-1|self_range_loc_63|-1,pair,corr20_peer_ret_21,-1,self_range_loc_63,-1,,0
pair|corr20_peer_breadth_21|+1|self_ret_5|+1,pair,corr20_peer_breadth_21,1,self_ret_5,1,,0
pair|corr20_peer_breadth_21|+1|self_ret_5|-1,pair,corr20_peer_breadth_21,1,self_ret_5,-1,,0
pair|corr20_peer_breadth_21|-1|self_ret_5|+1,pair,corr20_peer_breadth_21,-1,self_ret_5,1,,0
pair|corr20_peer_breadth_21|-1|self_ret_5|-1,pair,corr20_peer_breadth_21,-1,self_ret_5,-1,,0
pair|corr20_peer_breadth_21|+1|self_ret_21|+1,pair,corr20_peer_breadth_21,1,self_ret_21,1,,0
pair|corr20_peer_breadth_21|+1|self_ret_21|-1,pair,corr20_peer_breadth_21,1,self_ret_21,-1,,0
pair|corr20_peer_breadth_21|-1|self_ret_21|+1,pair,corr20_peer_breadth_21,-1,self_ret_21,1,,0
pair|corr20_peer_breadth_21|-1|self_ret_21|-1,pair,corr20_peer_breadth_21,-1,self_ret_21,-1,,0
pair|corr20_peer_breadth_21|+1|self_ret_63|+1,pair,corr20_peer_breadth_21,1,self_ret_63,1,,0
pair|corr20_peer_breadth_21|+1|self_ret_63|-1,pair,corr20_peer_breadth_21,1,self_ret_63,-1,,0
pair|corr20_peer_breadth_21|-1|self_ret_63|+1,pair,corr20_peer_breadth_21,-1,self_ret_63,1,,0
pair|corr20_peer_breadth_21|-1|self_ret_63|-1,pair,corr20_peer_breadth_21,-1,self_ret_63,-1,,0
pair|corr20_peer_breadth_21|+1|self_mom_252_21|+1,pair,corr20_peer_breadth_21,1,self_mom_252_21,1,,0
pair|corr20_peer_breadth_21|+1|self_mom_252_21|-1,pair,corr20_peer_breadth_21,1,self_mom_252_21,-1,,0
pair|corr20_peer_breadth_21|-1|self_mom_252_21|+1,pair,corr20_peer_breadth_21,-1,self_mom_252_21,1,,0
pair|corr20_peer_breadth_21|-1|self_mom_252_21|-1,pair,corr20_peer_breadth_21,-1,self_mom_252_21,-1,,0
pair|corr20_peer_breadth_21|+1|self_atr_63|+1,pair,corr20_peer_breadth_21,1,self_atr_63,1,,0
pair|corr20_peer_breadth_21|+1|self_atr_63|-1,pair,corr20_peer_breadth_21,1,self_atr_63,-1,,0
pair|corr20_peer_breadth_21|-1|self_atr_63|+1,pair,corr20_peer_breadth_21,-1,self_atr_63,1,,0
pair|corr20_peer_breadth_21|-1|self_atr_63|-1,pair,corr20_peer_breadth_21,-1,self_atr_63,-1,,0
pair|corr20_peer_breadth_21|+1|self_compression_20_63|+1,pair,corr20_peer_breadth_21,1,self_compression_20_63,1,,0
pair|corr20_peer_breadth_21|+1|self_compression_20_63|-1,pair,corr20_peer_breadth_21,1,self_compression_20_63,-1,,0
pair|corr20_peer_breadth_21|-1|self_compression_20_63|+1,pair,corr20_peer_breadth_21,-1,self_compression_20_63,1,,0
pair|corr20_peer_breadth_21|-1|self_compression_20_63|-1,pair,corr20_peer_breadth_21,-1,self_compression_20_63,-1,,0
pair|corr20_peer_breadth_21|+1|self_volume_ratio_5_20|+1,pair,corr20_peer_breadth_21,1,self_volume_ratio_5_20,1,,0
pair|corr20_peer_breadth_21|+1|self_volume_ratio_5_20|-1,pair,corr20_peer_breadth_21,1,self_volume_ratio_5_20,-1,,0
pair|corr20_peer_breadth_21|-1|self_volume_ratio_5_20|+1,pair,corr20_peer_breadth_21,-1,self_volume_ratio_5_20,1,,0
pair|corr20_peer_breadth_21|-1|self_volume_ratio_5_20|-1,pair,corr20_peer_breadth_21,-1,self_volume_ratio_5_20,-1,,0
pair|corr20_peer_breadth_21|+1|self_dist_high_63|+1,pair,corr20_peer_breadth_21,1,self_dist_high_63,1,,0
pair|corr20_peer_breadth_21|+1|self_dist_high_63|-1,pair,corr20_peer_breadth_21,1,self_dist_high_63,-1,,0
pair|corr20_peer_breadth_21|-1|self_dist_high_63|+1,pair,corr20_peer_breadth_21,-1,self_dist_high_63,1,,0
pair|corr20_peer_breadth_21|-1|self_dist_high_63|-1,pair,corr20_peer_breadth_21,-1,self_dist_high_63,-1,,0
pair|corr20_peer_breadth_21|+1|self_range_loc_63|+1,pair,corr20_peer_breadth_21,1,self_range_loc_63,1,,0
pair|corr20_peer_breadth_21|+1|self_range_loc_63|-1,pair,corr20_peer_breadth_21,1,self_range_loc_63,-1,,0
pair|corr20_peer_breadth_21|-1|self_range_loc_63|+1,pair,corr20_peer_breadth_21,-1,self_range_loc_63,1,,0
pair|corr20_peer_breadth_21|-1|self_range_loc_63|-1,pair,corr20_peer_breadth_21,-1,self_range_loc_63,-1,,0
pair|corr20_peer_ret_63|+1|self_ret_5|+1,pair,corr20_peer_ret_63,1,self_ret_5,1,,0
pair|corr20_peer_ret_63|+1|self_ret_5|-1,pair,corr20_peer_ret_63,1,self_ret_5,-1,,0
pair|corr20_peer_ret_63|-1|self_ret_5|+1,pair,corr20_peer_ret_63,-1,self_ret_5,1,,0
pair|corr20_peer_ret_63|-1|self_ret_5|-1,pair,corr20_peer_ret_63,-1,self_ret_5,-1,,0
pair|corr20_peer_ret_63|+1|self_ret_21|+1,pair,corr20_peer_ret_63,1,self_ret_21,1,,0
pair|corr20_peer_ret_63|+1|self_ret_21|-1,pair,corr20_peer_ret_63,1,self_ret_21,-1,,0
pair|corr20_peer_ret_63|-1|self_ret_21|+1,pair,corr20_peer_ret_63,-1,self_ret_21,1,,0
pair|corr20_peer_ret_63|-1|self_ret_21|-1,pair,corr20_peer_ret_63,-1,self_ret_21,-1,,0
pair|corr20_peer_ret_63|+1|self_ret_63|+1,pair,corr20_peer_ret_63,1,self_ret_63,1,,0
pair|corr20_peer_ret_63|+1|self_ret_63|-1,pair,corr20_peer_ret_63,1,self_ret_63,-1,,0
pair|corr20_peer_ret_63|-1|self_ret_63|+1,pair,corr20_peer_ret_63,-1,self_ret_63,1,,0
pair|corr20_peer_ret_63|-1|self_ret_63|-1,pair,corr20_peer_ret_63,-1,self_ret_63,-1,,0
pair|corr20_peer_ret_63|+1|self_mom_252_21|+1,pair,corr20_peer_ret_63,1,self_mom_252_21,1,,0
pair|corr20_peer_ret_63|+1|self_mom_252_21|-1,pair,corr20_peer_ret_63,1,self_mom_252_21,-1,,0
pair|corr20_peer_ret_63|-1|self_mom_252_21|+1,pair,corr20_peer_ret_63,-1,self_mom_252_21,1,,0
pair|corr20_peer_ret_63|-1|self_mom_252_21|-1,pair,corr20_peer_ret_63,-1,self_mom_252_21,-1,,0
pair|corr20_peer_ret_63|+1|self_atr_63|+1,pair,corr20_peer_ret_63,1,self_atr_63,1,,0
pair|corr20_peer_ret_63|+1|self_atr_63|-1,pair,corr20_peer_ret_63,1,self_atr_63,-1,,0
pair|corr20_peer_ret_63|-1|self_atr_63|+1,pair,corr20_peer_ret_63,-1,self_atr_63,1,,0
pair|corr20_peer_ret_63|-1|self_atr_63|-1,pair,corr20_peer_ret_63,-1,self_atr_63,-1,,0
pair|corr20_peer_ret_63|+1|self_compression_20_63|+1,pair,corr20_peer_ret_63,1,self_compression_20_63,1,,0
pair|corr20_peer_ret_63|+1|self_compression_20_63|-1,pair,corr20_peer_ret_63,1,self_compression_20_63,-1,,0
pair|corr20_peer_ret_63|-1|self_compression_20_63|+1,pair,corr20_peer_ret_63,-1,self_compression_20_63,1,,0
pair|corr20_peer_ret_63|-1|self_compression_20_63|-1,pair,corr20_peer_ret_63,-1,self_compression_20_63,-1,,0
pair|corr20_peer_ret_63|+1|self_volume_ratio_5_20|+1,pair,corr20_peer_ret_63,1,self_volume_ratio_5_20,1,,0
pair|corr20_peer_ret_63|+1|self_volume_ratio_5_20|-1,pair,corr20_peer_ret_63,1,self_volume_ratio_5_20,-1,,0
pair|corr20_peer_ret_63|-1|self_volume_ratio_5_20|+1,pair,corr20_peer_ret_63,-1,self_volume_ratio_5_20,1,,0
pair|corr20_peer_ret_63|-1|self_volume_ratio_5_20|-1,pair,corr20_peer_ret_63,-1,self_volume_ratio_5_20,-1,,0
pair|corr20_peer_ret_63|+1|self_dist_high_63|+1,pair,corr20_peer_ret_63,1,self_dist_high_63,1,,0
pair|corr20_peer_ret_63|+1|self_dist_high_63|-1,pair,corr20_peer_ret_63,1,self_dist_high_63,-1,,0
pair|corr20_peer_ret_63|-1|self_dist_high_63|+1,pair,corr20_peer_ret_63,-1,self_dist_high_63,1,,0
pair|corr20_peer_ret_63|-1|self_dist_high_63|-1,pair,corr20_peer_ret_63,-1,self_dist_high_63,-1,,0
pair|corr20_peer_ret_63|+1|self_range_loc_63|+1,pair,corr20_peer_ret_63,1,self_range_loc_63,1,,0
pair|corr20_peer_ret_63|+1|self_range_loc_63|-1,pair,corr20_peer_ret_63,1,self_range_loc_63,-1,,0
pair|corr20_peer_ret_63|-1|self_range_loc_63|+1,pair,corr20_peer_ret_63,-1,self_range_loc_63,1,,0
pair|corr20_peer_ret_63|-1|self_range_loc_63|-1,pair,corr20_peer_ret_63,-1,self_range_loc_63,-1,,0
pair|corr20_peer_breadth_63|+1|self_ret_5|+1,pair,corr20_peer_breadth_63,1,self_ret_5,1,,0
pair|corr20_peer_breadth_63|+1|self_ret_5|-1,pair,corr20_peer_breadth_63,1,self_ret_5,-1,,0
pair|corr20_peer_breadth_63|-1|self_ret_5|+1,pair,corr20_peer_breadth_63,-1,self_ret_5,1,,0
pair|corr20_peer_breadth_63|-1|self_ret_5|-1,pair,corr20_peer_breadth_63,-1,self_ret_5,-1,,0
pair|corr20_peer_breadth_63|+1|self_ret_21|+1,pair,corr20_peer_breadth_63,1,self_ret_21,1,,0
pair|corr20_peer_breadth_63|+1|self_ret_21|-1,pair,corr20_peer_breadth_63,1,self_ret_21,-1,,0
pair|corr20_peer_breadth_63|-1|self_ret_21|+1,pair,corr20_peer_breadth_63,-1,self_ret_21,1,,0
pair|corr20_peer_breadth_63|-1|self_ret_21|-1,pair,corr20_peer_breadth_63,-1,self_ret_21,-1,,0
pair|corr20_peer_breadth_63|+1|self_ret_63|+1,pair,corr20_peer_breadth_63,1,self_ret_63,1,,0
pair|corr20_peer_breadth_63|+1|self_ret_63|-1,pair,corr20_peer_breadth_63,1,self_ret_63,-1,,0
pair|corr20_peer_breadth_63|-1|self_ret_63|+1,pair,corr20_peer_breadth_63,-1,self_ret_63,1,,0
pair|corr20_peer_breadth_63|-1|self_ret_63|-1,pair,corr20_peer_breadth_63,-1,self_ret_63,-1,,0
pair|corr20_peer_breadth_63|+1|self_mom_252_21|+1,pair,corr20_peer_breadth_63,1,self_mom_252_21,1,,0
pair|corr20_peer_breadth_63|+1|self_mom_252_21|-1,pair,corr20_peer_breadth_63,1,self_mom_252_21,-1,,0
pair|corr20_peer_breadth_63|-1|self_mom_252_21|+1,pair,corr20_peer_breadth_63,-1,self_mom_252_21,1,,0
pair|corr20_peer_breadth_63|-1|self_mom_252_21|-1,pair,corr20_peer_breadth_63,-1,self_mom_252_21,-1,,0
pair|corr20_peer_breadth_63|+1|self_atr_63|+1,pair,corr20_peer_breadth_63,1,self_atr_63,1,,0
pair|corr20_peer_breadth_63|+1|self_atr_63|-1,pair,corr20_peer_breadth_63,1,self_atr_63,-1,,0
pair|corr20_peer_breadth_63|-1|self_atr_63|+1,pair,corr20_peer_breadth_63,-1,self_atr_63,1,,0
pair|corr20_peer_breadth_63|-1|self_atr_63|-1,pair,corr20_peer_breadth_63,-1,self_atr_63,-1,,0
pair|corr20_peer_breadth_63|+1|self_compression_20_63|+1,pair,corr20_peer_breadth_63,1,self_compression_20_63,1,,0
pair|corr20_peer_breadth_63|+1|self_compression_20_63|-1,pair,corr20_peer_breadth_63,1,self_compression_20_63,-1,,0
pair|corr20_peer_breadth_63|-1|self_compression_20_63|+1,pair,corr20_peer_breadth_63,-1,self_compression_20_63,1,,0
pair|corr20_peer_breadth_63|-1|self_compression_20_63|-1,pair,corr20_peer_breadth_63,-1,self_compression_20_63,-1,,0
pair|corr20_peer_breadth_63|+1|self_volume_ratio_5_20|+1,pair,corr20_peer_breadth_63,1,self_volume_ratio_5_20,1,,0
pair|corr20_peer_breadth_63|+1|self_volume_ratio_5_20|-1,pair,corr20_peer_breadth_63,1,self_volume_ratio_5_20,-1,,0
pair|corr20_peer_breadth_63|-1|self_volume_ratio_5_20|+1,pair,corr20_peer_breadth_63,-1,self_volume_ratio_5_20,1,,0
pair|corr20_peer_breadth_63|-1|self_volume_ratio_5_20|-1,pair,corr20_peer_breadth_63,-1,self_volume_ratio_5_20,-1,,0
pair|corr20_peer_breadth_63|+1|self_dist_high_63|+1,pair,corr20_peer_breadth_63,1,self_dist_high_63,1,,0
pair|corr20_peer_breadth_63|+1|self_dist_high_63|-1,pair,corr20_peer_breadth_63,1,self_dist_high_63,-1,,0
pair|corr20_peer_breadth_63|-1|self_dist_high_63|+1,pair,corr20_peer_breadth_63,-1,self_dist_high_63,1,,0
pair|corr20_peer_breadth_63|-1|self_dist_high_63|-1,pair,corr20_peer_breadth_63,-1,self_dist_high_63,-1,,0
pair|corr20_peer_breadth_63|+1|self_range_loc_63|+1,pair,corr20_peer_breadth_63,1,self_range_loc_63,1,,0
pair|corr20_peer_breadth_63|+1|self_range_loc_63|-1,pair,corr20_peer_breadth_63,1,self_range_loc_63,-1,,0
pair|corr20_peer_breadth_63|-1|self_range_loc_63|+1,pair,corr20_peer_breadth_63,-1,self_range_loc_63,1,,0
pair|corr20_peer_breadth_63|-1|self_range_loc_63|-1,pair,corr20_peer_breadth_63,-1,self_range_loc_63,-1,,0
pair|corr20_peer_accel_5_21|+1|self_ret_5|+1,pair,corr20_peer_accel_5_21,1,self_ret_5,1,,0
pair|corr20_peer_accel_5_21|+1|self_ret_5|-1,pair,corr20_peer_accel_5_21,1,self_ret_5,-1,,0
pair|corr20_peer_accel_5_21|-1|self_ret_5|+1,pair,corr20_peer_accel_5_21,-1,self_ret_5,1,,0
pair|corr20_peer_accel_5_21|-1|self_ret_5|-1,pair,corr20_peer_accel_5_21,-1,self_ret_5,-1,,0
pair|corr20_peer_accel_5_21|+1|self_ret_21|+1,pair,corr20_peer_accel_5_21,1,self_ret_21,1,,0
pair|corr20_peer_accel_5_21|+1|self_ret_21|-1,pair,corr20_peer_accel_5_21,1,self_ret_21,-1,,0
pair|corr20_peer_accel_5_21|-1|self_ret_21|+1,pair,corr20_peer_accel_5_21,-1,self_ret_21,1,,0
pair|corr20_peer_accel_5_21|-1|self_ret_21|-1,pair,corr20_peer_accel_5_21,-1,self_ret_21,-1,,0
pair|corr20_peer_accel_5_21|+1|self_ret_63|+1,pair,corr20_peer_accel_5_21,1,self_ret_63,1,,0
pair|corr20_peer_accel_5_21|+1|self_ret_63|-1,pair,corr20_peer_accel_5_21,1,self_ret_63,-1,,0
pair|corr20_peer_accel_5_21|-1|self_ret_63|+1,pair,corr20_peer_accel_5_21,-1,self_ret_63,1,,0
pair|corr20_peer_accel_5_21|-1|self_ret_63|-1,pair,corr20_peer_accel_5_21,-1,self_ret_63,-1,,0
pair|corr20_peer_accel_5_21|+1|self_mom_252_21|+1,pair,corr20_peer_accel_5_21,1,self_mom_252_21,1,,0
pair|corr20_peer_accel_5_21|+1|self_mom_252_21|-1,pair,corr20_peer_accel_5_21,1,self_mom_252_21,-1,,0
pair|corr20_peer_accel_5_21|-1|self_mom_252_21|+1,pair,corr20_peer_accel_5_21,-1,self_mom_252_21,1,,0
pair|corr20_peer_accel_5_21|-1|self_mom_252_21|-1,pair,corr20_peer_accel_5_21,-1,self_mom_252_21,-1,,0
pair|corr20_peer_accel_5_21|+1|self_atr_63|+1,pair,corr20_peer_accel_5_21,1,self_atr_63,1,,0
pair|corr20_peer_accel_5_21|+1|self_atr_63|-1,pair,corr20_peer_accel_5_21,1,self_atr_63,-1,,0
pair|corr20_peer_accel_5_21|-1|self_atr_63|+1,pair,corr20_peer_accel_5_21,-1,self_atr_63,1,,0
pair|corr20_peer_accel_5_21|-1|self_atr_63|-1,pair,corr20_peer_accel_5_21,-1,self_atr_63,-1,,0
pair|corr20_peer_accel_5_21|+1|self_compression_20_63|+1,pair,corr20_peer_accel_5_21,1,self_compression_20_63,1,,0
pair|corr20_peer_accel_5_21|+1|self_compression_20_63|-1,pair,corr20_peer_accel_5_21,1,self_compression_20_63,-1,,0
pair|corr20_peer_accel_5_21|-1|self_compression_20_63|+1,pair,corr20_peer_accel_5_21,-1,self_compression_20_63,1,,0
pair|corr20_peer_accel_5_21|-1|self_compression_20_63|-1,pair,corr20_peer_accel_5_21,-1,self_compression_20_63,-1,,0
pair|corr20_peer_accel_5_21|+1|self_volume_ratio_5_20|+1,pair,corr20_peer_accel_5_21,1,self_volume_ratio_5_20,1,,0
pair|corr20_peer_accel_5_21|+1|self_volume_ratio_5_20|-1,pair,corr20_peer_accel_5_21,1,self_volume_ratio_5_20,-1,,0
pair|corr20_peer_accel_5_21|-1|self_volume_ratio_5_20|+1,pair,corr20_peer_accel_5_21,-1,self_volume_ratio_5_20,1,,0
pair|corr20_peer_accel_5_21|-1|self_volume_ratio_5_20|-1,pair,corr20_peer_accel_5_21,-1,self_volume_ratio_5_20,-1,,0
pair|corr20_peer_accel_5_21|+1|self_dist_high_63|+1,pair,corr20_peer_accel_5_21,1,self_dist_high_63,1,,0
pair|corr20_peer_accel_5_21|+1|self_dist_high_63|-1,pair,corr20_peer_accel_5_21,1,self_dist_high_63,-1,,0
pair|corr20_peer_accel_5_21|-1|self_dist_high_63|+1,pair,corr20_peer_accel_5_21,-1,self_dist_high_63,1,,0
pair|corr20_peer_accel_5_21|-1|self_dist_high_63|-1,pair,corr20_peer_accel_5_21,-1,self_dist_high_63,-1,,0
pair|corr20_peer_accel_5_21|+1|self_range_loc_63|+1,pair,corr20_peer_accel_5_21,1,self_range_loc_63,1,,0
pair|corr20_peer_accel_5_21|+1|self_range_loc_63|-1,pair,corr20_peer_accel_5_21,1,self_range_loc_63,-1,,0
pair|corr20_peer_accel_5_21|-1|self_range_loc_63|+1,pair,corr20_peer_accel_5_21,-1,self_range_loc_63,1,,0
pair|corr20_peer_accel_5_21|-1|self_range_loc_63|-1,pair,corr20_peer_accel_5_21,-1,self_range_loc_63,-1,,0
pair|corr20_peer_accel_21_63|+1|self_ret_5|+1,pair,corr20_peer_accel_21_63,1,self_ret_5,1,,0
pair|corr20_peer_accel_21_63|+1|self_ret_5|-1,pair,corr20_peer_accel_21_63,1,self_ret_5,-1,,0
pair|corr20_peer_accel_21_63|-1|self_ret_5|+1,pair,corr20_peer_accel_21_63,-1,self_ret_5,1,,0
pair|corr20_peer_accel_21_63|-1|self_ret_5|-1,pair,corr20_peer_accel_21_63,-1,self_ret_5,-1,,0
pair|corr20_peer_accel_21_63|+1|self_ret_21|+1,pair,corr20_peer_accel_21_63,1,self_ret_21,1,,0
pair|corr20_peer_accel_21_63|+1|self_ret_21|-1,pair,corr20_peer_accel_21_63,1,self_ret_21,-1,,0
pair|corr20_peer_accel_21_63|-1|self_ret_21|+1,pair,corr20_peer_accel_21_63,-1,self_ret_21,1,,0
pair|corr20_peer_accel_21_63|-1|self_ret_21|-1,pair,corr20_peer_accel_21_63,-1,self_ret_21,-1,,0
pair|corr20_peer_accel_21_63|+1|self_ret_63|+1,pair,corr20_peer_accel_21_63,1,self_ret_63,1,,0
pair|corr20_peer_accel_21_63|+1|self_ret_63|-1,pair,corr20_peer_accel_21_63,1,self_ret_63,-1,,0
pair|corr20_peer_accel_21_63|-1|self_ret_63|+1,pair,corr20_peer_accel_21_63,-1,self_ret_63,1,,0
pair|corr20_peer_accel_21_63|-1|self_ret_63|-1,pair,corr20_peer_accel_21_63,-1,self_ret_63,-1,,0
pair|corr20_peer_accel_21_63|+1|self_mom_252_21|+1,pair,corr20_peer_accel_21_63,1,self_mom_252_21,1,,0
pair|corr20_peer_accel_21_63|+1|self_mom_252_21|-1,pair,corr20_peer_accel_21_63,1,self_mom_252_21,-1,,0
pair|corr20_peer_accel_21_63|-1|self_mom_252_21|+1,pair,corr20_peer_accel_21_63,-1,self_mom_252_21,1,,0
pair|corr20_peer_accel_21_63|-1|self_mom_252_21|-1,pair,corr20_peer_accel_21_63,-1,self_mom_252_21,-1,,0
pair|corr20_peer_accel_21_63|+1|self_atr_63|+1,pair,corr20_peer_accel_21_63,1,self_atr_63,1,,0
pair|corr20_peer_accel_21_63|+1|self_atr_63|-1,pair,corr20_peer_accel_21_63,1,self_atr_63,-1,,0
pair|corr20_peer_accel_21_63|-1|self_atr_63|+1,pair,corr20_peer_accel_21_63,-1,self_atr_63,1,,0
pair|corr20_peer_accel_21_63|-1|self_atr_63|-1,pair,corr20_peer_accel_21_63,-1,self_atr_63,-1,,0
pair|corr20_peer_accel_21_63|+1|self_compression_20_63|+1,pair,corr20_peer_accel_21_63,1,self_compression_20_63,1,,0
pair|corr20_peer_accel_21_63|+1|self_compression_20_63|-1,pair,corr20_peer_accel_21_63,1,self_compression_20_63,-1,,0
pair|corr20_peer_accel_21_63|-1|self_compression_20_63|+1,pair,corr20_peer_accel_21_63,-1,self_compression_20_63,1,,0
pair|corr20_peer_accel_21_63|-1|self_compression_20_63|-1,pair,corr20_peer_accel_21_63,-1,self_compression_20_63,-1,,0
pair|corr20_peer_accel_21_63|+1|self_volume_ratio_5_20|+1,pair,corr20_peer_accel_21_63,1,self_volume_ratio_5_20,1,,0
pair|corr20_peer_accel_21_63|+1|self_volume_ratio_5_20|-1,pair,corr20_peer_accel_21_63,1,self_volume_ratio_5_20,-1,,0
pair|corr20_peer_accel_21_63|-1|self_volume_ratio_5_20|+1,pair,corr20_peer_accel_21_63,-1,self_volume_ratio_5_20,1,,0
pair|corr20_peer_accel_21_63|-1|self_volume_ratio_5_20|-1,pair,corr20_peer_accel_21_63,-1,self_volume_ratio_5_20,-1,,0
pair|corr20_peer_accel_21_63|+1|self_dist_high_63|+1,pair,corr20_peer_accel_21_63,1,self_dist_high_63,1,,0
pair|corr20_peer_accel_21_63|+1|self_dist_high_63|-1,pair,corr20_peer_accel_21_63,1,self_dist_high_63,-1,,0
pair|corr20_peer_accel_21_63|-1|self_dist_high_63|+1,pair,corr20_peer_accel_21_63,-1,self_dist_high_63,1,,0
pair|corr20_peer_accel_21_63|-1|self_dist_high_63|-1,pair,corr20_peer_accel_21_63,-1,self_dist_high_63,-1,,0
pair|corr20_peer_accel_21_63|+1|self_range_loc_63|+1,pair,corr20_peer_accel_21_63,1,self_range_loc_63,1,,0
pair|corr20_peer_accel_21_63|+1|self_range_loc_63|-1,pair,corr20_peer_accel_21_63,1,self_range_loc_63,-1,,0
pair|corr20_peer_accel_21_63|-1|self_range_loc_63|+1,pair,corr20_peer_accel_21_63,-1,self_range_loc_63,1,,0
pair|corr20_peer_accel_21_63|-1|self_range_loc_63|-1,pair,corr20_peer_accel_21_63,-1,self_range_loc_63,-1,,0
pair|corr20_peer_volume_ratio_5_20|+1|self_ret_5|+1,pair,corr20_peer_volume_ratio_5_20,1,self_ret_5,1,,0
pair|corr20_peer_volume_ratio_5_20|+1|self_ret_5|-1,pair,corr20_peer_volume_ratio_5_20,1,self_ret_5,-1,,0
pair|corr20_peer_volume_ratio_5_20|-1|self_ret_5|+1,pair,corr20_peer_volume_ratio_5_20,-1,self_ret_5,1,,0
pair|corr20_peer_volume_ratio_5_20|-1|self_ret_5|-1,pair,corr20_peer_volume_ratio_5_20,-1,self_ret_5,-1,,0
pair|corr20_peer_volume_ratio_5_20|+1|self_ret_21|+1,pair,corr20_peer_volume_ratio_5_20,1,self_ret_21,1,,0
pair|corr20_peer_volume_ratio_5_20|+1|self_ret_21|-1,pair,corr20_peer_volume_ratio_5_20,1,self_ret_21,-1,,0
pair|corr20_peer_volume_ratio_5_20|-1|self_ret_21|+1,pair,corr20_peer_volume_ratio_5_20,-1,self_ret_21,1,,0
pair|corr20_peer_volume_ratio_5_20|-1|self_ret_21|-1,pair,corr20_peer_volume_ratio_5_20,-1,self_ret_21,-1,,0
pair|corr20_peer_volume_ratio_5_20|+1|self_ret_63|+1,pair,corr20_peer_volume_ratio_5_20,1,self_ret_63,1,,0
pair|corr20_peer_volume_ratio_5_20|+1|self_ret_63|-1,pair,corr20_peer_volume_ratio_5_20,1,self_ret_63,-1,,0
pair|corr20_peer_volume_ratio_5_20|-1|self_ret_63|+1,pair,corr20_peer_volume_ratio_5_20,-1,self_ret_63,1,,0
pair|corr20_peer_volume_ratio_5_20|-1|self_ret_63|-1,pair,corr20_peer_volume_ratio_5_20,-1,self_ret_63,-1,,0
pair|corr20_peer_volume_ratio_5_20|+1|self_mom_252_21|+1,pair,corr20_peer_volume_ratio_5_20,1,self_mom_252_21,1,,0
pair|corr20_peer_volume_ratio_5_20|+1|self_mom_252_21|-1,pair,corr20_peer_volume_ratio_5_20,1,self_mom_252_21,-1,,0
pair|corr20_peer_volume_ratio_5_20|-1|self_mom_252_21|+1,pair,corr20_peer_volume_ratio_5_20,-1,self_mom_252_21,1,,0
pair|corr20_peer_volume_ratio_5_20|-1|self_mom_252_21|-1,pair,corr20_peer_volume_ratio_5_20,-1,self_mom_252_21,-1,,0
pair|corr20_peer_volume_ratio_5_20|+1|self_atr_63|+1,pair,corr20_peer_volume_ratio_5_20,1,self_atr_63,1,,0
pair|corr20_peer_volume_ratio_5_20|+1|self_atr_63|-1,pair,corr20_peer_volume_ratio_5_20,1,self_atr_63,-1,,0
pair|corr20_peer_volume_ratio_5_20|-1|self_atr_63|+1,pair,corr20_peer_volume_ratio_5_20,-1,self_atr_63,1,,0
pair|corr20_peer_volume_ratio_5_20|-1|self_atr_63|-1,pair,corr20_peer_volume_ratio_5_20,-1,self_atr_63,-1,,0
pair|corr20_peer_volume_ratio_5_20|+1|self_compression_20_63|+1,pair,corr20_peer_volume_ratio_5_20,1,self_compression_20_63,1,,0
pair|corr20_peer_volume_ratio_5_20|+1|self_compression_20_63|-1,pair,corr20_peer_volume_ratio_5_20,1,self_compression_20_63,-1,,0
pair|corr20_peer_volume_ratio_5_20|-1|self_compression_20_63|+1,pair,corr20_peer_volume_ratio_5_20,-1,self_compression_20_63,1,,0
pair|corr20_peer_volume_ratio_5_20|-1|self_compression_20_63|-1,pair,corr20_peer_volume_ratio_5_20,-1,self_compression_20_63,-1,,0
pair|corr20_peer_volume_ratio_5_20|+1|self_volume_ratio_5_20|+1,pair,corr20_peer_volume_ratio_5_20,1,self_volume_ratio_5_20,1,,0
pair|corr20_peer_volume_ratio_5_20|+1|self_volume_ratio_5_20|-1,pair,corr20_peer_volume_ratio_5_20,1,self_volume_ratio_5_20,-1,,0
pair|corr20_peer_volume_ratio_5_20|-1|self_volume_ratio_5_20|+1,pair,corr20_peer_volume_ratio_5_20,-1,self_volume_ratio_5_20,1,,0
pair|corr20_peer_volume_ratio_5_20|-1|self_volume_ratio_5_20|-1,pair,corr20_peer_volume_ratio_5_20,-1,self_volume_ratio_5_20,-1,,0
pair|corr20_peer_volume_ratio_5_20|+1|self_dist_high_63|+1,pair,corr20_peer_volume_ratio_5_20,1,self_dist_high_63,1,,0
pair|corr20_peer_volume_ratio_5_20|+1|self_dist_high_63|-1,pair,corr20_peer_volume_ratio_5_20,1,self_dist_high_63,-1,,0
pair|corr20_peer_volume_ratio_5_20|-1|self_dist_high_63|+1,pair,corr20_peer_volume_ratio_5_20,-1,self_dist_high_63,1,,0
pair|corr20_peer_volume_ratio_5_20|-1|self_dist_high_63|-1,pair,corr20_peer_volume_ratio_5_20,-1,self_dist_high_63,-1,,0
pair|corr20_peer_volume_ratio_5_20|+1|self_range_loc_63|+1,pair,corr20_peer_volume_ratio_5_20,1,self_range_loc_63,1,,0
pair|corr20_peer_volume_ratio_5_20|+1|self_range_loc_63|-1,pair,corr20_peer_volume_ratio_5_20,1,self_range_loc_63,-1,,0
pair|corr20_peer_volume_ratio_5_20|-1|self_range_loc_63|+1,pair,corr20_peer_volume_ratio_5_20,-1,self_range_loc_63,1,,0
pair|corr20_peer_volume_ratio_5_20|-1|self_range_loc_63|-1,pair,corr20_peer_volume_ratio_5_20,-1,self_range_loc_63,-1,,0
pair|corr20_peer_breakout_share_63|+1|self_ret_5|+1,pair,corr20_peer_breakout_share_63,1,self_ret_5,1,,0
pair|corr20_peer_breakout_share_63|+1|self_ret_5|-1,pair,corr20_peer_breakout_share_63,1,self_ret_5,-1,,0
pair|corr20_peer_breakout_share_63|-1|self_ret_5|+1,pair,corr20_peer_breakout_share_63,-1,self_ret_5,1,,0
pair|corr20_peer_breakout_share_63|-1|self_ret_5|-1,pair,corr20_peer_breakout_share_63,-1,self_ret_5,-1,,0
pair|corr20_peer_breakout_share_63|+1|self_ret_21|+1,pair,corr20_peer_breakout_share_63,1,self_ret_21,1,,0
pair|corr20_peer_breakout_share_63|+1|self_ret_21|-1,pair,corr20_peer_breakout_share_63,1,self_ret_21,-1,,0
pair|corr20_peer_breakout_share_63|-1|self_ret_21|+1,pair,corr20_peer_breakout_share_63,-1,self_ret_21,1,,0
pair|corr20_peer_breakout_share_63|-1|self_ret_21|-1,pair,corr20_peer_breakout_share_63,-1,self_ret_21,-1,,0
pair|corr20_peer_breakout_share_63|+1|self_ret_63|+1,pair,corr20_peer_breakout_share_63,1,self_ret_63,1,,0
pair|corr20_peer_breakout_share_63|+1|self_ret_63|-1,pair,corr20_peer_breakout_share_63,1,self_ret_63,-1,,0
pair|corr20_peer_breakout_share_63|-1|self_ret_63|+1,pair,corr20_peer_breakout_share_63,-1,self_ret_63,1,,0
pair|corr20_peer_breakout_share_63|-1|self_ret_63|-1,pair,corr20_peer_breakout_share_63,-1,self_ret_63,-1,,0
pair|corr20_peer_breakout_share_63|+1|self_mom_252_21|+1,pair,corr20_peer_breakout_share_63,1,self_mom_252_21,1,,0
pair|corr20_peer_breakout_share_63|+1|self_mom_252_21|-1,pair,corr20_peer_breakout_share_63,1,self_mom_252_21,-1,,0
pair|corr20_peer_breakout_share_63|-1|self_mom_252_21|+1,pair,corr20_peer_breakout_share_63,-1,self_mom_252_21,1,,0
pair|corr20_peer_breakout_share_63|-1|self_mom_252_21|-1,pair,corr20_peer_breakout_share_63,-1,self_mom_252_21,-1,,0
pair|corr20_peer_breakout_share_63|+1|self_atr_63|+1,pair,corr20_peer_breakout_share_63,1,self_atr_63,1,,0
pair|corr20_peer_breakout_share_63|+1|self_atr_63|-1,pair,corr20_peer_breakout_share_63,1,self_atr_63,-1,,0
pair|corr20_peer_breakout_share_63|-1|self_atr_63|+1,pair,corr20_peer_breakout_share_63,-1,self_atr_63,1,,0
pair|corr20_peer_breakout_share_63|-1|self_atr_63|-1,pair,corr20_peer_breakout_share_63,-1,self_atr_63,-1,,0
pair|corr20_peer_breakout_share_63|+1|self_compression_20_63|+1,pair,corr20_peer_breakout_share_63,1,self_compression_20_63,1,,0
pair|corr20_peer_breakout_share_63|+1|self_compression_20_63|-1,pair,corr20_peer_breakout_share_63,1,self_compression_20_63,-1,,0
pair|corr20_peer_breakout_share_63|-1|self_compression_20_63|+1,pair,corr20_peer_breakout_share_63,-1,self_compression_20_63,1,,0
pair|corr20_peer_breakout_share_63|-1|self_compression_20_63|-1,pair,corr20_peer_breakout_share_63,-1,self_compression_20_63,-1,,0
pair|corr20_peer_breakout_share_63|+1|self_volume_ratio_5_20|+1,pair,corr20_peer_breakout_share_63,1,self_volume_ratio_5_20,1,,0
pair|corr20_peer_breakout_share_63|+1|self_volume_ratio_5_20|-1,pair,corr20_peer_breakout_share_63,1,self_volume_ratio_5_20,-1,,0
pair|corr20_peer_breakout_share_63|-1|self_volume_ratio_5_20|+1,pair,corr20_peer_breakout_share_63,-1,self_volume_ratio_5_20,1,,0
pair|corr20_peer_breakout_share_63|-1|self_volume_ratio_5_20|-1,pair,corr20_peer_breakout_share_63,-1,self_volume_ratio_5_20,-1,,0
pair|corr20_peer_breakout_share_63|+1|self_dist_high_63|+1,pair,corr20_peer_breakout_share_63,1,self_dist_high_63,1,,0
pair|corr20_peer_breakout_share_63|+1|self_dist_high_63|-1,pair,corr20_peer_breakout_share_63,1,self_dist_high_63,-1,,0
pair|corr20_peer_breakout_share_63|-1|self_dist_high_63|+1,pair,corr20_peer_breakout_share_63,-1,self_dist_high_63,1,,0
pair|corr20_peer_breakout_share_63|-1|self_dist_high_63|-1,pair,corr20_peer_breakout_share_63,-1,self_dist_high_63,-1,,0
pair|corr20_peer_breakout_share_63|+1|self_range_loc_63|+1,pair,corr20_peer_breakout_share_63,1,self_range_loc_63,1,,0
pair|corr20_peer_breakout_share_63|+1|self_range_loc_63|-1,pair,corr20_peer_breakout_share_63,1,self_range_loc_63,-1,,0
pair|corr20_peer_breakout_share_63|-1|self_range_loc_63|+1,pair,corr20_peer_breakout_share_63,-1,self_range_loc_63,1,,0
pair|corr20_peer_breakout_share_63|-1|self_range_loc_63|-1,pair,corr20_peer_breakout_share_63,-1,self_range_loc_63,-1,,0
pair|corr20_follower_gap_5|+1|self_ret_5|+1,pair,corr20_follower_gap_5,1,self_ret_5,1,,0
pair|corr20_follower_gap_5|+1|self_ret_5|-1,pair,corr20_follower_gap_5,1,self_ret_5,-1,,0
pair|corr20_follower_gap_5|-1|self_ret_5|+1,pair,corr20_follower_gap_5,-1,self_ret_5,1,,0
pair|corr20_follower_gap_5|-1|self_ret_5|-1,pair,corr20_follower_gap_5,-1,self_ret_5,-1,,0
pair|corr20_follower_gap_5|+1|self_ret_21|+1,pair,corr20_follower_gap_5,1,self_ret_21,1,,0
pair|corr20_follower_gap_5|+1|self_ret_21|-1,pair,corr20_follower_gap_5,1,self_ret_21,-1,,0
pair|corr20_follower_gap_5|-1|self_ret_21|+1,pair,corr20_follower_gap_5,-1,self_ret_21,1,,0
pair|corr20_follower_gap_5|-1|self_ret_21|-1,pair,corr20_follower_gap_5,-1,self_ret_21,-1,,0
pair|corr20_follower_gap_5|+1|self_ret_63|+1,pair,corr20_follower_gap_5,1,self_ret_63,1,,0
pair|corr20_follower_gap_5|+1|self_ret_63|-1,pair,corr20_follower_gap_5,1,self_ret_63,-1,,0
pair|corr20_follower_gap_5|-1|self_ret_63|+1,pair,corr20_follower_gap_5,-1,self_ret_63,1,,0
pair|corr20_follower_gap_5|-1|self_ret_63|-1,pair,corr20_follower_gap_5,-1,self_ret_63,-1,,0
pair|corr20_follower_gap_5|+1|self_mom_252_21|+1,pair,corr20_follower_gap_5,1,self_mom_252_21,1,,0
pair|corr20_follower_gap_5|+1|self_mom_252_21|-1,pair,corr20_follower_gap_5,1,self_mom_252_21,-1,,0
pair|corr20_follower_gap_5|-1|self_mom_252_21|+1,pair,corr20_follower_gap_5,-1,self_mom_252_21,1,,0
pair|corr20_follower_gap_5|-1|self_mom_252_21|-1,pair,corr20_follower_gap_5,-1,self_mom_252_21,-1,,0
pair|corr20_follower_gap_5|+1|self_atr_63|+1,pair,corr20_follower_gap_5,1,self_atr_63,1,,0
pair|corr20_follower_gap_5|+1|self_atr_63|-1,pair,corr20_follower_gap_5,1,self_atr_63,-1,,0
pair|corr20_follower_gap_5|-1|self_atr_63|+1,pair,corr20_follower_gap_5,-1,self_atr_63,1,,0
pair|corr20_follower_gap_5|-1|self_atr_63|-1,pair,corr20_follower_gap_5,-1,self_atr_63,-1,,0
pair|corr20_follower_gap_5|+1|self_compression_20_63|+1,pair,corr20_follower_gap_5,1,self_compression_20_63,1,,0
pair|corr20_follower_gap_5|+1|self_compression_20_63|-1,pair,corr20_follower_gap_5,1,self_compression_20_63,-1,,0
pair|corr20_follower_gap_5|-1|self_compression_20_63|+1,pair,corr20_follower_gap_5,-1,self_compression_20_63,1,,0
pair|corr20_follower_gap_5|-1|self_compression_20_63|-1,pair,corr20_follower_gap_5,-1,self_compression_20_63,-1,,0
pair|corr20_follower_gap_5|+1|self_volume_ratio_5_20|+1,pair,corr20_follower_gap_5,1,self_volume_ratio_5_20,1,,0
pair|corr20_follower_gap_5|+1|self_volume_ratio_5_20|-1,pair,corr20_follower_gap_5,1,self_volume_ratio_5_20,-1,,0
pair|corr20_follower_gap_5|-1|self_volume_ratio_5_20|+1,pair,corr20_follower_gap_5,-1,self_volume_ratio_5_20,1,,0
pair|corr20_follower_gap_5|-1|self_volume_ratio_5_20|-1,pair,corr20_follower_gap_5,-1,self_volume_ratio_5_20,-1,,0
pair|corr20_follower_gap_5|+1|self_dist_high_63|+1,pair,corr20_follower_gap_5,1,self_dist_high_63,1,,0
pair|corr20_follower_gap_5|+1|self_dist_high_63|-1,pair,corr20_follower_gap_5,1,self_dist_high_63,-1,,0
pair|corr20_follower_gap_5|-1|self_dist_high_63|+1,pair,corr20_follower_gap_5,-1,self_dist_high_63,1,,0
pair|corr20_follower_gap_5|-1|self_dist_high_63|-1,pair,corr20_follower_gap_5,-1,self_dist_high_63,-1,,0
pair|corr20_follower_gap_5|+1|self_range_loc_63|+1,pair,corr20_follower_gap_5,1,self_range_loc_63,1,,0
pair|corr20_follower_gap_5|+1|self_range_loc_63|-1,pair,corr20_follower_gap_5,1,self_range_loc_63,-1,,0
pair|corr20_follower_gap_5|-1|self_range_loc_63|+1,pair,corr20_follower_gap_5,-1,self_range_loc_63,1,,0
pair|corr20_follower_gap_5|-1|self_range_loc_63|-1,pair,corr20_follower_gap_5,-1,self_range_loc_63,-1,,0
pair|corr20_follower_gap_21|+1|self_ret_5|+1,pair,corr20_follower_gap_21,1,self_ret_5,1,,0
pair|corr20_follower_gap_21|+1|self_ret_5|-1,pair,corr20_follower_gap_21,1,self_ret_5,-1,,0
pair|corr20_follower_gap_21|-1|self_ret_5|+1,pair,corr20_follower_gap_21,-1,self_ret_5,1,,0
pair|corr20_follower_gap_21|-1|self_ret_5|-1,pair,corr20_follower_gap_21,-1,self_ret_5,-1,,0
pair|corr20_follower_gap_21|+1|self_ret_21|+1,pair,corr20_follower_gap_21,1,self_ret_21,1,,0
pair|corr20_follower_gap_21|+1|self_ret_21|-1,pair,corr20_follower_gap_21,1,self_ret_21,-1,,0
pair|corr20_follower_gap_21|-1|self_ret_21|+1,pair,corr20_follower_gap_21,-1,self_ret_21,1,,0
pair|corr20_follower_gap_21|-1|self_ret_21|-1,pair,corr20_follower_gap_21,-1,self_ret_21,-1,,0
pair|corr20_follower_gap_21|+1|self_ret_63|+1,pair,corr20_follower_gap_21,1,self_ret_63,1,,0
pair|corr20_follower_gap_21|+1|self_ret_63|-1,pair,corr20_follower_gap_21,1,self_ret_63,-1,,0
pair|corr20_follower_gap_21|-1|self_ret_63|+1,pair,corr20_follower_gap_21,-1,self_ret_63,1,,0
pair|corr20_follower_gap_21|-1|self_ret_63|-1,pair,corr20_follower_gap_21,-1,self_ret_63,-1,,0
pair|corr20_follower_gap_21|+1|self_mom_252_21|+1,pair,corr20_follower_gap_21,1,self_mom_252_21,1,,0
pair|corr20_follower_gap_21|+1|self_mom_252_21|-1,pair,corr20_follower_gap_21,1,self_mom_252_21,-1,,0
pair|corr20_follower_gap_21|-1|self_mom_252_21|+1,pair,corr20_follower_gap_21,-1,self_mom_252_21,1,,0
pair|corr20_follower_gap_21|-1|self_mom_252_21|-1,pair,corr20_follower_gap_21,-1,self_mom_252_21,-1,,0
pair|corr20_follower_gap_21|+1|self_atr_63|+1,pair,corr20_follower_gap_21,1,self_atr_63,1,,0
pair|corr20_follower_gap_21|+1|self_atr_63|-1,pair,corr20_follower_gap_21,1,self_atr_63,-1,,0
pair|corr20_follower_gap_21|-1|self_atr_63|+1,pair,corr20_follower_gap_21,-1,self_atr_63,1,,0
pair|corr20_follower_gap_21|-1|self_atr_63|-1,pair,corr20_follower_gap_21,-1,self_atr_63,-1,,0
pair|corr20_follower_gap_21|+1|self_compression_20_63|+1,pair,corr20_follower_gap_21,1,self_compression_20_63,1,,0
pair|corr20_follower_gap_21|+1|self_compression_20_63|-1,pair,corr20_follower_gap_21,1,self_compression_20_63,-1,,0
pair|corr20_follower_gap_21|-1|self_compression_20_63|+1,pair,corr20_follower_gap_21,-1,self_compression_20_63,1,,0
pair|corr20_follower_gap_21|-1|self_compression_20_63|-1,pair,corr20_follower_gap_21,-1,self_compression_20_63,-1,,0
pair|corr20_follower_gap_21|+1|self_volume_ratio_5_20|+1,pair,corr20_follower_gap_21,1,self_volume_ratio_5_20,1,,0
pair|corr20_follower_gap_21|+1|self_volume_ratio_5_20|-1,pair,corr20_follower_gap_21,1,self_volume_ratio_5_20,-1,,0
pair|corr20_follower_gap_21|-1|self_volume_ratio_5_20|+1,pair,corr20_follower_gap_21,-1,self_volume_ratio_5_20,1,,0
pair|corr20_follower_gap_21|-1|self_volume_ratio_5_20|-1,pair,corr20_follower_gap_21,-1,self_volume_ratio_5_20,-1,,0
pair|corr20_follower_gap_21|+1|self_dist_high_63|+1,pair,corr20_follower_gap_21,1,self_dist_high_63,1,,0
pair|corr20_follower_gap_21|+1|self_dist_high_63|-1,pair,corr20_follower_gap_21,1,self_dist_high_63,-1,,0
pair|corr20_follower_gap_21|-1|self_dist_high_63|+1,pair,corr20_follower_gap_21,-1,self_dist_high_63,1,,0
pair|corr20_follower_gap_21|-1|self_dist_high_63|-1,pair,corr20_follower_gap_21,-1,self_dist_high_63,-1,,0
pair|corr20_follower_gap_21|+1|self_range_loc_63|+1,pair,corr20_follower_gap_21,1,self_range_loc_63,1,,0
pair|corr20_follower_gap_21|+1|self_range_loc_63|-1,pair,corr20_follower_gap_21,1,self_range_loc_63,-1,,0
pair|corr20_follower_gap_21|-1|self_range_loc_63|+1,pair,corr20_follower_gap_21,-1,self_range_loc_63,1,,0
pair|corr20_follower_gap_21|-1|self_range_loc_63|-1,pair,corr20_follower_gap_21,-1,self_range_loc_63,-1,,0
pair|corr20_follower_gap_63|+1|self_ret_5|+1,pair,corr20_follower_gap_63,1,self_ret_5,1,,0
pair|corr20_follower_gap_63|+1|self_ret_5|-1,pair,corr20_follower_gap_63,1,self_ret_5,-1,,0
pair|corr20_follower_gap_63|-1|self_ret_5|+1,pair,corr20_follower_gap_63,-1,self_ret_5,1,,0
pair|corr20_follower_gap_63|-1|self_ret_5|-1,pair,corr20_follower_gap_63,-1,self_ret_5,-1,,0
pair|corr20_follower_gap_63|+1|self_ret_21|+1,pair,corr20_follower_gap_63,1,self_ret_21,1,,0
pair|corr20_follower_gap_63|+1|self_ret_21|-1,pair,corr20_follower_gap_63,1,self_ret_21,-1,,0
pair|corr20_follower_gap_63|-1|self_ret_21|+1,pair,corr20_follower_gap_63,-1,self_ret_21,1,,0
pair|corr20_follower_gap_63|-1|self_ret_21|-1,pair,corr20_follower_gap_63,-1,self_ret_21,-1,,0
pair|corr20_follower_gap_63|+1|self_ret_63|+1,pair,corr20_follower_gap_63,1,self_ret_63,1,,0
pair|corr20_follower_gap_63|+1|self_ret_63|-1,pair,corr20_follower_gap_63,1,self_ret_63,-1,,0
pair|corr20_follower_gap_63|-1|self_ret_63|+1,pair,corr20_follower_gap_63,-1,self_ret_63,1,,0
pair|corr20_follower_gap_63|-1|self_ret_63|-1,pair,corr20_follower_gap_63,-1,self_ret_63,-1,,0
pair|corr20_follower_gap_63|+1|self_mom_252_21|+1,pair,corr20_follower_gap_63,1,self_mom_252_21,1,,0
pair|corr20_follower_gap_63|+1|self_mom_252_21|-1,pair,corr20_follower_gap_63,1,self_mom_252_21,-1,,0
pair|corr20_follower_gap_63|-1|self_mom_252_21|+1,pair,corr20_follower_gap_63,-1,self_mom_252_21,1,,0
pair|corr20_follower_gap_63|-1|self_mom_252_21|-1,pair,corr20_follower_gap_63,-1,self_mom_252_21,-1,,0
pair|corr20_follower_gap_63|+1|self_atr_63|+1,pair,corr20_follower_gap_63,1,self_atr_63,1,,0
pair|corr20_follower_gap_63|+1|self_atr_63|-1,pair,corr20_follower_gap_63,1,self_atr_63,-1,,0
pair|corr20_follower_gap_63|-1|self_atr_63|+1,pair,corr20_follower_gap_63,-1,self_atr_63,1,,0
pair|corr20_follower_gap_63|-1|self_atr_63|-1,pair,corr20_follower_gap_63,-1,self_atr_63,-1,,0
pair|corr20_follower_gap_63|+1|self_compression_20_63|+1,pair,corr20_follower_gap_63,1,self_compression_20_63,1,,0
pair|corr20_follower_gap_63|+1|self_compression_20_63|-1,pair,corr20_follower_gap_63,1,self_compression_20_63,-1,,0
pair|corr20_follower_gap_63|-1|self_compression_20_63|+1,pair,corr20_follower_gap_63,-1,self_compression_20_63,1,,0
pair|corr20_follower_gap_63|-1|self_compression_20_63|-1,pair,corr20_follower_gap_63,-1,self_compression_20_63,-1,,0
pair|corr20_follower_gap_63|+1|self_volume_ratio_5_20|+1,pair,corr20_follower_gap_63,1,self_volume_ratio_5_20,1,,0
pair|corr20_follower_gap_63|+1|self_volume_ratio_5_20|-1,pair,corr20_follower_gap_63,1,self_volume_ratio_5_20,-1,,0
pair|corr20_follower_gap_63|-1|self_volume_ratio_5_20|+1,pair,corr20_follower_gap_63,-1,self_volume_ratio_5_20,1,,0
pair|corr20_follower_gap_63|-1|self_volume_ratio_5_20|-1,pair,corr20_follower_gap_63,-1,self_volume_ratio_5_20,-1,,0
pair|corr20_follower_gap_63|+1|self_dist_high_63|+1,pair,corr20_follower_gap_63,1,self_dist_high_63,1,,0
pair|corr20_follower_gap_63|+1|self_dist_high_63|-1,pair,corr20_follower_gap_63,1,self_dist_high_63,-1,,0
pair|corr20_follower_gap_63|-1|self_dist_high_63|+1,pair,corr20_follower_gap_63,-1,self_dist_high_63,1,,0
pair|corr20_follower_gap_63|-1|self_dist_high_63|-1,pair,corr20_follower_gap_63,-1,self_dist_high_63,-1,,0
pair|corr20_follower_gap_63|+1|self_range_loc_63|+1,pair,corr20_follower_gap_63,1,self_range_loc_63,1,,0
pair|corr20_follower_gap_63|+1|self_range_loc_63|-1,pair,corr20_follower_gap_63,1,self_range_loc_63,-1,,0
pair|corr20_follower_gap_63|-1|self_range_loc_63|+1,pair,corr20_follower_gap_63,-1,self_range_loc_63,1,,0
pair|corr20_follower_gap_63|-1|self_range_loc_63|-1,pair,corr20_follower_gap_63,-1,self_range_loc_63,-1,,0
sequence|cluster24|peer_lead_21|compression|volume_wake,triple,cluster24_follower_gap_21,1,self_compression_20_63,1,self_volume_ratio_5_20,1
exhaustion|cluster24|self_lead_21|peer_weak|near_high,triple,cluster24_follower_gap_21,-1,self_ret_21,1,self_dist_high_63,1
sequence|cluster24|peer_lead_63|compression|volume_wake,triple,cluster24_follower_gap_63,1,self_compression_20_63,1,self_volume_ratio_5_20,1
exhaustion|cluster24|self_lead_63|peer_weak|near_high,triple,cluster24_follower_gap_63,-1,self_ret_63,1,self_dist_high_63,1
sequence|cluster48|peer_lead_21|compression|volume_wake,triple,cluster48_follower_gap_21,1,self_compression_20_63,1,self_volume_ratio_5_20,1
exhaustion|cluster48|self_lead_21|peer_weak|near_high,triple,cluster48_follower_gap_21,-1,self_ret_21,1,self_dist_high_63,1
sequence|cluster48|peer_lead_63|compression|volume_wake,triple,cluster48_follower_gap_63,1,self_compression_20_63,1,self_volume_ratio_5_20,1
exhaustion|cluster48|self_lead_63|peer_weak|near_high,triple,cluster48_follower_gap_63,-1,self_ret_63,1,self_dist_high_63,1
sequence|corr20|peer_lead_21|compression|volume_wake,triple,corr20_follower_gap_21,1,self_compression_20_63,1,self_volume_ratio_5_20,1
exhaustion|corr20|self_lead_21|peer_weak|near_high,triple,corr20_follower_gap_21,-1,self_ret_21,1,self_dist_high_63,1
sequence|corr20|peer_lead_63|compression|volume_wake,triple,corr20_follower_gap_63,1,self_compression_20_63,1,self_volume_ratio_5_20,1
exhaustion|corr20|self_lead_63|peer_weak|near_high,triple,corr20_follower_gap_63,-1,self_ret_63,1,self_dist_high_63,1
