candidate_id,name,family,primary_role,market_scope,source_class,source_signal_class,data_required,data_readiness,current_evidence_status,next_valid_action,live_decision_weight,capital_permission
OAP_PREDICTOR_ABNORMALACCRUALS,Abnormal Accruals,open_source_cross_sectional_asset_pricing,value_capture,US_equities_cross_section,OpenSourceAP_SignalDoc_official,PREDICTOR,Accounting,AGGREGATE_RETURN_SERIES_TESTED,FAILED_OR_UNIDENTIFIABLE,fresh point-in-time stock-level replication if robust; otherwise retain failure/persistence diagnostic,0.0,BLOCKED
OAP_PREDICTOR_ACCRUALS,Accruals,open_source_cross_sectional_asset_pricing,value_capture,US_equities_cross_section,OpenSourceAP_SignalDoc_official,PREDICTOR,Accounting,AGGREGATE_RETURN_SERIES_TESTED,DIRECTIONALLY_PERSISTENT_ONLY,fresh point-in-time stock-level replication if robust; otherwise retain failure/persistence diagnostic,0.0,BLOCKED
OAP_PREDICTOR_ACCRUALSBM,Book-to-market and accruals,open_source_cross_sectional_asset_pricing,value_capture,US_equities_cross_section,OpenSourceAP_SignalDoc_official,PREDICTOR,Accounting,AGGREGATE_RETURN_SERIES_TESTED,DIRECTIONALLY_PERSISTENT_ONLY,fresh point-in-time stock-level replication if robust; otherwise retain failure/persistence diagnostic,0.0,BLOCKED
OAP_PREDICTOR_ACTIVISM1,Takeover vulnerability,open_source_cross_sectional_asset_pricing,information_flow_or_positioning,US_equities_cross_section,OpenSourceAP_SignalDoc_official,PREDICTOR,13F,AGGREGATE_RETURN_SERIES_TESTED,FAILED_OR_UNIDENTIFIABLE,fresh point-in-time stock-level replication if robust; otherwise retain failure/persistence diagnostic,0.0,BLOCKED
OAP_PREDICTOR_AM,Total assets to market,open_source_cross_sectional_asset_pricing,value_capture,US_equities_cross_section,OpenSourceAP_SignalDoc_official,PREDICTOR,Accounting,AGGREGATE_RETURN_SERIES_TESTED,DIRECTIONALLY_PERSISTENT_ONLY,fresh point-in-time stock-level replication if robust; otherwise retain failure/persistence diagnostic,0.0,BLOCKED
OAP_PREDICTOR_ANALYSTREVISION,EPS forecast revision,open_source_cross_sectional_asset_pricing,value_capture,US_equities_cross_section,OpenSourceAP_SignalDoc_official,PREDICTOR,Analyst,AGGREGATE_RETURN_SERIES_TESTED,ROBUST_GROSS_POSTSAMPLE,fresh point-in-time stock-level replication if robust; otherwise retain failure/persistence diagnostic,0.0,BLOCKED
OAP_PREDICTOR_ANNOUNCEMENTRETURN,Earnings announcement return,open_source_cross_sectional_asset_pricing,value_capture,US_equities_cross_section,OpenSourceAP_SignalDoc_official,PREDICTOR,Price,AGGREGATE_RETURN_SERIES_TESTED,ROBUST_25BPS_POSTSAMPLE,fresh point-in-time stock-level replication if robust; otherwise retain failure/persistence diagnostic,0.0,BLOCKED
OAP_PREDICTOR_ASSETGROWTH,Asset growth,open_source_cross_sectional_asset_pricing,value_capture,US_equities_cross_section,OpenSourceAP_SignalDoc_official,PREDICTOR,Accounting,AGGREGATE_RETURN_SERIES_TESTED,DIRECTIONALLY_PERSISTENT_ONLY,fresh point-in-time stock-level replication if robust; otherwise retain failure/persistence diagnostic,0.0,BLOCKED
OAP_PREDICTOR_BETALIQUIDITYPS,Pastor-Stambaugh liquidity beta,open_source_cross_sectional_asset_pricing,execution_or_flow,US_equities_cross_section,OpenSourceAP_SignalDoc_official,PREDICTOR,Price,AGGREGATE_RETURN_SERIES_TESTED,FAILED_OR_UNIDENTIFIABLE,fresh point-in-time stock-level replication if robust; otherwise retain failure/persistence diagnostic,0.0,BLOCKED
OAP_PREDICTOR_BETATAILRISK,Tail risk beta,open_source_cross_sectional_asset_pricing,vulnerability_or_range,US_equities_cross_section,OpenSourceAP_SignalDoc_official,PREDICTOR,Price,AGGREGATE_RETURN_SERIES_TESTED,FAILED_OR_UNIDENTIFIABLE,fresh point-in-time stock-level replication if robust; otherwise retain failure/persistence diagnostic,0.0,BLOCKED
OAP_PREDICTOR_BETAVIX,Systematic volatility,open_source_cross_sectional_asset_pricing,vulnerability_or_range,US_equities_cross_section,OpenSourceAP_SignalDoc_official,PREDICTOR,Price,AGGREGATE_RETURN_SERIES_TESTED,DIRECTIONALLY_PERSISTENT_ONLY,fresh point-in-time stock-level replication if robust; otherwise retain failure/persistence diagnostic,0.0,BLOCKED
OAP_PREDICTOR_BM,"Book to market, original (Stattman 1980)",open_source_cross_sectional_asset_pricing,value_capture,US_equities_cross_section,OpenSourceAP_SignalDoc_official,PREDICTOR,Accounting,AGGREGATE_RETURN_SERIES_TESTED,DIRECTIONALLY_PERSISTENT_ONLY,fresh point-in-time stock-level replication if robust; otherwise retain failure/persistence diagnostic,0.0,BLOCKED
OAP_PREDICTOR_BMDEC,Book to market using December ME,open_source_cross_sectional_asset_pricing,value_capture,US_equities_cross_section,OpenSourceAP_SignalDoc_official,PREDICTOR,Accounting,AGGREGATE_RETURN_SERIES_TESTED,DIRECTIONALLY_PERSISTENT_ONLY,fresh point-in-time stock-level replication if robust; otherwise retain failure/persistence diagnostic,0.0,BLOCKED
OAP_PREDICTOR_BOOKLEVERAGE,Book leverage (annual),open_source_cross_sectional_asset_pricing,cross_sectional_selection,US_equities_cross_section,OpenSourceAP_SignalDoc_official,PREDICTOR,Accounting,AGGREGATE_RETURN_SERIES_TESTED,FAILED_OR_UNIDENTIFIABLE,fresh point-in-time stock-level replication if robust; otherwise retain failure/persistence diagnostic,0.0,BLOCKED
OAP_PREDICTOR_BPEBM,Leverage component of BM,open_source_cross_sectional_asset_pricing,cross_sectional_selection,US_equities_cross_section,OpenSourceAP_SignalDoc_official,PREDICTOR,Accounting,AGGREGATE_RETURN_SERIES_TESTED,FAILED_OR_UNIDENTIFIABLE,fresh point-in-time stock-level replication if robust; otherwise retain failure/persistence diagnostic,0.0,BLOCKED
OAP_PREDICTOR_CASH,Cash to assets,open_source_cross_sectional_asset_pricing,cross_sectional_selection,US_equities_cross_section,OpenSourceAP_SignalDoc_official,PREDICTOR,Accounting,AGGREGATE_RETURN_SERIES_TESTED,FAILED_OR_UNIDENTIFIABLE,fresh point-in-time stock-level replication if robust; otherwise retain failure/persistence diagnostic,0.0,BLOCKED
OAP_PREDICTOR_CASHPROD,Cash Productivity,open_source_cross_sectional_asset_pricing,value_capture,US_equities_cross_section,OpenSourceAP_SignalDoc_official,PREDICTOR,Accounting,AGGREGATE_RETURN_SERIES_TESTED,DIRECTIONALLY_PERSISTENT_ONLY,fresh point-in-time stock-level replication if robust; otherwise retain failure/persistence diagnostic,0.0,BLOCKED
OAP_PREDICTOR_CBOPERPROF,Cash-based operating profitability,open_source_cross_sectional_asset_pricing,value_capture,US_equities_cross_section,OpenSourceAP_SignalDoc_official,PREDICTOR,Accounting,AGGREGATE_RETURN_SERIES_TESTED,FAILED_OR_UNIDENTIFIABLE,fresh point-in-time stock-level replication if robust; otherwise retain failure/persistence diagnostic,0.0,BLOCKED
OAP_PREDICTOR_CF,Cash flow to market,open_source_cross_sectional_asset_pricing,value_capture,US_equities_cross_section,OpenSourceAP_SignalDoc_official,PREDICTOR,Accounting,AGGREGATE_RETURN_SERIES_TESTED,DIRECTIONALLY_PERSISTENT_ONLY,fresh point-in-time stock-level replication if robust; otherwise retain failure/persistence diagnostic,0.0,BLOCKED
OAP_PREDICTOR_CFP,Operating Cash flows to price,open_source_cross_sectional_asset_pricing,value_capture,US_equities_cross_section,OpenSourceAP_SignalDoc_official,PREDICTOR,Accounting,AGGREGATE_RETURN_SERIES_TESTED,DIRECTIONALLY_PERSISTENT_ONLY,fresh point-in-time stock-level replication if robust; otherwise retain failure/persistence diagnostic,0.0,BLOCKED
OAP_PREDICTOR_CHANGEINRECOMMENDATION,Change in recommendation,open_source_cross_sectional_asset_pricing,information_flow_or_positioning,US_equities_cross_section,OpenSourceAP_SignalDoc_official,PREDICTOR,Analyst,AGGREGATE_RETURN_SERIES_TESTED,DIRECTIONALLY_PERSISTENT_ONLY,fresh point-in-time stock-level replication if robust; otherwise retain failure/persistence diagnostic,0.0,BLOCKED
OAP_PREDICTOR_CHASSETTURNOVER,Change in Asset Turnover,open_source_cross_sectional_asset_pricing,execution_or_flow,US_equities_cross_section,OpenSourceAP_SignalDoc_official,PREDICTOR,Accounting,AGGREGATE_RETURN_SERIES_TESTED,DIRECTIONALLY_PERSISTENT_ONLY,fresh point-in-time stock-level replication if robust; otherwise retain failure/persistence diagnostic,0.0,BLOCKED
OAP_PREDICTOR_CHEQ,Growth in book equity,open_source_cross_sectional_asset_pricing,value_capture,US_equities_cross_section,OpenSourceAP_SignalDoc_official,PREDICTOR,Accounting,AGGREGATE_RETURN_SERIES_TESTED,DIRECTIONALLY_PERSISTENT_ONLY,fresh point-in-time stock-level replication if robust; otherwise retain failure/persistence diagnostic,0.0,BLOCKED
OAP_PREDICTOR_CHFORECASTACCRUAL,Change in Forecast and Accrual,open_source_cross_sectional_asset_pricing,value_capture,US_equities_cross_section,OpenSourceAP_SignalDoc_official,PREDICTOR,Analyst,AGGREGATE_RETURN_SERIES_TESTED,DIRECTIONALLY_PERSISTENT_ONLY,fresh point-in-time stock-level replication if robust; otherwise retain failure/persistence diagnostic,0.0,BLOCKED
OAP_PREDICTOR_CHINV,Inventory Growth,open_source_cross_sectional_asset_pricing,value_capture,US_equities_cross_section,OpenSourceAP_SignalDoc_official,PREDICTOR,Accounting,AGGREGATE_RETURN_SERIES_TESTED,DIRECTIONALLY_PERSISTENT_ONLY,fresh point-in-time stock-level replication if robust; otherwise retain failure/persistence diagnostic,0.0,BLOCKED
OAP_PREDICTOR_CHINVIA,Change in capital inv (ind adj),open_source_cross_sectional_asset_pricing,value_capture,US_equities_cross_section,OpenSourceAP_SignalDoc_official,PREDICTOR,Accounting,AGGREGATE_RETURN_SERIES_TESTED,FAILED_OR_UNIDENTIFIABLE,fresh point-in-time stock-level replication if robust; otherwise retain failure/persistence diagnostic,0.0,BLOCKED
OAP_PREDICTOR_CHNANALYST,Decline in Analyst Coverage,open_source_cross_sectional_asset_pricing,value_capture,US_equities_cross_section,OpenSourceAP_SignalDoc_official,PREDICTOR,Analyst,AGGREGATE_RETURN_SERIES_TESTED,FAILED_OR_UNIDENTIFIABLE,fresh point-in-time stock-level replication if robust; otherwise retain failure/persistence diagnostic,0.0,BLOCKED
OAP_PREDICTOR_CHNNCOA,Change in Net Noncurrent Op Assets,open_source_cross_sectional_asset_pricing,value_capture,US_equities_cross_section,OpenSourceAP_SignalDoc_official,PREDICTOR,Accounting,AGGREGATE_RETURN_SERIES_TESTED,FAILED_OR_UNIDENTIFIABLE,fresh point-in-time stock-level replication if robust; otherwise retain failure/persistence diagnostic,0.0,BLOCKED
OAP_PREDICTOR_CHNWC,Change in Net Working Capital,open_source_cross_sectional_asset_pricing,value_capture,US_equities_cross_section,OpenSourceAP_SignalDoc_official,PREDICTOR,Accounting,AGGREGATE_RETURN_SERIES_TESTED,FAILED_OR_UNIDENTIFIABLE,fresh point-in-time stock-level replication if robust; otherwise retain failure/persistence diagnostic,0.0,BLOCKED
OAP_PREDICTOR_CHTAX,Change in Taxes,open_source_cross_sectional_asset_pricing,cross_sectional_selection,US_equities_cross_section,OpenSourceAP_SignalDoc_official,PREDICTOR,Accounting,AGGREGATE_RETURN_SERIES_TESTED,DIRECTIONALLY_PERSISTENT_ONLY,fresh point-in-time stock-level replication if robust; otherwise retain failure/persistence diagnostic,0.0,BLOCKED
OAP_PREDICTOR_CITATIONSRD,Citations to RD expenses,open_source_cross_sectional_asset_pricing,value_capture,US_equities_cross_section,OpenSourceAP_SignalDoc_official,PREDICTOR,Other,AGGREGATE_RETURN_SERIES_TESTED,DIRECTIONALLY_PERSISTENT_ONLY,fresh point-in-time stock-level replication if robust; otherwise retain failure/persistence diagnostic,0.0,BLOCKED
OAP_PREDICTOR_COMPEQUISS,Composite equity issuance,open_source_cross_sectional_asset_pricing,cross_sectional_selection,US_equities_cross_section,OpenSourceAP_SignalDoc_official,PREDICTOR,Accounting,AGGREGATE_RETURN_SERIES_TESTED,DIRECTIONALLY_PERSISTENT_ONLY,fresh point-in-time stock-level replication if robust; otherwise retain failure/persistence diagnostic,0.0,BLOCKED
OAP_PREDICTOR_COMPOSITEDEBTISSUANCE,Composite debt issuance,open_source_cross_sectional_asset_pricing,cross_sectional_selection,US_equities_cross_section,OpenSourceAP_SignalDoc_official,PREDICTOR,Accounting,AGGREGATE_RETURN_SERIES_TESTED,DIRECTIONALLY_PERSISTENT_ONLY,fresh point-in-time stock-level replication if robust; otherwise retain failure/persistence diagnostic,0.0,BLOCKED
OAP_PREDICTOR_CONVDEBT,Convertible debt indicator,open_source_cross_sectional_asset_pricing,cross_sectional_selection,US_equities_cross_section,OpenSourceAP_SignalDoc_official,PREDICTOR,Accounting,AGGREGATE_RETURN_SERIES_TESTED,FAILED_OR_UNIDENTIFIABLE,fresh point-in-time stock-level replication if robust; otherwise retain failure/persistence diagnostic,0.0,BLOCKED
OAP_PREDICTOR_COSKEWACX,Coskewness using daily returns,open_source_cross_sectional_asset_pricing,vulnerability_or_range,US_equities_cross_section,OpenSourceAP_SignalDoc_official,PREDICTOR,Price,AGGREGATE_RETURN_SERIES_TESTED,DIRECTIONALLY_PERSISTENT_ONLY,fresh point-in-time stock-level replication if robust; otherwise retain failure/persistence diagnostic,0.0,BLOCKED
OAP_PREDICTOR_CPVOLSPREAD,Call minus Put Vol,open_source_cross_sectional_asset_pricing,vulnerability_or_range,US_equities_cross_section,OpenSourceAP_SignalDoc_official,PREDICTOR,Options,AGGREGATE_RETURN_SERIES_TESTED,DIRECTIONALLY_PERSISTENT_ONLY,fresh point-in-time stock-level replication if robust; otherwise retain failure/persistence diagnostic,0.0,BLOCKED
OAP_PREDICTOR_DVOLCALL,Change in call vol,open_source_cross_sectional_asset_pricing,execution_or_flow,US_equities_cross_section,OpenSourceAP_SignalDoc_official,PREDICTOR,Options,AGGREGATE_RETURN_SERIES_TESTED,FAILED_OR_UNIDENTIFIABLE,fresh point-in-time stock-level replication if robust; otherwise retain failure/persistence diagnostic,0.0,BLOCKED
OAP_PREDICTOR_DVOLPUT,Change in put vol,open_source_cross_sectional_asset_pricing,execution_or_flow,US_equities_cross_section,OpenSourceAP_SignalDoc_official,PREDICTOR,Options,AGGREGATE_RETURN_SERIES_TESTED,FAILED_OR_UNIDENTIFIABLE,fresh point-in-time stock-level replication if robust; otherwise retain failure/persistence diagnostic,0.0,BLOCKED
OAP_PREDICTOR_DCPVOLSPREAD,Change in put vol minus change in call vol,open_source_cross_sectional_asset_pricing,execution_or_flow,US_equities_cross_section,OpenSourceAP_SignalDoc_official,PREDICTOR,Options,AGGREGATE_RETURN_SERIES_TESTED,FAILED_OR_UNIDENTIFIABLE,fresh point-in-time stock-level replication if robust; otherwise retain failure/persistence diagnostic,0.0,BLOCKED
OAP_PREDICTOR_CREDRATDG,Credit Rating Downgrade,open_source_cross_sectional_asset_pricing,information_flow_or_positioning,US_equities_cross_section,OpenSourceAP_SignalDoc_official,PREDICTOR,Analyst,AGGREGATE_RETURN_SERIES_TESTED,DIRECTIONALLY_PERSISTENT_ONLY,fresh point-in-time stock-level replication if robust; otherwise retain failure/persistence diagnostic,0.0,BLOCKED
OAP_PREDICTOR_CUSTOMERMOMENTUM,Customer momentum,open_source_cross_sectional_asset_pricing,direction,US_equities_cross_section,OpenSourceAP_SignalDoc_official,PREDICTOR,Other,AGGREGATE_RETURN_SERIES_TESTED,DIRECTIONALLY_PERSISTENT_ONLY,fresh point-in-time stock-level replication if robust; otherwise retain failure/persistence diagnostic,0.0,BLOCKED
OAP_PREDICTOR_DELBREADTH,Breadth of ownership,open_source_cross_sectional_asset_pricing,information_flow_or_positioning,US_equities_cross_section,OpenSourceAP_SignalDoc_official,PREDICTOR,13F,AGGREGATE_RETURN_SERIES_TESTED,DIRECTIONALLY_PERSISTENT_ONLY,fresh point-in-time stock-level replication if robust; otherwise retain failure/persistence diagnostic,0.0,BLOCKED
OAP_PREDICTOR_DELCOA,Change in current operating assets,open_source_cross_sectional_asset_pricing,value_capture,US_equities_cross_section,OpenSourceAP_SignalDoc_official,PREDICTOR,Accounting,AGGREGATE_RETURN_SERIES_TESTED,FAILED_OR_UNIDENTIFIABLE,fresh point-in-time stock-level replication if robust; otherwise retain failure/persistence diagnostic,0.0,BLOCKED
OAP_PREDICTOR_DELCOL,Change in current operating liabilities,open_source_cross_sectional_asset_pricing,cross_sectional_selection,US_equities_cross_section,OpenSourceAP_SignalDoc_official,PREDICTOR,Accounting,AGGREGATE_RETURN_SERIES_TESTED,DIRECTIONALLY_PERSISTENT_ONLY,fresh point-in-time stock-level replication if robust; otherwise retain failure/persistence diagnostic,0.0,BLOCKED
OAP_PREDICTOR_DELEQU,Change in equity to assets,open_source_cross_sectional_asset_pricing,value_capture,US_equities_cross_section,OpenSourceAP_SignalDoc_official,PREDICTOR,Accounting,AGGREGATE_RETURN_SERIES_TESTED,DIRECTIONALLY_PERSISTENT_ONLY,fresh point-in-time stock-level replication if robust; otherwise retain failure/persistence diagnostic,0.0,BLOCKED
OAP_PREDICTOR_DELFINL,Change in financial liabilities,open_source_cross_sectional_asset_pricing,cross_sectional_selection,US_equities_cross_section,OpenSourceAP_SignalDoc_official,PREDICTOR,Accounting,AGGREGATE_RETURN_SERIES_TESTED,DIRECTIONALLY_PERSISTENT_ONLY,fresh point-in-time stock-level replication if robust; otherwise retain failure/persistence diagnostic,0.0,BLOCKED
OAP_PREDICTOR_DELLTI,Change in long-term investment,open_source_cross_sectional_asset_pricing,value_capture,US_equities_cross_section,OpenSourceAP_SignalDoc_official,PREDICTOR,Accounting,AGGREGATE_RETURN_SERIES_TESTED,DIRECTIONALLY_PERSISTENT_ONLY,fresh point-in-time stock-level replication if robust; otherwise retain failure/persistence diagnostic,0.0,BLOCKED
OAP_PREDICTOR_DELNETFIN,Change in net financial assets,open_source_cross_sectional_asset_pricing,value_capture,US_equities_cross_section,OpenSourceAP_SignalDoc_official,PREDICTOR,Accounting,AGGREGATE_RETURN_SERIES_TESTED,FAILED_OR_UNIDENTIFIABLE,fresh point-in-time stock-level replication if robust; otherwise retain failure/persistence diagnostic,0.0,BLOCKED
OAP_PREDICTOR_DIVINIT,Dividend Initiation,open_source_cross_sectional_asset_pricing,information_flow_or_positioning,US_equities_cross_section,OpenSourceAP_SignalDoc_official,PREDICTOR,Event,AGGREGATE_RETURN_SERIES_TESTED,DIRECTIONALLY_PERSISTENT_ONLY,fresh point-in-time stock-level replication if robust; otherwise retain failure/persistence diagnostic,0.0,BLOCKED
OAP_PREDICTOR_DIVOMIT,Dividend Omission,open_source_cross_sectional_asset_pricing,information_flow_or_positioning,US_equities_cross_section,OpenSourceAP_SignalDoc_official,PREDICTOR,Event,AGGREGATE_RETURN_SERIES_TESTED,DIRECTIONALLY_PERSISTENT_ONLY,fresh point-in-time stock-level replication if robust; otherwise retain failure/persistence diagnostic,0.0,BLOCKED
OAP_PREDICTOR_DIVSEASON,Dividend seasonality,open_source_cross_sectional_asset_pricing,information_flow_or_positioning,US_equities_cross_section,OpenSourceAP_SignalDoc_official,PREDICTOR,Event,AGGREGATE_RETURN_SERIES_TESTED,DIRECTIONALLY_PERSISTENT_ONLY,fresh point-in-time stock-level replication if robust; otherwise retain failure/persistence diagnostic,0.0,BLOCKED
OAP_PREDICTOR_DIVYIELDST,Predicted div yield next month,open_source_cross_sectional_asset_pricing,value_capture,US_equities_cross_section,OpenSourceAP_SignalDoc_official,PREDICTOR,Accounting,AGGREGATE_RETURN_SERIES_TESTED,ROBUST_GROSS_POSTSAMPLE,fresh point-in-time stock-level replication if robust; otherwise retain failure/persistence diagnostic,0.0,BLOCKED
OAP_PREDICTOR_DNOA,change in net operating assets,open_source_cross_sectional_asset_pricing,value_capture,US_equities_cross_section,OpenSourceAP_SignalDoc_official,PREDICTOR,Accounting,AGGREGATE_RETURN_SERIES_TESTED,DIRECTIONALLY_PERSISTENT_ONLY,fresh point-in-time stock-level replication if robust; otherwise retain failure/persistence diagnostic,0.0,BLOCKED
OAP_PREDICTOR_DOLVOL,Past trading volume,open_source_cross_sectional_asset_pricing,execution_or_flow,US_equities_cross_section,OpenSourceAP_SignalDoc_official,PREDICTOR,Trading,AGGREGATE_RETURN_SERIES_TESTED,DIRECTIONALLY_PERSISTENT_ONLY,fresh point-in-time stock-level replication if robust; otherwise retain failure/persistence diagnostic,0.0,BLOCKED
OAP_PREDICTOR_EARNINGSCONSISTENCY,Earnings consistency,open_source_cross_sectional_asset_pricing,value_capture,US_equities_cross_section,OpenSourceAP_SignalDoc_official,PREDICTOR,Accounting,AGGREGATE_RETURN_SERIES_TESTED,FAILED_OR_UNIDENTIFIABLE,fresh point-in-time stock-level replication if robust; otherwise retain failure/persistence diagnostic,0.0,BLOCKED
OAP_PREDICTOR_EARNINGSFORECASTDISPARITY,Long-vs-short EPS forecasts,open_source_cross_sectional_asset_pricing,value_capture,US_equities_cross_section,OpenSourceAP_SignalDoc_official,PREDICTOR,Analyst,AGGREGATE_RETURN_SERIES_TESTED,FAILED_OR_UNIDENTIFIABLE,fresh point-in-time stock-level replication if robust; otherwise retain failure/persistence diagnostic,0.0,BLOCKED
OAP_PREDICTOR_EARNINGSSTREAK,Earnings surprise streak,open_source_cross_sectional_asset_pricing,value_capture,US_equities_cross_section,OpenSourceAP_SignalDoc_official,PREDICTOR,Accounting,AGGREGATE_RETURN_SERIES_TESTED,DIRECTIONALLY_PERSISTENT_ONLY,fresh point-in-time stock-level replication if robust; otherwise retain failure/persistence diagnostic,0.0,BLOCKED
OAP_PREDICTOR_EARNINGSSURPRISE,Earnings Surprise,open_source_cross_sectional_asset_pricing,value_capture,US_equities_cross_section,OpenSourceAP_SignalDoc_official,PREDICTOR,Accounting,AGGREGATE_RETURN_SERIES_TESTED,DIRECTIONALLY_PERSISTENT_ONLY,fresh point-in-time stock-level replication if robust; otherwise retain failure/persistence diagnostic,0.0,BLOCKED
OAP_PREDICTOR_EARNSUPBIG,Earnings surprise of big firms,open_source_cross_sectional_asset_pricing,value_capture,US_equities_cross_section,OpenSourceAP_SignalDoc_official,PREDICTOR,Accounting,AGGREGATE_RETURN_SERIES_TESTED,DIRECTIONALLY_PERSISTENT_ONLY,fresh point-in-time stock-level replication if robust; otherwise retain failure/persistence diagnostic,0.0,BLOCKED
OAP_PREDICTOR_EBM,Enterprise component of BM,open_source_cross_sectional_asset_pricing,value_capture,US_equities_cross_section,OpenSourceAP_SignalDoc_official,PREDICTOR,Accounting,AGGREGATE_RETURN_SERIES_TESTED,FAILED_OR_UNIDENTIFIABLE,fresh point-in-time stock-level replication if robust; otherwise retain failure/persistence diagnostic,0.0,BLOCKED
OAP_PREDICTOR_ENTMULT,Enterprise Multiple,open_source_cross_sectional_asset_pricing,value_capture,US_equities_cross_section,OpenSourceAP_SignalDoc_official,PREDICTOR,Accounting,AGGREGATE_RETURN_SERIES_TESTED,DIRECTIONALLY_PERSISTENT_ONLY,fresh point-in-time stock-level replication if robust; otherwise retain failure/persistence diagnostic,0.0,BLOCKED
OAP_PREDICTOR_EP,Earnings-to-Price Ratio,open_source_cross_sectional_asset_pricing,value_capture,US_equities_cross_section,OpenSourceAP_SignalDoc_official,PREDICTOR,Accounting,AGGREGATE_RETURN_SERIES_TESTED,DIRECTIONALLY_PERSISTENT_ONLY,fresh point-in-time stock-level replication if robust; otherwise retain failure/persistence diagnostic,0.0,BLOCKED
OAP_PREDICTOR_EQUITYDURATION,Equity Duration,open_source_cross_sectional_asset_pricing,value_capture,US_equities_cross_section,OpenSourceAP_SignalDoc_official,PREDICTOR,Accounting,AGGREGATE_RETURN_SERIES_TESTED,FAILED_OR_UNIDENTIFIABLE,fresh point-in-time stock-level replication if robust; otherwise retain failure/persistence diagnostic,0.0,BLOCKED
OAP_PREDICTOR_EXCHSWITCH,Exchange Switch,open_source_cross_sectional_asset_pricing,information_flow_or_positioning,US_equities_cross_section,OpenSourceAP_SignalDoc_official,PREDICTOR,Event,AGGREGATE_RETURN_SERIES_TESTED,DIRECTIONALLY_PERSISTENT_ONLY,fresh point-in-time stock-level replication if robust; otherwise retain failure/persistence diagnostic,0.0,BLOCKED
OAP_PREDICTOR_EXCLEXP,Excluded Expenses,open_source_cross_sectional_asset_pricing,information_flow_or_positioning,US_equities_cross_section,OpenSourceAP_SignalDoc_official,PREDICTOR,Analyst,AGGREGATE_RETURN_SERIES_TESTED,FAILED_OR_UNIDENTIFIABLE,fresh point-in-time stock-level replication if robust; otherwise retain failure/persistence diagnostic,0.0,BLOCKED
OAP_PREDICTOR_FEPS,Analyst earnings per share,open_source_cross_sectional_asset_pricing,value_capture,US_equities_cross_section,OpenSourceAP_SignalDoc_official,PREDICTOR,Analyst,AGGREGATE_RETURN_SERIES_TESTED,DIRECTIONALLY_PERSISTENT_ONLY,fresh point-in-time stock-level replication if robust; otherwise retain failure/persistence diagnostic,0.0,BLOCKED
OAP_PREDICTOR_FGR5YRLAG,Long-term EPS forecast,open_source_cross_sectional_asset_pricing,value_capture,US_equities_cross_section,OpenSourceAP_SignalDoc_official,PREDICTOR,Analyst,AGGREGATE_RETURN_SERIES_TESTED,FAILED_OR_UNIDENTIFIABLE,fresh point-in-time stock-level replication if robust; otherwise retain failure/persistence diagnostic,0.0,BLOCKED
OAP_PREDICTOR_FIRMAGEMOM,Firm Age - Momentum,open_source_cross_sectional_asset_pricing,direction,US_equities_cross_section,OpenSourceAP_SignalDoc_official,PREDICTOR,Price,AGGREGATE_RETURN_SERIES_TESTED,DIRECTIONALLY_PERSISTENT_ONLY,fresh point-in-time stock-level replication if robust; otherwise retain failure/persistence diagnostic,0.0,BLOCKED
OAP_PREDICTOR_FORECASTDISPERSION,EPS Forecast Dispersion,open_source_cross_sectional_asset_pricing,vulnerability_or_range,US_equities_cross_section,OpenSourceAP_SignalDoc_official,PREDICTOR,Analyst,AGGREGATE_RETURN_SERIES_TESTED,FAILED_OR_UNIDENTIFIABLE,fresh point-in-time stock-level replication if robust; otherwise retain failure/persistence diagnostic,0.0,BLOCKED
OAP_PREDICTOR_FRONTIER,Efficient frontier index,open_source_cross_sectional_asset_pricing,value_capture,US_equities_cross_section,OpenSourceAP_SignalDoc_official,PREDICTOR,Accounting,AGGREGATE_RETURN_SERIES_TESTED,DIRECTIONALLY_PERSISTENT_ONLY,fresh point-in-time stock-level replication if robust; otherwise retain failure/persistence diagnostic,0.0,BLOCKED
OAP_PREDICTOR_GOVERNANCE,Governance Index,open_source_cross_sectional_asset_pricing,cross_sectional_selection,US_equities_cross_section,OpenSourceAP_SignalDoc_official,PREDICTOR,Other,AGGREGATE_RETURN_SERIES_TESTED,FAILED_OR_UNIDENTIFIABLE,fresh point-in-time stock-level replication if robust; otherwise retain failure/persistence diagnostic,0.0,BLOCKED
OAP_PREDICTOR_GP,gross profits / total assets,open_source_cross_sectional_asset_pricing,value_capture,US_equities_cross_section,OpenSourceAP_SignalDoc_official,PREDICTOR,Accounting,AGGREGATE_RETURN_SERIES_TESTED,DIRECTIONALLY_PERSISTENT_ONLY,fresh point-in-time stock-level replication if robust; otherwise retain failure/persistence diagnostic,0.0,BLOCKED
OAP_PREDICTOR_GRADEXP,Growth in advertising expenses,open_source_cross_sectional_asset_pricing,value_capture,US_equities_cross_section,OpenSourceAP_SignalDoc_official,PREDICTOR,Accounting,AGGREGATE_RETURN_SERIES_TESTED,FAILED_OR_UNIDENTIFIABLE,fresh point-in-time stock-level replication if robust; otherwise retain failure/persistence diagnostic,0.0,BLOCKED
OAP_PREDICTOR_GRCAPX,Change in capex (two years),open_source_cross_sectional_asset_pricing,value_capture,US_equities_cross_section,OpenSourceAP_SignalDoc_official,PREDICTOR,Accounting,AGGREGATE_RETURN_SERIES_TESTED,FAILED_OR_UNIDENTIFIABLE,fresh point-in-time stock-level replication if robust; otherwise retain failure/persistence diagnostic,0.0,BLOCKED
OAP_PREDICTOR_GRCAPX3Y,Change in capex (three years),open_source_cross_sectional_asset_pricing,value_capture,US_equities_cross_section,OpenSourceAP_SignalDoc_official,PREDICTOR,Accounting,AGGREGATE_RETURN_SERIES_TESTED,FAILED_OR_UNIDENTIFIABLE,fresh point-in-time stock-level replication if robust; otherwise retain failure/persistence diagnostic,0.0,BLOCKED
OAP_PREDICTOR_HERF,Industry concentration (sales),open_source_cross_sectional_asset_pricing,cross_sectional_selection,US_equities_cross_section,OpenSourceAP_SignalDoc_official,PREDICTOR,Other,AGGREGATE_RETURN_SERIES_TESTED,FAILED_OR_UNIDENTIFIABLE,fresh point-in-time stock-level replication if robust; otherwise retain failure/persistence diagnostic,0.0,BLOCKED
OAP_PREDICTOR_HERFBE,Industry concentration (equity),open_source_cross_sectional_asset_pricing,cross_sectional_selection,US_equities_cross_section,OpenSourceAP_SignalDoc_official,PREDICTOR,Other,AGGREGATE_RETURN_SERIES_TESTED,FAILED_OR_UNIDENTIFIABLE,fresh point-in-time stock-level replication if robust; otherwise retain failure/persistence diagnostic,0.0,BLOCKED
OAP_PREDICTOR_HIRE,Employment growth,open_source_cross_sectional_asset_pricing,value_capture,US_equities_cross_section,OpenSourceAP_SignalDoc_official,PREDICTOR,Other,AGGREGATE_RETURN_SERIES_TESTED,FAILED_OR_UNIDENTIFIABLE,fresh point-in-time stock-level replication if robust; otherwise retain failure/persistence diagnostic,0.0,BLOCKED
OAP_PREDICTOR_IDIOVOL3F,Idiosyncratic risk (3 factor),open_source_cross_sectional_asset_pricing,vulnerability_or_range,US_equities_cross_section,OpenSourceAP_SignalDoc_official,PREDICTOR,Price,AGGREGATE_RETURN_SERIES_TESTED,DIRECTIONALLY_PERSISTENT_ONLY,fresh point-in-time stock-level replication if robust; otherwise retain failure/persistence diagnostic,0.0,BLOCKED
OAP_PREDICTOR_IDIOVOLAHT,Idiosyncratic risk (AHT),open_source_cross_sectional_asset_pricing,vulnerability_or_range,US_equities_cross_section,OpenSourceAP_SignalDoc_official,PREDICTOR,Price,AGGREGATE_RETURN_SERIES_TESTED,DIRECTIONALLY_PERSISTENT_ONLY,fresh point-in-time stock-level replication if robust; otherwise retain failure/persistence diagnostic,0.0,BLOCKED
OAP_PREDICTOR_ILLIQUIDITY,Amihud's illiquidity,open_source_cross_sectional_asset_pricing,execution_or_flow,US_equities_cross_section,OpenSourceAP_SignalDoc_official,PREDICTOR,Trading,AGGREGATE_RETURN_SERIES_TESTED,FAILED_OR_UNIDENTIFIABLE,fresh point-in-time stock-level replication if robust; otherwise retain failure/persistence diagnostic,0.0,BLOCKED
OAP_PREDICTOR_INDIPO,Initial Public Offerings,open_source_cross_sectional_asset_pricing,information_flow_or_positioning,US_equities_cross_section,OpenSourceAP_SignalDoc_official,PREDICTOR,Event,AGGREGATE_RETURN_SERIES_TESTED,DIRECTIONALLY_PERSISTENT_ONLY,fresh point-in-time stock-level replication if robust; otherwise retain failure/persistence diagnostic,0.0,BLOCKED
OAP_PREDICTOR_INDMOM,Industry Momentum,open_source_cross_sectional_asset_pricing,direction,US_equities_cross_section,OpenSourceAP_SignalDoc_official,PREDICTOR,Price,AGGREGATE_RETURN_SERIES_TESTED,DIRECTIONALLY_PERSISTENT_ONLY,fresh point-in-time stock-level replication if robust; otherwise retain failure/persistence diagnostic,0.0,BLOCKED
OAP_PREDICTOR_INDRETBIG,Industry return of big firms,open_source_cross_sectional_asset_pricing,cross_sectional_selection,US_equities_cross_section,OpenSourceAP_SignalDoc_official,PREDICTOR,Price,AGGREGATE_RETURN_SERIES_TESTED,DIRECTIONALLY_PERSISTENT_ONLY,fresh point-in-time stock-level replication if robust; otherwise retain failure/persistence diagnostic,0.0,BLOCKED
OAP_PREDICTOR_INTANBM,Intangible return using BM,open_source_cross_sectional_asset_pricing,direction,US_equities_cross_section,OpenSourceAP_SignalDoc_official,PREDICTOR,Accounting,AGGREGATE_RETURN_SERIES_TESTED,FAILED_OR_UNIDENTIFIABLE,fresh point-in-time stock-level replication if robust; otherwise retain failure/persistence diagnostic,0.0,BLOCKED
OAP_PREDICTOR_INTANCFP,Intangible return using CFtoP,open_source_cross_sectional_asset_pricing,direction,US_equities_cross_section,OpenSourceAP_SignalDoc_official,PREDICTOR,Accounting,AGGREGATE_RETURN_SERIES_TESTED,DIRECTIONALLY_PERSISTENT_ONLY,fresh point-in-time stock-level replication if robust; otherwise retain failure/persistence diagnostic,0.0,BLOCKED
OAP_PREDICTOR_INTANEP,Intangible return using EP,open_source_cross_sectional_asset_pricing,direction,US_equities_cross_section,OpenSourceAP_SignalDoc_official,PREDICTOR,Accounting,AGGREGATE_RETURN_SERIES_TESTED,FAILED_OR_UNIDENTIFIABLE,fresh point-in-time stock-level replication if robust; otherwise retain failure/persistence diagnostic,0.0,BLOCKED
OAP_PREDICTOR_INTANSP,Intangible return using Sale2P,open_source_cross_sectional_asset_pricing,direction,US_equities_cross_section,OpenSourceAP_SignalDoc_official,PREDICTOR,Accounting,AGGREGATE_RETURN_SERIES_TESTED,FAILED_OR_UNIDENTIFIABLE,fresh point-in-time stock-level replication if robust; otherwise retain failure/persistence diagnostic,0.0,BLOCKED
OAP_PREDICTOR_INTMOM,Intermediate Momentum,open_source_cross_sectional_asset_pricing,direction,US_equities_cross_section,OpenSourceAP_SignalDoc_official,PREDICTOR,Price,AGGREGATE_RETURN_SERIES_TESTED,DIRECTIONALLY_PERSISTENT_ONLY,fresh point-in-time stock-level replication if robust; otherwise retain failure/persistence diagnostic,0.0,BLOCKED
OAP_PREDICTOR_INVESTMENT,Investment to revenue,open_source_cross_sectional_asset_pricing,value_capture,US_equities_cross_section,OpenSourceAP_SignalDoc_official,PREDICTOR,Accounting,AGGREGATE_RETURN_SERIES_TESTED,FAILED_OR_UNIDENTIFIABLE,fresh point-in-time stock-level replication if robust; otherwise retain failure/persistence diagnostic,0.0,BLOCKED
OAP_PREDICTOR_INVESTPPEINV,change in ppe and inv/assets,open_source_cross_sectional_asset_pricing,value_capture,US_equities_cross_section,OpenSourceAP_SignalDoc_official,PREDICTOR,Accounting,AGGREGATE_RETURN_SERIES_TESTED,DIRECTIONALLY_PERSISTENT_ONLY,fresh point-in-time stock-level replication if robust; otherwise retain failure/persistence diagnostic,0.0,BLOCKED
OAP_PREDICTOR_INVGROWTH,Inventory Growth,open_source_cross_sectional_asset_pricing,value_capture,US_equities_cross_section,OpenSourceAP_SignalDoc_official,PREDICTOR,Accounting,AGGREGATE_RETURN_SERIES_TESTED,DIRECTIONALLY_PERSISTENT_ONLY,fresh point-in-time stock-level replication if robust; otherwise retain failure/persistence diagnostic,0.0,BLOCKED
OAP_PREDICTOR_IOMOM_CUST,Customers momentum,open_source_cross_sectional_asset_pricing,direction,US_equities_cross_section,OpenSourceAP_SignalDoc_official,PREDICTOR,Other,AGGREGATE_RETURN_SERIES_TESTED,FAILED_OR_UNIDENTIFIABLE,fresh point-in-time stock-level replication if robust; otherwise retain failure/persistence diagnostic,0.0,BLOCKED
OAP_PREDICTOR_IOMOM_SUPP,Suppliers momentum,open_source_cross_sectional_asset_pricing,direction,US_equities_cross_section,OpenSourceAP_SignalDoc_official,PREDICTOR,Other,AGGREGATE_RETURN_SERIES_TESTED,FAILED_OR_UNIDENTIFIABLE,fresh point-in-time stock-level replication if robust; otherwise retain failure/persistence diagnostic,0.0,BLOCKED
OAP_PREDICTOR_LEVERAGE,Market leverage,open_source_cross_sectional_asset_pricing,cross_sectional_selection,US_equities_cross_section,OpenSourceAP_SignalDoc_official,PREDICTOR,Accounting,AGGREGATE_RETURN_SERIES_TESTED,DIRECTIONALLY_PERSISTENT_ONLY,fresh point-in-time stock-level replication if robust; otherwise retain failure/persistence diagnostic,0.0,BLOCKED
OAP_PREDICTOR_LRREVERSAL,Long-run reversal,open_source_cross_sectional_asset_pricing,direction,US_equities_cross_section,OpenSourceAP_SignalDoc_official,PREDICTOR,Price,AGGREGATE_RETURN_SERIES_TESTED,FAILED_OR_UNIDENTIFIABLE,fresh point-in-time stock-level replication if robust; otherwise retain failure/persistence diagnostic,0.0,BLOCKED
OAP_PREDICTOR_MAXRET,Maximum return over month,open_source_cross_sectional_asset_pricing,vulnerability_or_range,US_equities_cross_section,OpenSourceAP_SignalDoc_official,PREDICTOR,Price,AGGREGATE_RETURN_SERIES_TESTED,DIRECTIONALLY_PERSISTENT_ONLY,fresh point-in-time stock-level replication if robust; otherwise retain failure/persistence diagnostic,0.0,BLOCKED
OAP_PREDICTOR_MEANRANKREVGROWTH,Revenue Growth Rank,open_source_cross_sectional_asset_pricing,cross_sectional_selection,US_equities_cross_section,OpenSourceAP_SignalDoc_official,PREDICTOR,Accounting,AGGREGATE_RETURN_SERIES_TESTED,FAILED_OR_UNIDENTIFIABLE,fresh point-in-time stock-level replication if robust; otherwise retain failure/persistence diagnostic,0.0,BLOCKED
OAP_PREDICTOR_MOM12M,Momentum (12 month),open_source_cross_sectional_asset_pricing,direction,US_equities_cross_section,OpenSourceAP_SignalDoc_official,PREDICTOR,Price,AGGREGATE_RETURN_SERIES_TESTED,DIRECTIONALLY_PERSISTENT_ONLY,fresh point-in-time stock-level replication if robust; otherwise retain failure/persistence diagnostic,0.0,BLOCKED
OAP_PREDICTOR_MOM12MOFFSEASON,Momentum without the seasonal part,open_source_cross_sectional_asset_pricing,direction,US_equities_cross_section,OpenSourceAP_SignalDoc_official,PREDICTOR,Price,AGGREGATE_RETURN_SERIES_TESTED,FAILED_OR_UNIDENTIFIABLE,fresh point-in-time stock-level replication if robust; otherwise retain failure/persistence diagnostic,0.0,BLOCKED
OAP_PREDICTOR_MOM6M,Momentum (6 month),open_source_cross_sectional_asset_pricing,direction,US_equities_cross_section,OpenSourceAP_SignalDoc_official,PREDICTOR,Price,AGGREGATE_RETURN_SERIES_TESTED,DIRECTIONALLY_PERSISTENT_ONLY,fresh point-in-time stock-level replication if robust; otherwise retain failure/persistence diagnostic,0.0,BLOCKED
OAP_PREDICTOR_MOM6MJUNK,Junk Stock Momentum,open_source_cross_sectional_asset_pricing,direction,US_equities_cross_section,OpenSourceAP_SignalDoc_official,PREDICTOR,Price,AGGREGATE_RETURN_SERIES_TESTED,FAILED_OR_UNIDENTIFIABLE,fresh point-in-time stock-level replication if robust; otherwise retain failure/persistence diagnostic,0.0,BLOCKED
OAP_PREDICTOR_MOMOFFSEASON,Off season long-term reversal,open_source_cross_sectional_asset_pricing,direction,US_equities_cross_section,OpenSourceAP_SignalDoc_official,PREDICTOR,Price,AGGREGATE_RETURN_SERIES_TESTED,DIRECTIONALLY_PERSISTENT_ONLY,fresh point-in-time stock-level replication if robust; otherwise retain failure/persistence diagnostic,0.0,BLOCKED
OAP_PREDICTOR_MOMOFFSEASON06YRPLUS,Off season reversal years 6 to 10,open_source_cross_sectional_asset_pricing,direction,US_equities_cross_section,OpenSourceAP_SignalDoc_official,PREDICTOR,Price,AGGREGATE_RETURN_SERIES_TESTED,DIRECTIONALLY_PERSISTENT_ONLY,fresh point-in-time stock-level replication if robust; otherwise retain failure/persistence diagnostic,0.0,BLOCKED
OAP_PREDICTOR_MOMOFFSEASON16YRPLUS,Off season reversal years 16 to 20,open_source_cross_sectional_asset_pricing,direction,US_equities_cross_section,OpenSourceAP_SignalDoc_official,PREDICTOR,Price,AGGREGATE_RETURN_SERIES_TESTED,DIRECTIONALLY_PERSISTENT_ONLY,fresh point-in-time stock-level replication if robust; otherwise retain failure/persistence diagnostic,0.0,BLOCKED
OAP_PREDICTOR_MOMREV,Momentum and LT Reversal,open_source_cross_sectional_asset_pricing,direction,US_equities_cross_section,OpenSourceAP_SignalDoc_official,PREDICTOR,Price,AGGREGATE_RETURN_SERIES_TESTED,FAILED_OR_UNIDENTIFIABLE,fresh point-in-time stock-level replication if robust; otherwise retain failure/persistence diagnostic,0.0,BLOCKED
OAP_PREDICTOR_MOMSEASON,Return seasonality years 2 to 5,open_source_cross_sectional_asset_pricing,cross_sectional_selection,US_equities_cross_section,OpenSourceAP_SignalDoc_official,PREDICTOR,Price,AGGREGATE_RETURN_SERIES_TESTED,FAILED_OR_UNIDENTIFIABLE,fresh point-in-time stock-level replication if robust; otherwise retain failure/persistence diagnostic,0.0,BLOCKED
OAP_PREDICTOR_MOMSEASON06YRPLUS,Return seasonality years 6 to 10,open_source_cross_sectional_asset_pricing,cross_sectional_selection,US_equities_cross_section,OpenSourceAP_SignalDoc_official,PREDICTOR,Price,AGGREGATE_RETURN_SERIES_TESTED,FAILED_OR_UNIDENTIFIABLE,fresh point-in-time stock-level replication if robust; otherwise retain failure/persistence diagnostic,0.0,BLOCKED
OAP_PREDICTOR_MOMSEASON11YRPLUS,Return seasonality years 11 to 15,open_source_cross_sectional_asset_pricing,cross_sectional_selection,US_equities_cross_section,OpenSourceAP_SignalDoc_official,PREDICTOR,Price,AGGREGATE_RETURN_SERIES_TESTED,DIRECTIONALLY_PERSISTENT_ONLY,fresh point-in-time stock-level replication if robust; otherwise retain failure/persistence diagnostic,0.0,BLOCKED
OAP_PREDICTOR_MOMSEASON16YRPLUS,Return seasonality years 16 to 20,open_source_cross_sectional_asset_pricing,cross_sectional_selection,US_equities_cross_section,OpenSourceAP_SignalDoc_official,PREDICTOR,Price,AGGREGATE_RETURN_SERIES_TESTED,DIRECTIONALLY_PERSISTENT_ONLY,fresh point-in-time stock-level replication if robust; otherwise retain failure/persistence diagnostic,0.0,BLOCKED
OAP_PREDICTOR_MOMSEASONSHORT,Return seasonality last year,open_source_cross_sectional_asset_pricing,cross_sectional_selection,US_equities_cross_section,OpenSourceAP_SignalDoc_official,PREDICTOR,Price,AGGREGATE_RETURN_SERIES_TESTED,DIRECTIONALLY_PERSISTENT_ONLY,fresh point-in-time stock-level replication if robust; otherwise retain failure/persistence diagnostic,0.0,BLOCKED
OAP_PREDICTOR_MOMVOL,Momentum in high volume stocks,open_source_cross_sectional_asset_pricing,execution_or_flow,US_equities_cross_section,OpenSourceAP_SignalDoc_official,PREDICTOR,Price,AGGREGATE_RETURN_SERIES_TESTED,FAILED_OR_UNIDENTIFIABLE,fresh point-in-time stock-level replication if robust; otherwise retain failure/persistence diagnostic,0.0,BLOCKED
OAP_PREDICTOR_MS,Mohanram G-score,open_source_cross_sectional_asset_pricing,cross_sectional_selection,US_equities_cross_section,OpenSourceAP_SignalDoc_official,PREDICTOR,Accounting,AGGREGATE_RETURN_SERIES_TESTED,DIRECTIONALLY_PERSISTENT_ONLY,fresh point-in-time stock-level replication if robust; otherwise retain failure/persistence diagnostic,0.0,BLOCKED
OAP_PREDICTOR_NETDEBTFINANCE,Net debt financing,open_source_cross_sectional_asset_pricing,cross_sectional_selection,US_equities_cross_section,OpenSourceAP_SignalDoc_official,PREDICTOR,Accounting,AGGREGATE_RETURN_SERIES_TESTED,DIRECTIONALLY_PERSISTENT_ONLY,fresh point-in-time stock-level replication if robust; otherwise retain failure/persistence diagnostic,0.0,BLOCKED
OAP_PREDICTOR_NETDEBTPRICE,Net debt to price,open_source_cross_sectional_asset_pricing,cross_sectional_selection,US_equities_cross_section,OpenSourceAP_SignalDoc_official,PREDICTOR,Accounting,AGGREGATE_RETURN_SERIES_TESTED,DIRECTIONALLY_PERSISTENT_ONLY,fresh point-in-time stock-level replication if robust; otherwise retain failure/persistence diagnostic,0.0,BLOCKED
OAP_PREDICTOR_NETEQUITYFINANCE,Net equity financing,open_source_cross_sectional_asset_pricing,cross_sectional_selection,US_equities_cross_section,OpenSourceAP_SignalDoc_official,PREDICTOR,Accounting,AGGREGATE_RETURN_SERIES_TESTED,DIRECTIONALLY_PERSISTENT_ONLY,fresh point-in-time stock-level replication if robust; otherwise retain failure/persistence diagnostic,0.0,BLOCKED
OAP_PREDICTOR_NETPAYOUTYIELD,Net Payout Yield,open_source_cross_sectional_asset_pricing,value_capture,US_equities_cross_section,OpenSourceAP_SignalDoc_official,PREDICTOR,Accounting,AGGREGATE_RETURN_SERIES_TESTED,DIRECTIONALLY_PERSISTENT_ONLY,fresh point-in-time stock-level replication if robust; otherwise retain failure/persistence diagnostic,0.0,BLOCKED
OAP_PREDICTOR_NOA,Net Operating Assets,open_source_cross_sectional_asset_pricing,cross_sectional_selection,US_equities_cross_section,OpenSourceAP_SignalDoc_official,PREDICTOR,Accounting,AGGREGATE_RETURN_SERIES_TESTED,FAILED_OR_UNIDENTIFIABLE,fresh point-in-time stock-level replication if robust; otherwise retain failure/persistence diagnostic,0.0,BLOCKED
OAP_PREDICTOR_OPLEVERAGE,Operating leverage,open_source_cross_sectional_asset_pricing,cross_sectional_selection,US_equities_cross_section,OpenSourceAP_SignalDoc_official,PREDICTOR,Accounting,AGGREGATE_RETURN_SERIES_TESTED,FAILED_OR_UNIDENTIFIABLE,fresh point-in-time stock-level replication if robust; otherwise retain failure/persistence diagnostic,0.0,BLOCKED
OAP_PREDICTOR_OPTIONVOLUME1,Option to stock volume,open_source_cross_sectional_asset_pricing,execution_or_flow,US_equities_cross_section,OpenSourceAP_SignalDoc_official,PREDICTOR,Options,AGGREGATE_RETURN_SERIES_TESTED,FAILED_OR_UNIDENTIFIABLE,fresh point-in-time stock-level replication if robust; otherwise retain failure/persistence diagnostic,0.0,BLOCKED
OAP_PREDICTOR_ORDERBACKLOG,Order backlog,open_source_cross_sectional_asset_pricing,execution_or_flow,US_equities_cross_section,OpenSourceAP_SignalDoc_official,PREDICTOR,Accounting,AGGREGATE_RETURN_SERIES_TESTED,FAILED_OR_UNIDENTIFIABLE,fresh point-in-time stock-level replication if robust; otherwise retain failure/persistence diagnostic,0.0,BLOCKED
OAP_PREDICTOR_ORDERBACKLOGCHG,Change in order backlog,open_source_cross_sectional_asset_pricing,execution_or_flow,US_equities_cross_section,OpenSourceAP_SignalDoc_official,PREDICTOR,Accounting,AGGREGATE_RETURN_SERIES_TESTED,FAILED_OR_UNIDENTIFIABLE,fresh point-in-time stock-level replication if robust; otherwise retain failure/persistence diagnostic,0.0,BLOCKED
OAP_PREDICTOR_ORGCAP,Organizational capital,open_source_cross_sectional_asset_pricing,cross_sectional_selection,US_equities_cross_section,OpenSourceAP_SignalDoc_official,PREDICTOR,Accounting,AGGREGATE_RETURN_SERIES_TESTED,DIRECTIONALLY_PERSISTENT_ONLY,fresh point-in-time stock-level replication if robust; otherwise retain failure/persistence diagnostic,0.0,BLOCKED
OAP_PREDICTOR_OSCORE,O Score,open_source_cross_sectional_asset_pricing,vulnerability_or_range,US_equities_cross_section,OpenSourceAP_SignalDoc_official,PREDICTOR,Accounting,AGGREGATE_RETURN_SERIES_TESTED,DIRECTIONALLY_PERSISTENT_ONLY,fresh point-in-time stock-level replication if robust; otherwise retain failure/persistence diagnostic,0.0,BLOCKED
OAP_PREDICTOR_PATENTSRD,Patents to RD expenses,open_source_cross_sectional_asset_pricing,value_capture,US_equities_cross_section,OpenSourceAP_SignalDoc_official,PREDICTOR,Other,AGGREGATE_RETURN_SERIES_TESTED,FAILED_OR_UNIDENTIFIABLE,fresh point-in-time stock-level replication if robust; otherwise retain failure/persistence diagnostic,0.0,BLOCKED
OAP_PREDICTOR_PAYOUTYIELD,Payout Yield,open_source_cross_sectional_asset_pricing,value_capture,US_equities_cross_section,OpenSourceAP_SignalDoc_official,PREDICTOR,Accounting,AGGREGATE_RETURN_SERIES_TESTED,DIRECTIONALLY_PERSISTENT_ONLY,fresh point-in-time stock-level replication if robust; otherwise retain failure/persistence diagnostic,0.0,BLOCKED
OAP_PREDICTOR_PCTACC,Percent Operating Accruals,open_source_cross_sectional_asset_pricing,value_capture,US_equities_cross_section,OpenSourceAP_SignalDoc_official,PREDICTOR,Accounting,AGGREGATE_RETURN_SERIES_TESTED,FAILED_OR_UNIDENTIFIABLE,fresh point-in-time stock-level replication if robust; otherwise retain failure/persistence diagnostic,0.0,BLOCKED
OAP_PREDICTOR_PCTTOTACC,Percent Total Accruals,open_source_cross_sectional_asset_pricing,value_capture,US_equities_cross_section,OpenSourceAP_SignalDoc_official,PREDICTOR,Accounting,AGGREGATE_RETURN_SERIES_TESTED,DIRECTIONALLY_PERSISTENT_ONLY,fresh point-in-time stock-level replication if robust; otherwise retain failure/persistence diagnostic,0.0,BLOCKED
OAP_PREDICTOR_PRICE,Price,open_source_cross_sectional_asset_pricing,cross_sectional_selection,US_equities_cross_section,OpenSourceAP_SignalDoc_official,PREDICTOR,Price,AGGREGATE_RETURN_SERIES_TESTED,DIRECTIONALLY_PERSISTENT_ONLY,fresh point-in-time stock-level replication if robust; otherwise retain failure/persistence diagnostic,0.0,BLOCKED
OAP_PREDICTOR_PRICEDELAYRSQ,Price delay r square,open_source_cross_sectional_asset_pricing,cross_sectional_selection,US_equities_cross_section,OpenSourceAP_SignalDoc_official,PREDICTOR,Price,AGGREGATE_RETURN_SERIES_TESTED,FAILED_OR_UNIDENTIFIABLE,fresh point-in-time stock-level replication if robust; otherwise retain failure/persistence diagnostic,0.0,BLOCKED
OAP_PREDICTOR_PS,Piotroski F-score,open_source_cross_sectional_asset_pricing,cross_sectional_selection,US_equities_cross_section,OpenSourceAP_SignalDoc_official,PREDICTOR,Accounting,AGGREGATE_RETURN_SERIES_TESTED,DIRECTIONALLY_PERSISTENT_ONLY,fresh point-in-time stock-level replication if robust; otherwise retain failure/persistence diagnostic,0.0,BLOCKED
OAP_PREDICTOR_RD,R&D over market cap,open_source_cross_sectional_asset_pricing,cross_sectional_selection,US_equities_cross_section,OpenSourceAP_SignalDoc_official,PREDICTOR,Accounting,AGGREGATE_RETURN_SERIES_TESTED,DIRECTIONALLY_PERSISTENT_ONLY,fresh point-in-time stock-level replication if robust; otherwise retain failure/persistence diagnostic,0.0,BLOCKED
OAP_PREDICTOR_RDABILITY,R&D ability,open_source_cross_sectional_asset_pricing,cross_sectional_selection,US_equities_cross_section,OpenSourceAP_SignalDoc_official,PREDICTOR,Accounting,AGGREGATE_RETURN_SERIES_TESTED,FAILED_OR_UNIDENTIFIABLE,fresh point-in-time stock-level replication if robust; otherwise retain failure/persistence diagnostic,0.0,BLOCKED
OAP_PREDICTOR_RDCAP,R&D capital-to-assets,open_source_cross_sectional_asset_pricing,cross_sectional_selection,US_equities_cross_section,OpenSourceAP_SignalDoc_official,PREDICTOR,Accounting,AGGREGATE_RETURN_SERIES_TESTED,FAILED_OR_UNIDENTIFIABLE,fresh point-in-time stock-level replication if robust; otherwise retain failure/persistence diagnostic,0.0,BLOCKED
OAP_PREDICTOR_RDIPO,IPO and no R&D spending,open_source_cross_sectional_asset_pricing,information_flow_or_positioning,US_equities_cross_section,OpenSourceAP_SignalDoc_official,PREDICTOR,Event,AGGREGATE_RETURN_SERIES_TESTED,DIRECTIONALLY_PERSISTENT_ONLY,fresh point-in-time stock-level replication if robust; otherwise retain failure/persistence diagnostic,0.0,BLOCKED
OAP_PREDICTOR_RDS,Real dirty surplus,open_source_cross_sectional_asset_pricing,cross_sectional_selection,US_equities_cross_section,OpenSourceAP_SignalDoc_official,PREDICTOR,Accounting,AGGREGATE_RETURN_SERIES_TESTED,FAILED_OR_UNIDENTIFIABLE,fresh point-in-time stock-level replication if robust; otherwise retain failure/persistence diagnostic,0.0,BLOCKED
OAP_PREDICTOR_REALIZEDVOL,Realized (Total) Volatility,open_source_cross_sectional_asset_pricing,vulnerability_or_range,US_equities_cross_section,OpenSourceAP_SignalDoc_official,PREDICTOR,Price,AGGREGATE_RETURN_SERIES_TESTED,FAILED_OR_UNIDENTIFIABLE,fresh point-in-time stock-level replication if robust; otherwise retain failure/persistence diagnostic,0.0,BLOCKED
OAP_PREDICTOR_RECOMM_SHORTINTEREST,Analyst Recommendations and Short-Interest,open_source_cross_sectional_asset_pricing,information_flow_or_positioning,US_equities_cross_section,OpenSourceAP_SignalDoc_official,PREDICTOR,Analyst,AGGREGATE_RETURN_SERIES_TESTED,DIRECTIONALLY_PERSISTENT_ONLY,fresh point-in-time stock-level replication if robust; otherwise retain failure/persistence diagnostic,0.0,BLOCKED
OAP_PREDICTOR_RESIDUALMOMENTUM,Momentum based on FF3 residuals,open_source_cross_sectional_asset_pricing,direction,US_equities_cross_section,OpenSourceAP_SignalDoc_official,PREDICTOR,Price,AGGREGATE_RETURN_SERIES_TESTED,FAILED_OR_UNIDENTIFIABLE,fresh point-in-time stock-level replication if robust; otherwise retain failure/persistence diagnostic,0.0,BLOCKED
OAP_PREDICTOR_RETCONGLOMERATE,Conglomerate return,open_source_cross_sectional_asset_pricing,cross_sectional_selection,US_equities_cross_section,OpenSourceAP_SignalDoc_official,PREDICTOR,Price,AGGREGATE_RETURN_SERIES_TESTED,DIRECTIONALLY_PERSISTENT_ONLY,fresh point-in-time stock-level replication if robust; otherwise retain failure/persistence diagnostic,0.0,BLOCKED
OAP_PREDICTOR_RETURNSKEW,Return skewness,open_source_cross_sectional_asset_pricing,vulnerability_or_range,US_equities_cross_section,OpenSourceAP_SignalDoc_official,PREDICTOR,Price,AGGREGATE_RETURN_SERIES_TESTED,FAILED_OR_UNIDENTIFIABLE,fresh point-in-time stock-level replication if robust; otherwise retain failure/persistence diagnostic,0.0,BLOCKED
OAP_PREDICTOR_RETURNSKEW3F,Idiosyncratic skewness (3F model),open_source_cross_sectional_asset_pricing,vulnerability_or_range,US_equities_cross_section,OpenSourceAP_SignalDoc_official,PREDICTOR,Price,AGGREGATE_RETURN_SERIES_TESTED,FAILED_OR_UNIDENTIFIABLE,fresh point-in-time stock-level replication if robust; otherwise retain failure/persistence diagnostic,0.0,BLOCKED
OAP_PREDICTOR_REV6,Earnings forecast revisions,open_source_cross_sectional_asset_pricing,value_capture,US_equities_cross_section,OpenSourceAP_SignalDoc_official,PREDICTOR,Analyst,AGGREGATE_RETURN_SERIES_TESTED,DIRECTIONALLY_PERSISTENT_ONLY,fresh point-in-time stock-level replication if robust; otherwise retain failure/persistence diagnostic,0.0,BLOCKED
OAP_PREDICTOR_REVENUESURPRISE,Revenue Surprise,open_source_cross_sectional_asset_pricing,cross_sectional_selection,US_equities_cross_section,OpenSourceAP_SignalDoc_official,PREDICTOR,Accounting,AGGREGATE_RETURN_SERIES_TESTED,DIRECTIONALLY_PERSISTENT_ONLY,fresh point-in-time stock-level replication if robust; otherwise retain failure/persistence diagnostic,0.0,BLOCKED
OAP_PREDICTOR_RIO_DISP,Inst Own and Forecast Dispersion,open_source_cross_sectional_asset_pricing,information_flow_or_positioning,US_equities_cross_section,OpenSourceAP_SignalDoc_official,PREDICTOR,13F,AGGREGATE_RETURN_SERIES_TESTED,FAILED_OR_UNIDENTIFIABLE,fresh point-in-time stock-level replication if robust; otherwise retain failure/persistence diagnostic,0.0,BLOCKED
OAP_PREDICTOR_RIO_MB,Inst Own and Market to Book,open_source_cross_sectional_asset_pricing,information_flow_or_positioning,US_equities_cross_section,OpenSourceAP_SignalDoc_official,PREDICTOR,13F,AGGREGATE_RETURN_SERIES_TESTED,FAILED_OR_UNIDENTIFIABLE,fresh point-in-time stock-level replication if robust; otherwise retain failure/persistence diagnostic,0.0,BLOCKED
OAP_PREDICTOR_RIO_TURNOVER,Inst Own and Turnover,open_source_cross_sectional_asset_pricing,execution_or_flow,US_equities_cross_section,OpenSourceAP_SignalDoc_official,PREDICTOR,13F,AGGREGATE_RETURN_SERIES_TESTED,FAILED_OR_UNIDENTIFIABLE,fresh point-in-time stock-level replication if robust; otherwise retain failure/persistence diagnostic,0.0,BLOCKED
OAP_PREDICTOR_RIO_VOLATILITY,Inst Own and Idio Vol,open_source_cross_sectional_asset_pricing,information_flow_or_positioning,US_equities_cross_section,OpenSourceAP_SignalDoc_official,PREDICTOR,13F,AGGREGATE_RETURN_SERIES_TESTED,FAILED_OR_UNIDENTIFIABLE,fresh point-in-time stock-level replication if robust; otherwise retain failure/persistence diagnostic,0.0,BLOCKED
OAP_PREDICTOR_RIVOLSPREAD,Realized minus Implied Vol,open_source_cross_sectional_asset_pricing,vulnerability_or_range,US_equities_cross_section,OpenSourceAP_SignalDoc_official,PREDICTOR,Options,AGGREGATE_RETURN_SERIES_TESTED,DIRECTIONALLY_PERSISTENT_ONLY,fresh point-in-time stock-level replication if robust; otherwise retain failure/persistence diagnostic,0.0,BLOCKED
OAP_PREDICTOR_ROAQ,Return on assets (qtrly),open_source_cross_sectional_asset_pricing,value_capture,US_equities_cross_section,OpenSourceAP_SignalDoc_official,PREDICTOR,Accounting,AGGREGATE_RETURN_SERIES_TESTED,DIRECTIONALLY_PERSISTENT_ONLY,fresh point-in-time stock-level replication if robust; otherwise retain failure/persistence diagnostic,0.0,BLOCKED
OAP_PREDICTOR_SFE,Earnings Forecast to price,open_source_cross_sectional_asset_pricing,value_capture,US_equities_cross_section,OpenSourceAP_SignalDoc_official,PREDICTOR,Analyst,AGGREGATE_RETURN_SERIES_TESTED,DIRECTIONALLY_PERSISTENT_ONLY,fresh point-in-time stock-level replication if robust; otherwise retain failure/persistence diagnostic,0.0,BLOCKED
OAP_PREDICTOR_SHAREISS1Y,Share issuance (1 year),open_source_cross_sectional_asset_pricing,cross_sectional_selection,US_equities_cross_section,OpenSourceAP_SignalDoc_official,PREDICTOR,Accounting,AGGREGATE_RETURN_SERIES_TESTED,DIRECTIONALLY_PERSISTENT_ONLY,fresh point-in-time stock-level replication if robust; otherwise retain failure/persistence diagnostic,0.0,BLOCKED
OAP_PREDICTOR_SHAREISS5Y,Share issuance (5 year),open_source_cross_sectional_asset_pricing,cross_sectional_selection,US_equities_cross_section,OpenSourceAP_SignalDoc_official,PREDICTOR,Accounting,AGGREGATE_RETURN_SERIES_TESTED,DIRECTIONALLY_PERSISTENT_ONLY,fresh point-in-time stock-level replication if robust; otherwise retain failure/persistence diagnostic,0.0,BLOCKED
OAP_PREDICTOR_SHAREVOL,Share Volume,open_source_cross_sectional_asset_pricing,execution_or_flow,US_equities_cross_section,OpenSourceAP_SignalDoc_official,PREDICTOR,Trading,AGGREGATE_RETURN_SERIES_TESTED,FAILED_OR_UNIDENTIFIABLE,fresh point-in-time stock-level replication if robust; otherwise retain failure/persistence diagnostic,0.0,BLOCKED
OAP_PREDICTOR_SIZE,Size,open_source_cross_sectional_asset_pricing,cross_sectional_selection,US_equities_cross_section,OpenSourceAP_SignalDoc_official,PREDICTOR,Price,AGGREGATE_RETURN_SERIES_TESTED,FAILED_OR_UNIDENTIFIABLE,fresh point-in-time stock-level replication if robust; otherwise retain failure/persistence diagnostic,0.0,BLOCKED
OAP_PREDICTOR_SMILESLOPE,Put volatility minus call volatility,open_source_cross_sectional_asset_pricing,vulnerability_or_range,US_equities_cross_section,OpenSourceAP_SignalDoc_official,PREDICTOR,Options,AGGREGATE_RETURN_SERIES_TESTED,DIRECTIONALLY_PERSISTENT_ONLY,fresh point-in-time stock-level replication if robust; otherwise retain failure/persistence diagnostic,0.0,BLOCKED
OAP_PREDICTOR_STD_TURN,Share turnover volatility,open_source_cross_sectional_asset_pricing,execution_or_flow,US_equities_cross_section,OpenSourceAP_SignalDoc_official,PREDICTOR,Trading,AGGREGATE_RETURN_SERIES_TESTED,FAILED_OR_UNIDENTIFIABLE,fresh point-in-time stock-level replication if robust; otherwise retain failure/persistence diagnostic,0.0,BLOCKED
OAP_PREDICTOR_STREVERSAL,Short term reversal,open_source_cross_sectional_asset_pricing,direction,US_equities_cross_section,OpenSourceAP_SignalDoc_official,PREDICTOR,Price,AGGREGATE_RETURN_SERIES_TESTED,DIRECTIONALLY_PERSISTENT_ONLY,fresh point-in-time stock-level replication if robust; otherwise retain failure/persistence diagnostic,0.0,BLOCKED
OAP_PREDICTOR_SURPRISERD,Unexpected R&D increase,open_source_cross_sectional_asset_pricing,cross_sectional_selection,US_equities_cross_section,OpenSourceAP_SignalDoc_official,PREDICTOR,Accounting,AGGREGATE_RETURN_SERIES_TESTED,FAILED_OR_UNIDENTIFIABLE,fresh point-in-time stock-level replication if robust; otherwise retain failure/persistence diagnostic,0.0,BLOCKED
OAP_PREDICTOR_TANG,Tangibility,open_source_cross_sectional_asset_pricing,cross_sectional_selection,US_equities_cross_section,OpenSourceAP_SignalDoc_official,PREDICTOR,Accounting,AGGREGATE_RETURN_SERIES_TESTED,FAILED_OR_UNIDENTIFIABLE,fresh point-in-time stock-level replication if robust; otherwise retain failure/persistence diagnostic,0.0,BLOCKED
OAP_PREDICTOR_TAX,Taxable income to income,open_source_cross_sectional_asset_pricing,cross_sectional_selection,US_equities_cross_section,OpenSourceAP_SignalDoc_official,PREDICTOR,Accounting,AGGREGATE_RETURN_SERIES_TESTED,DIRECTIONALLY_PERSISTENT_ONLY,fresh point-in-time stock-level replication if robust; otherwise retain failure/persistence diagnostic,0.0,BLOCKED
OAP_PREDICTOR_TOTALACCRUALS,Total accruals,open_source_cross_sectional_asset_pricing,value_capture,US_equities_cross_section,OpenSourceAP_SignalDoc_official,PREDICTOR,Accounting,AGGREGATE_RETURN_SERIES_TESTED,FAILED_OR_UNIDENTIFIABLE,fresh point-in-time stock-level replication if robust; otherwise retain failure/persistence diagnostic,0.0,BLOCKED
OAP_PREDICTOR_TRENDFACTOR,Trend Factor,open_source_cross_sectional_asset_pricing,direction,US_equities_cross_section,OpenSourceAP_SignalDoc_official,PREDICTOR,Price,AGGREGATE_RETURN_SERIES_TESTED,FAILED_OR_UNIDENTIFIABLE,fresh point-in-time stock-level replication if robust; otherwise retain failure/persistence diagnostic,0.0,BLOCKED
OAP_PREDICTOR_VOLSD,Volume Variance,open_source_cross_sectional_asset_pricing,execution_or_flow,US_equities_cross_section,OpenSourceAP_SignalDoc_official,PREDICTOR,Trading,AGGREGATE_RETURN_SERIES_TESTED,FAILED_OR_UNIDENTIFIABLE,fresh point-in-time stock-level replication if robust; otherwise retain failure/persistence diagnostic,0.0,BLOCKED
OAP_PREDICTOR_XFIN,Net external financing,open_source_cross_sectional_asset_pricing,cross_sectional_selection,US_equities_cross_section,OpenSourceAP_SignalDoc_official,PREDICTOR,Accounting,AGGREGATE_RETURN_SERIES_TESTED,DIRECTIONALLY_PERSISTENT_ONLY,fresh point-in-time stock-level replication if robust; otherwise retain failure/persistence diagnostic,0.0,BLOCKED
OAP_PREDICTOR_ZEROTRADE6M,Days with zero trades,open_source_cross_sectional_asset_pricing,execution_or_flow,US_equities_cross_section,OpenSourceAP_SignalDoc_official,PREDICTOR,Trading,AGGREGATE_RETURN_SERIES_TESTED,DIRECTIONALLY_PERSISTENT_ONLY,fresh point-in-time stock-level replication if robust; otherwise retain failure/persistence diagnostic,0.0,BLOCKED
OAP_PREDICTOR_ZEROTRADE1M,Days with zero trades,open_source_cross_sectional_asset_pricing,execution_or_flow,US_equities_cross_section,OpenSourceAP_SignalDoc_official,PREDICTOR,Trading,AGGREGATE_RETURN_SERIES_TESTED,DIRECTIONALLY_PERSISTENT_ONLY,fresh point-in-time stock-level replication if robust; otherwise retain failure/persistence diagnostic,0.0,BLOCKED
OAP_PREDICTOR_ZEROTRADE12M,Days with zero trades,open_source_cross_sectional_asset_pricing,execution_or_flow,US_equities_cross_section,OpenSourceAP_SignalDoc_official,PREDICTOR,Trading,AGGREGATE_RETURN_SERIES_TESTED,DIRECTIONALLY_PERSISTENT_ONLY,fresh point-in-time stock-level replication if robust; otherwise retain failure/persistence diagnostic,0.0,BLOCKED
OAP_PREDICTOR_ACTIVISM2,Active shareholders,open_source_cross_sectional_asset_pricing,information_flow_or_positioning,US_equities_cross_section,OpenSourceAP_SignalDoc_official,PREDICTOR,13F,AGGREGATE_RETURN_SERIES_TESTED,FAILED_OR_UNIDENTIFIABLE,fresh point-in-time stock-level replication if robust; otherwise retain failure/persistence diagnostic,0.0,BLOCKED
OAP_PREDICTOR_ADEXP,Advertising Expense,open_source_cross_sectional_asset_pricing,cross_sectional_selection,US_equities_cross_section,OpenSourceAP_SignalDoc_official,PREDICTOR,Accounting,AGGREGATE_RETURN_SERIES_TESTED,DIRECTIONALLY_PERSISTENT_ONLY,fresh point-in-time stock-level replication if robust; otherwise retain failure/persistence diagnostic,0.0,BLOCKED
OAP_PREDICTOR_AGEIPO,IPO and age,open_source_cross_sectional_asset_pricing,information_flow_or_positioning,US_equities_cross_section,OpenSourceAP_SignalDoc_official,PREDICTOR,Event,AGGREGATE_RETURN_SERIES_TESTED,DIRECTIONALLY_PERSISTENT_ONLY,fresh point-in-time stock-level replication if robust; otherwise retain failure/persistence diagnostic,0.0,BLOCKED
OAP_PREDICTOR_ANALYSTVALUE,Analyst Value,open_source_cross_sectional_asset_pricing,value_capture,US_equities_cross_section,OpenSourceAP_SignalDoc_official,PREDICTOR,Analyst,AGGREGATE_RETURN_SERIES_TESTED,DIRECTIONALLY_PERSISTENT_ONLY,fresh point-in-time stock-level replication if robust; otherwise retain failure/persistence diagnostic,0.0,BLOCKED
OAP_PREDICTOR_AOP,Analyst Optimism,open_source_cross_sectional_asset_pricing,information_flow_or_positioning,US_equities_cross_section,OpenSourceAP_SignalDoc_official,PREDICTOR,Analyst,AGGREGATE_RETURN_SERIES_TESTED,FAILED_OR_UNIDENTIFIABLE,fresh point-in-time stock-level replication if robust; otherwise retain failure/persistence diagnostic,0.0,BLOCKED
OAP_PREDICTOR_BETA,CAPM beta,open_source_cross_sectional_asset_pricing,vulnerability_or_range,US_equities_cross_section,OpenSourceAP_SignalDoc_official,PREDICTOR,Price,AGGREGATE_RETURN_SERIES_TESTED,DIRECTIONALLY_PERSISTENT_ONLY,fresh point-in-time stock-level replication if robust; otherwise retain failure/persistence diagnostic,0.0,BLOCKED
OAP_PREDICTOR_BETAFP,Frazzini-Pedersen Beta,open_source_cross_sectional_asset_pricing,vulnerability_or_range,US_equities_cross_section,OpenSourceAP_SignalDoc_official,PREDICTOR,Price,AGGREGATE_RETURN_SERIES_TESTED,FAILED_OR_UNIDENTIFIABLE,fresh point-in-time stock-level replication if robust; otherwise retain failure/persistence diagnostic,0.0,BLOCKED
OAP_PREDICTOR_BIDASKSPREAD,Bid-ask spread,open_source_cross_sectional_asset_pricing,execution_or_flow,US_equities_cross_section,OpenSourceAP_SignalDoc_official,PREDICTOR,Trading,AGGREGATE_RETURN_SERIES_TESTED,FAILED_OR_UNIDENTIFIABLE,fresh point-in-time stock-level replication if robust; otherwise retain failure/persistence diagnostic,0.0,BLOCKED
OAP_PREDICTOR_BRANDINVEST,Brand capital investment,open_source_cross_sectional_asset_pricing,value_capture,US_equities_cross_section,OpenSourceAP_SignalDoc_official,PREDICTOR,Accounting,AGGREGATE_RETURN_SERIES_TESTED,FAILED_OR_UNIDENTIFIABLE,fresh point-in-time stock-level replication if robust; otherwise retain failure/persistence diagnostic,0.0,BLOCKED
OAP_PREDICTOR_CONSRECOMM,Consensus Recommendation,open_source_cross_sectional_asset_pricing,information_flow_or_positioning,US_equities_cross_section,OpenSourceAP_SignalDoc_official,PREDICTOR,Analyst,AGGREGATE_RETURN_SERIES_TESTED,DIRECTIONALLY_PERSISTENT_ONLY,fresh point-in-time stock-level replication if robust; otherwise retain failure/persistence diagnostic,0.0,BLOCKED
OAP_PREDICTOR_COSKEWNESS,Coskewness,open_source_cross_sectional_asset_pricing,vulnerability_or_range,US_equities_cross_section,OpenSourceAP_SignalDoc_official,PREDICTOR,Price,AGGREGATE_RETURN_SERIES_TESTED,FAILED_OR_UNIDENTIFIABLE,fresh point-in-time stock-level replication if robust; otherwise retain failure/persistence diagnostic,0.0,BLOCKED
OAP_PREDICTOR_DEBTISSUANCE,Debt Issuance,open_source_cross_sectional_asset_pricing,cross_sectional_selection,US_equities_cross_section,OpenSourceAP_SignalDoc_official,PREDICTOR,Accounting,AGGREGATE_RETURN_SERIES_TESTED,DIRECTIONALLY_PERSISTENT_ONLY,fresh point-in-time stock-level replication if robust; otherwise retain failure/persistence diagnostic,0.0,BLOCKED
OAP_PREDICTOR_DELDRC,Deferred Revenue,open_source_cross_sectional_asset_pricing,value_capture,US_equities_cross_section,OpenSourceAP_SignalDoc_official,PREDICTOR,Accounting,AGGREGATE_RETURN_SERIES_TESTED,DIRECTIONALLY_PERSISTENT_ONLY,fresh point-in-time stock-level replication if robust; otherwise retain failure/persistence diagnostic,0.0,BLOCKED
OAP_PREDICTOR_DOWNRECOMM,Down forecast EPS,open_source_cross_sectional_asset_pricing,value_capture,US_equities_cross_section,OpenSourceAP_SignalDoc_official,PREDICTOR,Analyst,AGGREGATE_RETURN_SERIES_TESTED,DIRECTIONALLY_PERSISTENT_ONLY,fresh point-in-time stock-level replication if robust; otherwise retain failure/persistence diagnostic,0.0,BLOCKED
OAP_PREDICTOR_FIRMAGE,Firm age based on CRSP,open_source_cross_sectional_asset_pricing,cross_sectional_selection,US_equities_cross_section,OpenSourceAP_SignalDoc_official,PREDICTOR,Other,AGGREGATE_RETURN_SERIES_TESTED,FAILED_OR_UNIDENTIFIABLE,fresh point-in-time stock-level replication if robust; otherwise retain failure/persistence diagnostic,0.0,BLOCKED
OAP_PREDICTOR_FR,Pension Funding Status,open_source_cross_sectional_asset_pricing,cross_sectional_selection,US_equities_cross_section,OpenSourceAP_SignalDoc_official,PREDICTOR,Accounting,AGGREGATE_RETURN_SERIES_TESTED,FAILED_OR_UNIDENTIFIABLE,fresh point-in-time stock-level replication if robust; otherwise retain failure/persistence diagnostic,0.0,BLOCKED
OAP_PREDICTOR_GRLTNOA,Growth in long term operating assets,open_source_cross_sectional_asset_pricing,value_capture,US_equities_cross_section,OpenSourceAP_SignalDoc_official,PREDICTOR,Accounting,AGGREGATE_RETURN_SERIES_TESTED,FAILED_OR_UNIDENTIFIABLE,fresh point-in-time stock-level replication if robust; otherwise retain failure/persistence diagnostic,0.0,BLOCKED
OAP_PREDICTOR_GRSALETOGRINV,Sales growth over inventory growth,open_source_cross_sectional_asset_pricing,cross_sectional_selection,US_equities_cross_section,OpenSourceAP_SignalDoc_official,PREDICTOR,Accounting,AGGREGATE_RETURN_SERIES_TESTED,FAILED_OR_UNIDENTIFIABLE,fresh point-in-time stock-level replication if robust; otherwise retain failure/persistence diagnostic,0.0,BLOCKED
OAP_PREDICTOR_GRSALETOGROVERHEAD,Sales growth over overhead growth,open_source_cross_sectional_asset_pricing,cross_sectional_selection,US_equities_cross_section,OpenSourceAP_SignalDoc_official,PREDICTOR,Accounting,AGGREGATE_RETURN_SERIES_TESTED,FAILED_OR_UNIDENTIFIABLE,fresh point-in-time stock-level replication if robust; otherwise retain failure/persistence diagnostic,0.0,BLOCKED
OAP_PREDICTOR_HERFASSET,Industry concentration (assets),open_source_cross_sectional_asset_pricing,cross_sectional_selection,US_equities_cross_section,OpenSourceAP_SignalDoc_official,PREDICTOR,Other,AGGREGATE_RETURN_SERIES_TESTED,FAILED_OR_UNIDENTIFIABLE,fresh point-in-time stock-level replication if robust; otherwise retain failure/persistence diagnostic,0.0,BLOCKED
OAP_PREDICTOR_HIGH52,52 week high,open_source_cross_sectional_asset_pricing,direction,US_equities_cross_section,OpenSourceAP_SignalDoc_official,PREDICTOR,Price,AGGREGATE_RETURN_SERIES_TESTED,FAILED_OR_UNIDENTIFIABLE,fresh point-in-time stock-level replication if robust; otherwise retain failure/persistence diagnostic,0.0,BLOCKED
OAP_PREDICTOR_IO_SHORTINTEREST,Inst own among high short interest,open_source_cross_sectional_asset_pricing,execution_or_flow,US_equities_cross_section,OpenSourceAP_SignalDoc_official,PREDICTOR,13F,AGGREGATE_RETURN_SERIES_TESTED,DIRECTIONALLY_PERSISTENT_ONLY,fresh point-in-time stock-level replication if robust; otherwise retain failure/persistence diagnostic,0.0,BLOCKED
OAP_PREDICTOR_MOMOFFSEASON11YRPLUS,Off season reversal years 11 to 15,open_source_cross_sectional_asset_pricing,direction,US_equities_cross_section,OpenSourceAP_SignalDoc_official,PREDICTOR,Price,AGGREGATE_RETURN_SERIES_TESTED,FAILED_OR_UNIDENTIFIABLE,fresh point-in-time stock-level replication if robust; otherwise retain failure/persistence diagnostic,0.0,BLOCKED
OAP_PREDICTOR_MRREVERSAL,Medium-run reversal,open_source_cross_sectional_asset_pricing,direction,US_equities_cross_section,OpenSourceAP_SignalDoc_official,PREDICTOR,Price,AGGREGATE_RETURN_SERIES_TESTED,DIRECTIONALLY_PERSISTENT_ONLY,fresh point-in-time stock-level replication if robust; otherwise retain failure/persistence diagnostic,0.0,BLOCKED
OAP_PREDICTOR_NUMEARNINCREASE,Earnings streak length,open_source_cross_sectional_asset_pricing,value_capture,US_equities_cross_section,OpenSourceAP_SignalDoc_official,PREDICTOR,Accounting,AGGREGATE_RETURN_SERIES_TESTED,DIRECTIONALLY_PERSISTENT_ONLY,fresh point-in-time stock-level replication if robust; otherwise retain failure/persistence diagnostic,0.0,BLOCKED
OAP_PREDICTOR_OPERPROF,operating profits / book equity,open_source_cross_sectional_asset_pricing,value_capture,US_equities_cross_section,OpenSourceAP_SignalDoc_official,PREDICTOR,Accounting,AGGREGATE_RETURN_SERIES_TESTED,DIRECTIONALLY_PERSISTENT_ONLY,fresh point-in-time stock-level replication if robust; otherwise retain failure/persistence diagnostic,0.0,BLOCKED
OAP_PREDICTOR_OPERPROFRD,Operating profitability R&D adjusted,open_source_cross_sectional_asset_pricing,value_capture,US_equities_cross_section,OpenSourceAP_SignalDoc_official,PREDICTOR,Accounting,AGGREGATE_RETURN_SERIES_TESTED,FAILED_OR_UNIDENTIFIABLE,fresh point-in-time stock-level replication if robust; otherwise retain failure/persistence diagnostic,0.0,BLOCKED
OAP_PREDICTOR_OPTIONVOLUME2,Option volume to average,open_source_cross_sectional_asset_pricing,execution_or_flow,US_equities_cross_section,OpenSourceAP_SignalDoc_official,PREDICTOR,Options,AGGREGATE_RETURN_SERIES_TESTED,FAILED_OR_UNIDENTIFIABLE,fresh point-in-time stock-level replication if robust; otherwise retain failure/persistence diagnostic,0.0,BLOCKED
OAP_PREDICTOR_PREDICTEDFE,Predicted Analyst forecast error,open_source_cross_sectional_asset_pricing,value_capture,US_equities_cross_section,OpenSourceAP_SignalDoc_official,PREDICTOR,Accounting,AGGREGATE_RETURN_SERIES_TESTED,FAILED_OR_UNIDENTIFIABLE,fresh point-in-time stock-level replication if robust; otherwise retain failure/persistence diagnostic,0.0,BLOCKED
OAP_PREDICTOR_PRICEDELAYSLOPE,Price delay coeff,open_source_cross_sectional_asset_pricing,cross_sectional_selection,US_equities_cross_section,OpenSourceAP_SignalDoc_official,PREDICTOR,Price,AGGREGATE_RETURN_SERIES_TESTED,FAILED_OR_UNIDENTIFIABLE,fresh point-in-time stock-level replication if robust; otherwise retain failure/persistence diagnostic,0.0,BLOCKED
OAP_PREDICTOR_PRICEDELAYTSTAT,Price delay SE adjusted,open_source_cross_sectional_asset_pricing,cross_sectional_selection,US_equities_cross_section,OpenSourceAP_SignalDoc_official,PREDICTOR,Price,AGGREGATE_RETURN_SERIES_TESTED,FAILED_OR_UNIDENTIFIABLE,fresh point-in-time stock-level replication if robust; otherwise retain failure/persistence diagnostic,0.0,BLOCKED
OAP_PREDICTOR_PROBINFORMEDTRADING,Probability of Informed Trading,open_source_cross_sectional_asset_pricing,execution_or_flow,US_equities_cross_section,OpenSourceAP_SignalDoc_official,PREDICTOR,Trading,AGGREGATE_RETURN_SERIES_TESTED,FAILED_OR_UNIDENTIFIABLE,fresh point-in-time stock-level replication if robust; otherwise retain failure/persistence diagnostic,0.0,BLOCKED
OAP_PREDICTOR_REALESTATE,Real estate holdings,open_source_cross_sectional_asset_pricing,cross_sectional_selection,US_equities_cross_section,OpenSourceAP_SignalDoc_official,PREDICTOR,Accounting,AGGREGATE_RETURN_SERIES_TESTED,FAILED_OR_UNIDENTIFIABLE,fresh point-in-time stock-level replication if robust; otherwise retain failure/persistence diagnostic,0.0,BLOCKED
OAP_PREDICTOR_ROE,net income / book equity,open_source_cross_sectional_asset_pricing,value_capture,US_equities_cross_section,OpenSourceAP_SignalDoc_official,PREDICTOR,Accounting,AGGREGATE_RETURN_SERIES_TESTED,DIRECTIONALLY_PERSISTENT_ONLY,fresh point-in-time stock-level replication if robust; otherwise retain failure/persistence diagnostic,0.0,BLOCKED
OAP_PREDICTOR_SHAREREPURCHASE,Share repurchases,open_source_cross_sectional_asset_pricing,cross_sectional_selection,US_equities_cross_section,OpenSourceAP_SignalDoc_official,PREDICTOR,Accounting,AGGREGATE_RETURN_SERIES_TESTED,DIRECTIONALLY_PERSISTENT_ONLY,fresh point-in-time stock-level replication if robust; otherwise retain failure/persistence diagnostic,0.0,BLOCKED
OAP_PREDICTOR_SHORTINTEREST,Short Interest,open_source_cross_sectional_asset_pricing,execution_or_flow,US_equities_cross_section,OpenSourceAP_SignalDoc_official,PREDICTOR,Trading,AGGREGATE_RETURN_SERIES_TESTED,ROBUST_GROSS_POSTSAMPLE,fresh point-in-time stock-level replication if robust; otherwise retain failure/persistence diagnostic,0.0,BLOCKED
OAP_PREDICTOR_SINALGO,Sin Stock (selection criteria),open_source_cross_sectional_asset_pricing,cross_sectional_selection,US_equities_cross_section,OpenSourceAP_SignalDoc_official,PREDICTOR,Other,AGGREGATE_RETURN_SERIES_TESTED,FAILED_OR_UNIDENTIFIABLE,fresh point-in-time stock-level replication if robust; otherwise retain failure/persistence diagnostic,0.0,BLOCKED
OAP_PREDICTOR_SKEW1,Volatility smirk near the money,open_source_cross_sectional_asset_pricing,vulnerability_or_range,US_equities_cross_section,OpenSourceAP_SignalDoc_official,PREDICTOR,Options,AGGREGATE_RETURN_SERIES_TESTED,DIRECTIONALLY_PERSISTENT_ONLY,fresh point-in-time stock-level replication if robust; otherwise retain failure/persistence diagnostic,0.0,BLOCKED
OAP_PREDICTOR_SP,Sales-to-price,open_source_cross_sectional_asset_pricing,value_capture,US_equities_cross_section,OpenSourceAP_SignalDoc_official,PREDICTOR,Accounting,AGGREGATE_RETURN_SERIES_TESTED,DIRECTIONALLY_PERSISTENT_ONLY,fresh point-in-time stock-level replication if robust; otherwise retain failure/persistence diagnostic,0.0,BLOCKED
OAP_PREDICTOR_SPINOFF,Spinoffs,open_source_cross_sectional_asset_pricing,information_flow_or_positioning,US_equities_cross_section,OpenSourceAP_SignalDoc_official,PREDICTOR,Event,AGGREGATE_RETURN_SERIES_TESTED,FAILED_OR_UNIDENTIFIABLE,fresh point-in-time stock-level replication if robust; otherwise retain failure/persistence diagnostic,0.0,BLOCKED
OAP_PREDICTOR_UPRECOMM,Up Forecast,open_source_cross_sectional_asset_pricing,value_capture,US_equities_cross_section,OpenSourceAP_SignalDoc_official,PREDICTOR,Analyst,AGGREGATE_RETURN_SERIES_TESTED,DIRECTIONALLY_PERSISTENT_ONLY,fresh point-in-time stock-level replication if robust; otherwise retain failure/persistence diagnostic,0.0,BLOCKED
OAP_PREDICTOR_VARCF,Cash-flow  to price variance,open_source_cross_sectional_asset_pricing,vulnerability_or_range,US_equities_cross_section,OpenSourceAP_SignalDoc_official,PREDICTOR,Accounting,AGGREGATE_RETURN_SERIES_TESTED,FAILED_OR_UNIDENTIFIABLE,fresh point-in-time stock-level replication if robust; otherwise retain failure/persistence diagnostic,0.0,BLOCKED
OAP_PREDICTOR_VOLMKT,Volume to market equity,open_source_cross_sectional_asset_pricing,execution_or_flow,US_equities_cross_section,OpenSourceAP_SignalDoc_official,PREDICTOR,Trading,AGGREGATE_RETURN_SERIES_TESTED,DIRECTIONALLY_PERSISTENT_ONLY,fresh point-in-time stock-level replication if robust; otherwise retain failure/persistence diagnostic,0.0,BLOCKED
OAP_PREDICTOR_VOLUMETREND,Volume Trend,open_source_cross_sectional_asset_pricing,execution_or_flow,US_equities_cross_section,OpenSourceAP_SignalDoc_official,PREDICTOR,Trading,AGGREGATE_RETURN_SERIES_TESTED,DIRECTIONALLY_PERSISTENT_ONLY,fresh point-in-time stock-level replication if robust; otherwise retain failure/persistence diagnostic,0.0,BLOCKED
OAP_PLACEBO_BETABDLEVERAGE,Broker-Dealer Leverage Beta,open_source_cross_sectional_asset_pricing,execution_or_flow,US_equities_cross_section,OpenSourceAP_SignalDoc_official,PLACEBO,Trading,DEFINITION_AVAILABLE_RAW_INPUTS_NOT_PRESENT,NOT_DIRECTLY_RECONSTRUCTED,reconstruct from point-in-time stock-level source; keep in global trial budget,0.0,BLOCKED
OAP_PLACEBO_BETASQUARED,CAPM beta squred,open_source_cross_sectional_asset_pricing,vulnerability_or_range,US_equities_cross_section,OpenSourceAP_SignalDoc_official,PLACEBO,Price,DEFINITION_AVAILABLE_RAW_INPUTS_NOT_PRESENT,NOT_DIRECTLY_RECONSTRUCTED,reconstruct from point-in-time stock-level source; keep in global trial budget,0.0,BLOCKED
OAP_PLACEBO_BIDASKTAQ,Bid-ask spread (TAQ),open_source_cross_sectional_asset_pricing,execution_or_flow,US_equities_cross_section,OpenSourceAP_SignalDoc_official,PLACEBO,Trading,DEFINITION_AVAILABLE_RAW_INPUTS_NOT_PRESENT,NOT_DIRECTLY_RECONSTRUCTED,reconstruct from point-in-time stock-level source; keep in global trial budget,0.0,BLOCKED
OAP_PLACEBO_DELAYACCT,Accounting component of price delay,open_source_cross_sectional_asset_pricing,cross_sectional_selection,US_equities_cross_section,OpenSourceAP_SignalDoc_official,PLACEBO,Accounting,DEFINITION_AVAILABLE_RAW_INPUTS_NOT_PRESENT,NOT_DIRECTLY_RECONSTRUCTED,reconstruct from point-in-time stock-level source; keep in global trial budget,0.0,BLOCKED
OAP_PLACEBO_DELAYNONACCT,Non-accounting component of price delay,open_source_cross_sectional_asset_pricing,cross_sectional_selection,US_equities_cross_section,OpenSourceAP_SignalDoc_official,PLACEBO,Accounting,DEFINITION_AVAILABLE_RAW_INPUTS_NOT_PRESENT,NOT_DIRECTLY_RECONSTRUCTED,reconstruct from point-in-time stock-level source; keep in global trial budget,0.0,BLOCKED
OAP_PLACEBO_DELSTI,Change in short-term investment,open_source_cross_sectional_asset_pricing,value_capture,US_equities_cross_section,OpenSourceAP_SignalDoc_official,PLACEBO,Accounting,DEFINITION_AVAILABLE_RAW_INPUTS_NOT_PRESENT,NOT_DIRECTLY_RECONSTRUCTED,reconstruct from point-in-time stock-level source; keep in global trial budget,0.0,BLOCKED
OAP_PLACEBO_DOWNSIDEBETA,Downside beta,open_source_cross_sectional_asset_pricing,vulnerability_or_range,US_equities_cross_section,OpenSourceAP_SignalDoc_official,PLACEBO,Price,DEFINITION_AVAILABLE_RAW_INPUTS_NOT_PRESENT,NOT_DIRECTLY_RECONSTRUCTED,reconstruct from point-in-time stock-level source; keep in global trial budget,0.0,BLOCKED
OAP_PLACEBO_FAILUREPROBABILITY,Failure probability,open_source_cross_sectional_asset_pricing,vulnerability_or_range,US_equities_cross_section,OpenSourceAP_SignalDoc_official,PLACEBO,Accounting,DEFINITION_AVAILABLE_RAW_INPUTS_NOT_PRESENT,NOT_DIRECTLY_RECONSTRUCTED,reconstruct from point-in-time stock-level source; keep in global trial budget,0.0,BLOCKED
OAP_PLACEBO_FORECASTDISPERSIONLT,Long-term forecast dispersion,open_source_cross_sectional_asset_pricing,vulnerability_or_range,US_equities_cross_section,OpenSourceAP_SignalDoc_official,PLACEBO,Analyst,DEFINITION_AVAILABLE_RAW_INPUTS_NOT_PRESENT,NOT_DIRECTLY_RECONSTRUCTED,reconstruct from point-in-time stock-level source; keep in global trial budget,0.0,BLOCKED
OAP_PLACEBO_KZ,Kaplan Zingales index,open_source_cross_sectional_asset_pricing,cross_sectional_selection,US_equities_cross_section,OpenSourceAP_SignalDoc_official,PLACEBO,Accounting,DEFINITION_AVAILABLE_RAW_INPUTS_NOT_PRESENT,NOT_DIRECTLY_RECONSTRUCTED,reconstruct from point-in-time stock-level source; keep in global trial budget,0.0,BLOCKED
OAP_PLACEBO_RD_SALE,R&D to sales,open_source_cross_sectional_asset_pricing,value_capture,US_equities_cross_section,OpenSourceAP_SignalDoc_official,PLACEBO,Accounting,DEFINITION_AVAILABLE_RAW_INPUTS_NOT_PRESENT,NOT_DIRECTLY_RECONSTRUCTED,reconstruct from point-in-time stock-level source; keep in global trial budget,0.0,BLOCKED
OAP_PLACEBO_ROIC,Return on invested capital,open_source_cross_sectional_asset_pricing,value_capture,US_equities_cross_section,OpenSourceAP_SignalDoc_official,PLACEBO,Accounting,DEFINITION_AVAILABLE_RAW_INPUTS_NOT_PRESENT,NOT_DIRECTLY_RECONSTRUCTED,reconstruct from point-in-time stock-level source; keep in global trial budget,0.0,BLOCKED
OAP_PLACEBO_WW,Whited-Wu index,open_source_cross_sectional_asset_pricing,cross_sectional_selection,US_equities_cross_section,OpenSourceAP_SignalDoc_official,PLACEBO,Accounting,DEFINITION_AVAILABLE_RAW_INPUTS_NOT_PRESENT,NOT_DIRECTLY_RECONSTRUCTED,reconstruct from point-in-time stock-level source; keep in global trial budget,0.0,BLOCKED
OAP_PLACEBO_ZSCORE,Altman Z-Score,open_source_cross_sectional_asset_pricing,vulnerability_or_range,US_equities_cross_section,OpenSourceAP_SignalDoc_official,PLACEBO,Accounting,DEFINITION_AVAILABLE_RAW_INPUTS_NOT_PRESENT,NOT_DIRECTLY_RECONSTRUCTED,reconstruct from point-in-time stock-level source; keep in global trial budget,0.0,BLOCKED
OAP_DROP_CONSNEGRET,Consistently negative return,open_source_cross_sectional_asset_pricing,direction,US_equities_cross_section,OpenSourceAP_SignalDoc_official,DROP,Price,DEFINITION_AVAILABLE_RAW_INPUTS_NOT_PRESENT,NOT_DIRECTLY_RECONSTRUCTED,reconstruct from point-in-time stock-level source; keep in global trial budget,0.0,BLOCKED
OAP_DROP_CONSPOSRET,Consistently positive return,open_source_cross_sectional_asset_pricing,direction,US_equities_cross_section,OpenSourceAP_SignalDoc_official,DROP,Price,DEFINITION_AVAILABLE_RAW_INPUTS_NOT_PRESENT,NOT_DIRECTLY_RECONSTRUCTED,reconstruct from point-in-time stock-level source; keep in global trial budget,0.0,BLOCKED
OAP_DROP_INVEST,Capex and Inventory Change,open_source_cross_sectional_asset_pricing,value_capture,US_equities_cross_section,OpenSourceAP_SignalDoc_official,DROP,Accounting,DEFINITION_AVAILABLE_RAW_INPUTS_NOT_PRESENT,NOT_DIRECTLY_RECONSTRUCTED,reconstruct from point-in-time stock-level source; keep in global trial budget,0.0,BLOCKED
OAP_DROP_POSNEGCONS,Pos vs negative consistent return,open_source_cross_sectional_asset_pricing,direction,US_equities_cross_section,OpenSourceAP_SignalDoc_official,DROP,Price,DEFINITION_AVAILABLE_RAW_INPUTS_NOT_PRESENT,NOT_DIRECTLY_RECONSTRUCTED,reconstruct from point-in-time stock-level source; keep in global trial budget,0.0,BLOCKED
OAP_DROP_SINORIG,Sin Stock (original list),open_source_cross_sectional_asset_pricing,cross_sectional_selection,US_equities_cross_section,OpenSourceAP_SignalDoc_official,DROP,Other,DEFINITION_AVAILABLE_RAW_INPUTS_NOT_PRESENT,NOT_DIRECTLY_RECONSTRUCTED,reconstruct from point-in-time stock-level source; keep in global trial budget,0.0,BLOCKED
OAP_PLACEBO_ABNORMALACCRUALSPERCENT,Percent Abnormal Accruals,open_source_cross_sectional_asset_pricing,value_capture,US_equities_cross_section,OpenSourceAP_SignalDoc_official,PLACEBO,Accounting,DEFINITION_AVAILABLE_RAW_INPUTS_NOT_PRESENT,NOT_DIRECTLY_RECONSTRUCTED,reconstruct from point-in-time stock-level source; keep in global trial budget,0.0,BLOCKED
OAP_PLACEBO_ACCRUALQUALITY,Accrual Quality,open_source_cross_sectional_asset_pricing,value_capture,US_equities_cross_section,OpenSourceAP_SignalDoc_official,PLACEBO,Accounting,DEFINITION_AVAILABLE_RAW_INPUTS_NOT_PRESENT,NOT_DIRECTLY_RECONSTRUCTED,reconstruct from point-in-time stock-level source; keep in global trial budget,0.0,BLOCKED
OAP_PLACEBO_ACCRUALQUALITYJUNE,Accrual Quality in June,open_source_cross_sectional_asset_pricing,value_capture,US_equities_cross_section,OpenSourceAP_SignalDoc_official,PLACEBO,Accounting,DEFINITION_AVAILABLE_RAW_INPUTS_NOT_PRESENT,NOT_DIRECTLY_RECONSTRUCTED,reconstruct from point-in-time stock-level source; keep in global trial budget,0.0,BLOCKED
OAP_PLACEBO_AMQ,Total assets to market (quarterly),open_source_cross_sectional_asset_pricing,value_capture,US_equities_cross_section,OpenSourceAP_SignalDoc_official,PLACEBO,Accounting,DEFINITION_AVAILABLE_RAW_INPUTS_NOT_PRESENT,NOT_DIRECTLY_RECONSTRUCTED,reconstruct from point-in-time stock-level source; keep in global trial budget,0.0,BLOCKED
OAP_PLACEBO_ASSETGROWTH_Q,Asset growth quarterly,open_source_cross_sectional_asset_pricing,value_capture,US_equities_cross_section,OpenSourceAP_SignalDoc_official,PLACEBO,Accounting,DEFINITION_AVAILABLE_RAW_INPUTS_NOT_PRESENT,NOT_DIRECTLY_RECONSTRUCTED,reconstruct from point-in-time stock-level source; keep in global trial budget,0.0,BLOCKED
OAP_PLACEBO_ASSETLIQUIDITYBOOK,Asset liquidity over book assets,open_source_cross_sectional_asset_pricing,execution_or_flow,US_equities_cross_section,OpenSourceAP_SignalDoc_official,PLACEBO,Accounting,DEFINITION_AVAILABLE_RAW_INPUTS_NOT_PRESENT,NOT_DIRECTLY_RECONSTRUCTED,reconstruct from point-in-time stock-level source; keep in global trial budget,0.0,BLOCKED
OAP_PLACEBO_ASSETLIQUIDITYBOOKQUART,Asset liquidity over book (qtrly),open_source_cross_sectional_asset_pricing,execution_or_flow,US_equities_cross_section,OpenSourceAP_SignalDoc_official,PLACEBO,Accounting,DEFINITION_AVAILABLE_RAW_INPUTS_NOT_PRESENT,NOT_DIRECTLY_RECONSTRUCTED,reconstruct from point-in-time stock-level source; keep in global trial budget,0.0,BLOCKED
OAP_PLACEBO_ASSETLIQUIDITYMARKET,Asset liquidity over market,open_source_cross_sectional_asset_pricing,execution_or_flow,US_equities_cross_section,OpenSourceAP_SignalDoc_official,PLACEBO,Accounting,DEFINITION_AVAILABLE_RAW_INPUTS_NOT_PRESENT,NOT_DIRECTLY_RECONSTRUCTED,reconstruct from point-in-time stock-level source; keep in global trial budget,0.0,BLOCKED
OAP_PLACEBO_ASSETLIQUIDITYMARKETQUART,Asset liquidity over market (qtrly),open_source_cross_sectional_asset_pricing,execution_or_flow,US_equities_cross_section,OpenSourceAP_SignalDoc_official,PLACEBO,Accounting,DEFINITION_AVAILABLE_RAW_INPUTS_NOT_PRESENT,NOT_DIRECTLY_RECONSTRUCTED,reconstruct from point-in-time stock-level source; keep in global trial budget,0.0,BLOCKED
OAP_PLACEBO_ASSETTURNOVER,Asset Turnover,open_source_cross_sectional_asset_pricing,execution_or_flow,US_equities_cross_section,OpenSourceAP_SignalDoc_official,PLACEBO,Accounting,DEFINITION_AVAILABLE_RAW_INPUTS_NOT_PRESENT,NOT_DIRECTLY_RECONSTRUCTED,reconstruct from point-in-time stock-level source; keep in global trial budget,0.0,BLOCKED
OAP_PLACEBO_ASSETTURNOVER_Q,Asset Turnover,open_source_cross_sectional_asset_pricing,execution_or_flow,US_equities_cross_section,OpenSourceAP_SignalDoc_official,PLACEBO,Accounting,DEFINITION_AVAILABLE_RAW_INPUTS_NOT_PRESENT,NOT_DIRECTLY_RECONSTRUCTED,reconstruct from point-in-time stock-level source; keep in global trial budget,0.0,BLOCKED
OAP_PLACEBO_BETACC,Illiquidity-illiquidity beta (beta2i),open_source_cross_sectional_asset_pricing,execution_or_flow,US_equities_cross_section,OpenSourceAP_SignalDoc_official,PLACEBO,Trading,DEFINITION_AVAILABLE_RAW_INPUTS_NOT_PRESENT,NOT_DIRECTLY_RECONSTRUCTED,reconstruct from point-in-time stock-level source; keep in global trial budget,0.0,BLOCKED
OAP_PLACEBO_BETACR,Illiquidity-market return beta (beta4i),open_source_cross_sectional_asset_pricing,execution_or_flow,US_equities_cross_section,OpenSourceAP_SignalDoc_official,PLACEBO,Trading,DEFINITION_AVAILABLE_RAW_INPUTS_NOT_PRESENT,NOT_DIRECTLY_RECONSTRUCTED,reconstruct from point-in-time stock-level source; keep in global trial budget,0.0,BLOCKED
OAP_PLACEBO_BETADIMSON,Dimson Beta,open_source_cross_sectional_asset_pricing,vulnerability_or_range,US_equities_cross_section,OpenSourceAP_SignalDoc_official,PLACEBO,Price,DEFINITION_AVAILABLE_RAW_INPUTS_NOT_PRESENT,NOT_DIRECTLY_RECONSTRUCTED,reconstruct from point-in-time stock-level source; keep in global trial budget,0.0,BLOCKED
OAP_PLACEBO_BETANET,"Net liquidity beta (betanet,p)",open_source_cross_sectional_asset_pricing,execution_or_flow,US_equities_cross_section,OpenSourceAP_SignalDoc_official,PLACEBO,Trading,DEFINITION_AVAILABLE_RAW_INPUTS_NOT_PRESENT,NOT_DIRECTLY_RECONSTRUCTED,reconstruct from point-in-time stock-level source; keep in global trial budget,0.0,BLOCKED
OAP_PLACEBO_BETARC,Return-market illiquidity beta,open_source_cross_sectional_asset_pricing,execution_or_flow,US_equities_cross_section,OpenSourceAP_SignalDoc_official,PLACEBO,Trading,DEFINITION_AVAILABLE_RAW_INPUTS_NOT_PRESENT,NOT_DIRECTLY_RECONSTRUCTED,reconstruct from point-in-time stock-level source; keep in global trial budget,0.0,BLOCKED
OAP_PLACEBO_BETARR,Return-market return illiquidity beta,open_source_cross_sectional_asset_pricing,execution_or_flow,US_equities_cross_section,OpenSourceAP_SignalDoc_official,PLACEBO,Trading,DEFINITION_AVAILABLE_RAW_INPUTS_NOT_PRESENT,NOT_DIRECTLY_RECONSTRUCTED,reconstruct from point-in-time stock-level source; keep in global trial budget,0.0,BLOCKED
OAP_PLACEBO_BMQ,Book to market (quarterly),open_source_cross_sectional_asset_pricing,value_capture,US_equities_cross_section,OpenSourceAP_SignalDoc_official,PLACEBO,Accounting,DEFINITION_AVAILABLE_RAW_INPUTS_NOT_PRESENT,NOT_DIRECTLY_RECONSTRUCTED,reconstruct from point-in-time stock-level source; keep in global trial budget,0.0,BLOCKED
OAP_PLACEBO_BOOKLEVERAGEQUARTERLY,Book leverage (quarterly),open_source_cross_sectional_asset_pricing,cross_sectional_selection,US_equities_cross_section,OpenSourceAP_SignalDoc_official,PLACEBO,Accounting,DEFINITION_AVAILABLE_RAW_INPUTS_NOT_PRESENT,NOT_DIRECTLY_RECONSTRUCTED,reconstruct from point-in-time stock-level source; keep in global trial budget,0.0,BLOCKED
OAP_PLACEBO_BRANDCAPITAL,Brand capital to assets,open_source_cross_sectional_asset_pricing,value_capture,US_equities_cross_section,OpenSourceAP_SignalDoc_official,PLACEBO,Accounting,DEFINITION_AVAILABLE_RAW_INPUTS_NOT_PRESENT,NOT_DIRECTLY_RECONSTRUCTED,reconstruct from point-in-time stock-level source; keep in global trial budget,0.0,BLOCKED
OAP_PLACEBO_CAPTURNOVER,Capital turnover,open_source_cross_sectional_asset_pricing,execution_or_flow,US_equities_cross_section,OpenSourceAP_SignalDoc_official,PLACEBO,Accounting,DEFINITION_AVAILABLE_RAW_INPUTS_NOT_PRESENT,NOT_DIRECTLY_RECONSTRUCTED,reconstruct from point-in-time stock-level source; keep in global trial budget,0.0,BLOCKED
OAP_PLACEBO_CAPTURNOVER_Q,Capital turnover (quarterly),open_source_cross_sectional_asset_pricing,execution_or_flow,US_equities_cross_section,OpenSourceAP_SignalDoc_official,PLACEBO,Accounting,DEFINITION_AVAILABLE_RAW_INPUTS_NOT_PRESENT,NOT_DIRECTLY_RECONSTRUCTED,reconstruct from point-in-time stock-level source; keep in global trial budget,0.0,BLOCKED
OAP_PLACEBO_CASHDEBT,CF to debt,open_source_cross_sectional_asset_pricing,value_capture,US_equities_cross_section,OpenSourceAP_SignalDoc_official,PLACEBO,Accounting,DEFINITION_AVAILABLE_RAW_INPUTS_NOT_PRESENT,NOT_DIRECTLY_RECONSTRUCTED,reconstruct from point-in-time stock-level source; keep in global trial budget,0.0,BLOCKED
OAP_PLACEBO_CBOPERPROFLAGAT,Cash-based oper prof lagged assets,open_source_cross_sectional_asset_pricing,value_capture,US_equities_cross_section,OpenSourceAP_SignalDoc_official,PLACEBO,Accounting,DEFINITION_AVAILABLE_RAW_INPUTS_NOT_PRESENT,NOT_DIRECTLY_RECONSTRUCTED,reconstruct from point-in-time stock-level source; keep in global trial budget,0.0,BLOCKED
OAP_PLACEBO_CBOPERPROFLAGAT_Q,Cash-based oper prof lagged assets qtrly,open_source_cross_sectional_asset_pricing,value_capture,US_equities_cross_section,OpenSourceAP_SignalDoc_official,PLACEBO,Accounting,DEFINITION_AVAILABLE_RAW_INPUTS_NOT_PRESENT,NOT_DIRECTLY_RECONSTRUCTED,reconstruct from point-in-time stock-level source; keep in global trial budget,0.0,BLOCKED
OAP_PLACEBO_CFPQ,Operating Cash flows to price quarterly,open_source_cross_sectional_asset_pricing,value_capture,US_equities_cross_section,OpenSourceAP_SignalDoc_official,PLACEBO,Accounting,DEFINITION_AVAILABLE_RAW_INPUTS_NOT_PRESENT,NOT_DIRECTLY_RECONSTRUCTED,reconstruct from point-in-time stock-level source; keep in global trial budget,0.0,BLOCKED
OAP_PLACEBO_CFQ,Cash flow to market quarterly,open_source_cross_sectional_asset_pricing,value_capture,US_equities_cross_section,OpenSourceAP_SignalDoc_official,PLACEBO,Accounting,DEFINITION_AVAILABLE_RAW_INPUTS_NOT_PRESENT,NOT_DIRECTLY_RECONSTRUCTED,reconstruct from point-in-time stock-level source; keep in global trial budget,0.0,BLOCKED
OAP_PLACEBO_CHANGEROA,Change in Return on assets,open_source_cross_sectional_asset_pricing,cross_sectional_selection,US_equities_cross_section,OpenSourceAP_SignalDoc_official,PLACEBO,Accounting,DEFINITION_AVAILABLE_RAW_INPUTS_NOT_PRESENT,NOT_DIRECTLY_RECONSTRUCTED,reconstruct from point-in-time stock-level source; keep in global trial budget,0.0,BLOCKED
OAP_PLACEBO_CHANGEROE,Change in Return on equity,open_source_cross_sectional_asset_pricing,cross_sectional_selection,US_equities_cross_section,OpenSourceAP_SignalDoc_official,PLACEBO,Accounting,DEFINITION_AVAILABLE_RAW_INPUTS_NOT_PRESENT,NOT_DIRECTLY_RECONSTRUCTED,reconstruct from point-in-time stock-level source; keep in global trial budget,0.0,BLOCKED
OAP_PLACEBO_CHNCOA,Change in Noncurrent Operating Assets,open_source_cross_sectional_asset_pricing,value_capture,US_equities_cross_section,OpenSourceAP_SignalDoc_official,PLACEBO,Accounting,DEFINITION_AVAILABLE_RAW_INPUTS_NOT_PRESENT,NOT_DIRECTLY_RECONSTRUCTED,reconstruct from point-in-time stock-level source; keep in global trial budget,0.0,BLOCKED
OAP_PLACEBO_CHNCOL,Change in Noncurrent Operating Liab,open_source_cross_sectional_asset_pricing,value_capture,US_equities_cross_section,OpenSourceAP_SignalDoc_official,PLACEBO,Accounting,DEFINITION_AVAILABLE_RAW_INPUTS_NOT_PRESENT,NOT_DIRECTLY_RECONSTRUCTED,reconstruct from point-in-time stock-level source; keep in global trial budget,0.0,BLOCKED
OAP_PLACEBO_CHPM,Change in Profit Margin,open_source_cross_sectional_asset_pricing,value_capture,US_equities_cross_section,OpenSourceAP_SignalDoc_official,PLACEBO,Accounting,DEFINITION_AVAILABLE_RAW_INPUTS_NOT_PRESENT,NOT_DIRECTLY_RECONSTRUCTED,reconstruct from point-in-time stock-level source; keep in global trial budget,0.0,BLOCKED
OAP_PLACEBO_CURRAT,Current Ratio,open_source_cross_sectional_asset_pricing,cross_sectional_selection,US_equities_cross_section,OpenSourceAP_SignalDoc_official,PLACEBO,Accounting,DEFINITION_AVAILABLE_RAW_INPUTS_NOT_PRESENT,NOT_DIRECTLY_RECONSTRUCTED,reconstruct from point-in-time stock-level source; keep in global trial budget,0.0,BLOCKED
OAP_PLACEBO_DEPR,Depreciation to PPE,open_source_cross_sectional_asset_pricing,cross_sectional_selection,US_equities_cross_section,OpenSourceAP_SignalDoc_official,PLACEBO,Accounting,DEFINITION_AVAILABLE_RAW_INPUTS_NOT_PRESENT,NOT_DIRECTLY_RECONSTRUCTED,reconstruct from point-in-time stock-level source; keep in global trial budget,0.0,BLOCKED
OAP_PLACEBO_DIVYIELD,Dividend yield for small stocks,open_source_cross_sectional_asset_pricing,value_capture,US_equities_cross_section,OpenSourceAP_SignalDoc_official,PLACEBO,Accounting,DEFINITION_AVAILABLE_RAW_INPUTS_NOT_PRESENT,NOT_DIRECTLY_RECONSTRUCTED,reconstruct from point-in-time stock-level source; keep in global trial budget,0.0,BLOCKED
OAP_PLACEBO_DIVYIELDANN,Last year's dividends over price,open_source_cross_sectional_asset_pricing,value_capture,US_equities_cross_section,OpenSourceAP_SignalDoc_official,PLACEBO,Accounting,DEFINITION_AVAILABLE_RAW_INPUTS_NOT_PRESENT,NOT_DIRECTLY_RECONSTRUCTED,reconstruct from point-in-time stock-level source; keep in global trial budget,0.0,BLOCKED
OAP_PLACEBO_EARNINGSCONSERVATISM,Earnings conservatism,open_source_cross_sectional_asset_pricing,value_capture,US_equities_cross_section,OpenSourceAP_SignalDoc_official,PLACEBO,Accounting,DEFINITION_AVAILABLE_RAW_INPUTS_NOT_PRESENT,NOT_DIRECTLY_RECONSTRUCTED,reconstruct from point-in-time stock-level source; keep in global trial budget,0.0,BLOCKED
OAP_PLACEBO_EARNINGSPERSISTENCE,Earnings persistence,open_source_cross_sectional_asset_pricing,value_capture,US_equities_cross_section,OpenSourceAP_SignalDoc_official,PLACEBO,Accounting,DEFINITION_AVAILABLE_RAW_INPUTS_NOT_PRESENT,NOT_DIRECTLY_RECONSTRUCTED,reconstruct from point-in-time stock-level source; keep in global trial budget,0.0,BLOCKED
OAP_PLACEBO_EARNINGSPREDICTABILITY,Earnings Predictability,open_source_cross_sectional_asset_pricing,value_capture,US_equities_cross_section,OpenSourceAP_SignalDoc_official,PLACEBO,Accounting,DEFINITION_AVAILABLE_RAW_INPUTS_NOT_PRESENT,NOT_DIRECTLY_RECONSTRUCTED,reconstruct from point-in-time stock-level source; keep in global trial budget,0.0,BLOCKED
OAP_PLACEBO_EARNINGSSMOOTHNESS,Earnings Smoothness,open_source_cross_sectional_asset_pricing,value_capture,US_equities_cross_section,OpenSourceAP_SignalDoc_official,PLACEBO,Accounting,DEFINITION_AVAILABLE_RAW_INPUTS_NOT_PRESENT,NOT_DIRECTLY_RECONSTRUCTED,reconstruct from point-in-time stock-level source; keep in global trial budget,0.0,BLOCKED
OAP_PLACEBO_EARNINGSTIMELINESS,Earnings timeliness,open_source_cross_sectional_asset_pricing,value_capture,US_equities_cross_section,OpenSourceAP_SignalDoc_official,PLACEBO,Accounting,DEFINITION_AVAILABLE_RAW_INPUTS_NOT_PRESENT,NOT_DIRECTLY_RECONSTRUCTED,reconstruct from point-in-time stock-level source; keep in global trial budget,0.0,BLOCKED
OAP_PLACEBO_EARNINGSVALUERELEVANCE,Value relevance of earnings,open_source_cross_sectional_asset_pricing,value_capture,US_equities_cross_section,OpenSourceAP_SignalDoc_official,PLACEBO,Accounting,DEFINITION_AVAILABLE_RAW_INPUTS_NOT_PRESENT,NOT_DIRECTLY_RECONSTRUCTED,reconstruct from point-in-time stock-level source; keep in global trial budget,0.0,BLOCKED
OAP_PLACEBO_EBM_Q,Enterprise component of BM,open_source_cross_sectional_asset_pricing,value_capture,US_equities_cross_section,OpenSourceAP_SignalDoc_official,PLACEBO,Accounting,DEFINITION_AVAILABLE_RAW_INPUTS_NOT_PRESENT,NOT_DIRECTLY_RECONSTRUCTED,reconstruct from point-in-time stock-level source; keep in global trial budget,0.0,BLOCKED
OAP_PLACEBO_ENTMULT_Q,Enterprise Multiple quarterly,open_source_cross_sectional_asset_pricing,value_capture,US_equities_cross_section,OpenSourceAP_SignalDoc_official,PLACEBO,Accounting,DEFINITION_AVAILABLE_RAW_INPUTS_NOT_PRESENT,NOT_DIRECTLY_RECONSTRUCTED,reconstruct from point-in-time stock-level source; keep in global trial budget,0.0,BLOCKED
OAP_PLACEBO_EPQ,Earnings-to-Price Ratio,open_source_cross_sectional_asset_pricing,value_capture,US_equities_cross_section,OpenSourceAP_SignalDoc_official,PLACEBO,Accounting,DEFINITION_AVAILABLE_RAW_INPUTS_NOT_PRESENT,NOT_DIRECTLY_RECONSTRUCTED,reconstruct from point-in-time stock-level source; keep in global trial budget,0.0,BLOCKED
OAP_PLACEBO_ETR,Effective Tax Rate,open_source_cross_sectional_asset_pricing,cross_sectional_selection,US_equities_cross_section,OpenSourceAP_SignalDoc_official,PLACEBO,Accounting,DEFINITION_AVAILABLE_RAW_INPUTS_NOT_PRESENT,NOT_DIRECTLY_RECONSTRUCTED,reconstruct from point-in-time stock-level source; keep in global trial budget,0.0,BLOCKED
OAP_PLACEBO_FAILUREPROBABILITYJUNE,Failure probability,open_source_cross_sectional_asset_pricing,vulnerability_or_range,US_equities_cross_section,OpenSourceAP_SignalDoc_official,PLACEBO,Accounting,DEFINITION_AVAILABLE_RAW_INPUTS_NOT_PRESENT,NOT_DIRECTLY_RECONSTRUCTED,reconstruct from point-in-time stock-level source; keep in global trial budget,0.0,BLOCKED
OAP_PLACEBO_FGR5YRNOLAG,Long-term EPS forecast (Monthly),open_source_cross_sectional_asset_pricing,value_capture,US_equities_cross_section,OpenSourceAP_SignalDoc_official,PLACEBO,Analyst,DEFINITION_AVAILABLE_RAW_INPUTS_NOT_PRESENT,NOT_DIRECTLY_RECONSTRUCTED,reconstruct from point-in-time stock-level source; keep in global trial budget,0.0,BLOCKED
OAP_PLACEBO_FRBOOK,Pension Funding Status,open_source_cross_sectional_asset_pricing,cross_sectional_selection,US_equities_cross_section,OpenSourceAP_SignalDoc_official,PLACEBO,Accounting,DEFINITION_AVAILABLE_RAW_INPUTS_NOT_PRESENT,NOT_DIRECTLY_RECONSTRUCTED,reconstruct from point-in-time stock-level source; keep in global trial budget,0.0,BLOCKED
OAP_PLACEBO_GPLAG,gross profits / total assets,open_source_cross_sectional_asset_pricing,value_capture,US_equities_cross_section,OpenSourceAP_SignalDoc_official,PLACEBO,Accounting,DEFINITION_AVAILABLE_RAW_INPUTS_NOT_PRESENT,NOT_DIRECTLY_RECONSTRUCTED,reconstruct from point-in-time stock-level source; keep in global trial budget,0.0,BLOCKED
OAP_PLACEBO_GPLAG_Q,gross profits / total assets,open_source_cross_sectional_asset_pricing,value_capture,US_equities_cross_section,OpenSourceAP_SignalDoc_official,PLACEBO,Accounting,DEFINITION_AVAILABLE_RAW_INPUTS_NOT_PRESENT,NOT_DIRECTLY_RECONSTRUCTED,reconstruct from point-in-time stock-level source; keep in global trial budget,0.0,BLOCKED
OAP_PLACEBO_GRCAPX1Y,Investment growth (1 year),open_source_cross_sectional_asset_pricing,value_capture,US_equities_cross_section,OpenSourceAP_SignalDoc_official,PLACEBO,Accounting,DEFINITION_AVAILABLE_RAW_INPUTS_NOT_PRESENT,NOT_DIRECTLY_RECONSTRUCTED,reconstruct from point-in-time stock-level source; keep in global trial budget,0.0,BLOCKED
OAP_PLACEBO_GRGMTOGRSALES,Gross margin growth to sales growth,open_source_cross_sectional_asset_pricing,value_capture,US_equities_cross_section,OpenSourceAP_SignalDoc_official,PLACEBO,Accounting,DEFINITION_AVAILABLE_RAW_INPUTS_NOT_PRESENT,NOT_DIRECTLY_RECONSTRUCTED,reconstruct from point-in-time stock-level source; keep in global trial budget,0.0,BLOCKED
OAP_PLACEBO_GRSALETOGRRECEIVABLES,Change in sales vs change in receiv,open_source_cross_sectional_asset_pricing,value_capture,US_equities_cross_section,OpenSourceAP_SignalDoc_official,PLACEBO,Accounting,DEFINITION_AVAILABLE_RAW_INPUTS_NOT_PRESENT,NOT_DIRECTLY_RECONSTRUCTED,reconstruct from point-in-time stock-level source; keep in global trial budget,0.0,BLOCKED
OAP_PLACEBO_IDIOVOLCAPM,Idiosyncratic risk (CAPM),open_source_cross_sectional_asset_pricing,vulnerability_or_range,US_equities_cross_section,OpenSourceAP_SignalDoc_official,PLACEBO,Price,DEFINITION_AVAILABLE_RAW_INPUTS_NOT_PRESENT,NOT_DIRECTLY_RECONSTRUCTED,reconstruct from point-in-time stock-level source; keep in global trial budget,0.0,BLOCKED
OAP_PLACEBO_IDIOVOLQF,Idiosyncratic risk (q factor),open_source_cross_sectional_asset_pricing,vulnerability_or_range,US_equities_cross_section,OpenSourceAP_SignalDoc_official,PLACEBO,Price,DEFINITION_AVAILABLE_RAW_INPUTS_NOT_PRESENT,NOT_DIRECTLY_RECONSTRUCTED,reconstruct from point-in-time stock-level source; keep in global trial budget,0.0,BLOCKED
OAP_PLACEBO_INTRINSICVALUE,Intrinsic or historical value,open_source_cross_sectional_asset_pricing,value_capture,US_equities_cross_section,OpenSourceAP_SignalDoc_official,PLACEBO,Accounting,DEFINITION_AVAILABLE_RAW_INPUTS_NOT_PRESENT,NOT_DIRECTLY_RECONSTRUCTED,reconstruct from point-in-time stock-level source; keep in global trial budget,0.0,BLOCKED
OAP_PLACEBO_KZ_Q,Kaplan Zingales index quarterly,open_source_cross_sectional_asset_pricing,cross_sectional_selection,US_equities_cross_section,OpenSourceAP_SignalDoc_official,PLACEBO,Accounting,DEFINITION_AVAILABLE_RAW_INPUTS_NOT_PRESENT,NOT_DIRECTLY_RECONSTRUCTED,reconstruct from point-in-time stock-level source; keep in global trial budget,0.0,BLOCKED
OAP_PLACEBO_LABORFORCEEFFICIENCY,Laborforce efficiency,open_source_cross_sectional_asset_pricing,value_capture,US_equities_cross_section,OpenSourceAP_SignalDoc_official,PLACEBO,Accounting,DEFINITION_AVAILABLE_RAW_INPUTS_NOT_PRESENT,NOT_DIRECTLY_RECONSTRUCTED,reconstruct from point-in-time stock-level source; keep in global trial budget,0.0,BLOCKED
OAP_PLACEBO_LEVERAGE_Q,Market leverage quarterly,open_source_cross_sectional_asset_pricing,cross_sectional_selection,US_equities_cross_section,OpenSourceAP_SignalDoc_official,PLACEBO,Accounting,DEFINITION_AVAILABLE_RAW_INPUTS_NOT_PRESENT,NOT_DIRECTLY_RECONSTRUCTED,reconstruct from point-in-time stock-level source; keep in global trial budget,0.0,BLOCKED
OAP_PLACEBO_NANALYST,Number of analysts,open_source_cross_sectional_asset_pricing,information_flow_or_positioning,US_equities_cross_section,OpenSourceAP_SignalDoc_official,PLACEBO,Analyst,DEFINITION_AVAILABLE_RAW_INPUTS_NOT_PRESENT,NOT_DIRECTLY_RECONSTRUCTED,reconstruct from point-in-time stock-level source; keep in global trial budget,0.0,BLOCKED
OAP_PLACEBO_NETDEBTPRICE_Q,Net debt to price,open_source_cross_sectional_asset_pricing,cross_sectional_selection,US_equities_cross_section,OpenSourceAP_SignalDoc_official,PLACEBO,Accounting,DEFINITION_AVAILABLE_RAW_INPUTS_NOT_PRESENT,NOT_DIRECTLY_RECONSTRUCTED,reconstruct from point-in-time stock-level source; keep in global trial budget,0.0,BLOCKED
OAP_PLACEBO_NETPAYOUTYIELD_Q,Net Payout Yield quarterly,open_source_cross_sectional_asset_pricing,value_capture,US_equities_cross_section,OpenSourceAP_SignalDoc_official,PLACEBO,Accounting,DEFINITION_AVAILABLE_RAW_INPUTS_NOT_PRESENT,NOT_DIRECTLY_RECONSTRUCTED,reconstruct from point-in-time stock-level source; keep in global trial budget,0.0,BLOCKED
OAP_PLACEBO_OPERPROFLAG,operating profits / book equity,open_source_cross_sectional_asset_pricing,value_capture,US_equities_cross_section,OpenSourceAP_SignalDoc_official,PLACEBO,Accounting,DEFINITION_AVAILABLE_RAW_INPUTS_NOT_PRESENT,NOT_DIRECTLY_RECONSTRUCTED,reconstruct from point-in-time stock-level source; keep in global trial budget,0.0,BLOCKED
OAP_PLACEBO_OPERPROFLAG_Q,operating profits / book equity,open_source_cross_sectional_asset_pricing,value_capture,US_equities_cross_section,OpenSourceAP_SignalDoc_official,PLACEBO,Accounting,DEFINITION_AVAILABLE_RAW_INPUTS_NOT_PRESENT,NOT_DIRECTLY_RECONSTRUCTED,reconstruct from point-in-time stock-level source; keep in global trial budget,0.0,BLOCKED
OAP_PLACEBO_OPERPROFRDLAGAT,Oper prof R&D adj lagged assets,open_source_cross_sectional_asset_pricing,value_capture,US_equities_cross_section,OpenSourceAP_SignalDoc_official,PLACEBO,Accounting,DEFINITION_AVAILABLE_RAW_INPUTS_NOT_PRESENT,NOT_DIRECTLY_RECONSTRUCTED,reconstruct from point-in-time stock-level source; keep in global trial budget,0.0,BLOCKED
OAP_PLACEBO_OPERPROFRDLAGAT_Q,Oper prof R&D adj lagged assets (qtrly),open_source_cross_sectional_asset_pricing,value_capture,US_equities_cross_section,OpenSourceAP_SignalDoc_official,PLACEBO,Accounting,DEFINITION_AVAILABLE_RAW_INPUTS_NOT_PRESENT,NOT_DIRECTLY_RECONSTRUCTED,reconstruct from point-in-time stock-level source; keep in global trial budget,0.0,BLOCKED
OAP_PLACEBO_OPLEVERAGE_Q,Operating leverage (qtrly),open_source_cross_sectional_asset_pricing,cross_sectional_selection,US_equities_cross_section,OpenSourceAP_SignalDoc_official,PLACEBO,Accounting,DEFINITION_AVAILABLE_RAW_INPUTS_NOT_PRESENT,NOT_DIRECTLY_RECONSTRUCTED,reconstruct from point-in-time stock-level source; keep in global trial budget,0.0,BLOCKED
OAP_PLACEBO_ORGCAPNOADJ,Org cap w/o industry adjustment,open_source_cross_sectional_asset_pricing,cross_sectional_selection,US_equities_cross_section,OpenSourceAP_SignalDoc_official,PLACEBO,Accounting,DEFINITION_AVAILABLE_RAW_INPUTS_NOT_PRESENT,NOT_DIRECTLY_RECONSTRUCTED,reconstruct from point-in-time stock-level source; keep in global trial budget,0.0,BLOCKED
OAP_PLACEBO_OSCORE_Q,O Score quarterly,open_source_cross_sectional_asset_pricing,vulnerability_or_range,US_equities_cross_section,OpenSourceAP_SignalDoc_official,PLACEBO,Accounting,DEFINITION_AVAILABLE_RAW_INPUTS_NOT_PRESENT,NOT_DIRECTLY_RECONSTRUCTED,reconstruct from point-in-time stock-level source; keep in global trial budget,0.0,BLOCKED
OAP_PLACEBO_PAYOUTYIELD_Q,Payout Yield quarterly,open_source_cross_sectional_asset_pricing,value_capture,US_equities_cross_section,OpenSourceAP_SignalDoc_official,PLACEBO,Accounting,DEFINITION_AVAILABLE_RAW_INPUTS_NOT_PRESENT,NOT_DIRECTLY_RECONSTRUCTED,reconstruct from point-in-time stock-level source; keep in global trial budget,0.0,BLOCKED
OAP_PLACEBO_PCHCURRAT,Change in Current Ratio,open_source_cross_sectional_asset_pricing,value_capture,US_equities_cross_section,OpenSourceAP_SignalDoc_official,PLACEBO,Accounting,DEFINITION_AVAILABLE_RAW_INPUTS_NOT_PRESENT,NOT_DIRECTLY_RECONSTRUCTED,reconstruct from point-in-time stock-level source; keep in global trial budget,0.0,BLOCKED
OAP_PLACEBO_PCHDEPR,Change in depreciation to PPE,open_source_cross_sectional_asset_pricing,value_capture,US_equities_cross_section,OpenSourceAP_SignalDoc_official,PLACEBO,Accounting,DEFINITION_AVAILABLE_RAW_INPUTS_NOT_PRESENT,NOT_DIRECTLY_RECONSTRUCTED,reconstruct from point-in-time stock-level source; keep in global trial budget,0.0,BLOCKED
OAP_PLACEBO_PCHGM_PCHSALE,Change in gross margin vs sales,open_source_cross_sectional_asset_pricing,value_capture,US_equities_cross_section,OpenSourceAP_SignalDoc_official,PLACEBO,Accounting,DEFINITION_AVAILABLE_RAW_INPUTS_NOT_PRESENT,NOT_DIRECTLY_RECONSTRUCTED,reconstruct from point-in-time stock-level source; keep in global trial budget,0.0,BLOCKED
OAP_PLACEBO_PCHQUICK,Change in quick ratio,open_source_cross_sectional_asset_pricing,value_capture,US_equities_cross_section,OpenSourceAP_SignalDoc_official,PLACEBO,Accounting,DEFINITION_AVAILABLE_RAW_INPUTS_NOT_PRESENT,NOT_DIRECTLY_RECONSTRUCTED,reconstruct from point-in-time stock-level source; keep in global trial budget,0.0,BLOCKED
OAP_PLACEBO_PCHSALEINV,Change in sales to inventory,open_source_cross_sectional_asset_pricing,value_capture,US_equities_cross_section,OpenSourceAP_SignalDoc_official,PLACEBO,Accounting,DEFINITION_AVAILABLE_RAW_INPUTS_NOT_PRESENT,NOT_DIRECTLY_RECONSTRUCTED,reconstruct from point-in-time stock-level source; keep in global trial budget,0.0,BLOCKED
OAP_PLACEBO_PM,Profit Margin,open_source_cross_sectional_asset_pricing,value_capture,US_equities_cross_section,OpenSourceAP_SignalDoc_official,PLACEBO,Accounting,DEFINITION_AVAILABLE_RAW_INPUTS_NOT_PRESENT,NOT_DIRECTLY_RECONSTRUCTED,reconstruct from point-in-time stock-level source; keep in global trial budget,0.0,BLOCKED
OAP_PLACEBO_PM_Q,Profit Margin,open_source_cross_sectional_asset_pricing,value_capture,US_equities_cross_section,OpenSourceAP_SignalDoc_official,PLACEBO,Accounting,DEFINITION_AVAILABLE_RAW_INPUTS_NOT_PRESENT,NOT_DIRECTLY_RECONSTRUCTED,reconstruct from point-in-time stock-level source; keep in global trial budget,0.0,BLOCKED
OAP_PLACEBO_PS_Q,Piotroski F-score,open_source_cross_sectional_asset_pricing,cross_sectional_selection,US_equities_cross_section,OpenSourceAP_SignalDoc_official,PLACEBO,Accounting,DEFINITION_AVAILABLE_RAW_INPUTS_NOT_PRESENT,NOT_DIRECTLY_RECONSTRUCTED,reconstruct from point-in-time stock-level source; keep in global trial budget,0.0,BLOCKED
OAP_PLACEBO_QUICK,Quick ratio,open_source_cross_sectional_asset_pricing,cross_sectional_selection,US_equities_cross_section,OpenSourceAP_SignalDoc_official,PLACEBO,Accounting,DEFINITION_AVAILABLE_RAW_INPUTS_NOT_PRESENT,NOT_DIRECTLY_RECONSTRUCTED,reconstruct from point-in-time stock-level source; keep in global trial budget,0.0,BLOCKED
OAP_PLACEBO_RD_Q,R&D over market cap quarterly,open_source_cross_sectional_asset_pricing,cross_sectional_selection,US_equities_cross_section,OpenSourceAP_SignalDoc_official,PLACEBO,Accounting,DEFINITION_AVAILABLE_RAW_INPUTS_NOT_PRESENT,NOT_DIRECTLY_RECONSTRUCTED,reconstruct from point-in-time stock-level source; keep in global trial budget,0.0,BLOCKED
OAP_PLACEBO_RD_SALE_Q,R&D to sales,open_source_cross_sectional_asset_pricing,cross_sectional_selection,US_equities_cross_section,OpenSourceAP_SignalDoc_official,PLACEBO,Accounting,DEFINITION_AVAILABLE_RAW_INPUTS_NOT_PRESENT,NOT_DIRECTLY_RECONSTRUCTED,reconstruct from point-in-time stock-level source; keep in global trial budget,0.0,BLOCKED
OAP_PLACEBO_RESIDUALMOMENTUM6M,6 month residual momentum,open_source_cross_sectional_asset_pricing,direction,US_equities_cross_section,OpenSourceAP_SignalDoc_official,PLACEBO,Price,DEFINITION_AVAILABLE_RAW_INPUTS_NOT_PRESENT,NOT_DIRECTLY_RECONSTRUCTED,reconstruct from point-in-time stock-level source; keep in global trial budget,0.0,BLOCKED
OAP_PLACEBO_RETNOA,Return on Net Operating Assets,open_source_cross_sectional_asset_pricing,cross_sectional_selection,US_equities_cross_section,OpenSourceAP_SignalDoc_official,PLACEBO,Accounting,DEFINITION_AVAILABLE_RAW_INPUTS_NOT_PRESENT,NOT_DIRECTLY_RECONSTRUCTED,reconstruct from point-in-time stock-level source; keep in global trial budget,0.0,BLOCKED
OAP_PLACEBO_RETNOA_Q,Return on Net Operating Assets,open_source_cross_sectional_asset_pricing,cross_sectional_selection,US_equities_cross_section,OpenSourceAP_SignalDoc_official,PLACEBO,Accounting,DEFINITION_AVAILABLE_RAW_INPUTS_NOT_PRESENT,NOT_DIRECTLY_RECONSTRUCTED,reconstruct from point-in-time stock-level source; keep in global trial budget,0.0,BLOCKED
OAP_PLACEBO_RETURNSKEWCAPM,Idiosyncratic skewness (CAPM),open_source_cross_sectional_asset_pricing,vulnerability_or_range,US_equities_cross_section,OpenSourceAP_SignalDoc_official,PLACEBO,Price,DEFINITION_AVAILABLE_RAW_INPUTS_NOT_PRESENT,NOT_DIRECTLY_RECONSTRUCTED,reconstruct from point-in-time stock-level source; keep in global trial budget,0.0,BLOCKED
OAP_PLACEBO_RETURNSKEWQF,Idiosyncratic skewness (Q model),open_source_cross_sectional_asset_pricing,vulnerability_or_range,US_equities_cross_section,OpenSourceAP_SignalDoc_official,PLACEBO,Price,DEFINITION_AVAILABLE_RAW_INPUTS_NOT_PRESENT,NOT_DIRECTLY_RECONSTRUCTED,reconstruct from point-in-time stock-level source; keep in global trial budget,0.0,BLOCKED
OAP_PLACEBO_ROAVOL,RoA volatility,open_source_cross_sectional_asset_pricing,vulnerability_or_range,US_equities_cross_section,OpenSourceAP_SignalDoc_official,PLACEBO,Accounting,DEFINITION_AVAILABLE_RAW_INPUTS_NOT_PRESENT,NOT_DIRECTLY_RECONSTRUCTED,reconstruct from point-in-time stock-level source; keep in global trial budget,0.0,BLOCKED
OAP_PLACEBO_SALECASH,Sales to cash ratio,open_source_cross_sectional_asset_pricing,value_capture,US_equities_cross_section,OpenSourceAP_SignalDoc_official,PLACEBO,Accounting,DEFINITION_AVAILABLE_RAW_INPUTS_NOT_PRESENT,NOT_DIRECTLY_RECONSTRUCTED,reconstruct from point-in-time stock-level source; keep in global trial budget,0.0,BLOCKED
OAP_PLACEBO_SALEINV,Sales to inventory,open_source_cross_sectional_asset_pricing,value_capture,US_equities_cross_section,OpenSourceAP_SignalDoc_official,PLACEBO,Accounting,DEFINITION_AVAILABLE_RAW_INPUTS_NOT_PRESENT,NOT_DIRECTLY_RECONSTRUCTED,reconstruct from point-in-time stock-level source; keep in global trial budget,0.0,BLOCKED
OAP_PLACEBO_SALEREC,Sales to receivables,open_source_cross_sectional_asset_pricing,value_capture,US_equities_cross_section,OpenSourceAP_SignalDoc_official,PLACEBO,Accounting,DEFINITION_AVAILABLE_RAW_INPUTS_NOT_PRESENT,NOT_DIRECTLY_RECONSTRUCTED,reconstruct from point-in-time stock-level source; keep in global trial budget,0.0,BLOCKED
OAP_PLACEBO_SECURED,Secured debt,open_source_cross_sectional_asset_pricing,cross_sectional_selection,US_equities_cross_section,OpenSourceAP_SignalDoc_official,PLACEBO,Accounting,DEFINITION_AVAILABLE_RAW_INPUTS_NOT_PRESENT,NOT_DIRECTLY_RECONSTRUCTED,reconstruct from point-in-time stock-level source; keep in global trial budget,0.0,BLOCKED
OAP_PLACEBO_SECUREDIND,Secured debt indicator,open_source_cross_sectional_asset_pricing,cross_sectional_selection,US_equities_cross_section,OpenSourceAP_SignalDoc_official,PLACEBO,Accounting,DEFINITION_AVAILABLE_RAW_INPUTS_NOT_PRESENT,NOT_DIRECTLY_RECONSTRUCTED,reconstruct from point-in-time stock-level source; keep in global trial budget,0.0,BLOCKED
OAP_PLACEBO_SGR,Annual sales growth,open_source_cross_sectional_asset_pricing,cross_sectional_selection,US_equities_cross_section,OpenSourceAP_SignalDoc_official,PLACEBO,Accounting,DEFINITION_AVAILABLE_RAW_INPUTS_NOT_PRESENT,NOT_DIRECTLY_RECONSTRUCTED,reconstruct from point-in-time stock-level source; keep in global trial budget,0.0,BLOCKED
OAP_PLACEBO_SGR_Q,Annual sales growth quarterly,open_source_cross_sectional_asset_pricing,cross_sectional_selection,US_equities_cross_section,OpenSourceAP_SignalDoc_official,PLACEBO,Accounting,DEFINITION_AVAILABLE_RAW_INPUTS_NOT_PRESENT,NOT_DIRECTLY_RECONSTRUCTED,reconstruct from point-in-time stock-level source; keep in global trial budget,0.0,BLOCKED
OAP_PLACEBO_SP_Q,Sales-to-price quarterly,open_source_cross_sectional_asset_pricing,value_capture,US_equities_cross_section,OpenSourceAP_SignalDoc_official,PLACEBO,Accounting,DEFINITION_AVAILABLE_RAW_INPUTS_NOT_PRESENT,NOT_DIRECTLY_RECONSTRUCTED,reconstruct from point-in-time stock-level source; keep in global trial budget,0.0,BLOCKED
OAP_PLACEBO_TANG_Q,Tangibility quarterly,open_source_cross_sectional_asset_pricing,cross_sectional_selection,US_equities_cross_section,OpenSourceAP_SignalDoc_official,PLACEBO,Accounting,DEFINITION_AVAILABLE_RAW_INPUTS_NOT_PRESENT,NOT_DIRECTLY_RECONSTRUCTED,reconstruct from point-in-time stock-level source; keep in global trial budget,0.0,BLOCKED
OAP_PLACEBO_TAX_Q,Taxable income to income (qtrly),open_source_cross_sectional_asset_pricing,cross_sectional_selection,US_equities_cross_section,OpenSourceAP_SignalDoc_official,PLACEBO,Accounting,DEFINITION_AVAILABLE_RAW_INPUTS_NOT_PRESENT,NOT_DIRECTLY_RECONSTRUCTED,reconstruct from point-in-time stock-level source; keep in global trial budget,0.0,BLOCKED
OAP_PLACEBO_WW_Q,Whited-Wu index,open_source_cross_sectional_asset_pricing,cross_sectional_selection,US_equities_cross_section,OpenSourceAP_SignalDoc_official,PLACEBO,Accounting,DEFINITION_AVAILABLE_RAW_INPUTS_NOT_PRESENT,NOT_DIRECTLY_RECONSTRUCTED,reconstruct from point-in-time stock-level source; keep in global trial budget,0.0,BLOCKED
OAP_PLACEBO_ZSCORE_Q,Altman Z-Score quarterly,open_source_cross_sectional_asset_pricing,vulnerability_or_range,US_equities_cross_section,OpenSourceAP_SignalDoc_official,PLACEBO,Accounting,DEFINITION_AVAILABLE_RAW_INPUTS_NOT_PRESENT,NOT_DIRECTLY_RECONSTRUCTED,reconstruct from point-in-time stock-level source; keep in global trial budget,0.0,BLOCKED
CUR_CREDIT_LEVERAGE_FRAGILITY_CREDIT_TO_GDP_GAP,credit_to_gdp_gap,credit_leverage_fragility,structural_vulnerability,cross_market|US|IHSG|FX,curated_primary_literature,,BIS|FRED|central_bank|bank filings,MAPPING_COMPLETE_SOURCE_ACQUISITION_REQUIRED,NOT_YET_EVALUATED_OR_ONLY_FAMILY_PROXY_TESTED,"acquire exact causal source, freeze implementation, then test",0.0,BLOCKED
CUR_CREDIT_LEVERAGE_FRAGILITY_DEBT_SERVICE_RATIO,debt_service_ratio,credit_leverage_fragility,structural_vulnerability,cross_market|US|IHSG|FX,curated_primary_literature,,BIS|FRED|central_bank|bank filings,MAPPING_COMPLETE_SOURCE_ACQUISITION_REQUIRED,NOT_YET_EVALUATED_OR_ONLY_FAMILY_PROXY_TESTED,"acquire exact causal source, freeze implementation, then test",0.0,BLOCKED
CUR_CREDIT_LEVERAGE_FRAGILITY_HOUSEHOLD_DEBT_SERVICE,household_debt_service,credit_leverage_fragility,structural_vulnerability,cross_market|US|IHSG|FX,curated_primary_literature,,BIS|FRED|central_bank|bank filings,MAPPING_COMPLETE_SOURCE_ACQUISITION_REQUIRED,NOT_YET_EVALUATED_OR_ONLY_FAMILY_PROXY_TESTED,"acquire exact causal source, freeze implementation, then test",0.0,BLOCKED
CUR_CREDIT_LEVERAGE_FRAGILITY_CORPORATE_INTEREST_COVERAGE,corporate_interest_coverage,credit_leverage_fragility,structural_vulnerability,cross_market|US|IHSG|FX,curated_primary_literature,,BIS|FRED|central_bank|bank filings,MAPPING_COMPLETE_SOURCE_ACQUISITION_REQUIRED,NOT_YET_EVALUATED_OR_ONLY_FAMILY_PROXY_TESTED,"acquire exact causal source, freeze implementation, then test",0.0,BLOCKED
CUR_CREDIT_LEVERAGE_FRAGILITY_REFINANCING_WALL,refinancing_wall,credit_leverage_fragility,structural_vulnerability,cross_market|US|IHSG|FX,curated_primary_literature,,BIS|FRED|central_bank|bank filings,MAPPING_COMPLETE_SOURCE_ACQUISITION_REQUIRED,NOT_YET_EVALUATED_OR_ONLY_FAMILY_PROXY_TESTED,"acquire exact causal source, freeze implementation, then test",0.0,BLOCKED
CUR_CREDIT_LEVERAGE_FRAGILITY_CREDIT_GROWTH_X_ASSET_PRICE_GROWTH,credit_growth_x_asset_price_growth,credit_leverage_fragility,structural_vulnerability,cross_market|US|IHSG|FX,curated_primary_literature,,BIS|FRED|central_bank|bank filings,MAPPING_COMPLETE_SOURCE_ACQUISITION_REQUIRED,NOT_YET_EVALUATED_OR_ONLY_FAMILY_PROXY_TESTED,"acquire exact causal source, freeze implementation, then test",0.0,BLOCKED
CUR_CREDIT_LEVERAGE_FRAGILITY_NONTRADABLE_CREDIT_ALLOCATION,nontradable_credit_allocation,credit_leverage_fragility,structural_vulnerability,cross_market|US|IHSG|FX,curated_primary_literature,,BIS|FRED|central_bank|bank filings,MAPPING_COMPLETE_SOURCE_ACQUISITION_REQUIRED,NOT_YET_EVALUATED_OR_ONLY_FAMILY_PROXY_TESTED,"acquire exact causal source, freeze implementation, then test",0.0,BLOCKED
CUR_CREDIT_LEVERAGE_FRAGILITY_LEVERAGED_LOAN_STRESS,leveraged_loan_stress,credit_leverage_fragility,structural_vulnerability,cross_market|US|IHSG|FX,curated_primary_literature,,BIS|FRED|central_bank|bank filings,MAPPING_COMPLETE_SOURCE_ACQUISITION_REQUIRED,NOT_YET_EVALUATED_OR_ONLY_FAMILY_PROXY_TESTED,"acquire exact causal source, freeze implementation, then test",0.0,BLOCKED
CUR_CREDIT_LEVERAGE_FRAGILITY_PRIVATE_CREDIT_MARK_TO_MODEL_GAP,private_credit_mark_to_model_gap,credit_leverage_fragility,structural_vulnerability,cross_market|US|IHSG|FX,curated_primary_literature,,BIS|FRED|central_bank|bank filings,MAPPING_COMPLETE_SOURCE_ACQUISITION_REQUIRED,NOT_YET_EVALUATED_OR_ONLY_FAMILY_PROXY_TESTED,"acquire exact causal source, freeze implementation, then test",0.0,BLOCKED
CUR_CREDIT_LEVERAGE_FRAGILITY_COLLATERAL_VALUE_SENSITIVITY,collateral_value_sensitivity,credit_leverage_fragility,structural_vulnerability,cross_market|US|IHSG|FX,curated_primary_literature,,BIS|FRED|central_bank|bank filings,MAPPING_COMPLETE_SOURCE_ACQUISITION_REQUIRED,NOT_YET_EVALUATED_OR_ONLY_FAMILY_PROXY_TESTED,"acquire exact causal source, freeze implementation, then test",0.0,BLOCKED
CUR_CREDIT_LEVERAGE_FRAGILITY_BANK_WHOLESALE_FUNDING_DEPENDENCE,bank_wholesale_funding_dependence,credit_leverage_fragility,structural_vulnerability,cross_market|US|IHSG|FX,curated_primary_literature,,BIS|FRED|central_bank|bank filings,MAPPING_COMPLETE_SOURCE_ACQUISITION_REQUIRED,NOT_YET_EVALUATED_OR_ONLY_FAMILY_PROXY_TESTED,"acquire exact causal source, freeze implementation, then test",0.0,BLOCKED
CUR_CREDIT_LEVERAGE_FRAGILITY_MATURITY_MISMATCH,maturity_mismatch,credit_leverage_fragility,structural_vulnerability,cross_market|US|IHSG|FX,curated_primary_literature,,BIS|FRED|central_bank|bank filings,MAPPING_COMPLETE_SOURCE_ACQUISITION_REQUIRED,NOT_YET_EVALUATED_OR_ONLY_FAMILY_PROXY_TESTED,"acquire exact causal source, freeze implementation, then test",0.0,BLOCKED
CUR_CREDIT_LEVERAGE_FRAGILITY_FOREIGN_CURRENCY_DEBT_MISMATCH,foreign_currency_debt_mismatch,credit_leverage_fragility,structural_vulnerability,cross_market|US|IHSG|FX,curated_primary_literature,,BIS|FRED|central_bank|bank filings,MAPPING_COMPLETE_SOURCE_ACQUISITION_REQUIRED,NOT_YET_EVALUATED_OR_ONLY_FAMILY_PROXY_TESTED,"acquire exact causal source, freeze implementation, then test",0.0,BLOCKED
CUR_CREDIT_LEVERAGE_FRAGILITY_CREDIT_IMPULSE,credit_impulse,credit_leverage_fragility,structural_vulnerability,cross_market|US|IHSG|FX,curated_primary_literature,,BIS|FRED|central_bank|bank filings,MAPPING_COMPLETE_SOURCE_ACQUISITION_REQUIRED,NOT_YET_EVALUATED_OR_ONLY_FAMILY_PROXY_TESTED,"acquire exact causal source, freeze implementation, then test",0.0,BLOCKED
CUR_CREDIT_LEVERAGE_FRAGILITY_LENDING_STANDARDS,lending_standards,credit_leverage_fragility,structural_vulnerability,cross_market|US|IHSG|FX,curated_primary_literature,,BIS|FRED|central_bank|bank filings,MAPPING_COMPLETE_SOURCE_ACQUISITION_REQUIRED,NOT_YET_EVALUATED_OR_ONLY_FAMILY_PROXY_TESTED,"acquire exact causal source, freeze implementation, then test",0.0,BLOCKED
CUR_CREDIT_LEVERAGE_FRAGILITY_DELINQUENCY_TRANSITION,delinquency_transition,credit_leverage_fragility,structural_vulnerability,cross_market|US|IHSG|FX,curated_primary_literature,,BIS|FRED|central_bank|bank filings,MAPPING_COMPLETE_SOURCE_ACQUISITION_REQUIRED,NOT_YET_EVALUATED_OR_ONLY_FAMILY_PROXY_TESTED,"acquire exact causal source, freeze implementation, then test",0.0,BLOCKED
CUR_CREDIT_LEVERAGE_FRAGILITY_BANK_CAPITAL_BUFFER,bank_capital_buffer,credit_leverage_fragility,structural_vulnerability,cross_market|US|IHSG|FX,curated_primary_literature,,BIS|FRED|central_bank|bank filings,MAPPING_COMPLETE_SOURCE_ACQUISITION_REQUIRED,NOT_YET_EVALUATED_OR_ONLY_FAMILY_PROXY_TESTED,"acquire exact causal source, freeze implementation, then test",0.0,BLOCKED
CUR_CREDIT_LEVERAGE_FRAGILITY_SHADOW_BANK_LEVERAGE,shadow_bank_leverage,credit_leverage_fragility,structural_vulnerability,cross_market|US|IHSG|FX,curated_primary_literature,,BIS|FRED|central_bank|bank filings,MAPPING_COMPLETE_SOURCE_ACQUISITION_REQUIRED,NOT_YET_EVALUATED_OR_ONLY_FAMILY_PROXY_TESTED,"acquire exact causal source, freeze implementation, then test",0.0,BLOCKED
CUR_CREDIT_LEVERAGE_FRAGILITY_MARGIN_DEBT,margin_debt,credit_leverage_fragility,structural_vulnerability,cross_market|US|IHSG|FX,curated_primary_literature,,BIS|FRED|central_bank|bank filings,MAPPING_COMPLETE_SOURCE_ACQUISITION_REQUIRED,NOT_YET_EVALUATED_OR_ONLY_FAMILY_PROXY_TESTED,"acquire exact causal source, freeze implementation, then test",0.0,BLOCKED
CUR_CREDIT_LEVERAGE_FRAGILITY_HOUSING_CREDIT_BOOM,housing_credit_boom,credit_leverage_fragility,structural_vulnerability,cross_market|US|IHSG|FX,curated_primary_literature,,BIS|FRED|central_bank|bank filings,MAPPING_COMPLETE_SOURCE_ACQUISITION_REQUIRED,NOT_YET_EVALUATED_OR_ONLY_FAMILY_PROXY_TESTED,"acquire exact causal source, freeze implementation, then test",0.0,BLOCKED
CUR_CREDIT_LEVERAGE_FRAGILITY_COMMERCIAL_REAL_ESTATE_REFINANCING,commercial_real_estate_refinancing,credit_leverage_fragility,structural_vulnerability,cross_market|US|IHSG|FX,curated_primary_literature,,BIS|FRED|central_bank|bank filings,MAPPING_COMPLETE_SOURCE_ACQUISITION_REQUIRED,NOT_YET_EVALUATED_OR_ONLY_FAMILY_PROXY_TESTED,"acquire exact causal source, freeze implementation, then test",0.0,BLOCKED
CUR_CREDIT_LEVERAGE_FRAGILITY_SOVEREIGN_BANK_DOOM_LOOP,sovereign_bank_doom_loop,credit_leverage_fragility,structural_vulnerability,cross_market|US|IHSG|FX,curated_primary_literature,,BIS|FRED|central_bank|bank filings,MAPPING_COMPLETE_SOURCE_ACQUISITION_REQUIRED,NOT_YET_EVALUATED_OR_ONLY_FAMILY_PROXY_TESTED,"acquire exact causal source, freeze implementation, then test",0.0,BLOCKED
CUR_CREDIT_LEVERAGE_FRAGILITY_CREDIT_DISPERSION,credit_dispersion,credit_leverage_fragility,structural_vulnerability,cross_market|US|IHSG|FX,curated_primary_literature,,BIS|FRED|central_bank|bank filings,MAPPING_COMPLETE_SOURCE_ACQUISITION_REQUIRED,NOT_YET_EVALUATED_OR_ONLY_FAMILY_PROXY_TESTED,"acquire exact causal source, freeze implementation, then test",0.0,BLOCKED
CUR_CREDIT_LEVERAGE_FRAGILITY_BANK_CONCENTRATION,bank_concentration,credit_leverage_fragility,structural_vulnerability,cross_market|US|IHSG|FX,curated_primary_literature,,BIS|FRED|central_bank|bank filings,MAPPING_COMPLETE_SOURCE_ACQUISITION_REQUIRED,NOT_YET_EVALUATED_OR_ONLY_FAMILY_PROXY_TESTED,"acquire exact causal source, freeze implementation, then test",0.0,BLOCKED
CUR_FUNDING_LIQUIDITY_SPIRAL_REPO_SPREAD,repo_spread,funding_liquidity_spiral,trigger_or_amplification,cross_market|US|FX|rates|crypto,curated_primary_literature,,market microstructure|funding|balance sheet,MAPPING_COMPLETE_SOURCE_ACQUISITION_REQUIRED,NOT_YET_EVALUATED_OR_ONLY_FAMILY_PROXY_TESTED,"acquire exact causal source, freeze implementation, then test",0.0,BLOCKED
CUR_FUNDING_LIQUIDITY_SPIRAL_CROSS_CURRENCY_BASIS,cross_currency_basis,funding_liquidity_spiral,trigger_or_amplification,cross_market|US|FX|rates|crypto,curated_primary_literature,,market microstructure|funding|balance sheet,MAPPING_COMPLETE_SOURCE_ACQUISITION_REQUIRED,NOT_YET_EVALUATED_OR_ONLY_FAMILY_PROXY_TESTED,"acquire exact causal source, freeze implementation, then test",0.0,BLOCKED
CUR_FUNDING_LIQUIDITY_SPIRAL_DEALER_BALANCE_SHEET_CAPACITY,dealer_balance_sheet_capacity,funding_liquidity_spiral,trigger_or_amplification,cross_market|US|FX|rates|crypto,curated_primary_literature,,market microstructure|funding|balance sheet,MAPPING_COMPLETE_SOURCE_ACQUISITION_REQUIRED,NOT_YET_EVALUATED_OR_ONLY_FAMILY_PROXY_TESTED,"acquire exact causal source, freeze implementation, then test",0.0,BLOCKED
CUR_FUNDING_LIQUIDITY_SPIRAL_TREASURY_BASIS_CROWDING,treasury_basis_crowding,funding_liquidity_spiral,trigger_or_amplification,cross_market|US|FX|rates|crypto,curated_primary_literature,,market microstructure|funding|balance sheet,MAPPING_COMPLETE_SOURCE_ACQUISITION_REQUIRED,NOT_YET_EVALUATED_OR_ONLY_FAMILY_PROXY_TESTED,"acquire exact causal source, freeze implementation, then test",0.0,BLOCKED
CUR_FUNDING_LIQUIDITY_SPIRAL_SWAP_SPREAD_DISLOCATION,swap_spread_dislocation,funding_liquidity_spiral,trigger_or_amplification,cross_market|US|FX|rates|crypto,curated_primary_literature,,market microstructure|funding|balance sheet,MAPPING_COMPLETE_SOURCE_ACQUISITION_REQUIRED,NOT_YET_EVALUATED_OR_ONLY_FAMILY_PROXY_TESTED,"acquire exact causal source, freeze implementation, then test",0.0,BLOCKED
CUR_FUNDING_LIQUIDITY_SPIRAL_MARKET_DEPTH_PER_UNIT_VOLATILITY,market_depth_per_unit_volatility,funding_liquidity_spiral,trigger_or_amplification,cross_market|US|FX|rates|crypto,curated_primary_literature,,market microstructure|funding|balance sheet,MAPPING_COMPLETE_SOURCE_ACQUISITION_REQUIRED,NOT_YET_EVALUATED_OR_ONLY_FAMILY_PROXY_TESTED,"acquire exact causal source, freeze implementation, then test",0.0,BLOCKED
CUR_FUNDING_LIQUIDITY_SPIRAL_PRICE_IMPACT,price_impact,funding_liquidity_spiral,trigger_or_amplification,cross_market|US|FX|rates|crypto,curated_primary_literature,,market microstructure|funding|balance sheet,MAPPING_COMPLETE_SOURCE_ACQUISITION_REQUIRED,NOT_YET_EVALUATED_OR_ONLY_FAMILY_PROXY_TESTED,"acquire exact causal source, freeze implementation, then test",0.0,BLOCKED
CUR_FUNDING_LIQUIDITY_SPIRAL_BID_ASK_STRESS,bid_ask_stress,funding_liquidity_spiral,trigger_or_amplification,cross_market|US|FX|rates|crypto,curated_primary_literature,,market microstructure|funding|balance sheet,MAPPING_COMPLETE_SOURCE_ACQUISITION_REQUIRED,NOT_YET_EVALUATED_OR_ONLY_FAMILY_PROXY_TESTED,"acquire exact causal source, freeze implementation, then test",0.0,BLOCKED
CUR_FUNDING_LIQUIDITY_SPIRAL_FUNDING_LIQUIDITY_INTERACTION,funding_liquidity_interaction,funding_liquidity_spiral,trigger_or_amplification,cross_market|US|FX|rates|crypto,curated_primary_literature,,market microstructure|funding|balance sheet,MAPPING_COMPLETE_SOURCE_ACQUISITION_REQUIRED,NOT_YET_EVALUATED_OR_ONLY_FAMILY_PROXY_TESTED,"acquire exact causal source, freeze implementation, then test",0.0,BLOCKED
CUR_FUNDING_LIQUIDITY_SPIRAL_HAIRCUT_PROXY,haircut_proxy,funding_liquidity_spiral,trigger_or_amplification,cross_market|US|FX|rates|crypto,curated_primary_literature,,market microstructure|funding|balance sheet,MAPPING_COMPLETE_SOURCE_ACQUISITION_REQUIRED,NOT_YET_EVALUATED_OR_ONLY_FAMILY_PROXY_TESTED,"acquire exact causal source, freeze implementation, then test",0.0,BLOCKED
CUR_FUNDING_LIQUIDITY_SPIRAL_MARGIN_SPIRAL_PROXY,margin_spiral_proxy,funding_liquidity_spiral,trigger_or_amplification,cross_market|US|FX|rates|crypto,curated_primary_literature,,market microstructure|funding|balance sheet,MAPPING_COMPLETE_SOURCE_ACQUISITION_REQUIRED,NOT_YET_EVALUATED_OR_ONLY_FAMILY_PROXY_TESTED,"acquire exact causal source, freeze implementation, then test",0.0,BLOCKED
CUR_FUNDING_LIQUIDITY_SPIRAL_FORCED_DELEVERAGING,forced_deleveraging,funding_liquidity_spiral,trigger_or_amplification,cross_market|US|FX|rates|crypto,curated_primary_literature,,market microstructure|funding|balance sheet,MAPPING_COMPLETE_SOURCE_ACQUISITION_REQUIRED,NOT_YET_EVALUATED_OR_ONLY_FAMILY_PROXY_TESTED,"acquire exact causal source, freeze implementation, then test",0.0,BLOCKED
CUR_FUNDING_LIQUIDITY_SPIRAL_LIQUIDITY_COMMONALITY,liquidity_commonality,funding_liquidity_spiral,trigger_or_amplification,cross_market|US|FX|rates|crypto,curated_primary_literature,,market microstructure|funding|balance sheet,MAPPING_COMPLETE_SOURCE_ACQUISITION_REQUIRED,NOT_YET_EVALUATED_OR_ONLY_FAMILY_PROXY_TESTED,"acquire exact causal source, freeze implementation, then test",0.0,BLOCKED
CUR_FUNDING_LIQUIDITY_SPIRAL_ETF_NAV_DISLOCATION,ETF_NAV_dislocation,funding_liquidity_spiral,trigger_or_amplification,cross_market|US|FX|rates|crypto,curated_primary_literature,,market microstructure|funding|balance sheet,MAPPING_COMPLETE_SOURCE_ACQUISITION_REQUIRED,NOT_YET_EVALUATED_OR_ONLY_FAMILY_PROXY_TESTED,"acquire exact causal source, freeze implementation, then test",0.0,BLOCKED
CUR_FUNDING_LIQUIDITY_SPIRAL_CASH_FUTURES_BASIS,cash_futures_basis,funding_liquidity_spiral,trigger_or_amplification,cross_market|US|FX|rates|crypto,curated_primary_literature,,market microstructure|funding|balance sheet,MAPPING_COMPLETE_SOURCE_ACQUISITION_REQUIRED,NOT_YET_EVALUATED_OR_ONLY_FAMILY_PROXY_TESTED,"acquire exact causal source, freeze implementation, then test",0.0,BLOCKED
CUR_FUNDING_LIQUIDITY_SPIRAL_FAILS_TO_DELIVER,fails_to_deliver,funding_liquidity_spiral,trigger_or_amplification,cross_market|US|FX|rates|crypto,curated_primary_literature,,market microstructure|funding|balance sheet,MAPPING_COMPLETE_SOURCE_ACQUISITION_REQUIRED,NOT_YET_EVALUATED_OR_ONLY_FAMILY_PROXY_TESTED,"acquire exact causal source, freeze implementation, then test",0.0,BLOCKED
CUR_FUNDING_LIQUIDITY_SPIRAL_SETTLEMENT_STRESS,settlement_stress,funding_liquidity_spiral,trigger_or_amplification,cross_market|US|FX|rates|crypto,curated_primary_literature,,market microstructure|funding|balance sheet,MAPPING_COMPLETE_SOURCE_ACQUISITION_REQUIRED,NOT_YET_EVALUATED_OR_ONLY_FAMILY_PROXY_TESTED,"acquire exact causal source, freeze implementation, then test",0.0,BLOCKED
CUR_FUNDING_LIQUIDITY_SPIRAL_COLLATERAL_SCARCITY,collateral_scarcity,funding_liquidity_spiral,trigger_or_amplification,cross_market|US|FX|rates|crypto,curated_primary_literature,,market microstructure|funding|balance sheet,MAPPING_COMPLETE_SOURCE_ACQUISITION_REQUIRED,NOT_YET_EVALUATED_OR_ONLY_FAMILY_PROXY_TESTED,"acquire exact causal source, freeze implementation, then test",0.0,BLOCKED
CUR_FUNDING_LIQUIDITY_SPIRAL_CENTRAL_BANK_RESERVE_SCARCITY,central_bank_reserve_scarcity,funding_liquidity_spiral,trigger_or_amplification,cross_market|US|FX|rates|crypto,curated_primary_literature,,market microstructure|funding|balance sheet,MAPPING_COMPLETE_SOURCE_ACQUISITION_REQUIRED,NOT_YET_EVALUATED_OR_ONLY_FAMILY_PROXY_TESTED,"acquire exact causal source, freeze implementation, then test",0.0,BLOCKED
CUR_FUNDING_LIQUIDITY_SPIRAL_DOLLAR_FUNDING_STRESS,dollar_funding_stress,funding_liquidity_spiral,trigger_or_amplification,cross_market|US|FX|rates|crypto,curated_primary_literature,,market microstructure|funding|balance sheet,MAPPING_COMPLETE_SOURCE_ACQUISITION_REQUIRED,NOT_YET_EVALUATED_OR_ONLY_FAMILY_PROXY_TESTED,"acquire exact causal source, freeze implementation, then test",0.0,BLOCKED
CUR_FUNDING_LIQUIDITY_SPIRAL_LIQUIDITY_ADJUSTED_CORRELATION_SPIKE,liquidity_adjusted_correlation_spike,funding_liquidity_spiral,trigger_or_amplification,cross_market|US|FX|rates|crypto,curated_primary_literature,,market microstructure|funding|balance sheet,MAPPING_COMPLETE_SOURCE_ACQUISITION_REQUIRED,NOT_YET_EVALUATED_OR_ONLY_FAMILY_PROXY_TESTED,"acquire exact causal source, freeze implementation, then test",0.0,BLOCKED
CUR_FUNDING_LIQUIDITY_SPIRAL_VOL_CONTROL_DELEVERAGING,vol_control_deleveraging,funding_liquidity_spiral,trigger_or_amplification,cross_market|US|FX|rates|crypto,curated_primary_literature,,market microstructure|funding|balance sheet,MAPPING_COMPLETE_SOURCE_ACQUISITION_REQUIRED,NOT_YET_EVALUATED_OR_ONLY_FAMILY_PROXY_TESTED,"acquire exact causal source, freeze implementation, then test",0.0,BLOCKED
CUR_FUNDING_LIQUIDITY_SPIRAL_RISK_PARITY_DELEVERAGING,risk_parity_deleveraging,funding_liquidity_spiral,trigger_or_amplification,cross_market|US|FX|rates|crypto,curated_primary_literature,,market microstructure|funding|balance sheet,MAPPING_COMPLETE_SOURCE_ACQUISITION_REQUIRED,NOT_YET_EVALUATED_OR_ONLY_FAMILY_PROXY_TESTED,"acquire exact causal source, freeze implementation, then test",0.0,BLOCKED
CUR_FUNDING_LIQUIDITY_SPIRAL_CTA_LIQUIDATION_PRESSURE,CTA_liquidation_pressure,funding_liquidity_spiral,trigger_or_amplification,cross_market|US|FX|rates|crypto,curated_primary_literature,,market microstructure|funding|balance sheet,MAPPING_COMPLETE_SOURCE_ACQUISITION_REQUIRED,NOT_YET_EVALUATED_OR_ONLY_FAMILY_PROXY_TESTED,"acquire exact causal source, freeze implementation, then test",0.0,BLOCKED
CUR_TREND_MOMENTUM_REVERSAL_CANONICAL_12M_TSMOM,canonical_12m_tsmom,trend_momentum_reversal,direction,all_markets,curated_primary_literature,,price|returns|volatility,MAPPING_COMPLETE_SOURCE_ACQUISITION_REQUIRED,NOT_YET_EVALUATED_OR_ONLY_FAMILY_PROXY_TESTED,"acquire exact causal source, freeze implementation, then test",0.0,BLOCKED
CUR_TREND_MOMENTUM_REVERSAL_MULTI_SPEED_TSMOM,multi_speed_tsmom,trend_momentum_reversal,direction,all_markets,curated_primary_literature,,price|returns|volatility,MAPPING_COMPLETE_SOURCE_ACQUISITION_REQUIRED,NOT_YET_EVALUATED_OR_ONLY_FAMILY_PROXY_TESTED,"acquire exact causal source, freeze implementation, then test",0.0,BLOCKED
CUR_TREND_MOMENTUM_REVERSAL_DUAL_MOMENTUM,dual_momentum,trend_momentum_reversal,direction,all_markets,curated_primary_literature,,price|returns|volatility,MAPPING_COMPLETE_SOURCE_ACQUISITION_REQUIRED,NOT_YET_EVALUATED_OR_ONLY_FAMILY_PROXY_TESTED,"acquire exact causal source, freeze implementation, then test",0.0,BLOCKED
CUR_TREND_MOMENTUM_REVERSAL_CROSS_SECTIONAL_12_1_MOMENTUM,cross_sectional_12_1_momentum,trend_momentum_reversal,direction,all_markets,curated_primary_literature,,price|returns|volatility,MAPPING_COMPLETE_SOURCE_ACQUISITION_REQUIRED,NOT_YET_EVALUATED_OR_ONLY_FAMILY_PROXY_TESTED,"acquire exact causal source, freeze implementation, then test",0.0,BLOCKED
CUR_TREND_MOMENTUM_REVERSAL_RESIDUAL_MOMENTUM,residual_momentum,trend_momentum_reversal,direction,all_markets,curated_primary_literature,,price|returns|volatility,MAPPING_COMPLETE_SOURCE_ACQUISITION_REQUIRED,NOT_YET_EVALUATED_OR_ONLY_FAMILY_PROXY_TESTED,"acquire exact causal source, freeze implementation, then test",0.0,BLOCKED
CUR_TREND_MOMENTUM_REVERSAL_INDUSTRY_MOMENTUM,industry_momentum,trend_momentum_reversal,direction,all_markets,curated_primary_literature,,price|returns|volatility,MAPPING_COMPLETE_SOURCE_ACQUISITION_REQUIRED,NOT_YET_EVALUATED_OR_ONLY_FAMILY_PROXY_TESTED,"acquire exact causal source, freeze implementation, then test",0.0,BLOCKED
CUR_TREND_MOMENTUM_REVERSAL_FACTOR_MOMENTUM,factor_momentum,trend_momentum_reversal,direction,all_markets,curated_primary_literature,,price|returns|volatility,MAPPING_COMPLETE_SOURCE_ACQUISITION_REQUIRED,NOT_YET_EVALUATED_OR_ONLY_FAMILY_PROXY_TESTED,"acquire exact causal source, freeze implementation, then test",0.0,BLOCKED
CUR_TREND_MOMENTUM_REVERSAL_TREND_STRENGTH_CONSISTENCY,trend_strength_consistency,trend_momentum_reversal,direction,all_markets,curated_primary_literature,,price|returns|volatility,MAPPING_COMPLETE_SOURCE_ACQUISITION_REQUIRED,NOT_YET_EVALUATED_OR_ONLY_FAMILY_PROXY_TESTED,"acquire exact causal source, freeze implementation, then test",0.0,BLOCKED
CUR_TREND_MOMENTUM_REVERSAL_BREAKOUT_52WEEK_HIGH,breakout_52week_high,trend_momentum_reversal,direction,all_markets,curated_primary_literature,,price|returns|volatility,MAPPING_COMPLETE_SOURCE_ACQUISITION_REQUIRED,NOT_YET_EVALUATED_OR_ONLY_FAMILY_PROXY_TESTED,"acquire exact causal source, freeze implementation, then test",0.0,BLOCKED
CUR_TREND_MOMENTUM_REVERSAL_MOVING_AVERAGE_DISTANCE,moving_average_distance,trend_momentum_reversal,direction,all_markets,curated_primary_literature,,price|returns|volatility,MAPPING_COMPLETE_SOURCE_ACQUISITION_REQUIRED,NOT_YET_EVALUATED_OR_ONLY_FAMILY_PROXY_TESTED,"acquire exact causal source, freeze implementation, then test",0.0,BLOCKED
CUR_TREND_MOMENTUM_REVERSAL_MOVING_AVERAGE_SLOPE,moving_average_slope,trend_momentum_reversal,direction,all_markets,curated_primary_literature,,price|returns|volatility,MAPPING_COMPLETE_SOURCE_ACQUISITION_REQUIRED,NOT_YET_EVALUATED_OR_ONLY_FAMILY_PROXY_TESTED,"acquire exact causal source, freeze implementation, then test",0.0,BLOCKED
CUR_TREND_MOMENTUM_REVERSAL_DONCHIAN_BREAKOUT,donchian_breakout,trend_momentum_reversal,direction,all_markets,curated_primary_literature,,price|returns|volatility,MAPPING_COMPLETE_SOURCE_ACQUISITION_REQUIRED,NOT_YET_EVALUATED_OR_ONLY_FAMILY_PROXY_TESTED,"acquire exact causal source, freeze implementation, then test",0.0,BLOCKED
CUR_TREND_MOMENTUM_REVERSAL_CHANNEL_BREAKOUT,channel_breakout,trend_momentum_reversal,direction,all_markets,curated_primary_literature,,price|returns|volatility,MAPPING_COMPLETE_SOURCE_ACQUISITION_REQUIRED,NOT_YET_EVALUATED_OR_ONLY_FAMILY_PROXY_TESTED,"acquire exact causal source, freeze implementation, then test",0.0,BLOCKED
CUR_TREND_MOMENTUM_REVERSAL_TIME_SERIES_REVERSAL,time_series_reversal,trend_momentum_reversal,direction,all_markets,curated_primary_literature,,price|returns|volatility,MAPPING_COMPLETE_SOURCE_ACQUISITION_REQUIRED,NOT_YET_EVALUATED_OR_ONLY_FAMILY_PROXY_TESTED,"acquire exact causal source, freeze implementation, then test",0.0,BLOCKED
CUR_TREND_MOMENTUM_REVERSAL_SHORT_TERM_REVERSAL,short_term_reversal,trend_momentum_reversal,direction,all_markets,curated_primary_literature,,price|returns|volatility,MAPPING_COMPLETE_SOURCE_ACQUISITION_REQUIRED,NOT_YET_EVALUATED_OR_ONLY_FAMILY_PROXY_TESTED,"acquire exact causal source, freeze implementation, then test",0.0,BLOCKED
CUR_TREND_MOMENTUM_REVERSAL_LONG_TERM_REVERSAL,long_term_reversal,trend_momentum_reversal,direction,all_markets,curated_primary_literature,,price|returns|volatility,MAPPING_COMPLETE_SOURCE_ACQUISITION_REQUIRED,NOT_YET_EVALUATED_OR_ONLY_FAMILY_PROXY_TESTED,"acquire exact causal source, freeze implementation, then test",0.0,BLOCKED
CUR_TREND_MOMENTUM_REVERSAL_OVERNIGHT_MOMENTUM,overnight_momentum,trend_momentum_reversal,direction,all_markets,curated_primary_literature,,price|returns|volatility,MAPPING_COMPLETE_SOURCE_ACQUISITION_REQUIRED,NOT_YET_EVALUATED_OR_ONLY_FAMILY_PROXY_TESTED,"acquire exact causal source, freeze implementation, then test",0.0,BLOCKED
CUR_TREND_MOMENTUM_REVERSAL_INTRADAY_MOMENTUM,intraday_momentum,trend_momentum_reversal,direction,all_markets,curated_primary_literature,,price|returns|volatility,MAPPING_COMPLETE_SOURCE_ACQUISITION_REQUIRED,NOT_YET_EVALUATED_OR_ONLY_FAMILY_PROXY_TESTED,"acquire exact causal source, freeze implementation, then test",0.0,BLOCKED
CUR_TREND_MOMENTUM_REVERSAL_OPENING_RANGE_BREAKOUT,opening_range_breakout,trend_momentum_reversal,direction,all_markets,curated_primary_literature,,price|returns|volatility,MAPPING_COMPLETE_SOURCE_ACQUISITION_REQUIRED,NOT_YET_EVALUATED_OR_ONLY_FAMILY_PROXY_TESTED,"acquire exact causal source, freeze implementation, then test",0.0,BLOCKED
CUR_TREND_MOMENTUM_REVERSAL_POST_GAP_CONTINUATION,post_gap_continuation,trend_momentum_reversal,direction,all_markets,curated_primary_literature,,price|returns|volatility,MAPPING_COMPLETE_SOURCE_ACQUISITION_REQUIRED,NOT_YET_EVALUATED_OR_ONLY_FAMILY_PROXY_TESTED,"acquire exact causal source, freeze implementation, then test",0.0,BLOCKED
CUR_TREND_MOMENTUM_REVERSAL_POST_GAP_REVERSAL,post_gap_reversal,trend_momentum_reversal,direction,all_markets,curated_primary_literature,,price|returns|volatility,MAPPING_COMPLETE_SOURCE_ACQUISITION_REQUIRED,NOT_YET_EVALUATED_OR_ONLY_FAMILY_PROXY_TESTED,"acquire exact causal source, freeze implementation, then test",0.0,BLOCKED
CUR_TREND_MOMENTUM_REVERSAL_TREND_X_VOLATILITY,trend_x_volatility,trend_momentum_reversal,direction,all_markets,curated_primary_literature,,price|returns|volatility,MAPPING_COMPLETE_SOURCE_ACQUISITION_REQUIRED,NOT_YET_EVALUATED_OR_ONLY_FAMILY_PROXY_TESTED,"acquire exact causal source, freeze implementation, then test",0.0,BLOCKED
CUR_TREND_MOMENTUM_REVERSAL_TREND_X_CARRY,trend_x_carry,trend_momentum_reversal,direction,all_markets,curated_primary_literature,,price|returns|volatility,MAPPING_COMPLETE_SOURCE_ACQUISITION_REQUIRED,NOT_YET_EVALUATED_OR_ONLY_FAMILY_PROXY_TESTED,"acquire exact causal source, freeze implementation, then test",0.0,BLOCKED
CUR_TREND_MOMENTUM_REVERSAL_TREND_X_POSITIONING,trend_x_positioning,trend_momentum_reversal,direction,all_markets,curated_primary_literature,,price|returns|volatility,MAPPING_COMPLETE_SOURCE_ACQUISITION_REQUIRED,NOT_YET_EVALUATED_OR_ONLY_FAMILY_PROXY_TESTED,"acquire exact causal source, freeze implementation, then test",0.0,BLOCKED
CUR_TREND_MOMENTUM_REVERSAL_TREND_X_MACRO_REGIME,trend_x_macro_regime,trend_momentum_reversal,direction,all_markets,curated_primary_literature,,price|returns|volatility,MAPPING_COMPLETE_SOURCE_ACQUISITION_REQUIRED,NOT_YET_EVALUATED_OR_ONLY_FAMILY_PROXY_TESTED,"acquire exact causal source, freeze implementation, then test",0.0,BLOCKED
CUR_TREND_MOMENTUM_REVERSAL_ABSOLUTE_MOMENTUM,absolute_momentum,trend_momentum_reversal,direction,all_markets,curated_primary_literature,,price|returns|volatility,MAPPING_COMPLETE_SOURCE_ACQUISITION_REQUIRED,NOT_YET_EVALUATED_OR_ONLY_FAMILY_PROXY_TESTED,"acquire exact causal source, freeze implementation, then test",0.0,BLOCKED
CUR_TREND_MOMENTUM_REVERSAL_RELATIVE_MOMENTUM,relative_momentum,trend_momentum_reversal,direction,all_markets,curated_primary_literature,,price|returns|volatility,MAPPING_COMPLETE_SOURCE_ACQUISITION_REQUIRED,NOT_YET_EVALUATED_OR_ONLY_FAMILY_PROXY_TESTED,"acquire exact causal source, freeze implementation, then test",0.0,BLOCKED
CUR_TREND_MOMENTUM_REVERSAL_PATH_LENGTH_EFFICIENCY,path_length_efficiency,trend_momentum_reversal,direction,all_markets,curated_primary_literature,,price|returns|volatility,MAPPING_COMPLETE_SOURCE_ACQUISITION_REQUIRED,NOT_YET_EVALUATED_OR_ONLY_FAMILY_PROXY_TESTED,"acquire exact causal source, freeze implementation, then test",0.0,BLOCKED
CUR_TREND_MOMENTUM_REVERSAL_TREND_ENTROPY,trend_entropy,trend_momentum_reversal,direction,all_markets,curated_primary_literature,,price|returns|volatility,MAPPING_COMPLETE_SOURCE_ACQUISITION_REQUIRED,NOT_YET_EVALUATED_OR_ONLY_FAMILY_PROXY_TESTED,"acquire exact causal source, freeze implementation, then test",0.0,BLOCKED
CUR_TREND_MOMENTUM_REVERSAL_HURST_EXPONENT,Hurst_exponent,trend_momentum_reversal,direction,all_markets,curated_primary_literature,,price|returns|volatility,MAPPING_COMPLETE_SOURCE_ACQUISITION_REQUIRED,NOT_YET_EVALUATED_OR_ONLY_FAMILY_PROXY_TESTED,"acquire exact causal source, freeze implementation, then test",0.0,BLOCKED
CUR_TREND_MOMENTUM_REVERSAL_FRACTIONAL_DIFFERENCING_TREND,fractional_differencing_trend,trend_momentum_reversal,direction,all_markets,curated_primary_literature,,price|returns|volatility,MAPPING_COMPLETE_SOURCE_ACQUISITION_REQUIRED,NOT_YET_EVALUATED_OR_ONLY_FAMILY_PROXY_TESTED,"acquire exact causal source, freeze implementation, then test",0.0,BLOCKED
CUR_TREND_MOMENTUM_REVERSAL_KALMAN_TREND,Kalman_trend,trend_momentum_reversal,direction,all_markets,curated_primary_literature,,price|returns|volatility,MAPPING_COMPLETE_SOURCE_ACQUISITION_REQUIRED,NOT_YET_EVALUATED_OR_ONLY_FAMILY_PROXY_TESTED,"acquire exact causal source, freeze implementation, then test",0.0,BLOCKED
CUR_TREND_MOMENTUM_REVERSAL_STATE_SPACE_TREND,state_space_trend,trend_momentum_reversal,direction,all_markets,curated_primary_literature,,price|returns|volatility,MAPPING_COMPLETE_SOURCE_ACQUISITION_REQUIRED,NOT_YET_EVALUATED_OR_ONLY_FAMILY_PROXY_TESTED,"acquire exact causal source, freeze implementation, then test",0.0,BLOCKED
CUR_TREND_MOMENTUM_REVERSAL_TREND_AFTER_SHOCK,trend_after_shock,trend_momentum_reversal,direction,all_markets,curated_primary_literature,,price|returns|volatility,MAPPING_COMPLETE_SOURCE_ACQUISITION_REQUIRED,NOT_YET_EVALUATED_OR_ONLY_FAMILY_PROXY_TESTED,"acquire exact causal source, freeze implementation, then test",0.0,BLOCKED
CUR_TREND_MOMENTUM_REVERSAL_ANTI_TREND_CROWDING,anti_trend_crowding,trend_momentum_reversal,direction,all_markets,curated_primary_literature,,price|returns|volatility,MAPPING_COMPLETE_SOURCE_ACQUISITION_REQUIRED,NOT_YET_EVALUATED_OR_ONLY_FAMILY_PROXY_TESTED,"acquire exact causal source, freeze implementation, then test",0.0,BLOCKED
CUR_TREND_MOMENTUM_REVERSAL_MOVING_AVERAGE_CROSS_PLACEBO,moving_average_cross_placebo,trend_momentum_reversal,direction,all_markets,curated_primary_literature,,price|returns|volatility,MAPPING_COMPLETE_SOURCE_ACQUISITION_REQUIRED,NOT_YET_EVALUATED_OR_ONLY_FAMILY_PROXY_TESTED,"acquire exact causal source, freeze implementation, then test",0.0,BLOCKED
CUR_VALUE_QUALITY_INVESTMENT_BOOK_TO_MARKET,book_to_market,value_quality_investment,value_capture,equities,curated_primary_literature,,financial statements|prices|estimates,MAPPING_COMPLETE_SOURCE_ACQUISITION_REQUIRED,NOT_YET_EVALUATED_OR_ONLY_FAMILY_PROXY_TESTED,"acquire exact causal source, freeze implementation, then test",0.0,BLOCKED
CUR_VALUE_QUALITY_INVESTMENT_EARNINGS_YIELD,earnings_yield,value_quality_investment,value_capture,equities,curated_primary_literature,,financial statements|prices|estimates,MAPPING_COMPLETE_SOURCE_ACQUISITION_REQUIRED,NOT_YET_EVALUATED_OR_ONLY_FAMILY_PROXY_TESTED,"acquire exact causal source, freeze implementation, then test",0.0,BLOCKED
CUR_VALUE_QUALITY_INVESTMENT_CASHFLOW_YIELD,cashflow_yield,value_quality_investment,value_capture,equities,curated_primary_literature,,financial statements|prices|estimates,MAPPING_COMPLETE_SOURCE_ACQUISITION_REQUIRED,NOT_YET_EVALUATED_OR_ONLY_FAMILY_PROXY_TESTED,"acquire exact causal source, freeze implementation, then test",0.0,BLOCKED
CUR_VALUE_QUALITY_INVESTMENT_ENTERPRISE_VALUE_TO_SALES,enterprise_value_to_sales,value_quality_investment,value_capture,equities,curated_primary_literature,,financial statements|prices|estimates,MAPPING_COMPLETE_SOURCE_ACQUISITION_REQUIRED,NOT_YET_EVALUATED_OR_ONLY_FAMILY_PROXY_TESTED,"acquire exact causal source, freeze implementation, then test",0.0,BLOCKED
CUR_VALUE_QUALITY_INVESTMENT_REPLACEMENT_COST_Q,replacement_cost_q,value_quality_investment,value_capture,equities,curated_primary_literature,,financial statements|prices|estimates,MAPPING_COMPLETE_SOURCE_ACQUISITION_REQUIRED,NOT_YET_EVALUATED_OR_ONLY_FAMILY_PROXY_TESTED,"acquire exact causal source, freeze implementation, then test",0.0,BLOCKED
CUR_VALUE_QUALITY_INVESTMENT_CAPE,CAPE,value_quality_investment,value_capture,equities,curated_primary_literature,,financial statements|prices|estimates,MAPPING_COMPLETE_SOURCE_ACQUISITION_REQUIRED,NOT_YET_EVALUATED_OR_ONLY_FAMILY_PROXY_TESTED,"acquire exact causal source, freeze implementation, then test",0.0,BLOCKED
CUR_VALUE_QUALITY_INVESTMENT_SHAREHOLDER_YIELD,shareholder_yield,value_quality_investment,value_capture,equities,curated_primary_literature,,financial statements|prices|estimates,MAPPING_COMPLETE_SOURCE_ACQUISITION_REQUIRED,NOT_YET_EVALUATED_OR_ONLY_FAMILY_PROXY_TESTED,"acquire exact causal source, freeze implementation, then test",0.0,BLOCKED
CUR_VALUE_QUALITY_INVESTMENT_NET_PAYOUT_YIELD,net_payout_yield,value_quality_investment,value_capture,equities,curated_primary_literature,,financial statements|prices|estimates,MAPPING_COMPLETE_SOURCE_ACQUISITION_REQUIRED,NOT_YET_EVALUATED_OR_ONLY_FAMILY_PROXY_TESTED,"acquire exact causal source, freeze implementation, then test",0.0,BLOCKED
CUR_VALUE_QUALITY_INVESTMENT_QUALITY_MINUS_JUNK,quality_minus_junk,value_quality_investment,value_capture,equities,curated_primary_literature,,financial statements|prices|estimates,MAPPING_COMPLETE_SOURCE_ACQUISITION_REQUIRED,NOT_YET_EVALUATED_OR_ONLY_FAMILY_PROXY_TESTED,"acquire exact causal source, freeze implementation, then test",0.0,BLOCKED
CUR_VALUE_QUALITY_INVESTMENT_PROFITABILITY,profitability,value_quality_investment,value_capture,equities,curated_primary_literature,,financial statements|prices|estimates,MAPPING_COMPLETE_SOURCE_ACQUISITION_REQUIRED,NOT_YET_EVALUATED_OR_ONLY_FAMILY_PROXY_TESTED,"acquire exact causal source, freeze implementation, then test",0.0,BLOCKED
CUR_VALUE_QUALITY_INVESTMENT_GROSS_PROFITABILITY,gross_profitability,value_quality_investment,value_capture,equities,curated_primary_literature,,financial statements|prices|estimates,MAPPING_COMPLETE_SOURCE_ACQUISITION_REQUIRED,NOT_YET_EVALUATED_OR_ONLY_FAMILY_PROXY_TESTED,"acquire exact causal source, freeze implementation, then test",0.0,BLOCKED
CUR_VALUE_QUALITY_INVESTMENT_ROIC,ROIC,value_quality_investment,value_capture,equities,curated_primary_literature,,financial statements|prices|estimates,MAPPING_COMPLETE_SOURCE_ACQUISITION_REQUIRED,NOT_YET_EVALUATED_OR_ONLY_FAMILY_PROXY_TESTED,"acquire exact causal source, freeze implementation, then test",0.0,BLOCKED
CUR_VALUE_QUALITY_INVESTMENT_FREE_CASH_FLOW_QUALITY,free_cash_flow_quality,value_quality_investment,value_capture,equities,curated_primary_literature,,financial statements|prices|estimates,MAPPING_COMPLETE_SOURCE_ACQUISITION_REQUIRED,NOT_YET_EVALUATED_OR_ONLY_FAMILY_PROXY_TESTED,"acquire exact causal source, freeze implementation, then test",0.0,BLOCKED
CUR_VALUE_QUALITY_INVESTMENT_ACCRUAL_QUALITY,accrual_quality,value_quality_investment,value_capture,equities,curated_primary_literature,,financial statements|prices|estimates,MAPPING_COMPLETE_SOURCE_ACQUISITION_REQUIRED,NOT_YET_EVALUATED_OR_ONLY_FAMILY_PROXY_TESTED,"acquire exact causal source, freeze implementation, then test",0.0,BLOCKED
CUR_VALUE_QUALITY_INVESTMENT_ASSET_GROWTH,asset_growth,value_quality_investment,value_capture,equities,curated_primary_literature,,financial statements|prices|estimates,MAPPING_COMPLETE_SOURCE_ACQUISITION_REQUIRED,NOT_YET_EVALUATED_OR_ONLY_FAMILY_PROXY_TESTED,"acquire exact causal source, freeze implementation, then test",0.0,BLOCKED
CUR_VALUE_QUALITY_INVESTMENT_INVESTMENT_TO_ASSETS,investment_to_assets,value_quality_investment,value_capture,equities,curated_primary_literature,,financial statements|prices|estimates,MAPPING_COMPLETE_SOURCE_ACQUISITION_REQUIRED,NOT_YET_EVALUATED_OR_ONLY_FAMILY_PROXY_TESTED,"acquire exact causal source, freeze implementation, then test",0.0,BLOCKED
CUR_VALUE_QUALITY_INVESTMENT_CONSERVATIVE_INVESTMENT,conservative_investment,value_quality_investment,value_capture,equities,curated_primary_literature,,financial statements|prices|estimates,MAPPING_COMPLETE_SOURCE_ACQUISITION_REQUIRED,NOT_YET_EVALUATED_OR_ONLY_FAMILY_PROXY_TESTED,"acquire exact causal source, freeze implementation, then test",0.0,BLOCKED
CUR_VALUE_QUALITY_INVESTMENT_OPERATING_LEVERAGE,operating_leverage,value_quality_investment,value_capture,equities,curated_primary_literature,,financial statements|prices|estimates,MAPPING_COMPLETE_SOURCE_ACQUISITION_REQUIRED,NOT_YET_EVALUATED_OR_ONLY_FAMILY_PROXY_TESTED,"acquire exact causal source, freeze implementation, then test",0.0,BLOCKED
CUR_VALUE_QUALITY_INVESTMENT_FINANCIAL_LEVERAGE_QUALITY,financial_leverage_quality,value_quality_investment,value_capture,equities,curated_primary_literature,,financial statements|prices|estimates,MAPPING_COMPLETE_SOURCE_ACQUISITION_REQUIRED,NOT_YET_EVALUATED_OR_ONLY_FAMILY_PROXY_TESTED,"acquire exact causal source, freeze implementation, then test",0.0,BLOCKED
CUR_VALUE_QUALITY_INVESTMENT_MARGIN_STABILITY,margin_stability,value_quality_investment,value_capture,equities,curated_primary_literature,,financial statements|prices|estimates,MAPPING_COMPLETE_SOURCE_ACQUISITION_REQUIRED,NOT_YET_EVALUATED_OR_ONLY_FAMILY_PROXY_TESTED,"acquire exact causal source, freeze implementation, then test",0.0,BLOCKED
CUR_VALUE_QUALITY_INVESTMENT_REINVESTMENT_RUNWAY,reinvestment_runway,value_quality_investment,value_capture,equities,curated_primary_literature,,financial statements|prices|estimates,MAPPING_COMPLETE_SOURCE_ACQUISITION_REQUIRED,NOT_YET_EVALUATED_OR_ONLY_FAMILY_PROXY_TESTED,"acquire exact causal source, freeze implementation, then test",0.0,BLOCKED
CUR_VALUE_QUALITY_INVESTMENT_CAPITAL_EFFICIENCY,capital_efficiency,value_quality_investment,value_capture,equities,curated_primary_literature,,financial statements|prices|estimates,MAPPING_COMPLETE_SOURCE_ACQUISITION_REQUIRED,NOT_YET_EVALUATED_OR_ONLY_FAMILY_PROXY_TESTED,"acquire exact causal source, freeze implementation, then test",0.0,BLOCKED
CUR_VALUE_QUALITY_INVESTMENT_INTANGIBLE_ADJUSTED_VALUE,intangible_adjusted_value,value_quality_investment,value_capture,equities,curated_primary_literature,,financial statements|prices|estimates,MAPPING_COMPLETE_SOURCE_ACQUISITION_REQUIRED,NOT_YET_EVALUATED_OR_ONLY_FAMILY_PROXY_TESTED,"acquire exact causal source, freeze implementation, then test",0.0,BLOCKED
CUR_VALUE_QUALITY_INVESTMENT_R_AND_D_CAPITALIZATION,R_and_D_capitalization,value_quality_investment,value_capture,equities,curated_primary_literature,,financial statements|prices|estimates,MAPPING_COMPLETE_SOURCE_ACQUISITION_REQUIRED,NOT_YET_EVALUATED_OR_ONLY_FAMILY_PROXY_TESTED,"acquire exact causal source, freeze implementation, then test",0.0,BLOCKED
CUR_VALUE_QUALITY_INVESTMENT_ORGANIZATIONAL_CAPITAL,organizational_capital,value_quality_investment,value_capture,equities,curated_primary_literature,,financial statements|prices|estimates,MAPPING_COMPLETE_SOURCE_ACQUISITION_REQUIRED,NOT_YET_EVALUATED_OR_ONLY_FAMILY_PROXY_TESTED,"acquire exact causal source, freeze implementation, then test",0.0,BLOCKED
CUR_VALUE_QUALITY_INVESTMENT_BRAND_INTANGIBLE,brand_intangible,value_quality_investment,value_capture,equities,curated_primary_literature,,financial statements|prices|estimates,MAPPING_COMPLETE_SOURCE_ACQUISITION_REQUIRED,NOT_YET_EVALUATED_OR_ONLY_FAMILY_PROXY_TESTED,"acquire exact causal source, freeze implementation, then test",0.0,BLOCKED
CUR_VALUE_QUALITY_INVESTMENT_VALUE_SPREAD,value_spread,value_quality_investment,value_capture,equities,curated_primary_literature,,financial statements|prices|estimates,MAPPING_COMPLETE_SOURCE_ACQUISITION_REQUIRED,NOT_YET_EVALUATED_OR_ONLY_FAMILY_PROXY_TESTED,"acquire exact causal source, freeze implementation, then test",0.0,BLOCKED
CUR_VALUE_QUALITY_INVESTMENT_VALUE_X_MOMENTUM,value_x_momentum,value_quality_investment,value_capture,equities,curated_primary_literature,,financial statements|prices|estimates,MAPPING_COMPLETE_SOURCE_ACQUISITION_REQUIRED,NOT_YET_EVALUATED_OR_ONLY_FAMILY_PROXY_TESTED,"acquire exact causal source, freeze implementation, then test",0.0,BLOCKED
CUR_VALUE_QUALITY_INVESTMENT_QUALITY_X_VALUE,quality_x_value,value_quality_investment,value_capture,equities,curated_primary_literature,,financial statements|prices|estimates,MAPPING_COMPLETE_SOURCE_ACQUISITION_REQUIRED,NOT_YET_EVALUATED_OR_ONLY_FAMILY_PROXY_TESTED,"acquire exact causal source, freeze implementation, then test",0.0,BLOCKED
CUR_VALUE_QUALITY_INVESTMENT_QUALITY_X_MOMENTUM,quality_x_momentum,value_quality_investment,value_capture,equities,curated_primary_literature,,financial statements|prices|estimates,MAPPING_COMPLETE_SOURCE_ACQUISITION_REQUIRED,NOT_YET_EVALUATED_OR_ONLY_FAMILY_PROXY_TESTED,"acquire exact causal source, freeze implementation, then test",0.0,BLOCKED
CUR_VALUE_QUALITY_INVESTMENT_DISTRESS_ADJUSTED_VALUE,distress_adjusted_value,value_quality_investment,value_capture,equities,curated_primary_literature,,financial statements|prices|estimates,MAPPING_COMPLETE_SOURCE_ACQUISITION_REQUIRED,NOT_YET_EVALUATED_OR_ONLY_FAMILY_PROXY_TESTED,"acquire exact causal source, freeze implementation, then test",0.0,BLOCKED
CUR_VALUE_QUALITY_INVESTMENT_SECTOR_NEUTRAL_VALUE,sector_neutral_value,value_quality_investment,value_capture,equities,curated_primary_literature,,financial statements|prices|estimates,MAPPING_COMPLETE_SOURCE_ACQUISITION_REQUIRED,NOT_YET_EVALUATED_OR_ONLY_FAMILY_PROXY_TESTED,"acquire exact causal source, freeze implementation, then test",0.0,BLOCKED
CUR_EARNINGS_EXPECTATIONS_INFORMATION_STANDARDIZED_UNEXPECTED_EARNINGS,standardized_unexpected_earnings,earnings_expectations_information,value_capture_or_information_flow,equities,curated_primary_literature,,IBES/estimates|filings|transcripts|prices,MAPPING_COMPLETE_SOURCE_ACQUISITION_REQUIRED,NOT_YET_EVALUATED_OR_ONLY_FAMILY_PROXY_TESTED,"acquire exact causal source, freeze implementation, then test",0.0,BLOCKED
CUR_EARNINGS_EXPECTATIONS_INFORMATION_REVENUE_SURPRISE,revenue_surprise,earnings_expectations_information,value_capture_or_information_flow,equities,curated_primary_literature,,IBES/estimates|filings|transcripts|prices,MAPPING_COMPLETE_SOURCE_ACQUISITION_REQUIRED,NOT_YET_EVALUATED_OR_ONLY_FAMILY_PROXY_TESTED,"acquire exact causal source, freeze implementation, then test",0.0,BLOCKED
CUR_EARNINGS_EXPECTATIONS_INFORMATION_GROSS_MARGIN_SURPRISE,gross_margin_surprise,earnings_expectations_information,value_capture_or_information_flow,equities,curated_primary_literature,,IBES/estimates|filings|transcripts|prices,MAPPING_COMPLETE_SOURCE_ACQUISITION_REQUIRED,NOT_YET_EVALUATED_OR_ONLY_FAMILY_PROXY_TESTED,"acquire exact causal source, freeze implementation, then test",0.0,BLOCKED
CUR_EARNINGS_EXPECTATIONS_INFORMATION_GUIDANCE_REVISION,guidance_revision,earnings_expectations_information,value_capture_or_information_flow,equities,curated_primary_literature,,IBES/estimates|filings|transcripts|prices,MAPPING_COMPLETE_SOURCE_ACQUISITION_REQUIRED,NOT_YET_EVALUATED_OR_ONLY_FAMILY_PROXY_TESTED,"acquire exact causal source, freeze implementation, then test",0.0,BLOCKED
CUR_EARNINGS_EXPECTATIONS_INFORMATION_EPS_REVISION,EPS_revision,earnings_expectations_information,value_capture_or_information_flow,equities,curated_primary_literature,,IBES/estimates|filings|transcripts|prices,MAPPING_COMPLETE_SOURCE_ACQUISITION_REQUIRED,NOT_YET_EVALUATED_OR_ONLY_FAMILY_PROXY_TESTED,"acquire exact causal source, freeze implementation, then test",0.0,BLOCKED
CUR_EARNINGS_EXPECTATIONS_INFORMATION_REVENUE_REVISION,revenue_revision,earnings_expectations_information,value_capture_or_information_flow,equities,curated_primary_literature,,IBES/estimates|filings|transcripts|prices,MAPPING_COMPLETE_SOURCE_ACQUISITION_REQUIRED,NOT_YET_EVALUATED_OR_ONLY_FAMILY_PROXY_TESTED,"acquire exact causal source, freeze implementation, then test",0.0,BLOCKED
CUR_EARNINGS_EXPECTATIONS_INFORMATION_TARGET_PRICE_REVISION,target_price_revision,earnings_expectations_information,value_capture_or_information_flow,equities,curated_primary_literature,,IBES/estimates|filings|transcripts|prices,MAPPING_COMPLETE_SOURCE_ACQUISITION_REQUIRED,NOT_YET_EVALUATED_OR_ONLY_FAMILY_PROXY_TESTED,"acquire exact causal source, freeze implementation, then test",0.0,BLOCKED
CUR_EARNINGS_EXPECTATIONS_INFORMATION_ESTIMATE_DISPERSION,estimate_dispersion,earnings_expectations_information,value_capture_or_information_flow,equities,curated_primary_literature,,IBES/estimates|filings|transcripts|prices,MAPPING_COMPLETE_SOURCE_ACQUISITION_REQUIRED,NOT_YET_EVALUATED_OR_ONLY_FAMILY_PROXY_TESTED,"acquire exact causal source, freeze implementation, then test",0.0,BLOCKED
CUR_EARNINGS_EXPECTATIONS_INFORMATION_DISPERSION_COMPRESSION,dispersion_compression,earnings_expectations_information,value_capture_or_information_flow,equities,curated_primary_literature,,IBES/estimates|filings|transcripts|prices,MAPPING_COMPLETE_SOURCE_ACQUISITION_REQUIRED,NOT_YET_EVALUATED_OR_ONLY_FAMILY_PROXY_TESTED,"acquire exact causal source, freeze implementation, then test",0.0,BLOCKED
CUR_EARNINGS_EXPECTATIONS_INFORMATION_ANALYST_BREADTH,analyst_breadth,earnings_expectations_information,value_capture_or_information_flow,equities,curated_primary_literature,,IBES/estimates|filings|transcripts|prices,MAPPING_COMPLETE_SOURCE_ACQUISITION_REQUIRED,NOT_YET_EVALUATED_OR_ONLY_FAMILY_PROXY_TESTED,"acquire exact causal source, freeze implementation, then test",0.0,BLOCKED
CUR_EARNINGS_EXPECTATIONS_INFORMATION_EARNINGS_CALL_TONE,earnings_call_tone,earnings_expectations_information,value_capture_or_information_flow,equities,curated_primary_literature,,IBES/estimates|filings|transcripts|prices,MAPPING_COMPLETE_SOURCE_ACQUISITION_REQUIRED,NOT_YET_EVALUATED_OR_ONLY_FAMILY_PROXY_TESTED,"acquire exact causal source, freeze implementation, then test",0.0,BLOCKED
CUR_EARNINGS_EXPECTATIONS_INFORMATION_EARNINGS_CALL_TOPIC_SHIFT,earnings_call_topic_shift,earnings_expectations_information,value_capture_or_information_flow,equities,curated_primary_literature,,IBES/estimates|filings|transcripts|prices,MAPPING_COMPLETE_SOURCE_ACQUISITION_REQUIRED,NOT_YET_EVALUATED_OR_ONLY_FAMILY_PROXY_TESTED,"acquire exact causal source, freeze implementation, then test",0.0,BLOCKED
CUR_EARNINGS_EXPECTATIONS_INFORMATION_MANAGEMENT_LANGUAGE_UNCERTAINTY,management_language_uncertainty,earnings_expectations_information,value_capture_or_information_flow,equities,curated_primary_literature,,IBES/estimates|filings|transcripts|prices,MAPPING_COMPLETE_SOURCE_ACQUISITION_REQUIRED,NOT_YET_EVALUATED_OR_ONLY_FAMILY_PROXY_TESTED,"acquire exact causal source, freeze implementation, then test",0.0,BLOCKED
CUR_EARNINGS_EXPECTATIONS_INFORMATION_PEAD,PEAD,earnings_expectations_information,value_capture_or_information_flow,equities,curated_primary_literature,,IBES/estimates|filings|transcripts|prices,MAPPING_COMPLETE_SOURCE_ACQUISITION_REQUIRED,NOT_YET_EVALUATED_OR_ONLY_FAMILY_PROXY_TESTED,"acquire exact causal source, freeze implementation, then test",0.0,BLOCKED
CUR_EARNINGS_EXPECTATIONS_INFORMATION_PRE_ANNOUNCEMENT_DRIFT,pre_announcement_drift,earnings_expectations_information,value_capture_or_information_flow,equities,curated_primary_literature,,IBES/estimates|filings|transcripts|prices,MAPPING_COMPLETE_SOURCE_ACQUISITION_REQUIRED,NOT_YET_EVALUATED_OR_ONLY_FAMILY_PROXY_TESTED,"acquire exact causal source, freeze implementation, then test",0.0,BLOCKED
CUR_EARNINGS_EXPECTATIONS_INFORMATION_POST_GUIDANCE_DRIFT,post_guidance_drift,earnings_expectations_information,value_capture_or_information_flow,equities,curated_primary_literature,,IBES/estimates|filings|transcripts|prices,MAPPING_COMPLETE_SOURCE_ACQUISITION_REQUIRED,NOT_YET_EVALUATED_OR_ONLY_FAMILY_PROXY_TESTED,"acquire exact causal source, freeze implementation, then test",0.0,BLOCKED
CUR_EARNINGS_EXPECTATIONS_INFORMATION_CONCURRENT_ANNOUNCEMENT_ATTENTION,concurrent_announcement_attention,earnings_expectations_information,value_capture_or_information_flow,equities,curated_primary_literature,,IBES/estimates|filings|transcripts|prices,MAPPING_COMPLETE_SOURCE_ACQUISITION_REQUIRED,NOT_YET_EVALUATED_OR_ONLY_FAMILY_PROXY_TESTED,"acquire exact causal source, freeze implementation, then test",0.0,BLOCKED
CUR_EARNINGS_EXPECTATIONS_INFORMATION_LOW_EXPECTATION_HIGH_DELIVERY,low_expectation_high_delivery,earnings_expectations_information,value_capture_or_information_flow,equities,curated_primary_literature,,IBES/estimates|filings|transcripts|prices,MAPPING_COMPLETE_SOURCE_ACQUISITION_REQUIRED,NOT_YET_EVALUATED_OR_ONLY_FAMILY_PROXY_TESTED,"acquire exact causal source, freeze implementation, then test",0.0,BLOCKED
CUR_EARNINGS_EXPECTATIONS_INFORMATION_REVISION_ACCELERATION,revision_acceleration,earnings_expectations_information,value_capture_or_information_flow,equities,curated_primary_literature,,IBES/estimates|filings|transcripts|prices,MAPPING_COMPLETE_SOURCE_ACQUISITION_REQUIRED,NOT_YET_EVALUATED_OR_ONLY_FAMILY_PROXY_TESTED,"acquire exact causal source, freeze implementation, then test",0.0,BLOCKED
CUR_EARNINGS_EXPECTATIONS_INFORMATION_REVISION_PERSISTENCE,revision_persistence,earnings_expectations_information,value_capture_or_information_flow,equities,curated_primary_literature,,IBES/estimates|filings|transcripts|prices,MAPPING_COMPLETE_SOURCE_ACQUISITION_REQUIRED,NOT_YET_EVALUATED_OR_ONLY_FAMILY_PROXY_TESTED,"acquire exact causal source, freeze implementation, then test",0.0,BLOCKED
CUR_EARNINGS_EXPECTATIONS_INFORMATION_EARNINGS_QUALITY_X_SURPRISE,earnings_quality_x_surprise,earnings_expectations_information,value_capture_or_information_flow,equities,curated_primary_literature,,IBES/estimates|filings|transcripts|prices,MAPPING_COMPLETE_SOURCE_ACQUISITION_REQUIRED,NOT_YET_EVALUATED_OR_ONLY_FAMILY_PROXY_TESTED,"acquire exact causal source, freeze implementation, then test",0.0,BLOCKED
CUR_EARNINGS_EXPECTATIONS_INFORMATION_CAPACITY_BACKED_EARNINGS_INFLECTION,capacity_backed_earnings_inflection,earnings_expectations_information,value_capture_or_information_flow,equities,curated_primary_literature,,IBES/estimates|filings|transcripts|prices,MAPPING_COMPLETE_SOURCE_ACQUISITION_REQUIRED,NOT_YET_EVALUATED_OR_ONLY_FAMILY_PROXY_TESTED,"acquire exact causal source, freeze implementation, then test",0.0,BLOCKED
CUR_EARNINGS_EXPECTATIONS_INFORMATION_ORDER_BACKLOG_INFLECTION,order_backlog_inflection,earnings_expectations_information,value_capture_or_information_flow,equities,curated_primary_literature,,IBES/estimates|filings|transcripts|prices,MAPPING_COMPLETE_SOURCE_ACQUISITION_REQUIRED,NOT_YET_EVALUATED_OR_ONLY_FAMILY_PROXY_TESTED,"acquire exact causal source, freeze implementation, then test",0.0,BLOCKED
CUR_EARNINGS_EXPECTATIONS_INFORMATION_BOOK_TO_BILL_INFLECTION,book_to_bill_inflection,earnings_expectations_information,value_capture_or_information_flow,equities,curated_primary_literature,,IBES/estimates|filings|transcripts|prices,MAPPING_COMPLETE_SOURCE_ACQUISITION_REQUIRED,NOT_YET_EVALUATED_OR_ONLY_FAMILY_PROXY_TESTED,"acquire exact causal source, freeze implementation, then test",0.0,BLOCKED
CUR_EARNINGS_EXPECTATIONS_INFORMATION_INVENTORY_REVENUE_DIVERGENCE,inventory_revenue_divergence,earnings_expectations_information,value_capture_or_information_flow,equities,curated_primary_literature,,IBES/estimates|filings|transcripts|prices,MAPPING_COMPLETE_SOURCE_ACQUISITION_REQUIRED,NOT_YET_EVALUATED_OR_ONLY_FAMILY_PROXY_TESTED,"acquire exact causal source, freeze implementation, then test",0.0,BLOCKED
CUR_EARNINGS_EXPECTATIONS_INFORMATION_CASH_CONVERSION_INFLECTION,cash_conversion_inflection,earnings_expectations_information,value_capture_or_information_flow,equities,curated_primary_literature,,IBES/estimates|filings|transcripts|prices,MAPPING_COMPLETE_SOURCE_ACQUISITION_REQUIRED,NOT_YET_EVALUATED_OR_ONLY_FAMILY_PROXY_TESTED,"acquire exact causal source, freeze implementation, then test",0.0,BLOCKED
CUR_EARNINGS_EXPECTATIONS_INFORMATION_INSIDER_GUIDANCE_GAP,insider_guidance_gap,earnings_expectations_information,value_capture_or_information_flow,equities,curated_primary_literature,,IBES/estimates|filings|transcripts|prices,MAPPING_COMPLETE_SOURCE_ACQUISITION_REQUIRED,NOT_YET_EVALUATED_OR_ONLY_FAMILY_PROXY_TESTED,"acquire exact causal source, freeze implementation, then test",0.0,BLOCKED
CUR_VOLATILITY_OPTIONS_DISTRIBUTION_VARIANCE_RISK_PREMIUM,variance_risk_premium,volatility_options_distribution,range_timing_or_transmission,US_options|futures_options|crypto_options,curated_primary_literature,,option quotes|trades|OI|Greeks|underlying liquidity,MAPPING_COMPLETE_SOURCE_ACQUISITION_REQUIRED,NOT_YET_EVALUATED_OR_ONLY_FAMILY_PROXY_TESTED,"acquire exact causal source, freeze implementation, then test",0.0,BLOCKED
CUR_VOLATILITY_OPTIONS_DISTRIBUTION_DOWNSIDE_VARIANCE_RISK_PREMIUM,downside_variance_risk_premium,volatility_options_distribution,range_timing_or_transmission,US_options|futures_options|crypto_options,curated_primary_literature,,option quotes|trades|OI|Greeks|underlying liquidity,MAPPING_COMPLETE_SOURCE_ACQUISITION_REQUIRED,NOT_YET_EVALUATED_OR_ONLY_FAMILY_PROXY_TESTED,"acquire exact causal source, freeze implementation, then test",0.0,BLOCKED
CUR_VOLATILITY_OPTIONS_DISTRIBUTION_UPSIDE_VARIANCE_RISK_PREMIUM,upside_variance_risk_premium,volatility_options_distribution,range_timing_or_transmission,US_options|futures_options|crypto_options,curated_primary_literature,,option quotes|trades|OI|Greeks|underlying liquidity,MAPPING_COMPLETE_SOURCE_ACQUISITION_REQUIRED,NOT_YET_EVALUATED_OR_ONLY_FAMILY_PROXY_TESTED,"acquire exact causal source, freeze implementation, then test",0.0,BLOCKED
CUR_VOLATILITY_OPTIONS_DISTRIBUTION_SVIX,SVIX,volatility_options_distribution,range_timing_or_transmission,US_options|futures_options|crypto_options,curated_primary_literature,,option quotes|trades|OI|Greeks|underlying liquidity,MAPPING_COMPLETE_SOURCE_ACQUISITION_REQUIRED,NOT_YET_EVALUATED_OR_ONLY_FAMILY_PROXY_TESTED,"acquire exact causal source, freeze implementation, then test",0.0,BLOCKED
CUR_VOLATILITY_OPTIONS_DISTRIBUTION_SKEW_RISK_PREMIUM,skew_risk_premium,volatility_options_distribution,range_timing_or_transmission,US_options|futures_options|crypto_options,curated_primary_literature,,option quotes|trades|OI|Greeks|underlying liquidity,MAPPING_COMPLETE_SOURCE_ACQUISITION_REQUIRED,NOT_YET_EVALUATED_OR_ONLY_FAMILY_PROXY_TESTED,"acquire exact causal source, freeze implementation, then test",0.0,BLOCKED
CUR_VOLATILITY_OPTIONS_DISTRIBUTION_VOL_OF_VOL_PREMIUM,vol_of_vol_premium,volatility_options_distribution,range_timing_or_transmission,US_options|futures_options|crypto_options,curated_primary_literature,,option quotes|trades|OI|Greeks|underlying liquidity,MAPPING_COMPLETE_SOURCE_ACQUISITION_REQUIRED,NOT_YET_EVALUATED_OR_ONLY_FAMILY_PROXY_TESTED,"acquire exact causal source, freeze implementation, then test",0.0,BLOCKED
CUR_VOLATILITY_OPTIONS_DISTRIBUTION_IMPLIED_CORRELATION,implied_correlation,volatility_options_distribution,range_timing_or_transmission,US_options|futures_options|crypto_options,curated_primary_literature,,option quotes|trades|OI|Greeks|underlying liquidity,MAPPING_COMPLETE_SOURCE_ACQUISITION_REQUIRED,NOT_YET_EVALUATED_OR_ONLY_FAMILY_PROXY_TESTED,"acquire exact causal source, freeze implementation, then test",0.0,BLOCKED
CUR_VOLATILITY_OPTIONS_DISTRIBUTION_DISPERSION_RISK_PREMIUM,dispersion_risk_premium,volatility_options_distribution,range_timing_or_transmission,US_options|futures_options|crypto_options,curated_primary_literature,,option quotes|trades|OI|Greeks|underlying liquidity,MAPPING_COMPLETE_SOURCE_ACQUISITION_REQUIRED,NOT_YET_EVALUATED_OR_ONLY_FAMILY_PROXY_TESTED,"acquire exact causal source, freeze implementation, then test",0.0,BLOCKED
CUR_VOLATILITY_OPTIONS_DISTRIBUTION_VARIANCE_TERM_STRUCTURE,variance_term_structure,volatility_options_distribution,range_timing_or_transmission,US_options|futures_options|crypto_options,curated_primary_literature,,option quotes|trades|OI|Greeks|underlying liquidity,MAPPING_COMPLETE_SOURCE_ACQUISITION_REQUIRED,NOT_YET_EVALUATED_OR_ONLY_FAMILY_PROXY_TESTED,"acquire exact causal source, freeze implementation, then test",0.0,BLOCKED
CUR_VOLATILITY_OPTIONS_DISTRIBUTION_SKEW_TERM_STRUCTURE,skew_term_structure,volatility_options_distribution,range_timing_or_transmission,US_options|futures_options|crypto_options,curated_primary_literature,,option quotes|trades|OI|Greeks|underlying liquidity,MAPPING_COMPLETE_SOURCE_ACQUISITION_REQUIRED,NOT_YET_EVALUATED_OR_ONLY_FAMILY_PROXY_TESTED,"acquire exact causal source, freeze implementation, then test",0.0,BLOCKED
CUR_VOLATILITY_OPTIONS_DISTRIBUTION_RISK_REVERSAL,risk_reversal,volatility_options_distribution,range_timing_or_transmission,US_options|futures_options|crypto_options,curated_primary_literature,,option quotes|trades|OI|Greeks|underlying liquidity,MAPPING_COMPLETE_SOURCE_ACQUISITION_REQUIRED,NOT_YET_EVALUATED_OR_ONLY_FAMILY_PROXY_TESTED,"acquire exact causal source, freeze implementation, then test",0.0,BLOCKED
CUR_VOLATILITY_OPTIONS_DISTRIBUTION_BUTTERFLY_CONVEXITY,butterfly_convexity,volatility_options_distribution,range_timing_or_transmission,US_options|futures_options|crypto_options,curated_primary_literature,,option quotes|trades|OI|Greeks|underlying liquidity,MAPPING_COMPLETE_SOURCE_ACQUISITION_REQUIRED,NOT_YET_EVALUATED_OR_ONLY_FAMILY_PROXY_TESTED,"acquire exact causal source, freeze implementation, then test",0.0,BLOCKED
CUR_VOLATILITY_OPTIONS_DISTRIBUTION_EVENT_VOLATILITY_PREMIUM,event_volatility_premium,volatility_options_distribution,range_timing_or_transmission,US_options|futures_options|crypto_options,curated_primary_literature,,option quotes|trades|OI|Greeks|underlying liquidity,MAPPING_COMPLETE_SOURCE_ACQUISITION_REQUIRED,NOT_YET_EVALUATED_OR_ONLY_FAMILY_PROXY_TESTED,"acquire exact causal source, freeze implementation, then test",0.0,BLOCKED
CUR_VOLATILITY_OPTIONS_DISTRIBUTION_JUMP_RISK_PREMIUM,jump_risk_premium,volatility_options_distribution,range_timing_or_transmission,US_options|futures_options|crypto_options,curated_primary_literature,,option quotes|trades|OI|Greeks|underlying liquidity,MAPPING_COMPLETE_SOURCE_ACQUISITION_REQUIRED,NOT_YET_EVALUATED_OR_ONLY_FAMILY_PROXY_TESTED,"acquire exact causal source, freeze implementation, then test",0.0,BLOCKED
CUR_VOLATILITY_OPTIONS_DISTRIBUTION_TAIL_PUT_DEMAND,tail_put_demand,volatility_options_distribution,range_timing_or_transmission,US_options|futures_options|crypto_options,curated_primary_literature,,option quotes|trades|OI|Greeks|underlying liquidity,MAPPING_COMPLETE_SOURCE_ACQUISITION_REQUIRED,NOT_YET_EVALUATED_OR_ONLY_FAMILY_PROXY_TESTED,"acquire exact causal source, freeze implementation, then test",0.0,BLOCKED
CUR_VOLATILITY_OPTIONS_DISTRIBUTION_CALL_DEMAND,call_demand,volatility_options_distribution,range_timing_or_transmission,US_options|futures_options|crypto_options,curated_primary_literature,,option quotes|trades|OI|Greeks|underlying liquidity,MAPPING_COMPLETE_SOURCE_ACQUISITION_REQUIRED,NOT_YET_EVALUATED_OR_ONLY_FAMILY_PROXY_TESTED,"acquire exact causal source, freeze implementation, then test",0.0,BLOCKED
CUR_VOLATILITY_OPTIONS_DISTRIBUTION_OPTION_VOLUME_IMBALANCE,option_volume_imbalance,volatility_options_distribution,range_timing_or_transmission,US_options|futures_options|crypto_options,curated_primary_literature,,option quotes|trades|OI|Greeks|underlying liquidity,MAPPING_COMPLETE_SOURCE_ACQUISITION_REQUIRED,NOT_YET_EVALUATED_OR_ONLY_FAMILY_PROXY_TESTED,"acquire exact causal source, freeze implementation, then test",0.0,BLOCKED
CUR_VOLATILITY_OPTIONS_DISTRIBUTION_SIGNED_DEALER_GAMMA,signed_dealer_gamma,volatility_options_distribution,range_timing_or_transmission,US_options|futures_options|crypto_options,curated_primary_literature,,option quotes|trades|OI|Greeks|underlying liquidity,MAPPING_COMPLETE_SOURCE_ACQUISITION_REQUIRED,NOT_YET_EVALUATED_OR_ONLY_FAMILY_PROXY_TESTED,"acquire exact causal source, freeze implementation, then test",0.0,BLOCKED
CUR_VOLATILITY_OPTIONS_DISTRIBUTION_SIGNED_DEALER_VANNA,signed_dealer_vanna,volatility_options_distribution,range_timing_or_transmission,US_options|futures_options|crypto_options,curated_primary_literature,,option quotes|trades|OI|Greeks|underlying liquidity,MAPPING_COMPLETE_SOURCE_ACQUISITION_REQUIRED,NOT_YET_EVALUATED_OR_ONLY_FAMILY_PROXY_TESTED,"acquire exact causal source, freeze implementation, then test",0.0,BLOCKED
CUR_VOLATILITY_OPTIONS_DISTRIBUTION_SIGNED_DEALER_CHARM,signed_dealer_charm,volatility_options_distribution,range_timing_or_transmission,US_options|futures_options|crypto_options,curated_primary_literature,,option quotes|trades|OI|Greeks|underlying liquidity,MAPPING_COMPLETE_SOURCE_ACQUISITION_REQUIRED,NOT_YET_EVALUATED_OR_ONLY_FAMILY_PROXY_TESTED,"acquire exact causal source, freeze implementation, then test",0.0,BLOCKED
CUR_VOLATILITY_OPTIONS_DISTRIBUTION_LIQUIDITY_NORMALIZED_GAMMA,liquidity_normalized_gamma,volatility_options_distribution,range_timing_or_transmission,US_options|futures_options|crypto_options,curated_primary_literature,,option quotes|trades|OI|Greeks|underlying liquidity,MAPPING_COMPLETE_SOURCE_ACQUISITION_REQUIRED,NOT_YET_EVALUATED_OR_ONLY_FAMILY_PROXY_TESTED,"acquire exact causal source, freeze implementation, then test",0.0,BLOCKED
CUR_VOLATILITY_OPTIONS_DISTRIBUTION_PIN_BREAK_TOPOLOGY,pin_break_topology,volatility_options_distribution,range_timing_or_transmission,US_options|futures_options|crypto_options,curated_primary_literature,,option quotes|trades|OI|Greeks|underlying liquidity,MAPPING_COMPLETE_SOURCE_ACQUISITION_REQUIRED,NOT_YET_EVALUATED_OR_ONLY_FAMILY_PROXY_TESTED,"acquire exact causal source, freeze implementation, then test",0.0,BLOCKED
CUR_VOLATILITY_OPTIONS_DISTRIBUTION_GAMMA_SCALPING_BREAKEVEN,gamma_scalping_breakeven,volatility_options_distribution,range_timing_or_transmission,US_options|futures_options|crypto_options,curated_primary_literature,,option quotes|trades|OI|Greeks|underlying liquidity,MAPPING_COMPLETE_SOURCE_ACQUISITION_REQUIRED,NOT_YET_EVALUATED_OR_ONLY_FAMILY_PROXY_TESTED,"acquire exact causal source, freeze implementation, then test",0.0,BLOCKED
CUR_VOLATILITY_OPTIONS_DISTRIBUTION_DELTA_HEDGED_OPTION_RETURN,delta_hedged_option_return,volatility_options_distribution,range_timing_or_transmission,US_options|futures_options|crypto_options,curated_primary_literature,,option quotes|trades|OI|Greeks|underlying liquidity,MAPPING_COMPLETE_SOURCE_ACQUISITION_REQUIRED,NOT_YET_EVALUATED_OR_ONLY_FAMILY_PROXY_TESTED,"acquire exact causal source, freeze implementation, then test",0.0,BLOCKED
CUR_VOLATILITY_OPTIONS_DISTRIBUTION_STRADDLE_IMPLIED_MOVE,straddle_implied_move,volatility_options_distribution,range_timing_or_transmission,US_options|futures_options|crypto_options,curated_primary_literature,,option quotes|trades|OI|Greeks|underlying liquidity,MAPPING_COMPLETE_SOURCE_ACQUISITION_REQUIRED,NOT_YET_EVALUATED_OR_ONLY_FAMILY_PROXY_TESTED,"acquire exact causal source, freeze implementation, then test",0.0,BLOCKED
CUR_VOLATILITY_OPTIONS_DISTRIBUTION_SURFACE_DISLOCATION,surface_dislocation,volatility_options_distribution,range_timing_or_transmission,US_options|futures_options|crypto_options,curated_primary_literature,,option quotes|trades|OI|Greeks|underlying liquidity,MAPPING_COMPLETE_SOURCE_ACQUISITION_REQUIRED,NOT_YET_EVALUATED_OR_ONLY_FAMILY_PROXY_TESTED,"acquire exact causal source, freeze implementation, then test",0.0,BLOCKED
CUR_VOLATILITY_OPTIONS_DISTRIBUTION_LOCAL_VOL_SURFACE,local_vol_surface,volatility_options_distribution,range_timing_or_transmission,US_options|futures_options|crypto_options,curated_primary_literature,,option quotes|trades|OI|Greeks|underlying liquidity,MAPPING_COMPLETE_SOURCE_ACQUISITION_REQUIRED,NOT_YET_EVALUATED_OR_ONLY_FAMILY_PROXY_TESTED,"acquire exact causal source, freeze implementation, then test",0.0,BLOCKED
CUR_VOLATILITY_OPTIONS_DISTRIBUTION_STOCHASTIC_VOLATILITY_STATE,stochastic_volatility_state,volatility_options_distribution,range_timing_or_transmission,US_options|futures_options|crypto_options,curated_primary_literature,,option quotes|trades|OI|Greeks|underlying liquidity,MAPPING_COMPLETE_SOURCE_ACQUISITION_REQUIRED,NOT_YET_EVALUATED_OR_ONLY_FAMILY_PROXY_TESTED,"acquire exact causal source, freeze implementation, then test",0.0,BLOCKED
CUR_VOLATILITY_OPTIONS_DISTRIBUTION_SABR_PARAMETERS,SABR_parameters,volatility_options_distribution,range_timing_or_transmission,US_options|futures_options|crypto_options,curated_primary_literature,,option quotes|trades|OI|Greeks|underlying liquidity,MAPPING_COMPLETE_SOURCE_ACQUISITION_REQUIRED,NOT_YET_EVALUATED_OR_ONLY_FAMILY_PROXY_TESTED,"acquire exact causal source, freeze implementation, then test",0.0,BLOCKED
CUR_VOLATILITY_OPTIONS_DISTRIBUTION_HESTON_PARAMETERS,Heston_parameters,volatility_options_distribution,range_timing_or_transmission,US_options|futures_options|crypto_options,curated_primary_literature,,option quotes|trades|OI|Greeks|underlying liquidity,MAPPING_COMPLETE_SOURCE_ACQUISITION_REQUIRED,NOT_YET_EVALUATED_OR_ONLY_FAMILY_PROXY_TESTED,"acquire exact causal source, freeze implementation, then test",0.0,BLOCKED
CUR_VOLATILITY_OPTIONS_DISTRIBUTION_VOLATILITY_OF_LIQUIDITY,volatility_of_liquidity,volatility_options_distribution,range_timing_or_transmission,US_options|futures_options|crypto_options,curated_primary_literature,,option quotes|trades|OI|Greeks|underlying liquidity,MAPPING_COMPLETE_SOURCE_ACQUISITION_REQUIRED,NOT_YET_EVALUATED_OR_ONLY_FAMILY_PROXY_TESTED,"acquire exact causal source, freeze implementation, then test",0.0,BLOCKED
CUR_VOLATILITY_OPTIONS_DISTRIBUTION_ZERO_DTE_INVENTORY,zero_DTE_inventory,volatility_options_distribution,range_timing_or_transmission,US_options|futures_options|crypto_options,curated_primary_literature,,option quotes|trades|OI|Greeks|underlying liquidity,MAPPING_COMPLETE_SOURCE_ACQUISITION_REQUIRED,NOT_YET_EVALUATED_OR_ONLY_FAMILY_PROXY_TESTED,"acquire exact causal source, freeze implementation, then test",0.0,BLOCKED
CUR_VOLATILITY_OPTIONS_DISTRIBUTION_EXPIRY_CONCENTRATION,expiry_concentration,volatility_options_distribution,range_timing_or_transmission,US_options|futures_options|crypto_options,curated_primary_literature,,option quotes|trades|OI|Greeks|underlying liquidity,MAPPING_COMPLETE_SOURCE_ACQUISITION_REQUIRED,NOT_YET_EVALUATED_OR_ONLY_FAMILY_PROXY_TESTED,"acquire exact causal source, freeze implementation, then test",0.0,BLOCKED
CUR_VOLATILITY_OPTIONS_DISTRIBUTION_GROSS_OI_GEX_PLACEBO,gross_OI_GEX_placebo,volatility_options_distribution,range_timing_or_transmission,US_options|futures_options|crypto_options,curated_primary_literature,,option quotes|trades|OI|Greeks|underlying liquidity,MAPPING_COMPLETE_SOURCE_ACQUISITION_REQUIRED,NOT_YET_EVALUATED_OR_ONLY_FAMILY_PROXY_TESTED,"acquire exact causal source, freeze implementation, then test",0.0,BLOCKED
CUR_VOLATILITY_OPTIONS_DISTRIBUTION_CALL_WALL_PLACEBO,call_wall_placebo,volatility_options_distribution,range_timing_or_transmission,US_options|futures_options|crypto_options,curated_primary_literature,,option quotes|trades|OI|Greeks|underlying liquidity,MAPPING_COMPLETE_SOURCE_ACQUISITION_REQUIRED,NOT_YET_EVALUATED_OR_ONLY_FAMILY_PROXY_TESTED,"acquire exact causal source, freeze implementation, then test",0.0,BLOCKED
CUR_VOLATILITY_OPTIONS_DISTRIBUTION_PUT_WALL_PLACEBO,put_wall_placebo,volatility_options_distribution,range_timing_or_transmission,US_options|futures_options|crypto_options,curated_primary_literature,,option quotes|trades|OI|Greeks|underlying liquidity,MAPPING_COMPLETE_SOURCE_ACQUISITION_REQUIRED,NOT_YET_EVALUATED_OR_ONLY_FAMILY_PROXY_TESTED,"acquire exact causal source, freeze implementation, then test",0.0,BLOCKED
CUR_VOLATILITY_OPTIONS_DISTRIBUTION_MAX_PAIN_PLACEBO,max_pain_placebo,volatility_options_distribution,range_timing_or_transmission,US_options|futures_options|crypto_options,curated_primary_literature,,option quotes|trades|OI|Greeks|underlying liquidity,MAPPING_COMPLETE_SOURCE_ACQUISITION_REQUIRED,NOT_YET_EVALUATED_OR_ONLY_FAMILY_PROXY_TESTED,"acquire exact causal source, freeze implementation, then test",0.0,BLOCKED
CUR_VOLATILITY_OPTIONS_DISTRIBUTION_IV_RANK_PLACEBO,IV_rank_placebo,volatility_options_distribution,range_timing_or_transmission,US_options|futures_options|crypto_options,curated_primary_literature,,option quotes|trades|OI|Greeks|underlying liquidity,MAPPING_COMPLETE_SOURCE_ACQUISITION_REQUIRED,NOT_YET_EVALUATED_OR_ONLY_FAMILY_PROXY_TESTED,"acquire exact causal source, freeze implementation, then test",0.0,BLOCKED
CUR_VOLATILITY_OPTIONS_DISTRIBUTION_PUT_CALL_RATIO,put_call_ratio,volatility_options_distribution,range_timing_or_transmission,US_options|futures_options|crypto_options,curated_primary_literature,,option quotes|trades|OI|Greeks|underlying liquidity,MAPPING_COMPLETE_SOURCE_ACQUISITION_REQUIRED,NOT_YET_EVALUATED_OR_ONLY_FAMILY_PROXY_TESTED,"acquire exact causal source, freeze implementation, then test",0.0,BLOCKED
CUR_VOLATILITY_OPTIONS_DISTRIBUTION_OPTION_OPEN_CLOSE_FLOW,option_open_close_flow,volatility_options_distribution,range_timing_or_transmission,US_options|futures_options|crypto_options,curated_primary_literature,,option quotes|trades|OI|Greeks|underlying liquidity,MAPPING_COMPLETE_SOURCE_ACQUISITION_REQUIRED,NOT_YET_EVALUATED_OR_ONLY_FAMILY_PROXY_TESTED,"acquire exact causal source, freeze implementation, then test",0.0,BLOCKED
CUR_VOLATILITY_OPTIONS_DISTRIBUTION_OPTION_TRADE_DIRECTION_FLOW,option_trade_direction_flow,volatility_options_distribution,range_timing_or_transmission,US_options|futures_options|crypto_options,curated_primary_literature,,option quotes|trades|OI|Greeks|underlying liquidity,MAPPING_COMPLETE_SOURCE_ACQUISITION_REQUIRED,NOT_YET_EVALUATED_OR_ONLY_FAMILY_PROXY_TESTED,"acquire exact causal source, freeze implementation, then test",0.0,BLOCKED
CUR_MICROSTRUCTURE_ORDER_FLOW_ORDER_BOOK_IMBALANCE,order_book_imbalance,microstructure_order_flow,execution_or_short_horizon_flow,liquid_electronic_markets,curated_primary_literature,,tick trades|quotes|book|lending,MAPPING_COMPLETE_SOURCE_ACQUISITION_REQUIRED,NOT_YET_EVALUATED_OR_ONLY_FAMILY_PROXY_TESTED,"acquire exact causal source, freeze implementation, then test",0.0,BLOCKED
CUR_MICROSTRUCTURE_ORDER_FLOW_MICROPRICE,microprice,microstructure_order_flow,execution_or_short_horizon_flow,liquid_electronic_markets,curated_primary_literature,,tick trades|quotes|book|lending,MAPPING_COMPLETE_SOURCE_ACQUISITION_REQUIRED,NOT_YET_EVALUATED_OR_ONLY_FAMILY_PROXY_TESTED,"acquire exact causal source, freeze implementation, then test",0.0,BLOCKED
CUR_MICROSTRUCTURE_ORDER_FLOW_QUEUE_IMBALANCE,queue_imbalance,microstructure_order_flow,execution_or_short_horizon_flow,liquid_electronic_markets,curated_primary_literature,,tick trades|quotes|book|lending,MAPPING_COMPLETE_SOURCE_ACQUISITION_REQUIRED,NOT_YET_EVALUATED_OR_ONLY_FAMILY_PROXY_TESTED,"acquire exact causal source, freeze implementation, then test",0.0,BLOCKED
CUR_MICROSTRUCTURE_ORDER_FLOW_SIGNED_TRADE_IMBALANCE,signed_trade_imbalance,microstructure_order_flow,execution_or_short_horizon_flow,liquid_electronic_markets,curated_primary_literature,,tick trades|quotes|book|lending,MAPPING_COMPLETE_SOURCE_ACQUISITION_REQUIRED,NOT_YET_EVALUATED_OR_ONLY_FAMILY_PROXY_TESTED,"acquire exact causal source, freeze implementation, then test",0.0,BLOCKED
CUR_MICROSTRUCTURE_ORDER_FLOW_KYLE_LAMBDA,Kyle_lambda,microstructure_order_flow,execution_or_short_horizon_flow,liquid_electronic_markets,curated_primary_literature,,tick trades|quotes|book|lending,MAPPING_COMPLETE_SOURCE_ACQUISITION_REQUIRED,NOT_YET_EVALUATED_OR_ONLY_FAMILY_PROXY_TESTED,"acquire exact causal source, freeze implementation, then test",0.0,BLOCKED
CUR_MICROSTRUCTURE_ORDER_FLOW_AMIHUD_ILLIQUIDITY,Amihud_illiquidity,microstructure_order_flow,execution_or_short_horizon_flow,liquid_electronic_markets,curated_primary_literature,,tick trades|quotes|book|lending,MAPPING_COMPLETE_SOURCE_ACQUISITION_REQUIRED,NOT_YET_EVALUATED_OR_ONLY_FAMILY_PROXY_TESTED,"acquire exact causal source, freeze implementation, then test",0.0,BLOCKED
CUR_MICROSTRUCTURE_ORDER_FLOW_EFFECTIVE_SPREAD,effective_spread,microstructure_order_flow,execution_or_short_horizon_flow,liquid_electronic_markets,curated_primary_literature,,tick trades|quotes|book|lending,MAPPING_COMPLETE_SOURCE_ACQUISITION_REQUIRED,NOT_YET_EVALUATED_OR_ONLY_FAMILY_PROXY_TESTED,"acquire exact causal source, freeze implementation, then test",0.0,BLOCKED
CUR_MICROSTRUCTURE_ORDER_FLOW_REALIZED_SPREAD,realized_spread,microstructure_order_flow,execution_or_short_horizon_flow,liquid_electronic_markets,curated_primary_literature,,tick trades|quotes|book|lending,MAPPING_COMPLETE_SOURCE_ACQUISITION_REQUIRED,NOT_YET_EVALUATED_OR_ONLY_FAMILY_PROXY_TESTED,"acquire exact causal source, freeze implementation, then test",0.0,BLOCKED
CUR_MICROSTRUCTURE_ORDER_FLOW_ADVERSE_SELECTION_COMPONENT,adverse_selection_component,microstructure_order_flow,execution_or_short_horizon_flow,liquid_electronic_markets,curated_primary_literature,,tick trades|quotes|book|lending,MAPPING_COMPLETE_SOURCE_ACQUISITION_REQUIRED,NOT_YET_EVALUATED_OR_ONLY_FAMILY_PROXY_TESTED,"acquire exact causal source, freeze implementation, then test",0.0,BLOCKED
CUR_MICROSTRUCTURE_ORDER_FLOW_VPIN,VPIN,microstructure_order_flow,execution_or_short_horizon_flow,liquid_electronic_markets,curated_primary_literature,,tick trades|quotes|book|lending,MAPPING_COMPLETE_SOURCE_ACQUISITION_REQUIRED,NOT_YET_EVALUATED_OR_ONLY_FAMILY_PROXY_TESTED,"acquire exact causal source, freeze implementation, then test",0.0,BLOCKED
CUR_MICROSTRUCTURE_ORDER_FLOW_VPIN_PLACEBO,VPIN_placebo,microstructure_order_flow,execution_or_short_horizon_flow,liquid_electronic_markets,curated_primary_literature,,tick trades|quotes|book|lending,MAPPING_COMPLETE_SOURCE_ACQUISITION_REQUIRED,NOT_YET_EVALUATED_OR_ONLY_FAMILY_PROXY_TESTED,"acquire exact causal source, freeze implementation, then test",0.0,BLOCKED
CUR_MICROSTRUCTURE_ORDER_FLOW_ORDER_FLOW_TOXICITY,order_flow_toxicity,microstructure_order_flow,execution_or_short_horizon_flow,liquid_electronic_markets,curated_primary_literature,,tick trades|quotes|book|lending,MAPPING_COMPLETE_SOURCE_ACQUISITION_REQUIRED,NOT_YET_EVALUATED_OR_ONLY_FAMILY_PROXY_TESTED,"acquire exact causal source, freeze implementation, then test",0.0,BLOCKED
CUR_MICROSTRUCTURE_ORDER_FLOW_TRADE_SIZE_DISTRIBUTION,trade_size_distribution,microstructure_order_flow,execution_or_short_horizon_flow,liquid_electronic_markets,curated_primary_literature,,tick trades|quotes|book|lending,MAPPING_COMPLETE_SOURCE_ACQUISITION_REQUIRED,NOT_YET_EVALUATED_OR_ONLY_FAMILY_PROXY_TESTED,"acquire exact causal source, freeze implementation, then test",0.0,BLOCKED
CUR_MICROSTRUCTURE_ORDER_FLOW_HIDDEN_LIQUIDITY,hidden_liquidity,microstructure_order_flow,execution_or_short_horizon_flow,liquid_electronic_markets,curated_primary_literature,,tick trades|quotes|book|lending,MAPPING_COMPLETE_SOURCE_ACQUISITION_REQUIRED,NOT_YET_EVALUATED_OR_ONLY_FAMILY_PROXY_TESTED,"acquire exact causal source, freeze implementation, then test",0.0,BLOCKED
CUR_MICROSTRUCTURE_ORDER_FLOW_ICEBERG_DETECTION,iceberg_detection,microstructure_order_flow,execution_or_short_horizon_flow,liquid_electronic_markets,curated_primary_literature,,tick trades|quotes|book|lending,MAPPING_COMPLETE_SOURCE_ACQUISITION_REQUIRED,NOT_YET_EVALUATED_OR_ONLY_FAMILY_PROXY_TESTED,"acquire exact causal source, freeze implementation, then test",0.0,BLOCKED
CUR_MICROSTRUCTURE_ORDER_FLOW_CANCEL_TO_TRADE_RATIO,cancel_to_trade_ratio,microstructure_order_flow,execution_or_short_horizon_flow,liquid_electronic_markets,curated_primary_literature,,tick trades|quotes|book|lending,MAPPING_COMPLETE_SOURCE_ACQUISITION_REQUIRED,NOT_YET_EVALUATED_OR_ONLY_FAMILY_PROXY_TESTED,"acquire exact causal source, freeze implementation, then test",0.0,BLOCKED
CUR_MICROSTRUCTURE_ORDER_FLOW_QUOTE_STUFFING_PROXY,quote_stuffing_proxy,microstructure_order_flow,execution_or_short_horizon_flow,liquid_electronic_markets,curated_primary_literature,,tick trades|quotes|book|lending,MAPPING_COMPLETE_SOURCE_ACQUISITION_REQUIRED,NOT_YET_EVALUATED_OR_ONLY_FAMILY_PROXY_TESTED,"acquire exact causal source, freeze implementation, then test",0.0,BLOCKED
CUR_MICROSTRUCTURE_ORDER_FLOW_LATENCY_ARBITRAGE_PRESSURE,latency_arbitrage_pressure,microstructure_order_flow,execution_or_short_horizon_flow,liquid_electronic_markets,curated_primary_literature,,tick trades|quotes|book|lending,MAPPING_COMPLETE_SOURCE_ACQUISITION_REQUIRED,NOT_YET_EVALUATED_OR_ONLY_FAMILY_PROXY_TESTED,"acquire exact causal source, freeze implementation, then test",0.0,BLOCKED
CUR_MICROSTRUCTURE_ORDER_FLOW_CLOSING_AUCTION_IMBALANCE,closing_auction_imbalance,microstructure_order_flow,execution_or_short_horizon_flow,liquid_electronic_markets,curated_primary_literature,,tick trades|quotes|book|lending,MAPPING_COMPLETE_SOURCE_ACQUISITION_REQUIRED,NOT_YET_EVALUATED_OR_ONLY_FAMILY_PROXY_TESTED,"acquire exact causal source, freeze implementation, then test",0.0,BLOCKED
CUR_MICROSTRUCTURE_ORDER_FLOW_OPENING_AUCTION_IMBALANCE,opening_auction_imbalance,microstructure_order_flow,execution_or_short_horizon_flow,liquid_electronic_markets,curated_primary_literature,,tick trades|quotes|book|lending,MAPPING_COMPLETE_SOURCE_ACQUISITION_REQUIRED,NOT_YET_EVALUATED_OR_ONLY_FAMILY_PROXY_TESTED,"acquire exact causal source, freeze implementation, then test",0.0,BLOCKED
CUR_MICROSTRUCTURE_ORDER_FLOW_ETF_CREATION_REDEMPTION_FLOW,ETF_creation_redemption_flow,microstructure_order_flow,execution_or_short_horizon_flow,liquid_electronic_markets,curated_primary_literature,,tick trades|quotes|book|lending,MAPPING_COMPLETE_SOURCE_ACQUISITION_REQUIRED,NOT_YET_EVALUATED_OR_ONLY_FAMILY_PROXY_TESTED,"acquire exact causal source, freeze implementation, then test",0.0,BLOCKED
CUR_MICROSTRUCTURE_ORDER_FLOW_DARK_POOL_SHARE,dark_pool_share,microstructure_order_flow,execution_or_short_horizon_flow,liquid_electronic_markets,curated_primary_literature,,tick trades|quotes|book|lending,MAPPING_COMPLETE_SOURCE_ACQUISITION_REQUIRED,NOT_YET_EVALUATED_OR_ONLY_FAMILY_PROXY_TESTED,"acquire exact causal source, freeze implementation, then test",0.0,BLOCKED
CUR_MICROSTRUCTURE_ORDER_FLOW_ODD_LOT_INFORMATION,odd_lot_information,microstructure_order_flow,execution_or_short_horizon_flow,liquid_electronic_markets,curated_primary_literature,,tick trades|quotes|book|lending,MAPPING_COMPLETE_SOURCE_ACQUISITION_REQUIRED,NOT_YET_EVALUATED_OR_ONLY_FAMILY_PROXY_TESTED,"acquire exact causal source, freeze implementation, then test",0.0,BLOCKED
CUR_MICROSTRUCTURE_ORDER_FLOW_BLOCK_TRADE_FOLLOW_THROUGH,block_trade_follow_through,microstructure_order_flow,execution_or_short_horizon_flow,liquid_electronic_markets,curated_primary_literature,,tick trades|quotes|book|lending,MAPPING_COMPLETE_SOURCE_ACQUISITION_REQUIRED,NOT_YET_EVALUATED_OR_ONLY_FAMILY_PROXY_TESTED,"acquire exact causal source, freeze implementation, then test",0.0,BLOCKED
CUR_MICROSTRUCTURE_ORDER_FLOW_BROKER_INVENTORY,broker_inventory,microstructure_order_flow,execution_or_short_horizon_flow,liquid_electronic_markets,curated_primary_literature,,tick trades|quotes|book|lending,MAPPING_COMPLETE_SOURCE_ACQUISITION_REQUIRED,NOT_YET_EVALUATED_OR_ONLY_FAMILY_PROXY_TESTED,"acquire exact causal source, freeze implementation, then test",0.0,BLOCKED
CUR_MICROSTRUCTURE_ORDER_FLOW_DEALER_INVENTORY,dealer_inventory,microstructure_order_flow,execution_or_short_horizon_flow,liquid_electronic_markets,curated_primary_literature,,tick trades|quotes|book|lending,MAPPING_COMPLETE_SOURCE_ACQUISITION_REQUIRED,NOT_YET_EVALUATED_OR_ONLY_FAMILY_PROXY_TESTED,"acquire exact causal source, freeze implementation, then test",0.0,BLOCKED
CUR_MICROSTRUCTURE_ORDER_FLOW_SHORT_SALE_VOLUME,short_sale_volume,microstructure_order_flow,execution_or_short_horizon_flow,liquid_electronic_markets,curated_primary_literature,,tick trades|quotes|book|lending,MAPPING_COMPLETE_SOURCE_ACQUISITION_REQUIRED,NOT_YET_EVALUATED_OR_ONLY_FAMILY_PROXY_TESTED,"acquire exact causal source, freeze implementation, then test",0.0,BLOCKED
CUR_MICROSTRUCTURE_ORDER_FLOW_BORROW_FEE,borrow_fee,microstructure_order_flow,execution_or_short_horizon_flow,liquid_electronic_markets,curated_primary_literature,,tick trades|quotes|book|lending,MAPPING_COMPLETE_SOURCE_ACQUISITION_REQUIRED,NOT_YET_EVALUATED_OR_ONLY_FAMILY_PROXY_TESTED,"acquire exact causal source, freeze implementation, then test",0.0,BLOCKED
CUR_MICROSTRUCTURE_ORDER_FLOW_UTILIZATION,utilization,microstructure_order_flow,execution_or_short_horizon_flow,liquid_electronic_markets,curated_primary_literature,,tick trades|quotes|book|lending,MAPPING_COMPLETE_SOURCE_ACQUISITION_REQUIRED,NOT_YET_EVALUATED_OR_ONLY_FAMILY_PROXY_TESTED,"acquire exact causal source, freeze implementation, then test",0.0,BLOCKED
CUR_MICROSTRUCTURE_ORDER_FLOW_LENDABLE_SUPPLY,lendable_supply,microstructure_order_flow,execution_or_short_horizon_flow,liquid_electronic_markets,curated_primary_literature,,tick trades|quotes|book|lending,MAPPING_COMPLETE_SOURCE_ACQUISITION_REQUIRED,NOT_YET_EVALUATED_OR_ONLY_FAMILY_PROXY_TESTED,"acquire exact causal source, freeze implementation, then test",0.0,BLOCKED
CUR_MICROSTRUCTURE_ORDER_FLOW_DAYS_TO_COVER,days_to_cover,microstructure_order_flow,execution_or_short_horizon_flow,liquid_electronic_markets,curated_primary_literature,,tick trades|quotes|book|lending,MAPPING_COMPLETE_SOURCE_ACQUISITION_REQUIRED,NOT_YET_EVALUATED_OR_ONLY_FAMILY_PROXY_TESTED,"acquire exact causal source, freeze implementation, then test",0.0,BLOCKED
CUR_MICROSTRUCTURE_ORDER_FLOW_FAIL_TO_DELIVER,fail_to_deliver,microstructure_order_flow,execution_or_short_horizon_flow,liquid_electronic_markets,curated_primary_literature,,tick trades|quotes|book|lending,MAPPING_COMPLETE_SOURCE_ACQUISITION_REQUIRED,NOT_YET_EVALUATED_OR_ONLY_FAMILY_PROXY_TESTED,"acquire exact causal source, freeze implementation, then test",0.0,BLOCKED
CUR_MICROSTRUCTURE_ORDER_FLOW_RETAIL_WHOLESALER_FLOW,retail_wholesaler_flow,microstructure_order_flow,execution_or_short_horizon_flow,liquid_electronic_markets,curated_primary_literature,,tick trades|quotes|book|lending,MAPPING_COMPLETE_SOURCE_ACQUISITION_REQUIRED,NOT_YET_EVALUATED_OR_ONLY_FAMILY_PROXY_TESTED,"acquire exact causal source, freeze implementation, then test",0.0,BLOCKED
CUR_MICROSTRUCTURE_ORDER_FLOW_MARKET_MAKER_INTERNALIZATION,market_maker_internalization,microstructure_order_flow,execution_or_short_horizon_flow,liquid_electronic_markets,curated_primary_literature,,tick trades|quotes|book|lending,MAPPING_COMPLETE_SOURCE_ACQUISITION_REQUIRED,NOT_YET_EVALUATED_OR_ONLY_FAMILY_PROXY_TESTED,"acquire exact causal source, freeze implementation, then test",0.0,BLOCKED
CUR_MICROSTRUCTURE_ORDER_FLOW_PRICE_RESPONSE_ASYMMETRY,price_response_asymmetry,microstructure_order_flow,execution_or_short_horizon_flow,liquid_electronic_markets,curated_primary_literature,,tick trades|quotes|book|lending,MAPPING_COMPLETE_SOURCE_ACQUISITION_REQUIRED,NOT_YET_EVALUATED_OR_ONLY_FAMILY_PROXY_TESTED,"acquire exact causal source, freeze implementation, then test",0.0,BLOCKED
CUR_MICROSTRUCTURE_ORDER_FLOW_LIQUIDITY_REPLENISHMENT,liquidity_replenishment,microstructure_order_flow,execution_or_short_horizon_flow,liquid_electronic_markets,curated_primary_literature,,tick trades|quotes|book|lending,MAPPING_COMPLETE_SOURCE_ACQUISITION_REQUIRED,NOT_YET_EVALUATED_OR_ONLY_FAMILY_PROXY_TESTED,"acquire exact causal source, freeze implementation, then test",0.0,BLOCKED
CUR_MICROSTRUCTURE_ORDER_FLOW_ORDER_FLOW_PERSISTENCE,order_flow_persistence,microstructure_order_flow,execution_or_short_horizon_flow,liquid_electronic_markets,curated_primary_literature,,tick trades|quotes|book|lending,MAPPING_COMPLETE_SOURCE_ACQUISITION_REQUIRED,NOT_YET_EVALUATED_OR_ONLY_FAMILY_PROXY_TESTED,"acquire exact causal source, freeze implementation, then test",0.0,BLOCKED
CUR_MICROSTRUCTURE_ORDER_FLOW_VOLUME_SYNCHRONIZED_IMBALANCE,volume_synchronized_imbalance,microstructure_order_flow,execution_or_short_horizon_flow,liquid_electronic_markets,curated_primary_literature,,tick trades|quotes|book|lending,MAPPING_COMPLETE_SOURCE_ACQUISITION_REQUIRED,NOT_YET_EVALUATED_OR_ONLY_FAMILY_PROXY_TESTED,"acquire exact causal source, freeze implementation, then test",0.0,BLOCKED
CUR_MICROSTRUCTURE_ORDER_FLOW_LOB_RESILIENCE,LOB_resilience,microstructure_order_flow,execution_or_short_horizon_flow,liquid_electronic_markets,curated_primary_literature,,tick trades|quotes|book|lending,MAPPING_COMPLETE_SOURCE_ACQUISITION_REQUIRED,NOT_YET_EVALUATED_OR_ONLY_FAMILY_PROXY_TESTED,"acquire exact causal source, freeze implementation, then test",0.0,BLOCKED
CUR_MICROSTRUCTURE_ORDER_FLOW_SPREAD_DEPTH_CONVEXITY,spread_depth_convexity,microstructure_order_flow,execution_or_short_horizon_flow,liquid_electronic_markets,curated_primary_literature,,tick trades|quotes|book|lending,MAPPING_COMPLETE_SOURCE_ACQUISITION_REQUIRED,NOT_YET_EVALUATED_OR_ONLY_FAMILY_PROXY_TESTED,"acquire exact causal source, freeze implementation, then test",0.0,BLOCKED
CUR_COMMODITY_PHYSICAL_CURVE_INVENTORY_LEVEL,inventory_level,commodity_physical_curve,direction_range_or_value_capture,commodities,curated_primary_literature,,physical balances|futures curve|CFTC|freight|weather,MAPPING_COMPLETE_SOURCE_ACQUISITION_REQUIRED,NOT_YET_EVALUATED_OR_ONLY_FAMILY_PROXY_TESTED,"acquire exact causal source, freeze implementation, then test",0.0,BLOCKED
CUR_COMMODITY_PHYSICAL_CURVE_INVENTORY_SURPRISE,inventory_surprise,commodity_physical_curve,direction_range_or_value_capture,commodities,curated_primary_literature,,physical balances|futures curve|CFTC|freight|weather,MAPPING_COMPLETE_SOURCE_ACQUISITION_REQUIRED,NOT_YET_EVALUATED_OR_ONLY_FAMILY_PROXY_TESTED,"acquire exact causal source, freeze implementation, then test",0.0,BLOCKED
CUR_COMMODITY_PHYSICAL_CURVE_INVENTORY_DAYS_OF_SUPPLY,inventory_days_of_supply,commodity_physical_curve,direction_range_or_value_capture,commodities,curated_primary_literature,,physical balances|futures curve|CFTC|freight|weather,MAPPING_COMPLETE_SOURCE_ACQUISITION_REQUIRED,NOT_YET_EVALUATED_OR_ONLY_FAMILY_PROXY_TESTED,"acquire exact causal source, freeze implementation, then test",0.0,BLOCKED
CUR_COMMODITY_PHYSICAL_CURVE_CONVENIENCE_YIELD,convenience_yield,commodity_physical_curve,direction_range_or_value_capture,commodities,curated_primary_literature,,physical balances|futures curve|CFTC|freight|weather,MAPPING_COMPLETE_SOURCE_ACQUISITION_REQUIRED,NOT_YET_EVALUATED_OR_ONLY_FAMILY_PROXY_TESTED,"acquire exact causal source, freeze implementation, then test",0.0,BLOCKED
CUR_COMMODITY_PHYSICAL_CURVE_FUTURES_BASIS,futures_basis,commodity_physical_curve,direction_range_or_value_capture,commodities,curated_primary_literature,,physical balances|futures curve|CFTC|freight|weather,MAPPING_COMPLETE_SOURCE_ACQUISITION_REQUIRED,NOT_YET_EVALUATED_OR_ONLY_FAMILY_PROXY_TESTED,"acquire exact causal source, freeze implementation, then test",0.0,BLOCKED
CUR_COMMODITY_PHYSICAL_CURVE_CURVE_SLOPE,curve_slope,commodity_physical_curve,direction_range_or_value_capture,commodities,curated_primary_literature,,physical balances|futures curve|CFTC|freight|weather,MAPPING_COMPLETE_SOURCE_ACQUISITION_REQUIRED,NOT_YET_EVALUATED_OR_ONLY_FAMILY_PROXY_TESTED,"acquire exact causal source, freeze implementation, then test",0.0,BLOCKED
CUR_COMMODITY_PHYSICAL_CURVE_CURVE_CURVATURE,curve_curvature,commodity_physical_curve,direction_range_or_value_capture,commodities,curated_primary_literature,,physical balances|futures curve|CFTC|freight|weather,MAPPING_COMPLETE_SOURCE_ACQUISITION_REQUIRED,NOT_YET_EVALUATED_OR_ONLY_FAMILY_PROXY_TESTED,"acquire exact causal source, freeze implementation, then test",0.0,BLOCKED
CUR_COMMODITY_PHYSICAL_CURVE_BACKWARDATION_PERSISTENCE,backwardation_persistence,commodity_physical_curve,direction_range_or_value_capture,commodities,curated_primary_literature,,physical balances|futures curve|CFTC|freight|weather,MAPPING_COMPLETE_SOURCE_ACQUISITION_REQUIRED,NOT_YET_EVALUATED_OR_ONLY_FAMILY_PROXY_TESTED,"acquire exact causal source, freeze implementation, then test",0.0,BLOCKED
CUR_COMMODITY_PHYSICAL_CURVE_CONTANGO_STORAGE_ARBITRAGE,contango_storage_arbitrage,commodity_physical_curve,direction_range_or_value_capture,commodities,curated_primary_literature,,physical balances|futures curve|CFTC|freight|weather,MAPPING_COMPLETE_SOURCE_ACQUISITION_REQUIRED,NOT_YET_EVALUATED_OR_ONLY_FAMILY_PROXY_TESTED,"acquire exact causal source, freeze implementation, then test",0.0,BLOCKED
CUR_COMMODITY_PHYSICAL_CURVE_PRODUCER_HEDGING_PRESSURE,producer_hedging_pressure,commodity_physical_curve,direction_range_or_value_capture,commodities,curated_primary_literature,,physical balances|futures curve|CFTC|freight|weather,MAPPING_COMPLETE_SOURCE_ACQUISITION_REQUIRED,NOT_YET_EVALUATED_OR_ONLY_FAMILY_PROXY_TESTED,"acquire exact causal source, freeze implementation, then test",0.0,BLOCKED
CUR_COMMODITY_PHYSICAL_CURVE_CONSUMER_HEDGING_PRESSURE,consumer_hedging_pressure,commodity_physical_curve,direction_range_or_value_capture,commodities,curated_primary_literature,,physical balances|futures curve|CFTC|freight|weather,MAPPING_COMPLETE_SOURCE_ACQUISITION_REQUIRED,NOT_YET_EVALUATED_OR_ONLY_FAMILY_PROXY_TESTED,"acquire exact causal source, freeze implementation, then test",0.0,BLOCKED
CUR_COMMODITY_PHYSICAL_CURVE_MANAGED_MONEY_POSITIONING,managed_money_positioning,commodity_physical_curve,direction_range_or_value_capture,commodities,curated_primary_literature,,physical balances|futures curve|CFTC|freight|weather,MAPPING_COMPLETE_SOURCE_ACQUISITION_REQUIRED,NOT_YET_EVALUATED_OR_ONLY_FAMILY_PROXY_TESTED,"acquire exact causal source, freeze implementation, then test",0.0,BLOCKED
CUR_COMMODITY_PHYSICAL_CURVE_PHYSICAL_PREMIUM,physical_premium,commodity_physical_curve,direction_range_or_value_capture,commodities,curated_primary_literature,,physical balances|futures curve|CFTC|freight|weather,MAPPING_COMPLETE_SOURCE_ACQUISITION_REQUIRED,NOT_YET_EVALUATED_OR_ONLY_FAMILY_PROXY_TESTED,"acquire exact causal source, freeze implementation, then test",0.0,BLOCKED
CUR_COMMODITY_PHYSICAL_CURVE_REGIONAL_BASIS,regional_basis,commodity_physical_curve,direction_range_or_value_capture,commodities,curated_primary_literature,,physical balances|futures curve|CFTC|freight|weather,MAPPING_COMPLETE_SOURCE_ACQUISITION_REQUIRED,NOT_YET_EVALUATED_OR_ONLY_FAMILY_PROXY_TESTED,"acquire exact causal source, freeze implementation, then test",0.0,BLOCKED
CUR_COMMODITY_PHYSICAL_CURVE_TRANSPORT_BOTTLENECK,transport_bottleneck,commodity_physical_curve,direction_range_or_value_capture,commodities,curated_primary_literature,,physical balances|futures curve|CFTC|freight|weather,MAPPING_COMPLETE_SOURCE_ACQUISITION_REQUIRED,NOT_YET_EVALUATED_OR_ONLY_FAMILY_PROXY_TESTED,"acquire exact causal source, freeze implementation, then test",0.0,BLOCKED
CUR_COMMODITY_PHYSICAL_CURVE_STORAGE_CAPACITY_UTILIZATION,storage_capacity_utilization,commodity_physical_curve,direction_range_or_value_capture,commodities,curated_primary_literature,,physical balances|futures curve|CFTC|freight|weather,MAPPING_COMPLETE_SOURCE_ACQUISITION_REQUIRED,NOT_YET_EVALUATED_OR_ONLY_FAMILY_PROXY_TESTED,"acquire exact causal source, freeze implementation, then test",0.0,BLOCKED
CUR_COMMODITY_PHYSICAL_CURVE_REFINERY_UTILIZATION,refinery_utilization,commodity_physical_curve,direction_range_or_value_capture,commodities,curated_primary_literature,,physical balances|futures curve|CFTC|freight|weather,MAPPING_COMPLETE_SOURCE_ACQUISITION_REQUIRED,NOT_YET_EVALUATED_OR_ONLY_FAMILY_PROXY_TESTED,"acquire exact causal source, freeze implementation, then test",0.0,BLOCKED
CUR_COMMODITY_PHYSICAL_CURVE_CRACK_SPREAD,crack_spread,commodity_physical_curve,direction_range_or_value_capture,commodities,curated_primary_literature,,physical balances|futures curve|CFTC|freight|weather,MAPPING_COMPLETE_SOURCE_ACQUISITION_REQUIRED,NOT_YET_EVALUATED_OR_ONLY_FAMILY_PROXY_TESTED,"acquire exact causal source, freeze implementation, then test",0.0,BLOCKED
CUR_COMMODITY_PHYSICAL_CURVE_CALENDAR_SPREAD,calendar_spread,commodity_physical_curve,direction_range_or_value_capture,commodities,curated_primary_literature,,physical balances|futures curve|CFTC|freight|weather,MAPPING_COMPLETE_SOURCE_ACQUISITION_REQUIRED,NOT_YET_EVALUATED_OR_ONLY_FAMILY_PROXY_TESTED,"acquire exact causal source, freeze implementation, then test",0.0,BLOCKED
CUR_COMMODITY_PHYSICAL_CURVE_QUALITY_SPREAD,quality_spread,commodity_physical_curve,direction_range_or_value_capture,commodities,curated_primary_literature,,physical balances|futures curve|CFTC|freight|weather,MAPPING_COMPLETE_SOURCE_ACQUISITION_REQUIRED,NOT_YET_EVALUATED_OR_ONLY_FAMILY_PROXY_TESTED,"acquire exact causal source, freeze implementation, then test",0.0,BLOCKED
CUR_COMMODITY_PHYSICAL_CURVE_FREIGHT_RATE,freight_rate,commodity_physical_curve,direction_range_or_value_capture,commodities,curated_primary_literature,,physical balances|futures curve|CFTC|freight|weather,MAPPING_COMPLETE_SOURCE_ACQUISITION_REQUIRED,NOT_YET_EVALUATED_OR_ONLY_FAMILY_PROXY_TESTED,"acquire exact causal source, freeze implementation, then test",0.0,BLOCKED
CUR_COMMODITY_PHYSICAL_CURVE_WEATHER_DEMAND_SHOCK,weather_demand_shock,commodity_physical_curve,direction_range_or_value_capture,commodities,curated_primary_literature,,physical balances|futures curve|CFTC|freight|weather,MAPPING_COMPLETE_SOURCE_ACQUISITION_REQUIRED,NOT_YET_EVALUATED_OR_ONLY_FAMILY_PROXY_TESTED,"acquire exact causal source, freeze implementation, then test",0.0,BLOCKED
CUR_COMMODITY_PHYSICAL_CURVE_CROP_CONDITION,crop_condition,commodity_physical_curve,direction_range_or_value_capture,commodities,curated_primary_literature,,physical balances|futures curve|CFTC|freight|weather,MAPPING_COMPLETE_SOURCE_ACQUISITION_REQUIRED,NOT_YET_EVALUATED_OR_ONLY_FAMILY_PROXY_TESTED,"acquire exact causal source, freeze implementation, then test",0.0,BLOCKED
CUR_COMMODITY_PHYSICAL_CURVE_PLANTING_PROGRESS,planting_progress,commodity_physical_curve,direction_range_or_value_capture,commodities,curated_primary_literature,,physical balances|futures curve|CFTC|freight|weather,MAPPING_COMPLETE_SOURCE_ACQUISITION_REQUIRED,NOT_YET_EVALUATED_OR_ONLY_FAMILY_PROXY_TESTED,"acquire exact causal source, freeze implementation, then test",0.0,BLOCKED
CUR_COMMODITY_PHYSICAL_CURVE_HARVEST_PROGRESS,harvest_progress,commodity_physical_curve,direction_range_or_value_capture,commodities,curated_primary_literature,,physical balances|futures curve|CFTC|freight|weather,MAPPING_COMPLETE_SOURCE_ACQUISITION_REQUIRED,NOT_YET_EVALUATED_OR_ONLY_FAMILY_PROXY_TESTED,"acquire exact causal source, freeze implementation, then test",0.0,BLOCKED
CUR_COMMODITY_PHYSICAL_CURVE_MINE_SUPPLY_DISRUPTION,mine_supply_disruption,commodity_physical_curve,direction_range_or_value_capture,commodities,curated_primary_literature,,physical balances|futures curve|CFTC|freight|weather,MAPPING_COMPLETE_SOURCE_ACQUISITION_REQUIRED,NOT_YET_EVALUATED_OR_ONLY_FAMILY_PROXY_TESTED,"acquire exact causal source, freeze implementation, then test",0.0,BLOCKED
CUR_COMMODITY_PHYSICAL_CURVE_OPEC_COMPLIANCE,OPEC_compliance,commodity_physical_curve,direction_range_or_value_capture,commodities,curated_primary_literature,,physical balances|futures curve|CFTC|freight|weather,MAPPING_COMPLETE_SOURCE_ACQUISITION_REQUIRED,NOT_YET_EVALUATED_OR_ONLY_FAMILY_PROXY_TESTED,"acquire exact causal source, freeze implementation, then test",0.0,BLOCKED
CUR_COMMODITY_PHYSICAL_CURVE_SPARE_CAPACITY,spare_capacity,commodity_physical_curve,direction_range_or_value_capture,commodities,curated_primary_literature,,physical balances|futures curve|CFTC|freight|weather,MAPPING_COMPLETE_SOURCE_ACQUISITION_REQUIRED,NOT_YET_EVALUATED_OR_ONLY_FAMILY_PROXY_TESTED,"acquire exact causal source, freeze implementation, then test",0.0,BLOCKED
CUR_COMMODITY_PHYSICAL_CURVE_RIG_COUNT,rig_count,commodity_physical_curve,direction_range_or_value_capture,commodities,curated_primary_literature,,physical balances|futures curve|CFTC|freight|weather,MAPPING_COMPLETE_SOURCE_ACQUISITION_REQUIRED,NOT_YET_EVALUATED_OR_ONLY_FAMILY_PROXY_TESTED,"acquire exact causal source, freeze implementation, then test",0.0,BLOCKED
CUR_COMMODITY_PHYSICAL_CURVE_DECLINE_RATE,decline_rate,commodity_physical_curve,direction_range_or_value_capture,commodities,curated_primary_literature,,physical balances|futures curve|CFTC|freight|weather,MAPPING_COMPLETE_SOURCE_ACQUISITION_REQUIRED,NOT_YET_EVALUATED_OR_ONLY_FAMILY_PROXY_TESTED,"acquire exact causal source, freeze implementation, then test",0.0,BLOCKED
CUR_COMMODITY_PHYSICAL_CURVE_CAPEX_RESPONSE_LAG,capex_response_lag,commodity_physical_curve,direction_range_or_value_capture,commodities,curated_primary_literature,,physical balances|futures curve|CFTC|freight|weather,MAPPING_COMPLETE_SOURCE_ACQUISITION_REQUIRED,NOT_YET_EVALUATED_OR_ONLY_FAMILY_PROXY_TESTED,"acquire exact causal source, freeze implementation, then test",0.0,BLOCKED
CUR_COMMODITY_PHYSICAL_CURVE_SUBSTITUTION_ELASTICITY,substitution_elasticity,commodity_physical_curve,direction_range_or_value_capture,commodities,curated_primary_literature,,physical balances|futures curve|CFTC|freight|weather,MAPPING_COMPLETE_SOURCE_ACQUISITION_REQUIRED,NOT_YET_EVALUATED_OR_ONLY_FAMILY_PROXY_TESTED,"acquire exact causal source, freeze implementation, then test",0.0,BLOCKED
CUR_COMMODITY_PHYSICAL_CURVE_RECYCLING_RESPONSE,recycling_response,commodity_physical_curve,direction_range_or_value_capture,commodities,curated_primary_literature,,physical balances|futures curve|CFTC|freight|weather,MAPPING_COMPLETE_SOURCE_ACQUISITION_REQUIRED,NOT_YET_EVALUATED_OR_ONLY_FAMILY_PROXY_TESTED,"acquire exact causal source, freeze implementation, then test",0.0,BLOCKED
CUR_COMMODITY_PHYSICAL_CURVE_INVENTORY_FINANCING_COST,inventory_financing_cost,commodity_physical_curve,direction_range_or_value_capture,commodities,curated_primary_literature,,physical balances|futures curve|CFTC|freight|weather,MAPPING_COMPLETE_SOURCE_ACQUISITION_REQUIRED,NOT_YET_EVALUATED_OR_ONLY_FAMILY_PROXY_TESTED,"acquire exact causal source, freeze implementation, then test",0.0,BLOCKED
CUR_COMMODITY_PHYSICAL_CURVE_COMMODITY_CURRENCY_FEEDBACK,commodity_currency_feedback,commodity_physical_curve,direction_range_or_value_capture,commodities,curated_primary_literature,,physical balances|futures curve|CFTC|freight|weather,MAPPING_COMPLETE_SOURCE_ACQUISITION_REQUIRED,NOT_YET_EVALUATED_OR_ONLY_FAMILY_PROXY_TESTED,"acquire exact causal source, freeze implementation, then test",0.0,BLOCKED
CUR_COMMODITY_PHYSICAL_CURVE_CHINA_IMPORT_DEMAND,China_import_demand,commodity_physical_curve,direction_range_or_value_capture,commodities,curated_primary_literature,,physical balances|futures curve|CFTC|freight|weather,MAPPING_COMPLETE_SOURCE_ACQUISITION_REQUIRED,NOT_YET_EVALUATED_OR_ONLY_FAMILY_PROXY_TESTED,"acquire exact causal source, freeze implementation, then test",0.0,BLOCKED
CUR_COMMODITY_PHYSICAL_CURVE_TRADE_FLOW_REROUTING,trade_flow_rerouting,commodity_physical_curve,direction_range_or_value_capture,commodities,curated_primary_literature,,physical balances|futures curve|CFTC|freight|weather,MAPPING_COMPLETE_SOURCE_ACQUISITION_REQUIRED,NOT_YET_EVALUATED_OR_ONLY_FAMILY_PROXY_TESTED,"acquire exact causal source, freeze implementation, then test",0.0,BLOCKED
CUR_COMMODITY_PHYSICAL_CURVE_SANCTIONS_SHIPPING_INSURANCE,sanctions_shipping_insurance,commodity_physical_curve,direction_range_or_value_capture,commodities,curated_primary_literature,,physical balances|futures curve|CFTC|freight|weather,MAPPING_COMPLETE_SOURCE_ACQUISITION_REQUIRED,NOT_YET_EVALUATED_OR_ONLY_FAMILY_PROXY_TESTED,"acquire exact causal source, freeze implementation, then test",0.0,BLOCKED
CUR_COMMODITY_PHYSICAL_CURVE_BASIS_X_MOMENTUM,basis_x_momentum,commodity_physical_curve,direction_range_or_value_capture,commodities,curated_primary_literature,,physical balances|futures curve|CFTC|freight|weather,MAPPING_COMPLETE_SOURCE_ACQUISITION_REQUIRED,NOT_YET_EVALUATED_OR_ONLY_FAMILY_PROXY_TESTED,"acquire exact causal source, freeze implementation, then test",0.0,BLOCKED
CUR_COMMODITY_PHYSICAL_CURVE_INVENTORY_X_CURVE,inventory_x_curve,commodity_physical_curve,direction_range_or_value_capture,commodities,curated_primary_literature,,physical balances|futures curve|CFTC|freight|weather,MAPPING_COMPLETE_SOURCE_ACQUISITION_REQUIRED,NOT_YET_EVALUATED_OR_ONLY_FAMILY_PROXY_TESTED,"acquire exact causal source, freeze implementation, then test",0.0,BLOCKED
CUR_COMMODITY_PHYSICAL_CURVE_CURVE_X_POSITIONING,curve_x_positioning,commodity_physical_curve,direction_range_or_value_capture,commodities,curated_primary_literature,,physical balances|futures curve|CFTC|freight|weather,MAPPING_COMPLETE_SOURCE_ACQUISITION_REQUIRED,NOT_YET_EVALUATED_OR_ONLY_FAMILY_PROXY_TESTED,"acquire exact causal source, freeze implementation, then test",0.0,BLOCKED
CUR_FX_CARRY_VALUE_GLOBAL_DOLLAR_NOMINAL_CARRY,nominal_carry,fx_carry_value_global_dollar,direction_or_relative_value,FX,curated_primary_literature,,rates|spot/forward|macro balances|options|flows,MAPPING_COMPLETE_SOURCE_ACQUISITION_REQUIRED,NOT_YET_EVALUATED_OR_ONLY_FAMILY_PROXY_TESTED,"acquire exact causal source, freeze implementation, then test",0.0,BLOCKED
CUR_FX_CARRY_VALUE_GLOBAL_DOLLAR_REAL_CARRY,real_carry,fx_carry_value_global_dollar,direction_or_relative_value,FX,curated_primary_literature,,rates|spot/forward|macro balances|options|flows,MAPPING_COMPLETE_SOURCE_ACQUISITION_REQUIRED,NOT_YET_EVALUATED_OR_ONLY_FAMILY_PROXY_TESTED,"acquire exact causal source, freeze implementation, then test",0.0,BLOCKED
CUR_FX_CARRY_VALUE_GLOBAL_DOLLAR_FORWARD_DISCOUNT,forward_discount,fx_carry_value_global_dollar,direction_or_relative_value,FX,curated_primary_literature,,rates|spot/forward|macro balances|options|flows,MAPPING_COMPLETE_SOURCE_ACQUISITION_REQUIRED,NOT_YET_EVALUATED_OR_ONLY_FAMILY_PROXY_TESTED,"acquire exact causal source, freeze implementation, then test",0.0,BLOCKED
CUR_FX_CARRY_VALUE_GLOBAL_DOLLAR_PPP_VALUE,PPP_value,fx_carry_value_global_dollar,direction_or_relative_value,FX,curated_primary_literature,,rates|spot/forward|macro balances|options|flows,MAPPING_COMPLETE_SOURCE_ACQUISITION_REQUIRED,NOT_YET_EVALUATED_OR_ONLY_FAMILY_PROXY_TESTED,"acquire exact causal source, freeze implementation, then test",0.0,BLOCKED
CUR_FX_CARRY_VALUE_GLOBAL_DOLLAR_BEER_VALUE,BEER_value,fx_carry_value_global_dollar,direction_or_relative_value,FX,curated_primary_literature,,rates|spot/forward|macro balances|options|flows,MAPPING_COMPLETE_SOURCE_ACQUISITION_REQUIRED,NOT_YET_EVALUATED_OR_ONLY_FAMILY_PROXY_TESTED,"acquire exact causal source, freeze implementation, then test",0.0,BLOCKED
CUR_FX_CARRY_VALUE_GLOBAL_DOLLAR_FEER_VALUE,FEER_value,fx_carry_value_global_dollar,direction_or_relative_value,FX,curated_primary_literature,,rates|spot/forward|macro balances|options|flows,MAPPING_COMPLETE_SOURCE_ACQUISITION_REQUIRED,NOT_YET_EVALUATED_OR_ONLY_FAMILY_PROXY_TESTED,"acquire exact causal source, freeze implementation, then test",0.0,BLOCKED
CUR_FX_CARRY_VALUE_GLOBAL_DOLLAR_REAL_EXCHANGE_RATE_GAP,real_exchange_rate_gap,fx_carry_value_global_dollar,direction_or_relative_value,FX,curated_primary_literature,,rates|spot/forward|macro balances|options|flows,MAPPING_COMPLETE_SOURCE_ACQUISITION_REQUIRED,NOT_YET_EVALUATED_OR_ONLY_FAMILY_PROXY_TESTED,"acquire exact causal source, freeze implementation, then test",0.0,BLOCKED
CUR_FX_CARRY_VALUE_GLOBAL_DOLLAR_FX_MOMENTUM,FX_momentum,fx_carry_value_global_dollar,direction_or_relative_value,FX,curated_primary_literature,,rates|spot/forward|macro balances|options|flows,MAPPING_COMPLETE_SOURCE_ACQUISITION_REQUIRED,NOT_YET_EVALUATED_OR_ONLY_FAMILY_PROXY_TESTED,"acquire exact causal source, freeze implementation, then test",0.0,BLOCKED
CUR_FX_CARRY_VALUE_GLOBAL_DOLLAR_FX_REVERSAL,FX_reversal,fx_carry_value_global_dollar,direction_or_relative_value,FX,curated_primary_literature,,rates|spot/forward|macro balances|options|flows,MAPPING_COMPLETE_SOURCE_ACQUISITION_REQUIRED,NOT_YET_EVALUATED_OR_ONLY_FAMILY_PROXY_TESTED,"acquire exact causal source, freeze implementation, then test",0.0,BLOCKED
CUR_FX_CARRY_VALUE_GLOBAL_DOLLAR_DOLLAR_SMILE,dollar_smile,fx_carry_value_global_dollar,direction_or_relative_value,FX,curated_primary_literature,,rates|spot/forward|macro balances|options|flows,MAPPING_COMPLETE_SOURCE_ACQUISITION_REQUIRED,NOT_YET_EVALUATED_OR_ONLY_FAMILY_PROXY_TESTED,"acquire exact causal source, freeze implementation, then test",0.0,BLOCKED
CUR_FX_CARRY_VALUE_GLOBAL_DOLLAR_GLOBAL_DOLLAR_CYCLE,global_dollar_cycle,fx_carry_value_global_dollar,direction_or_relative_value,FX,curated_primary_literature,,rates|spot/forward|macro balances|options|flows,MAPPING_COMPLETE_SOURCE_ACQUISITION_REQUIRED,NOT_YET_EVALUATED_OR_ONLY_FAMILY_PROXY_TESTED,"acquire exact causal source, freeze implementation, then test",0.0,BLOCKED
CUR_FX_CARRY_VALUE_GLOBAL_DOLLAR_CROSS_CURRENCY_BASIS,cross_currency_basis,fx_carry_value_global_dollar,direction_or_relative_value,FX,curated_primary_literature,,rates|spot/forward|macro balances|options|flows,MAPPING_COMPLETE_SOURCE_ACQUISITION_REQUIRED,NOT_YET_EVALUATED_OR_ONLY_FAMILY_PROXY_TESTED,"acquire exact causal source, freeze implementation, then test",0.0,BLOCKED
CUR_FX_CARRY_VALUE_GLOBAL_DOLLAR_RESERVE_ADEQUACY,reserve_adequacy,fx_carry_value_global_dollar,direction_or_relative_value,FX,curated_primary_literature,,rates|spot/forward|macro balances|options|flows,MAPPING_COMPLETE_SOURCE_ACQUISITION_REQUIRED,NOT_YET_EVALUATED_OR_ONLY_FAMILY_PROXY_TESTED,"acquire exact causal source, freeze implementation, then test",0.0,BLOCKED
CUR_FX_CARRY_VALUE_GLOBAL_DOLLAR_EXTERNAL_DEBT_CURRENCY_MISMATCH,external_debt_currency_mismatch,fx_carry_value_global_dollar,direction_or_relative_value,FX,curated_primary_literature,,rates|spot/forward|macro balances|options|flows,MAPPING_COMPLETE_SOURCE_ACQUISITION_REQUIRED,NOT_YET_EVALUATED_OR_ONLY_FAMILY_PROXY_TESTED,"acquire exact causal source, freeze implementation, then test",0.0,BLOCKED
CUR_FX_CARRY_VALUE_GLOBAL_DOLLAR_CURRENT_ACCOUNT,current_account,fx_carry_value_global_dollar,direction_or_relative_value,FX,curated_primary_literature,,rates|spot/forward|macro balances|options|flows,MAPPING_COMPLETE_SOURCE_ACQUISITION_REQUIRED,NOT_YET_EVALUATED_OR_ONLY_FAMILY_PROXY_TESTED,"acquire exact causal source, freeze implementation, then test",0.0,BLOCKED
CUR_FX_CARRY_VALUE_GLOBAL_DOLLAR_TERMS_OF_TRADE,terms_of_trade,fx_carry_value_global_dollar,direction_or_relative_value,FX,curated_primary_literature,,rates|spot/forward|macro balances|options|flows,MAPPING_COMPLETE_SOURCE_ACQUISITION_REQUIRED,NOT_YET_EVALUATED_OR_ONLY_FAMILY_PROXY_TESTED,"acquire exact causal source, freeze implementation, then test",0.0,BLOCKED
CUR_FX_CARRY_VALUE_GLOBAL_DOLLAR_INTERVENTION_CAPACITY,intervention_capacity,fx_carry_value_global_dollar,direction_or_relative_value,FX,curated_primary_literature,,rates|spot/forward|macro balances|options|flows,MAPPING_COMPLETE_SOURCE_ACQUISITION_REQUIRED,NOT_YET_EVALUATED_OR_ONLY_FAMILY_PROXY_TESTED,"acquire exact causal source, freeze implementation, then test",0.0,BLOCKED
CUR_FX_CARRY_VALUE_GLOBAL_DOLLAR_RESERVE_CHANGE,reserve_change,fx_carry_value_global_dollar,direction_or_relative_value,FX,curated_primary_literature,,rates|spot/forward|macro balances|options|flows,MAPPING_COMPLETE_SOURCE_ACQUISITION_REQUIRED,NOT_YET_EVALUATED_OR_ONLY_FAMILY_PROXY_TESTED,"acquire exact causal source, freeze implementation, then test",0.0,BLOCKED
CUR_FX_CARRY_VALUE_GLOBAL_DOLLAR_POLICY_SURPRISE,policy_surprise,fx_carry_value_global_dollar,direction_or_relative_value,FX,curated_primary_literature,,rates|spot/forward|macro balances|options|flows,MAPPING_COMPLETE_SOURCE_ACQUISITION_REQUIRED,NOT_YET_EVALUATED_OR_ONLY_FAMILY_PROXY_TESTED,"acquire exact causal source, freeze implementation, then test",0.0,BLOCKED
CUR_FX_CARRY_VALUE_GLOBAL_DOLLAR_RATE_PATH_REVISION,rate_path_revision,fx_carry_value_global_dollar,direction_or_relative_value,FX,curated_primary_literature,,rates|spot/forward|macro balances|options|flows,MAPPING_COMPLETE_SOURCE_ACQUISITION_REQUIRED,NOT_YET_EVALUATED_OR_ONLY_FAMILY_PROXY_TESTED,"acquire exact causal source, freeze implementation, then test",0.0,BLOCKED
CUR_FX_CARRY_VALUE_GLOBAL_DOLLAR_RISK_REVERSAL,risk_reversal,fx_carry_value_global_dollar,direction_or_relative_value,FX,curated_primary_literature,,rates|spot/forward|macro balances|options|flows,MAPPING_COMPLETE_SOURCE_ACQUISITION_REQUIRED,NOT_YET_EVALUATED_OR_ONLY_FAMILY_PROXY_TESTED,"acquire exact causal source, freeze implementation, then test",0.0,BLOCKED
CUR_FX_CARRY_VALUE_GLOBAL_DOLLAR_VOL_SURFACE,vol_surface,fx_carry_value_global_dollar,direction_or_relative_value,FX,curated_primary_literature,,rates|spot/forward|macro balances|options|flows,MAPPING_COMPLETE_SOURCE_ACQUISITION_REQUIRED,NOT_YET_EVALUATED_OR_ONLY_FAMILY_PROXY_TESTED,"acquire exact causal source, freeze implementation, then test",0.0,BLOCKED
CUR_FX_CARRY_VALUE_GLOBAL_DOLLAR_CARRY_X_GLOBAL_RISK,carry_x_global_risk,fx_carry_value_global_dollar,direction_or_relative_value,FX,curated_primary_literature,,rates|spot/forward|macro balances|options|flows,MAPPING_COMPLETE_SOURCE_ACQUISITION_REQUIRED,NOT_YET_EVALUATED_OR_ONLY_FAMILY_PROXY_TESTED,"acquire exact causal source, freeze implementation, then test",0.0,BLOCKED
CUR_FX_CARRY_VALUE_GLOBAL_DOLLAR_CARRY_X_VALUE,carry_x_value,fx_carry_value_global_dollar,direction_or_relative_value,FX,curated_primary_literature,,rates|spot/forward|macro balances|options|flows,MAPPING_COMPLETE_SOURCE_ACQUISITION_REQUIRED,NOT_YET_EVALUATED_OR_ONLY_FAMILY_PROXY_TESTED,"acquire exact causal source, freeze implementation, then test",0.0,BLOCKED
CUR_FX_CARRY_VALUE_GLOBAL_DOLLAR_CARRY_X_MOMENTUM,carry_x_momentum,fx_carry_value_global_dollar,direction_or_relative_value,FX,curated_primary_literature,,rates|spot/forward|macro balances|options|flows,MAPPING_COMPLETE_SOURCE_ACQUISITION_REQUIRED,NOT_YET_EVALUATED_OR_ONLY_FAMILY_PROXY_TESTED,"acquire exact causal source, freeze implementation, then test",0.0,BLOCKED
CUR_FX_CARRY_VALUE_GLOBAL_DOLLAR_COMMODITY_CURRENCY,commodity_currency,fx_carry_value_global_dollar,direction_or_relative_value,FX,curated_primary_literature,,rates|spot/forward|macro balances|options|flows,MAPPING_COMPLETE_SOURCE_ACQUISITION_REQUIRED,NOT_YET_EVALUATED_OR_ONLY_FAMILY_PROXY_TESTED,"acquire exact causal source, freeze implementation, then test",0.0,BLOCKED
CUR_FX_CARRY_VALUE_GLOBAL_DOLLAR_CAPITAL_FLOW_PRESSURE,capital_flow_pressure,fx_carry_value_global_dollar,direction_or_relative_value,FX,curated_primary_literature,,rates|spot/forward|macro balances|options|flows,MAPPING_COMPLETE_SOURCE_ACQUISITION_REQUIRED,NOT_YET_EVALUATED_OR_ONLY_FAMILY_PROXY_TESTED,"acquire exact causal source, freeze implementation, then test",0.0,BLOCKED
CUR_FX_CARRY_VALUE_GLOBAL_DOLLAR_BALANCE_OF_PAYMENTS_PRESSURE,balance_of_payments_pressure,fx_carry_value_global_dollar,direction_or_relative_value,FX,curated_primary_literature,,rates|spot/forward|macro balances|options|flows,MAPPING_COMPLETE_SOURCE_ACQUISITION_REQUIRED,NOT_YET_EVALUATED_OR_ONLY_FAMILY_PROXY_TESTED,"acquire exact causal source, freeze implementation, then test",0.0,BLOCKED
CUR_FX_CARRY_VALUE_GLOBAL_DOLLAR_NDF_ONSHORE_BASIS,NDF_onshore_basis,fx_carry_value_global_dollar,direction_or_relative_value,FX,curated_primary_literature,,rates|spot/forward|macro balances|options|flows,MAPPING_COMPLETE_SOURCE_ACQUISITION_REQUIRED,NOT_YET_EVALUATED_OR_ONLY_FAMILY_PROXY_TESTED,"acquire exact causal source, freeze implementation, then test",0.0,BLOCKED
CUR_FX_CARRY_VALUE_GLOBAL_DOLLAR_FX_LIQUIDITY,FX_liquidity,fx_carry_value_global_dollar,direction_or_relative_value,FX,curated_primary_literature,,rates|spot/forward|macro balances|options|flows,MAPPING_COMPLETE_SOURCE_ACQUISITION_REQUIRED,NOT_YET_EVALUATED_OR_ONLY_FAMILY_PROXY_TESTED,"acquire exact causal source, freeze implementation, then test",0.0,BLOCKED
CUR_FX_CARRY_VALUE_GLOBAL_DOLLAR_FIXING_PRESSURE,fixing_pressure,fx_carry_value_global_dollar,direction_or_relative_value,FX,curated_primary_literature,,rates|spot/forward|macro balances|options|flows,MAPPING_COMPLETE_SOURCE_ACQUISITION_REQUIRED,NOT_YET_EVALUATED_OR_ONLY_FAMILY_PROXY_TESTED,"acquire exact causal source, freeze implementation, then test",0.0,BLOCKED
CUR_FX_CARRY_VALUE_GLOBAL_DOLLAR_MONTH_END_REBALANCE,month_end_rebalance,fx_carry_value_global_dollar,direction_or_relative_value,FX,curated_primary_literature,,rates|spot/forward|macro balances|options|flows,MAPPING_COMPLETE_SOURCE_ACQUISITION_REQUIRED,NOT_YET_EVALUATED_OR_ONLY_FAMILY_PROXY_TESTED,"acquire exact causal source, freeze implementation, then test",0.0,BLOCKED
CUR_FX_CARRY_VALUE_GLOBAL_DOLLAR_DEALER_POSITIONING,dealer_positioning,fx_carry_value_global_dollar,direction_or_relative_value,FX,curated_primary_literature,,rates|spot/forward|macro balances|options|flows,MAPPING_COMPLETE_SOURCE_ACQUISITION_REQUIRED,NOT_YET_EVALUATED_OR_ONLY_FAMILY_PROXY_TESTED,"acquire exact causal source, freeze implementation, then test",0.0,BLOCKED
CUR_FX_CARRY_VALUE_GLOBAL_DOLLAR_CTA_POSITIONING,CTA_positioning,fx_carry_value_global_dollar,direction_or_relative_value,FX,curated_primary_literature,,rates|spot/forward|macro balances|options|flows,MAPPING_COMPLETE_SOURCE_ACQUISITION_REQUIRED,NOT_YET_EVALUATED_OR_ONLY_FAMILY_PROXY_TESTED,"acquire exact causal source, freeze implementation, then test",0.0,BLOCKED
CUR_FX_CARRY_VALUE_GLOBAL_DOLLAR_PPP_PLACEBO_SHORT_HORIZON,PPP_placebo_short_horizon,fx_carry_value_global_dollar,direction_or_relative_value,FX,curated_primary_literature,,rates|spot/forward|macro balances|options|flows,MAPPING_COMPLETE_SOURCE_ACQUISITION_REQUIRED,NOT_YET_EVALUATED_OR_ONLY_FAMILY_PROXY_TESTED,"acquire exact causal source, freeze implementation, then test",0.0,BLOCKED
CUR_CRYPTO_MARKET_STRUCTURE_STABLECOIN_SUPPLY_GROWTH,stablecoin_supply_growth,crypto_market_structure,direction_transmission_or_value_capture,crypto,curated_primary_literature,,onchain|exchange|derivatives|protocol fundamentals,MAPPING_COMPLETE_SOURCE_ACQUISITION_REQUIRED,NOT_YET_EVALUATED_OR_ONLY_FAMILY_PROXY_TESTED,"acquire exact causal source, freeze implementation, then test",0.0,BLOCKED
CUR_CRYPTO_MARKET_STRUCTURE_STABLECOIN_NET_ISSUANCE,stablecoin_net_issuance,crypto_market_structure,direction_transmission_or_value_capture,crypto,curated_primary_literature,,onchain|exchange|derivatives|protocol fundamentals,MAPPING_COMPLETE_SOURCE_ACQUISITION_REQUIRED,NOT_YET_EVALUATED_OR_ONLY_FAMILY_PROXY_TESTED,"acquire exact causal source, freeze implementation, then test",0.0,BLOCKED
CUR_CRYPTO_MARKET_STRUCTURE_STABLECOIN_EXCHANGE_FLOW,stablecoin_exchange_flow,crypto_market_structure,direction_transmission_or_value_capture,crypto,curated_primary_literature,,onchain|exchange|derivatives|protocol fundamentals,MAPPING_COMPLETE_SOURCE_ACQUISITION_REQUIRED,NOT_YET_EVALUATED_OR_ONLY_FAMILY_PROXY_TESTED,"acquire exact causal source, freeze implementation, then test",0.0,BLOCKED
CUR_CRYPTO_MARKET_STRUCTURE_PERP_FUNDING,perp_funding,crypto_market_structure,direction_transmission_or_value_capture,crypto,curated_primary_literature,,onchain|exchange|derivatives|protocol fundamentals,MAPPING_COMPLETE_SOURCE_ACQUISITION_REQUIRED,NOT_YET_EVALUATED_OR_ONLY_FAMILY_PROXY_TESTED,"acquire exact causal source, freeze implementation, then test",0.0,BLOCKED
CUR_CRYPTO_MARKET_STRUCTURE_PERP_BASIS,perp_basis,crypto_market_structure,direction_transmission_or_value_capture,crypto,curated_primary_literature,,onchain|exchange|derivatives|protocol fundamentals,MAPPING_COMPLETE_SOURCE_ACQUISITION_REQUIRED,NOT_YET_EVALUATED_OR_ONLY_FAMILY_PROXY_TESTED,"acquire exact causal source, freeze implementation, then test",0.0,BLOCKED
CUR_CRYPTO_MARKET_STRUCTURE_OPEN_INTEREST,open_interest,crypto_market_structure,direction_transmission_or_value_capture,crypto,curated_primary_literature,,onchain|exchange|derivatives|protocol fundamentals,MAPPING_COMPLETE_SOURCE_ACQUISITION_REQUIRED,NOT_YET_EVALUATED_OR_ONLY_FAMILY_PROXY_TESTED,"acquire exact causal source, freeze implementation, then test",0.0,BLOCKED
CUR_CRYPTO_MARKET_STRUCTURE_LIQUIDATION_DENSITY,liquidation_density,crypto_market_structure,direction_transmission_or_value_capture,crypto,curated_primary_literature,,onchain|exchange|derivatives|protocol fundamentals,MAPPING_COMPLETE_SOURCE_ACQUISITION_REQUIRED,NOT_YET_EVALUATED_OR_ONLY_FAMILY_PROXY_TESTED,"acquire exact causal source, freeze implementation, then test",0.0,BLOCKED
CUR_CRYPTO_MARKET_STRUCTURE_LIQUIDATION_CASCADE_RISK,liquidation_cascade_risk,crypto_market_structure,direction_transmission_or_value_capture,crypto,curated_primary_literature,,onchain|exchange|derivatives|protocol fundamentals,MAPPING_COMPLETE_SOURCE_ACQUISITION_REQUIRED,NOT_YET_EVALUATED_OR_ONLY_FAMILY_PROXY_TESTED,"acquire exact causal source, freeze implementation, then test",0.0,BLOCKED
CUR_CRYPTO_MARKET_STRUCTURE_COLLATERAL_QUALITY,collateral_quality,crypto_market_structure,direction_transmission_or_value_capture,crypto,curated_primary_literature,,onchain|exchange|derivatives|protocol fundamentals,MAPPING_COMPLETE_SOURCE_ACQUISITION_REQUIRED,NOT_YET_EVALUATED_OR_ONLY_FAMILY_PROXY_TESTED,"acquire exact causal source, freeze implementation, then test",0.0,BLOCKED
CUR_CRYPTO_MARKET_STRUCTURE_EXCHANGE_RESERVE,exchange_reserve,crypto_market_structure,direction_transmission_or_value_capture,crypto,curated_primary_literature,,onchain|exchange|derivatives|protocol fundamentals,MAPPING_COMPLETE_SOURCE_ACQUISITION_REQUIRED,NOT_YET_EVALUATED_OR_ONLY_FAMILY_PROXY_TESTED,"acquire exact causal source, freeze implementation, then test",0.0,BLOCKED
CUR_CRYPTO_MARKET_STRUCTURE_ETF_SPOT_FLOW,ETF_spot_flow,crypto_market_structure,direction_transmission_or_value_capture,crypto,curated_primary_literature,,onchain|exchange|derivatives|protocol fundamentals,MAPPING_COMPLETE_SOURCE_ACQUISITION_REQUIRED,NOT_YET_EVALUATED_OR_ONLY_FAMILY_PROXY_TESTED,"acquire exact causal source, freeze implementation, then test",0.0,BLOCKED
CUR_CRYPTO_MARKET_STRUCTURE_ONCHAIN_ACTIVE_VALUE,onchain_active_value,crypto_market_structure,direction_transmission_or_value_capture,crypto,curated_primary_literature,,onchain|exchange|derivatives|protocol fundamentals,MAPPING_COMPLETE_SOURCE_ACQUISITION_REQUIRED,NOT_YET_EVALUATED_OR_ONLY_FAMILY_PROXY_TESTED,"acquire exact causal source, freeze implementation, then test",0.0,BLOCKED
CUR_CRYPTO_MARKET_STRUCTURE_REALIZED_CAP,realized_cap,crypto_market_structure,direction_transmission_or_value_capture,crypto,curated_primary_literature,,onchain|exchange|derivatives|protocol fundamentals,MAPPING_COMPLETE_SOURCE_ACQUISITION_REQUIRED,NOT_YET_EVALUATED_OR_ONLY_FAMILY_PROXY_TESTED,"acquire exact causal source, freeze implementation, then test",0.0,BLOCKED
CUR_CRYPTO_MARKET_STRUCTURE_MVRV,MVRV,crypto_market_structure,direction_transmission_or_value_capture,crypto,curated_primary_literature,,onchain|exchange|derivatives|protocol fundamentals,MAPPING_COMPLETE_SOURCE_ACQUISITION_REQUIRED,NOT_YET_EVALUATED_OR_ONLY_FAMILY_PROXY_TESTED,"acquire exact causal source, freeze implementation, then test",0.0,BLOCKED
CUR_CRYPTO_MARKET_STRUCTURE_SOPR,SOPR,crypto_market_structure,direction_transmission_or_value_capture,crypto,curated_primary_literature,,onchain|exchange|derivatives|protocol fundamentals,MAPPING_COMPLETE_SOURCE_ACQUISITION_REQUIRED,NOT_YET_EVALUATED_OR_ONLY_FAMILY_PROXY_TESTED,"acquire exact causal source, freeze implementation, then test",0.0,BLOCKED
CUR_CRYPTO_MARKET_STRUCTURE_SPENT_OUTPUT_AGE,spent_output_age,crypto_market_structure,direction_transmission_or_value_capture,crypto,curated_primary_literature,,onchain|exchange|derivatives|protocol fundamentals,MAPPING_COMPLETE_SOURCE_ACQUISITION_REQUIRED,NOT_YET_EVALUATED_OR_ONLY_FAMILY_PROXY_TESTED,"acquire exact causal source, freeze implementation, then test",0.0,BLOCKED
CUR_CRYPTO_MARKET_STRUCTURE_MINER_REVENUE_STRESS,miner_revenue_stress,crypto_market_structure,direction_transmission_or_value_capture,crypto,curated_primary_literature,,onchain|exchange|derivatives|protocol fundamentals,MAPPING_COMPLETE_SOURCE_ACQUISITION_REQUIRED,NOT_YET_EVALUATED_OR_ONLY_FAMILY_PROXY_TESTED,"acquire exact causal source, freeze implementation, then test",0.0,BLOCKED
CUR_CRYPTO_MARKET_STRUCTURE_STAKING_UNLOCK,staking_unlock,crypto_market_structure,direction_transmission_or_value_capture,crypto,curated_primary_literature,,onchain|exchange|derivatives|protocol fundamentals,MAPPING_COMPLETE_SOURCE_ACQUISITION_REQUIRED,NOT_YET_EVALUATED_OR_ONLY_FAMILY_PROXY_TESTED,"acquire exact causal source, freeze implementation, then test",0.0,BLOCKED
CUR_CRYPTO_MARKET_STRUCTURE_TOKEN_EMISSION,token_emission,crypto_market_structure,direction_transmission_or_value_capture,crypto,curated_primary_literature,,onchain|exchange|derivatives|protocol fundamentals,MAPPING_COMPLETE_SOURCE_ACQUISITION_REQUIRED,NOT_YET_EVALUATED_OR_ONLY_FAMILY_PROXY_TESTED,"acquire exact causal source, freeze implementation, then test",0.0,BLOCKED
CUR_CRYPTO_MARKET_STRUCTURE_PROTOCOL_FEE_CAPTURE,protocol_fee_capture,crypto_market_structure,direction_transmission_or_value_capture,crypto,curated_primary_literature,,onchain|exchange|derivatives|protocol fundamentals,MAPPING_COMPLETE_SOURCE_ACQUISITION_REQUIRED,NOT_YET_EVALUATED_OR_ONLY_FAMILY_PROXY_TESTED,"acquire exact causal source, freeze implementation, then test",0.0,BLOCKED
CUR_CRYPTO_MARKET_STRUCTURE_REAL_YIELD,real_yield,crypto_market_structure,direction_transmission_or_value_capture,crypto,curated_primary_literature,,onchain|exchange|derivatives|protocol fundamentals,MAPPING_COMPLETE_SOURCE_ACQUISITION_REQUIRED,NOT_YET_EVALUATED_OR_ONLY_FAMILY_PROXY_TESTED,"acquire exact causal source, freeze implementation, then test",0.0,BLOCKED
CUR_CRYPTO_MARKET_STRUCTURE_BRIDGE_FLOW,bridge_flow,crypto_market_structure,direction_transmission_or_value_capture,crypto,curated_primary_literature,,onchain|exchange|derivatives|protocol fundamentals,MAPPING_COMPLETE_SOURCE_ACQUISITION_REQUIRED,NOT_YET_EVALUATED_OR_ONLY_FAMILY_PROXY_TESTED,"acquire exact causal source, freeze implementation, then test",0.0,BLOCKED
CUR_CRYPTO_MARKET_STRUCTURE_CROSS_CHAIN_FLOW,cross_chain_flow,crypto_market_structure,direction_transmission_or_value_capture,crypto,curated_primary_literature,,onchain|exchange|derivatives|protocol fundamentals,MAPPING_COMPLETE_SOURCE_ACQUISITION_REQUIRED,NOT_YET_EVALUATED_OR_ONLY_FAMILY_PROXY_TESTED,"acquire exact causal source, freeze implementation, then test",0.0,BLOCKED
CUR_CRYPTO_MARKET_STRUCTURE_DEVELOPER_ACTIVITY,developer_activity,crypto_market_structure,direction_transmission_or_value_capture,crypto,curated_primary_literature,,onchain|exchange|derivatives|protocol fundamentals,MAPPING_COMPLETE_SOURCE_ACQUISITION_REQUIRED,NOT_YET_EVALUATED_OR_ONLY_FAMILY_PROXY_TESTED,"acquire exact causal source, freeze implementation, then test",0.0,BLOCKED
CUR_CRYPTO_MARKET_STRUCTURE_GOVERNANCE_CAPTURE,governance_capture,crypto_market_structure,direction_transmission_or_value_capture,crypto,curated_primary_literature,,onchain|exchange|derivatives|protocol fundamentals,MAPPING_COMPLETE_SOURCE_ACQUISITION_REQUIRED,NOT_YET_EVALUATED_OR_ONLY_FAMILY_PROXY_TESTED,"acquire exact causal source, freeze implementation, then test",0.0,BLOCKED
CUR_CRYPTO_MARKET_STRUCTURE_WHALE_CONCENTRATION,whale_concentration,crypto_market_structure,direction_transmission_or_value_capture,crypto,curated_primary_literature,,onchain|exchange|derivatives|protocol fundamentals,MAPPING_COMPLETE_SOURCE_ACQUISITION_REQUIRED,NOT_YET_EVALUATED_OR_ONLY_FAMILY_PROXY_TESTED,"acquire exact causal source, freeze implementation, then test",0.0,BLOCKED
CUR_CRYPTO_MARKET_STRUCTURE_HOLDER_COHORT_FLOW,holder_cohort_flow,crypto_market_structure,direction_transmission_or_value_capture,crypto,curated_primary_literature,,onchain|exchange|derivatives|protocol fundamentals,MAPPING_COMPLETE_SOURCE_ACQUISITION_REQUIRED,NOT_YET_EVALUATED_OR_ONLY_FAMILY_PROXY_TESTED,"acquire exact causal source, freeze implementation, then test",0.0,BLOCKED
CUR_CRYPTO_MARKET_STRUCTURE_DEX_CEX_BASIS,DEX_CEX_basis,crypto_market_structure,direction_transmission_or_value_capture,crypto,curated_primary_literature,,onchain|exchange|derivatives|protocol fundamentals,MAPPING_COMPLETE_SOURCE_ACQUISITION_REQUIRED,NOT_YET_EVALUATED_OR_ONLY_FAMILY_PROXY_TESTED,"acquire exact causal source, freeze implementation, then test",0.0,BLOCKED
CUR_CRYPTO_MARKET_STRUCTURE_AMM_LIQUIDITY_DEPTH,AMM_liquidity_depth,crypto_market_structure,direction_transmission_or_value_capture,crypto,curated_primary_literature,,onchain|exchange|derivatives|protocol fundamentals,MAPPING_COMPLETE_SOURCE_ACQUISITION_REQUIRED,NOT_YET_EVALUATED_OR_ONLY_FAMILY_PROXY_TESTED,"acquire exact causal source, freeze implementation, then test",0.0,BLOCKED
CUR_CRYPTO_MARKET_STRUCTURE_DLMM_FEE_TO_IL,DLMM_fee_to_IL,crypto_market_structure,direction_transmission_or_value_capture,crypto,curated_primary_literature,,onchain|exchange|derivatives|protocol fundamentals,MAPPING_COMPLETE_SOURCE_ACQUISITION_REQUIRED,NOT_YET_EVALUATED_OR_ONLY_FAMILY_PROXY_TESTED,"acquire exact causal source, freeze implementation, then test",0.0,BLOCKED
CUR_CRYPTO_MARKET_STRUCTURE_IMPERMANENT_LOSS_REGIME,impermanent_loss_regime,crypto_market_structure,direction_transmission_or_value_capture,crypto,curated_primary_literature,,onchain|exchange|derivatives|protocol fundamentals,MAPPING_COMPLETE_SOURCE_ACQUISITION_REQUIRED,NOT_YET_EVALUATED_OR_ONLY_FAMILY_PROXY_TESTED,"acquire exact causal source, freeze implementation, then test",0.0,BLOCKED
CUR_CRYPTO_MARKET_STRUCTURE_MEV_PRESSURE,MEV_pressure,crypto_market_structure,direction_transmission_or_value_capture,crypto,curated_primary_literature,,onchain|exchange|derivatives|protocol fundamentals,MAPPING_COMPLETE_SOURCE_ACQUISITION_REQUIRED,NOT_YET_EVALUATED_OR_ONLY_FAMILY_PROXY_TESTED,"acquire exact causal source, freeze implementation, then test",0.0,BLOCKED
CUR_CRYPTO_MARKET_STRUCTURE_ORACLE_RISK,oracle_risk,crypto_market_structure,direction_transmission_or_value_capture,crypto,curated_primary_literature,,onchain|exchange|derivatives|protocol fundamentals,MAPPING_COMPLETE_SOURCE_ACQUISITION_REQUIRED,NOT_YET_EVALUATED_OR_ONLY_FAMILY_PROXY_TESTED,"acquire exact causal source, freeze implementation, then test",0.0,BLOCKED
CUR_CRYPTO_MARKET_STRUCTURE_SMART_CONTRACT_EXPLOIT_RISK,smart_contract_exploit_risk,crypto_market_structure,direction_transmission_or_value_capture,crypto,curated_primary_literature,,onchain|exchange|derivatives|protocol fundamentals,MAPPING_COMPLETE_SOURCE_ACQUISITION_REQUIRED,NOT_YET_EVALUATED_OR_ONLY_FAMILY_PROXY_TESTED,"acquire exact causal source, freeze implementation, then test",0.0,BLOCKED
CUR_CRYPTO_MARKET_STRUCTURE_VENUE_FRAGMENTATION,venue_fragmentation,crypto_market_structure,direction_transmission_or_value_capture,crypto,curated_primary_literature,,onchain|exchange|derivatives|protocol fundamentals,MAPPING_COMPLETE_SOURCE_ACQUISITION_REQUIRED,NOT_YET_EVALUATED_OR_ONLY_FAMILY_PROXY_TESTED,"acquire exact causal source, freeze implementation, then test",0.0,BLOCKED
CUR_CRYPTO_MARKET_STRUCTURE_FUNDING_X_LIQUIDATION,funding_x_liquidation,crypto_market_structure,direction_transmission_or_value_capture,crypto,curated_primary_literature,,onchain|exchange|derivatives|protocol fundamentals,MAPPING_COMPLETE_SOURCE_ACQUISITION_REQUIRED,NOT_YET_EVALUATED_OR_ONLY_FAMILY_PROXY_TESTED,"acquire exact causal source, freeze implementation, then test",0.0,BLOCKED
CUR_CRYPTO_MARKET_STRUCTURE_BASIS_X_FLOW,basis_x_flow,crypto_market_structure,direction_transmission_or_value_capture,crypto,curated_primary_literature,,onchain|exchange|derivatives|protocol fundamentals,MAPPING_COMPLETE_SOURCE_ACQUISITION_REQUIRED,NOT_YET_EVALUATED_OR_ONLY_FAMILY_PROXY_TESTED,"acquire exact causal source, freeze implementation, then test",0.0,BLOCKED
CUR_CRYPTO_MARKET_STRUCTURE_NARRATIVE_ATTENTION,narrative_attention,crypto_market_structure,direction_transmission_or_value_capture,crypto,curated_primary_literature,,onchain|exchange|derivatives|protocol fundamentals,MAPPING_COMPLETE_SOURCE_ACQUISITION_REQUIRED,NOT_YET_EVALUATED_OR_ONLY_FAMILY_PROXY_TESTED,"acquire exact causal source, freeze implementation, then test",0.0,BLOCKED
CUR_CRYPTO_MARKET_STRUCTURE_SOCIAL_VELOCITY,social_velocity,crypto_market_structure,direction_transmission_or_value_capture,crypto,curated_primary_literature,,onchain|exchange|derivatives|protocol fundamentals,MAPPING_COMPLETE_SOURCE_ACQUISITION_REQUIRED,NOT_YET_EVALUATED_OR_ONLY_FAMILY_PROXY_TESTED,"acquire exact causal source, freeze implementation, then test",0.0,BLOCKED
CUR_CRYPTO_MARKET_STRUCTURE_TOKEN_UNLOCK_SUPPLY,token_unlock_supply,crypto_market_structure,direction_transmission_or_value_capture,crypto,curated_primary_literature,,onchain|exchange|derivatives|protocol fundamentals,MAPPING_COMPLETE_SOURCE_ACQUISITION_REQUIRED,NOT_YET_EVALUATED_OR_ONLY_FAMILY_PROXY_TESTED,"acquire exact causal source, freeze implementation, then test",0.0,BLOCKED
CUR_CRYPTO_MARKET_STRUCTURE_AIRDROP_FARMING_PRESSURE,airdrop_farming_pressure,crypto_market_structure,direction_transmission_or_value_capture,crypto,curated_primary_literature,,onchain|exchange|derivatives|protocol fundamentals,MAPPING_COMPLETE_SOURCE_ACQUISITION_REQUIRED,NOT_YET_EVALUATED_OR_ONLY_FAMILY_PROXY_TESTED,"acquire exact causal source, freeze implementation, then test",0.0,BLOCKED
CUR_CRYPTO_MARKET_STRUCTURE_PROTOCOL_RESOURCE_BOTTLENECK,protocol_resource_bottleneck,crypto_market_structure,direction_transmission_or_value_capture,crypto,curated_primary_literature,,onchain|exchange|derivatives|protocol fundamentals,MAPPING_COMPLETE_SOURCE_ACQUISITION_REQUIRED,NOT_YET_EVALUATED_OR_ONLY_FAMILY_PROXY_TESTED,"acquire exact causal source, freeze implementation, then test",0.0,BLOCKED
CUR_CRYPTO_MARKET_STRUCTURE_SEQUENCER_VALUE_CAPTURE,sequencer_value_capture,crypto_market_structure,direction_transmission_or_value_capture,crypto,curated_primary_literature,,onchain|exchange|derivatives|protocol fundamentals,MAPPING_COMPLETE_SOURCE_ACQUISITION_REQUIRED,NOT_YET_EVALUATED_OR_ONLY_FAMILY_PROXY_TESTED,"acquire exact causal source, freeze implementation, then test",0.0,BLOCKED
CUR_CRYPTO_MARKET_STRUCTURE_BLOBSPACE_DEMAND,blobspace_demand,crypto_market_structure,direction_transmission_or_value_capture,crypto,curated_primary_literature,,onchain|exchange|derivatives|protocol fundamentals,MAPPING_COMPLETE_SOURCE_ACQUISITION_REQUIRED,NOT_YET_EVALUATED_OR_ONLY_FAMILY_PROXY_TESTED,"acquire exact causal source, freeze implementation, then test",0.0,BLOCKED
CUR_CRYPTO_MARKET_STRUCTURE_GAS_FEE_CONGESTION,gas_fee_congestion,crypto_market_structure,direction_transmission_or_value_capture,crypto,curated_primary_literature,,onchain|exchange|derivatives|protocol fundamentals,MAPPING_COMPLETE_SOURCE_ACQUISITION_REQUIRED,NOT_YET_EVALUATED_OR_ONLY_FAMILY_PROXY_TESTED,"acquire exact causal source, freeze implementation, then test",0.0,BLOCKED
CUR_CRYPTO_MARKET_STRUCTURE_GROSS_OI_GEX_CRYPTO_PLACEBO,gross_OI_GEX_crypto_placebo,crypto_market_structure,direction_transmission_or_value_capture,crypto,curated_primary_literature,,onchain|exchange|derivatives|protocol fundamentals,MAPPING_COMPLETE_SOURCE_ACQUISITION_REQUIRED,NOT_YET_EVALUATED_OR_ONLY_FAMILY_PROXY_TESTED,"acquire exact causal source, freeze implementation, then test",0.0,BLOCKED
CUR_SUPPLY_CHAIN_NETWORK_BOTTLENECK_INPUT_OUTPUT_CENTRALITY,input_output_centrality,supply_chain_network_bottleneck,transmission_or_value_capture,equities|commodities|macro,curated_primary_literature,,input-output tables|company supply chain|capacity|orders|shipping,MAPPING_COMPLETE_SOURCE_ACQUISITION_REQUIRED,NOT_YET_EVALUATED_OR_ONLY_FAMILY_PROXY_TESTED,"acquire exact causal source, freeze implementation, then test",0.0,BLOCKED
CUR_SUPPLY_CHAIN_NETWORK_BOTTLENECK_SUPPLIER_CUSTOMER_RETURN_SPILLOVER,supplier_customer_return_spillover,supply_chain_network_bottleneck,transmission_or_value_capture,equities|commodities|macro,curated_primary_literature,,input-output tables|company supply chain|capacity|orders|shipping,MAPPING_COMPLETE_SOURCE_ACQUISITION_REQUIRED,NOT_YET_EVALUATED_OR_ONLY_FAMILY_PROXY_TESTED,"acquire exact causal source, freeze implementation, then test",0.0,BLOCKED
CUR_SUPPLY_CHAIN_NETWORK_BOTTLENECK_SINGLE_SOURCE_DEPENDENCY,single_source_dependency,supply_chain_network_bottleneck,transmission_or_value_capture,equities|commodities|macro,curated_primary_literature,,input-output tables|company supply chain|capacity|orders|shipping,MAPPING_COMPLETE_SOURCE_ACQUISITION_REQUIRED,NOT_YET_EVALUATED_OR_ONLY_FAMILY_PROXY_TESTED,"acquire exact causal source, freeze implementation, then test",0.0,BLOCKED
CUR_SUPPLY_CHAIN_NETWORK_BOTTLENECK_QUALIFICATION_BOTTLENECK,qualification_bottleneck,supply_chain_network_bottleneck,transmission_or_value_capture,equities|commodities|macro,curated_primary_literature,,input-output tables|company supply chain|capacity|orders|shipping,MAPPING_COMPLETE_SOURCE_ACQUISITION_REQUIRED,NOT_YET_EVALUATED_OR_ONLY_FAMILY_PROXY_TESTED,"acquire exact causal source, freeze implementation, then test",0.0,BLOCKED
CUR_SUPPLY_CHAIN_NETWORK_BOTTLENECK_LEAD_TIME_EXTENSION,lead_time_extension,supply_chain_network_bottleneck,transmission_or_value_capture,equities|commodities|macro,curated_primary_literature,,input-output tables|company supply chain|capacity|orders|shipping,MAPPING_COMPLETE_SOURCE_ACQUISITION_REQUIRED,NOT_YET_EVALUATED_OR_ONLY_FAMILY_PROXY_TESTED,"acquire exact causal source, freeze implementation, then test",0.0,BLOCKED
CUR_SUPPLY_CHAIN_NETWORK_BOTTLENECK_CAPACITY_UTILIZATION,capacity_utilization,supply_chain_network_bottleneck,transmission_or_value_capture,equities|commodities|macro,curated_primary_literature,,input-output tables|company supply chain|capacity|orders|shipping,MAPPING_COMPLETE_SOURCE_ACQUISITION_REQUIRED,NOT_YET_EVALUATED_OR_ONLY_FAMILY_PROXY_TESTED,"acquire exact causal source, freeze implementation, then test",0.0,BLOCKED
CUR_SUPPLY_CHAIN_NETWORK_BOTTLENECK_BOOK_TO_BILL,book_to_bill,supply_chain_network_bottleneck,transmission_or_value_capture,equities|commodities|macro,curated_primary_literature,,input-output tables|company supply chain|capacity|orders|shipping,MAPPING_COMPLETE_SOURCE_ACQUISITION_REQUIRED,NOT_YET_EVALUATED_OR_ONLY_FAMILY_PROXY_TESTED,"acquire exact causal source, freeze implementation, then test",0.0,BLOCKED
CUR_SUPPLY_CHAIN_NETWORK_BOTTLENECK_ORDER_BACKLOG,order_backlog,supply_chain_network_bottleneck,transmission_or_value_capture,equities|commodities|macro,curated_primary_literature,,input-output tables|company supply chain|capacity|orders|shipping,MAPPING_COMPLETE_SOURCE_ACQUISITION_REQUIRED,NOT_YET_EVALUATED_OR_ONLY_FAMILY_PROXY_TESTED,"acquire exact causal source, freeze implementation, then test",0.0,BLOCKED
CUR_SUPPLY_CHAIN_NETWORK_BOTTLENECK_INVENTORY_BUFFER,inventory_buffer,supply_chain_network_bottleneck,transmission_or_value_capture,equities|commodities|macro,curated_primary_literature,,input-output tables|company supply chain|capacity|orders|shipping,MAPPING_COMPLETE_SOURCE_ACQUISITION_REQUIRED,NOT_YET_EVALUATED_OR_ONLY_FAMILY_PROXY_TESTED,"acquire exact causal source, freeze implementation, then test",0.0,BLOCKED
CUR_SUPPLY_CHAIN_NETWORK_BOTTLENECK_SUBSTITUTION_ELASTICITY,substitution_elasticity,supply_chain_network_bottleneck,transmission_or_value_capture,equities|commodities|macro,curated_primary_literature,,input-output tables|company supply chain|capacity|orders|shipping,MAPPING_COMPLETE_SOURCE_ACQUISITION_REQUIRED,NOT_YET_EVALUATED_OR_ONLY_FAMILY_PROXY_TESTED,"acquire exact causal source, freeze implementation, then test",0.0,BLOCKED
CUR_SUPPLY_CHAIN_NETWORK_BOTTLENECK_PRICING_POWER,pricing_power,supply_chain_network_bottleneck,transmission_or_value_capture,equities|commodities|macro,curated_primary_literature,,input-output tables|company supply chain|capacity|orders|shipping,MAPPING_COMPLETE_SOURCE_ACQUISITION_REQUIRED,NOT_YET_EVALUATED_OR_ONLY_FAMILY_PROXY_TESTED,"acquire exact causal source, freeze implementation, then test",0.0,BLOCKED
CUR_SUPPLY_CHAIN_NETWORK_BOTTLENECK_MARGIN_CAPTURE,margin_capture,supply_chain_network_bottleneck,transmission_or_value_capture,equities|commodities|macro,curated_primary_literature,,input-output tables|company supply chain|capacity|orders|shipping,MAPPING_COMPLETE_SOURCE_ACQUISITION_REQUIRED,NOT_YET_EVALUATED_OR_ONLY_FAMILY_PROXY_TESTED,"acquire exact causal source, freeze implementation, then test",0.0,BLOCKED
CUR_SUPPLY_CHAIN_NETWORK_BOTTLENECK_TRANSPORT_NODE_CONGESTION,transport_node_congestion,supply_chain_network_bottleneck,transmission_or_value_capture,equities|commodities|macro,curated_primary_literature,,input-output tables|company supply chain|capacity|orders|shipping,MAPPING_COMPLETE_SOURCE_ACQUISITION_REQUIRED,NOT_YET_EVALUATED_OR_ONLY_FAMILY_PROXY_TESTED,"acquire exact causal source, freeze implementation, then test",0.0,BLOCKED
CUR_SUPPLY_CHAIN_NETWORK_BOTTLENECK_PORT_DWELL_TIME,port_dwell_time,supply_chain_network_bottleneck,transmission_or_value_capture,equities|commodities|macro,curated_primary_literature,,input-output tables|company supply chain|capacity|orders|shipping,MAPPING_COMPLETE_SOURCE_ACQUISITION_REQUIRED,NOT_YET_EVALUATED_OR_ONLY_FAMILY_PROXY_TESTED,"acquire exact causal source, freeze implementation, then test",0.0,BLOCKED
CUR_SUPPLY_CHAIN_NETWORK_BOTTLENECK_FREIGHT_CAPACITY,freight_capacity,supply_chain_network_bottleneck,transmission_or_value_capture,equities|commodities|macro,curated_primary_literature,,input-output tables|company supply chain|capacity|orders|shipping,MAPPING_COMPLETE_SOURCE_ACQUISITION_REQUIRED,NOT_YET_EVALUATED_OR_ONLY_FAMILY_PROXY_TESTED,"acquire exact causal source, freeze implementation, then test",0.0,BLOCKED
CUR_SUPPLY_CHAIN_NETWORK_BOTTLENECK_SEMICONDUCTOR_NODE_CAPACITY,semiconductor_node_capacity,supply_chain_network_bottleneck,transmission_or_value_capture,equities|commodities|macro,curated_primary_literature,,input-output tables|company supply chain|capacity|orders|shipping,MAPPING_COMPLETE_SOURCE_ACQUISITION_REQUIRED,NOT_YET_EVALUATED_OR_ONLY_FAMILY_PROXY_TESTED,"acquire exact causal source, freeze implementation, then test",0.0,BLOCKED
CUR_SUPPLY_CHAIN_NETWORK_BOTTLENECK_MEMORY_CYCLE,memory_cycle,supply_chain_network_bottleneck,transmission_or_value_capture,equities|commodities|macro,curated_primary_literature,,input-output tables|company supply chain|capacity|orders|shipping,MAPPING_COMPLETE_SOURCE_ACQUISITION_REQUIRED,NOT_YET_EVALUATED_OR_ONLY_FAMILY_PROXY_TESTED,"acquire exact causal source, freeze implementation, then test",0.0,BLOCKED
CUR_SUPPLY_CHAIN_NETWORK_BOTTLENECK_ADVANCED_PACKAGING_CAPACITY,advanced_packaging_capacity,supply_chain_network_bottleneck,transmission_or_value_capture,equities|commodities|macro,curated_primary_literature,,input-output tables|company supply chain|capacity|orders|shipping,MAPPING_COMPLETE_SOURCE_ACQUISITION_REQUIRED,NOT_YET_EVALUATED_OR_ONLY_FAMILY_PROXY_TESTED,"acquire exact causal source, freeze implementation, then test",0.0,BLOCKED
CUR_SUPPLY_CHAIN_NETWORK_BOTTLENECK_POWER_GRID_INTERCONNECTION,power_grid_interconnection,supply_chain_network_bottleneck,transmission_or_value_capture,equities|commodities|macro,curated_primary_literature,,input-output tables|company supply chain|capacity|orders|shipping,MAPPING_COMPLETE_SOURCE_ACQUISITION_REQUIRED,NOT_YET_EVALUATED_OR_ONLY_FAMILY_PROXY_TESTED,"acquire exact causal source, freeze implementation, then test",0.0,BLOCKED
CUR_SUPPLY_CHAIN_NETWORK_BOTTLENECK_TRANSFORMER_LEAD_TIME,transformer_lead_time,supply_chain_network_bottleneck,transmission_or_value_capture,equities|commodities|macro,curated_primary_literature,,input-output tables|company supply chain|capacity|orders|shipping,MAPPING_COMPLETE_SOURCE_ACQUISITION_REQUIRED,NOT_YET_EVALUATED_OR_ONLY_FAMILY_PROXY_TESTED,"acquire exact causal source, freeze implementation, then test",0.0,BLOCKED
CUR_SUPPLY_CHAIN_NETWORK_BOTTLENECK_DATA_CENTER_POWER_CONSTRAINT,data_center_power_constraint,supply_chain_network_bottleneck,transmission_or_value_capture,equities|commodities|macro,curated_primary_literature,,input-output tables|company supply chain|capacity|orders|shipping,MAPPING_COMPLETE_SOURCE_ACQUISITION_REQUIRED,NOT_YET_EVALUATED_OR_ONLY_FAMILY_PROXY_TESTED,"acquire exact causal source, freeze implementation, then test",0.0,BLOCKED
CUR_SUPPLY_CHAIN_NETWORK_BOTTLENECK_CRITICAL_MINERAL_PROCESSING,critical_mineral_processing,supply_chain_network_bottleneck,transmission_or_value_capture,equities|commodities|macro,curated_primary_literature,,input-output tables|company supply chain|capacity|orders|shipping,MAPPING_COMPLETE_SOURCE_ACQUISITION_REQUIRED,NOT_YET_EVALUATED_OR_ONLY_FAMILY_PROXY_TESTED,"acquire exact causal source, freeze implementation, then test",0.0,BLOCKED
CUR_SUPPLY_CHAIN_NETWORK_BOTTLENECK_REFINING_CONCENTRATION,refining_concentration,supply_chain_network_bottleneck,transmission_or_value_capture,equities|commodities|macro,curated_primary_literature,,input-output tables|company supply chain|capacity|orders|shipping,MAPPING_COMPLETE_SOURCE_ACQUISITION_REQUIRED,NOT_YET_EVALUATED_OR_ONLY_FAMILY_PROXY_TESTED,"acquire exact causal source, freeze implementation, then test",0.0,BLOCKED
CUR_SUPPLY_CHAIN_NETWORK_BOTTLENECK_SHIPPING_INSURANCE_CONSTRAINT,shipping_insurance_constraint,supply_chain_network_bottleneck,transmission_or_value_capture,equities|commodities|macro,curated_primary_literature,,input-output tables|company supply chain|capacity|orders|shipping,MAPPING_COMPLETE_SOURCE_ACQUISITION_REQUIRED,NOT_YET_EVALUATED_OR_ONLY_FAMILY_PROXY_TESTED,"acquire exact causal source, freeze implementation, then test",0.0,BLOCKED
CUR_SUPPLY_CHAIN_NETWORK_BOTTLENECK_SANCTION_REROUTING,sanction_rerouting,supply_chain_network_bottleneck,transmission_or_value_capture,equities|commodities|macro,curated_primary_literature,,input-output tables|company supply chain|capacity|orders|shipping,MAPPING_COMPLETE_SOURCE_ACQUISITION_REQUIRED,NOT_YET_EVALUATED_OR_ONLY_FAMILY_PROXY_TESTED,"acquire exact causal source, freeze implementation, then test",0.0,BLOCKED
CUR_SUPPLY_CHAIN_NETWORK_BOTTLENECK_COMPONENT_SHORTAGE,component_shortage,supply_chain_network_bottleneck,transmission_or_value_capture,equities|commodities|macro,curated_primary_literature,,input-output tables|company supply chain|capacity|orders|shipping,MAPPING_COMPLETE_SOURCE_ACQUISITION_REQUIRED,NOT_YET_EVALUATED_OR_ONLY_FAMILY_PROXY_TESTED,"acquire exact causal source, freeze implementation, then test",0.0,BLOCKED
CUR_SUPPLY_CHAIN_NETWORK_BOTTLENECK_SUPPLIER_FINANCIAL_DISTRESS,supplier_financial_distress,supply_chain_network_bottleneck,transmission_or_value_capture,equities|commodities|macro,curated_primary_literature,,input-output tables|company supply chain|capacity|orders|shipping,MAPPING_COMPLETE_SOURCE_ACQUISITION_REQUIRED,NOT_YET_EVALUATED_OR_ONLY_FAMILY_PROXY_TESTED,"acquire exact causal source, freeze implementation, then test",0.0,BLOCKED
CUR_SUPPLY_CHAIN_NETWORK_BOTTLENECK_CUSTOMER_CONCENTRATION,customer_concentration,supply_chain_network_bottleneck,transmission_or_value_capture,equities|commodities|macro,curated_primary_literature,,input-output tables|company supply chain|capacity|orders|shipping,MAPPING_COMPLETE_SOURCE_ACQUISITION_REQUIRED,NOT_YET_EVALUATED_OR_ONLY_FAMILY_PROXY_TESTED,"acquire exact causal source, freeze implementation, then test",0.0,BLOCKED
CUR_SUPPLY_CHAIN_NETWORK_BOTTLENECK_NETWORK_SHOCK_PROPAGATION,network_shock_propagation,supply_chain_network_bottleneck,transmission_or_value_capture,equities|commodities|macro,curated_primary_literature,,input-output tables|company supply chain|capacity|orders|shipping,MAPPING_COMPLETE_SOURCE_ACQUISITION_REQUIRED,NOT_YET_EVALUATED_OR_ONLY_FAMILY_PROXY_TESTED,"acquire exact causal source, freeze implementation, then test",0.0,BLOCKED
CUR_SUPPLY_CHAIN_NETWORK_BOTTLENECK_NETWORK_COMMUNITY_ROTATION,network_community_rotation,supply_chain_network_bottleneck,transmission_or_value_capture,equities|commodities|macro,curated_primary_literature,,input-output tables|company supply chain|capacity|orders|shipping,MAPPING_COMPLETE_SOURCE_ACQUISITION_REQUIRED,NOT_YET_EVALUATED_OR_ONLY_FAMILY_PROXY_TESTED,"acquire exact causal source, freeze implementation, then test",0.0,BLOCKED
CUR_SUPPLY_CHAIN_NETWORK_BOTTLENECK_PATENT_CHOKEPOINT,patent_chokepoint,supply_chain_network_bottleneck,transmission_or_value_capture,equities|commodities|macro,curated_primary_literature,,input-output tables|company supply chain|capacity|orders|shipping,MAPPING_COMPLETE_SOURCE_ACQUISITION_REQUIRED,NOT_YET_EVALUATED_OR_ONLY_FAMILY_PROXY_TESTED,"acquire exact causal source, freeze implementation, then test",0.0,BLOCKED
CUR_SUPPLY_CHAIN_NETWORK_BOTTLENECK_STANDARD_SETTING_CONTROL,standard_setting_control,supply_chain_network_bottleneck,transmission_or_value_capture,equities|commodities|macro,curated_primary_literature,,input-output tables|company supply chain|capacity|orders|shipping,MAPPING_COMPLETE_SOURCE_ACQUISITION_REQUIRED,NOT_YET_EVALUATED_OR_ONLY_FAMILY_PROXY_TESTED,"acquire exact causal source, freeze implementation, then test",0.0,BLOCKED
CUR_SUPPLY_CHAIN_NETWORK_BOTTLENECK_LICENSE_ROYALTY_CAPTURE,license_royalty_capture,supply_chain_network_bottleneck,transmission_or_value_capture,equities|commodities|macro,curated_primary_literature,,input-output tables|company supply chain|capacity|orders|shipping,MAPPING_COMPLETE_SOURCE_ACQUISITION_REQUIRED,NOT_YET_EVALUATED_OR_ONLY_FAMILY_PROXY_TESTED,"acquire exact causal source, freeze implementation, then test",0.0,BLOCKED
CUR_SUPPLY_CHAIN_NETWORK_BOTTLENECK_REGULATORY_QUALIFICATION,regulatory_qualification,supply_chain_network_bottleneck,transmission_or_value_capture,equities|commodities|macro,curated_primary_literature,,input-output tables|company supply chain|capacity|orders|shipping,MAPPING_COMPLETE_SOURCE_ACQUISITION_REQUIRED,NOT_YET_EVALUATED_OR_ONLY_FAMILY_PROXY_TESTED,"acquire exact causal source, freeze implementation, then test",0.0,BLOCKED
CUR_SUPPLY_CHAIN_NETWORK_BOTTLENECK_CAPEX_RESPONSE_LAG,capex_response_lag,supply_chain_network_bottleneck,transmission_or_value_capture,equities|commodities|macro,curated_primary_literature,,input-output tables|company supply chain|capacity|orders|shipping,MAPPING_COMPLETE_SOURCE_ACQUISITION_REQUIRED,NOT_YET_EVALUATED_OR_ONLY_FAMILY_PROXY_TESTED,"acquire exact causal source, freeze implementation, then test",0.0,BLOCKED
CUR_SUPPLY_CHAIN_NETWORK_BOTTLENECK_BOTTLENECK_RELEASE_INVALIDATION,bottleneck_release_invalidation,supply_chain_network_bottleneck,transmission_or_value_capture,equities|commodities|macro,curated_primary_literature,,input-output tables|company supply chain|capacity|orders|shipping,MAPPING_COMPLETE_SOURCE_ACQUISITION_REQUIRED,NOT_YET_EVALUATED_OR_ONLY_FAMILY_PROXY_TESTED,"acquire exact causal source, freeze implementation, then test",0.0,BLOCKED
CUR_IHSG_BROKER_CONTROLLER_STRUCTURE_FOREIGN_FLOW,foreign_flow,ihsg_broker_controller_structure,flow_value_capture_or_execution,IHSG,curated_primary_literature,,broker summary|done detail|order book|IDX filings|macro,MAPPING_COMPLETE_SOURCE_ACQUISITION_REQUIRED,NOT_YET_EVALUATED_OR_ONLY_FAMILY_PROXY_TESTED,"acquire exact causal source, freeze implementation, then test",0.0,BLOCKED
CUR_IHSG_BROKER_CONTROLLER_STRUCTURE_BROKER_ACCUMULATION_PERSISTENCE,broker_accumulation_persistence,ihsg_broker_controller_structure,flow_value_capture_or_execution,IHSG,curated_primary_literature,,broker summary|done detail|order book|IDX filings|macro,MAPPING_COMPLETE_SOURCE_ACQUISITION_REQUIRED,NOT_YET_EVALUATED_OR_ONLY_FAMILY_PROXY_TESTED,"acquire exact causal source, freeze implementation, then test",0.0,BLOCKED
CUR_IHSG_BROKER_CONTROLLER_STRUCTURE_BROKER_COST_BASIS,broker_cost_basis,ihsg_broker_controller_structure,flow_value_capture_or_execution,IHSG,curated_primary_literature,,broker summary|done detail|order book|IDX filings|macro,MAPPING_COMPLETE_SOURCE_ACQUISITION_REQUIRED,NOT_YET_EVALUATED_OR_ONLY_FAMILY_PROXY_TESTED,"acquire exact causal source, freeze implementation, then test",0.0,BLOCKED
CUR_IHSG_BROKER_CONTROLLER_STRUCTURE_BROKER_CLUSTER_CONCENTRATION,broker_cluster_concentration,ihsg_broker_controller_structure,flow_value_capture_or_execution,IHSG,curated_primary_literature,,broker summary|done detail|order book|IDX filings|macro,MAPPING_COMPLETE_SOURCE_ACQUISITION_REQUIRED,NOT_YET_EVALUATED_OR_ONLY_FAMILY_PROXY_TESTED,"acquire exact causal source, freeze implementation, then test",0.0,BLOCKED
CUR_IHSG_BROKER_CONTROLLER_STRUCTURE_CONTROLLER_INVENTORY,controller_inventory,ihsg_broker_controller_structure,flow_value_capture_or_execution,IHSG,curated_primary_literature,,broker summary|done detail|order book|IDX filings|macro,MAPPING_COMPLETE_SOURCE_ACQUISITION_REQUIRED,NOT_YET_EVALUATED_OR_ONLY_FAMILY_PROXY_TESTED,"acquire exact causal source, freeze implementation, then test",0.0,BLOCKED
CUR_IHSG_BROKER_CONTROLLER_STRUCTURE_FREE_FLOAT_SCARCITY,free_float_scarcity,ihsg_broker_controller_structure,flow_value_capture_or_execution,IHSG,curated_primary_literature,,broker summary|done detail|order book|IDX filings|macro,MAPPING_COMPLETE_SOURCE_ACQUISITION_REQUIRED,NOT_YET_EVALUATED_OR_ONLY_FAMILY_PROXY_TESTED,"acquire exact causal source, freeze implementation, then test",0.0,BLOCKED
CUR_IHSG_BROKER_CONTROLLER_STRUCTURE_CROSSING_DETECTION,crossing_detection,ihsg_broker_controller_structure,flow_value_capture_or_execution,IHSG,curated_primary_literature,,broker summary|done detail|order book|IDX filings|macro,MAPPING_COMPLETE_SOURCE_ACQUISITION_REQUIRED,NOT_YET_EVALUATED_OR_ONLY_FAMILY_PROXY_TESTED,"acquire exact causal source, freeze implementation, then test",0.0,BLOCKED
CUR_IHSG_BROKER_CONTROLLER_STRUCTURE_FAKE_RETAIL_DETECTION,fake_retail_detection,ihsg_broker_controller_structure,flow_value_capture_or_execution,IHSG,curated_primary_literature,,broker summary|done detail|order book|IDX filings|macro,MAPPING_COMPLETE_SOURCE_ACQUISITION_REQUIRED,NOT_YET_EVALUATED_OR_ONLY_FAMILY_PROXY_TESTED,"acquire exact causal source, freeze implementation, then test",0.0,BLOCKED
CUR_IHSG_BROKER_CONTROLLER_STRUCTURE_DONE_DETAIL_LARGE_TRADE,done_detail_large_trade,ihsg_broker_controller_structure,flow_value_capture_or_execution,IHSG,curated_primary_literature,,broker summary|done detail|order book|IDX filings|macro,MAPPING_COMPLETE_SOURCE_ACQUISITION_REQUIRED,NOT_YET_EVALUATED_OR_ONLY_FAMILY_PROXY_TESTED,"acquire exact causal source, freeze implementation, then test",0.0,BLOCKED
CUR_IHSG_BROKER_CONTROLLER_STRUCTURE_BIG_VOLUME_ROLL_UP,big_volume_roll_up,ihsg_broker_controller_structure,flow_value_capture_or_execution,IHSG,curated_primary_literature,,broker summary|done detail|order book|IDX filings|macro,MAPPING_COMPLETE_SOURCE_ACQUISITION_REQUIRED,NOT_YET_EVALUATED_OR_ONLY_FAMILY_PROXY_TESTED,"acquire exact causal source, freeze implementation, then test",0.0,BLOCKED
CUR_IHSG_BROKER_CONTROLLER_STRUCTURE_BIG_VOLUME_ROLL_DOWN,big_volume_roll_down,ihsg_broker_controller_structure,flow_value_capture_or_execution,IHSG,curated_primary_literature,,broker summary|done detail|order book|IDX filings|macro,MAPPING_COMPLETE_SOURCE_ACQUISITION_REQUIRED,NOT_YET_EVALUATED_OR_ONLY_FAMILY_PROXY_TESTED,"acquire exact causal source, freeze implementation, then test",0.0,BLOCKED
CUR_IHSG_BROKER_CONTROLLER_STRUCTURE_BID_OFFER_ABSORPTION,bid_offer_absorption,ihsg_broker_controller_structure,flow_value_capture_or_execution,IHSG,curated_primary_literature,,broker summary|done detail|order book|IDX filings|macro,MAPPING_COMPLETE_SOURCE_ACQUISITION_REQUIRED,NOT_YET_EVALUATED_OR_ONLY_FAMILY_PROXY_TESTED,"acquire exact causal source, freeze implementation, then test",0.0,BLOCKED
CUR_IHSG_BROKER_CONTROLLER_STRUCTURE_OFFER_WALL_ABSORPTION,offer_wall_absorption,ihsg_broker_controller_structure,flow_value_capture_or_execution,IHSG,curated_primary_literature,,broker summary|done detail|order book|IDX filings|macro,MAPPING_COMPLETE_SOURCE_ACQUISITION_REQUIRED,NOT_YET_EVALUATED_OR_ONLY_FAMILY_PROXY_TESTED,"acquire exact causal source, freeze implementation, then test",0.0,BLOCKED
CUR_IHSG_BROKER_CONTROLLER_STRUCTURE_BOS_CONFIRMATION,BOS_confirmation,ihsg_broker_controller_structure,flow_value_capture_or_execution,IHSG,curated_primary_literature,,broker summary|done detail|order book|IDX filings|macro,MAPPING_COMPLETE_SOURCE_ACQUISITION_REQUIRED,NOT_YET_EVALUATED_OR_ONLY_FAMILY_PROXY_TESTED,"acquire exact causal source, freeze implementation, then test",0.0,BLOCKED
CUR_IHSG_BROKER_CONTROLLER_STRUCTURE_FALSE_BREAKOUT,false_breakout,ihsg_broker_controller_structure,flow_value_capture_or_execution,IHSG,curated_primary_literature,,broker summary|done detail|order book|IDX filings|macro,MAPPING_COMPLETE_SOURCE_ACQUISITION_REQUIRED,NOT_YET_EVALUATED_OR_ONLY_FAMILY_PROXY_TESTED,"acquire exact causal source, freeze implementation, then test",0.0,BLOCKED
CUR_IHSG_BROKER_CONTROLLER_STRUCTURE_AUCTION_IMBALANCE,auction_imbalance,ihsg_broker_controller_structure,flow_value_capture_or_execution,IHSG,curated_primary_literature,,broker summary|done detail|order book|IDX filings|macro,MAPPING_COMPLETE_SOURCE_ACQUISITION_REQUIRED,NOT_YET_EVALUATED_OR_ONLY_FAMILY_PROXY_TESTED,"acquire exact causal source, freeze implementation, then test",0.0,BLOCKED
CUR_IHSG_BROKER_CONTROLLER_STRUCTURE_INDEX_REBALANCE_FLOW,index_rebalance_flow,ihsg_broker_controller_structure,flow_value_capture_or_execution,IHSG,curated_primary_literature,,broker summary|done detail|order book|IDX filings|macro,MAPPING_COMPLETE_SOURCE_ACQUISITION_REQUIRED,NOT_YET_EVALUATED_OR_ONLY_FAMILY_PROXY_TESTED,"acquire exact causal source, freeze implementation, then test",0.0,BLOCKED
CUR_IHSG_BROKER_CONTROLLER_STRUCTURE_RIGHTS_ISSUE_OVERHANG,rights_issue_overhang,ihsg_broker_controller_structure,flow_value_capture_or_execution,IHSG,curated_primary_literature,,broker summary|done detail|order book|IDX filings|macro,MAPPING_COMPLETE_SOURCE_ACQUISITION_REQUIRED,NOT_YET_EVALUATED_OR_ONLY_FAMILY_PROXY_TESTED,"acquire exact causal source, freeze implementation, then test",0.0,BLOCKED
CUR_IHSG_BROKER_CONTROLLER_STRUCTURE_PLACEMENT_OVERHANG,placement_overhang,ihsg_broker_controller_structure,flow_value_capture_or_execution,IHSG,curated_primary_literature,,broker summary|done detail|order book|IDX filings|macro,MAPPING_COMPLETE_SOURCE_ACQUISITION_REQUIRED,NOT_YET_EVALUATED_OR_ONLY_FAMILY_PROXY_TESTED,"acquire exact causal source, freeze implementation, then test",0.0,BLOCKED
CUR_IHSG_BROKER_CONTROLLER_STRUCTURE_PLEDGED_SHARE_RISK,pledged_share_risk,ihsg_broker_controller_structure,flow_value_capture_or_execution,IHSG,curated_primary_literature,,broker summary|done detail|order book|IDX filings|macro,MAPPING_COMPLETE_SOURCE_ACQUISITION_REQUIRED,NOT_YET_EVALUATED_OR_ONLY_FAMILY_PROXY_TESTED,"acquire exact causal source, freeze implementation, then test",0.0,BLOCKED
CUR_IHSG_BROKER_CONTROLLER_STRUCTURE_RELATED_PARTY_FLOW,related_party_flow,ihsg_broker_controller_structure,flow_value_capture_or_execution,IHSG,curated_primary_literature,,broker summary|done detail|order book|IDX filings|macro,MAPPING_COMPLETE_SOURCE_ACQUISITION_REQUIRED,NOT_YET_EVALUATED_OR_ONLY_FAMILY_PROXY_TESTED,"acquire exact causal source, freeze implementation, then test",0.0,BLOCKED
CUR_IHSG_BROKER_CONTROLLER_STRUCTURE_IMPORT_DEPENDENCY,import_dependency,ihsg_broker_controller_structure,flow_value_capture_or_execution,IHSG,curated_primary_literature,,broker summary|done detail|order book|IDX filings|macro,MAPPING_COMPLETE_SOURCE_ACQUISITION_REQUIRED,NOT_YET_EVALUATED_OR_ONLY_FAMILY_PROXY_TESTED,"acquire exact causal source, freeze implementation, then test",0.0,BLOCKED
CUR_IHSG_BROKER_CONTROLLER_STRUCTURE_COMMODITY_BETA,commodity_beta,ihsg_broker_controller_structure,flow_value_capture_or_execution,IHSG,curated_primary_literature,,broker summary|done detail|order book|IDX filings|macro,MAPPING_COMPLETE_SOURCE_ACQUISITION_REQUIRED,NOT_YET_EVALUATED_OR_ONLY_FAMILY_PROXY_TESTED,"acquire exact causal source, freeze implementation, then test",0.0,BLOCKED
CUR_IHSG_BROKER_CONTROLLER_STRUCTURE_RUPIAH_SENSITIVITY,rupiah_sensitivity,ihsg_broker_controller_structure,flow_value_capture_or_execution,IHSG,curated_primary_literature,,broker summary|done detail|order book|IDX filings|macro,MAPPING_COMPLETE_SOURCE_ACQUISITION_REQUIRED,NOT_YET_EVALUATED_OR_ONLY_FAMILY_PROXY_TESTED,"acquire exact causal source, freeze implementation, then test",0.0,BLOCKED
CUR_IHSG_BROKER_CONTROLLER_STRUCTURE_DOMESTIC_LIQUIDITY,domestic_liquidity,ihsg_broker_controller_structure,flow_value_capture_or_execution,IHSG,curated_primary_literature,,broker summary|done detail|order book|IDX filings|macro,MAPPING_COMPLETE_SOURCE_ACQUISITION_REQUIRED,NOT_YET_EVALUATED_OR_ONLY_FAMILY_PROXY_TESTED,"acquire exact causal source, freeze implementation, then test",0.0,BLOCKED
CUR_IHSG_BROKER_CONTROLLER_STRUCTURE_MARGIN_FINANCING,margin_financing,ihsg_broker_controller_structure,flow_value_capture_or_execution,IHSG,curated_primary_literature,,broker summary|done detail|order book|IDX filings|macro,MAPPING_COMPLETE_SOURCE_ACQUISITION_REQUIRED,NOT_YET_EVALUATED_OR_ONLY_FAMILY_PROXY_TESTED,"acquire exact causal source, freeze implementation, then test",0.0,BLOCKED
CUR_IHSG_BROKER_CONTROLLER_STRUCTURE_SHORT_SALE_CONSTRAINT,short_sale_constraint,ihsg_broker_controller_structure,flow_value_capture_or_execution,IHSG,curated_primary_literature,,broker summary|done detail|order book|IDX filings|macro,MAPPING_COMPLETE_SOURCE_ACQUISITION_REQUIRED,NOT_YET_EVALUATED_OR_ONLY_FAMILY_PROXY_TESTED,"acquire exact causal source, freeze implementation, then test",0.0,BLOCKED
CUR_IHSG_BROKER_CONTROLLER_STRUCTURE_WARRANT_DILUTION,warrant_dilution,ihsg_broker_controller_structure,flow_value_capture_or_execution,IHSG,curated_primary_literature,,broker summary|done detail|order book|IDX filings|macro,MAPPING_COMPLETE_SOURCE_ACQUISITION_REQUIRED,NOT_YET_EVALUATED_OR_ONLY_FAMILY_PROXY_TESTED,"acquire exact causal source, freeze implementation, then test",0.0,BLOCKED
CUR_IHSG_BROKER_CONTROLLER_STRUCTURE_FREE_FLOAT_ADJUSTED_CAPACITY,free_float_adjusted_capacity,ihsg_broker_controller_structure,flow_value_capture_or_execution,IHSG,curated_primary_literature,,broker summary|done detail|order book|IDX filings|macro,MAPPING_COMPLETE_SOURCE_ACQUISITION_REQUIRED,NOT_YET_EVALUATED_OR_ONLY_FAMILY_PROXY_TESTED,"acquire exact causal source, freeze implementation, then test",0.0,BLOCKED
CUR_IHSG_BROKER_CONTROLLER_STRUCTURE_BROKER_ROTATION,broker_rotation,ihsg_broker_controller_structure,flow_value_capture_or_execution,IHSG,curated_primary_literature,,broker summary|done detail|order book|IDX filings|macro,MAPPING_COMPLETE_SOURCE_ACQUISITION_REQUIRED,NOT_YET_EVALUATED_OR_ONLY_FAMILY_PROXY_TESTED,"acquire exact causal source, freeze implementation, then test",0.0,BLOCKED
CUR_IHSG_BROKER_CONTROLLER_STRUCTURE_RETAIL_CROWDING,retail_crowding,ihsg_broker_controller_structure,flow_value_capture_or_execution,IHSG,curated_primary_literature,,broker summary|done detail|order book|IDX filings|macro,MAPPING_COMPLETE_SOURCE_ACQUISITION_REQUIRED,NOT_YET_EVALUATED_OR_ONLY_FAMILY_PROXY_TESTED,"acquire exact causal source, freeze implementation, then test",0.0,BLOCKED
CUR_IHSG_BROKER_CONTROLLER_STRUCTURE_SUSPENSION_REOPENING,suspension_reopening,ihsg_broker_controller_structure,flow_value_capture_or_execution,IHSG,curated_primary_literature,,broker summary|done detail|order book|IDX filings|macro,MAPPING_COMPLETE_SOURCE_ACQUISITION_REQUIRED,NOT_YET_EVALUATED_OR_ONLY_FAMILY_PROXY_TESTED,"acquire exact causal source, freeze implementation, then test",0.0,BLOCKED
CUR_IHSG_BROKER_CONTROLLER_STRUCTURE_CORPORATE_ACTION_EVENT,corporate_action_event,ihsg_broker_controller_structure,flow_value_capture_or_execution,IHSG,curated_primary_literature,,broker summary|done detail|order book|IDX filings|macro,MAPPING_COMPLETE_SOURCE_ACQUISITION_REQUIRED,NOT_YET_EVALUATED_OR_ONLY_FAMILY_PROXY_TESTED,"acquire exact causal source, freeze implementation, then test",0.0,BLOCKED
CUR_IHSG_BROKER_CONTROLLER_STRUCTURE_CONTROLLER_SUPPORT,controller_support,ihsg_broker_controller_structure,flow_value_capture_or_execution,IHSG,curated_primary_literature,,broker summary|done detail|order book|IDX filings|macro,MAPPING_COMPLETE_SOURCE_ACQUISITION_REQUIRED,NOT_YET_EVALUATED_OR_ONLY_FAMILY_PROXY_TESTED,"acquire exact causal source, freeze implementation, then test",0.0,BLOCKED
CUR_IHSG_BROKER_CONTROLLER_STRUCTURE_EARNINGS_REVISION_IHSG,earnings_revision_IHSG,ihsg_broker_controller_structure,flow_value_capture_or_execution,IHSG,curated_primary_literature,,broker summary|done detail|order book|IDX filings|macro,MAPPING_COMPLETE_SOURCE_ACQUISITION_REQUIRED,NOT_YET_EVALUATED_OR_ONLY_FAMILY_PROXY_TESTED,"acquire exact causal source, freeze implementation, then test",0.0,BLOCKED
CUR_IHSG_BROKER_CONTROLLER_STRUCTURE_VALUATION_GAP_IHSG,valuation_gap_IHSG,ihsg_broker_controller_structure,flow_value_capture_or_execution,IHSG,curated_primary_literature,,broker summary|done detail|order book|IDX filings|macro,MAPPING_COMPLETE_SOURCE_ACQUISITION_REQUIRED,NOT_YET_EVALUATED_OR_ONLY_FAMILY_PROXY_TESTED,"acquire exact causal source, freeze implementation, then test",0.0,BLOCKED
CUR_IHSG_BROKER_CONTROLLER_STRUCTURE_LIQUIDITY_ADJUSTED_MOMENTUM,liquidity_adjusted_momentum,ihsg_broker_controller_structure,flow_value_capture_or_execution,IHSG,curated_primary_literature,,broker summary|done detail|order book|IDX filings|macro,MAPPING_COMPLETE_SOURCE_ACQUISITION_REQUIRED,NOT_YET_EVALUATED_OR_ONLY_FAMILY_PROXY_TESTED,"acquire exact causal source, freeze implementation, then test",0.0,BLOCKED
CUR_IHSG_BROKER_CONTROLLER_STRUCTURE_BROKER_FLOW_X_MACRO,broker_flow_x_macro,ihsg_broker_controller_structure,flow_value_capture_or_execution,IHSG,curated_primary_literature,,broker summary|done detail|order book|IDX filings|macro,MAPPING_COMPLETE_SOURCE_ACQUISITION_REQUIRED,NOT_YET_EVALUATED_OR_ONLY_FAMILY_PROXY_TESTED,"acquire exact causal source, freeze implementation, then test",0.0,BLOCKED
CUR_IHSG_BROKER_CONTROLLER_STRUCTURE_FULL_UNIVERSE_SURVIVORSHIP_GUARD,full_universe_survivorship_guard,ihsg_broker_controller_structure,flow_value_capture_or_execution,IHSG,curated_primary_literature,,broker summary|done detail|order book|IDX filings|macro,MAPPING_COMPLETE_SOURCE_ACQUISITION_REQUIRED,NOT_YET_EVALUATED_OR_ONLY_FAMILY_PROXY_TESTED,"acquire exact causal source, freeze implementation, then test",0.0,BLOCKED
CUR_EVENT_NEWS_SENTIMENT_MACRO_SURPRISE,macro_surprise,event_news_sentiment,trigger_or_information_flow,all_markets,curated_primary_literature,,timestamped news|filings|events|attention,MAPPING_COMPLETE_SOURCE_ACQUISITION_REQUIRED,NOT_YET_EVALUATED_OR_ONLY_FAMILY_PROXY_TESTED,"acquire exact causal source, freeze implementation, then test",0.0,BLOCKED
CUR_EVENT_NEWS_SENTIMENT_CENTRAL_BANK_TEXT_SURPRISE,central_bank_text_surprise,event_news_sentiment,trigger_or_information_flow,all_markets,curated_primary_literature,,timestamped news|filings|events|attention,MAPPING_COMPLETE_SOURCE_ACQUISITION_REQUIRED,NOT_YET_EVALUATED_OR_ONLY_FAMILY_PROXY_TESTED,"acquire exact causal source, freeze implementation, then test",0.0,BLOCKED
CUR_EVENT_NEWS_SENTIMENT_POLICY_PATH_SURPRISE,policy_path_surprise,event_news_sentiment,trigger_or_information_flow,all_markets,curated_primary_literature,,timestamped news|filings|events|attention,MAPPING_COMPLETE_SOURCE_ACQUISITION_REQUIRED,NOT_YET_EVALUATED_OR_ONLY_FAMILY_PROXY_TESTED,"acquire exact causal source, freeze implementation, then test",0.0,BLOCKED
CUR_EVENT_NEWS_SENTIMENT_GEOPOLITICAL_EVENT,geopolitical_event,event_news_sentiment,trigger_or_information_flow,all_markets,curated_primary_literature,,timestamped news|filings|events|attention,MAPPING_COMPLETE_SOURCE_ACQUISITION_REQUIRED,NOT_YET_EVALUATED_OR_ONLY_FAMILY_PROXY_TESTED,"acquire exact causal source, freeze implementation, then test",0.0,BLOCKED
CUR_EVENT_NEWS_SENTIMENT_EARNINGS_NEWS,earnings_news,event_news_sentiment,trigger_or_information_flow,all_markets,curated_primary_literature,,timestamped news|filings|events|attention,MAPPING_COMPLETE_SOURCE_ACQUISITION_REQUIRED,NOT_YET_EVALUATED_OR_ONLY_FAMILY_PROXY_TESTED,"acquire exact causal source, freeze implementation, then test",0.0,BLOCKED
CUR_EVENT_NEWS_SENTIMENT_FILING_EVENT,filing_event,event_news_sentiment,trigger_or_information_flow,all_markets,curated_primary_literature,,timestamped news|filings|events|attention,MAPPING_COMPLETE_SOURCE_ACQUISITION_REQUIRED,NOT_YET_EVALUATED_OR_ONLY_FAMILY_PROXY_TESTED,"acquire exact causal source, freeze implementation, then test",0.0,BLOCKED
CUR_EVENT_NEWS_SENTIMENT_INSIDER_PURCHASE,insider_purchase,event_news_sentiment,trigger_or_information_flow,all_markets,curated_primary_literature,,timestamped news|filings|events|attention,MAPPING_COMPLETE_SOURCE_ACQUISITION_REQUIRED,NOT_YET_EVALUATED_OR_ONLY_FAMILY_PROXY_TESTED,"acquire exact causal source, freeze implementation, then test",0.0,BLOCKED
CUR_EVENT_NEWS_SENTIMENT_INSIDER_SALE,insider_sale,event_news_sentiment,trigger_or_information_flow,all_markets,curated_primary_literature,,timestamped news|filings|events|attention,MAPPING_COMPLETE_SOURCE_ACQUISITION_REQUIRED,NOT_YET_EVALUATED_OR_ONLY_FAMILY_PROXY_TESTED,"acquire exact causal source, freeze implementation, then test",0.0,BLOCKED
CUR_EVENT_NEWS_SENTIMENT_ACTIVIST_ENTRY,activist_entry,event_news_sentiment,trigger_or_information_flow,all_markets,curated_primary_literature,,timestamped news|filings|events|attention,MAPPING_COMPLETE_SOURCE_ACQUISITION_REQUIRED,NOT_YET_EVALUATED_OR_ONLY_FAMILY_PROXY_TESTED,"acquire exact causal source, freeze implementation, then test",0.0,BLOCKED
CUR_EVENT_NEWS_SENTIMENT_13F_CHANGE,13F_change,event_news_sentiment,trigger_or_information_flow,all_markets,curated_primary_literature,,timestamped news|filings|events|attention,MAPPING_COMPLETE_SOURCE_ACQUISITION_REQUIRED,NOT_YET_EVALUATED_OR_ONLY_FAMILY_PROXY_TESTED,"acquire exact causal source, freeze implementation, then test",0.0,BLOCKED
CUR_EVENT_NEWS_SENTIMENT_BUYBACK_ANNOUNCEMENT,buyback_announcement,event_news_sentiment,trigger_or_information_flow,all_markets,curated_primary_literature,,timestamped news|filings|events|attention,MAPPING_COMPLETE_SOURCE_ACQUISITION_REQUIRED,NOT_YET_EVALUATED_OR_ONLY_FAMILY_PROXY_TESTED,"acquire exact causal source, freeze implementation, then test",0.0,BLOCKED
CUR_EVENT_NEWS_SENTIMENT_ISSUANCE_ANNOUNCEMENT,issuance_announcement,event_news_sentiment,trigger_or_information_flow,all_markets,curated_primary_literature,,timestamped news|filings|events|attention,MAPPING_COMPLETE_SOURCE_ACQUISITION_REQUIRED,NOT_YET_EVALUATED_OR_ONLY_FAMILY_PROXY_TESTED,"acquire exact causal source, freeze implementation, then test",0.0,BLOCKED
CUR_EVENT_NEWS_SENTIMENT_M_AND_A_PROBABILITY,M_and_A_probability,event_news_sentiment,trigger_or_information_flow,all_markets,curated_primary_literature,,timestamped news|filings|events|attention,MAPPING_COMPLETE_SOURCE_ACQUISITION_REQUIRED,NOT_YET_EVALUATED_OR_ONLY_FAMILY_PROXY_TESTED,"acquire exact causal source, freeze implementation, then test",0.0,BLOCKED
CUR_EVENT_NEWS_SENTIMENT_REGULATORY_APPROVAL,regulatory_approval,event_news_sentiment,trigger_or_information_flow,all_markets,curated_primary_literature,,timestamped news|filings|events|attention,MAPPING_COMPLETE_SOURCE_ACQUISITION_REQUIRED,NOT_YET_EVALUATED_OR_ONLY_FAMILY_PROXY_TESTED,"acquire exact causal source, freeze implementation, then test",0.0,BLOCKED
CUR_EVENT_NEWS_SENTIMENT_CLINICAL_TRIAL_READOUT,clinical_trial_readout,event_news_sentiment,trigger_or_information_flow,all_markets,curated_primary_literature,,timestamped news|filings|events|attention,MAPPING_COMPLETE_SOURCE_ACQUISITION_REQUIRED,NOT_YET_EVALUATED_OR_ONLY_FAMILY_PROXY_TESTED,"acquire exact causal source, freeze implementation, then test",0.0,BLOCKED
CUR_EVENT_NEWS_SENTIMENT_PATENT_RULING,patent_ruling,event_news_sentiment,trigger_or_information_flow,all_markets,curated_primary_literature,,timestamped news|filings|events|attention,MAPPING_COMPLETE_SOURCE_ACQUISITION_REQUIRED,NOT_YET_EVALUATED_OR_ONLY_FAMILY_PROXY_TESTED,"acquire exact causal source, freeze implementation, then test",0.0,BLOCKED
CUR_EVENT_NEWS_SENTIMENT_LITIGATION_EVENT,litigation_event,event_news_sentiment,trigger_or_information_flow,all_markets,curated_primary_literature,,timestamped news|filings|events|attention,MAPPING_COMPLETE_SOURCE_ACQUISITION_REQUIRED,NOT_YET_EVALUATED_OR_ONLY_FAMILY_PROXY_TESTED,"acquire exact causal source, freeze implementation, then test",0.0,BLOCKED
CUR_EVENT_NEWS_SENTIMENT_SUPPLY_DISRUPTION_NEWS,supply_disruption_news,event_news_sentiment,trigger_or_information_flow,all_markets,curated_primary_literature,,timestamped news|filings|events|attention,MAPPING_COMPLETE_SOURCE_ACQUISITION_REQUIRED,NOT_YET_EVALUATED_OR_ONLY_FAMILY_PROXY_TESTED,"acquire exact causal source, freeze implementation, then test",0.0,BLOCKED
CUR_EVENT_NEWS_SENTIMENT_MANAGEMENT_CHANGE,management_change,event_news_sentiment,trigger_or_information_flow,all_markets,curated_primary_literature,,timestamped news|filings|events|attention,MAPPING_COMPLETE_SOURCE_ACQUISITION_REQUIRED,NOT_YET_EVALUATED_OR_ONLY_FAMILY_PROXY_TESTED,"acquire exact causal source, freeze implementation, then test",0.0,BLOCKED
CUR_EVENT_NEWS_SENTIMENT_NEWS_SENTIMENT,news_sentiment,event_news_sentiment,trigger_or_information_flow,all_markets,curated_primary_literature,,timestamped news|filings|events|attention,MAPPING_COMPLETE_SOURCE_ACQUISITION_REQUIRED,NOT_YET_EVALUATED_OR_ONLY_FAMILY_PROXY_TESTED,"acquire exact causal source, freeze implementation, then test",0.0,BLOCKED
CUR_EVENT_NEWS_SENTIMENT_NEWS_NOVELTY,news_novelty,event_news_sentiment,trigger_or_information_flow,all_markets,curated_primary_literature,,timestamped news|filings|events|attention,MAPPING_COMPLETE_SOURCE_ACQUISITION_REQUIRED,NOT_YET_EVALUATED_OR_ONLY_FAMILY_PROXY_TESTED,"acquire exact causal source, freeze implementation, then test",0.0,BLOCKED
CUR_EVENT_NEWS_SENTIMENT_NEWS_VOLUME,news_volume,event_news_sentiment,trigger_or_information_flow,all_markets,curated_primary_literature,,timestamped news|filings|events|attention,MAPPING_COMPLETE_SOURCE_ACQUISITION_REQUIRED,NOT_YET_EVALUATED_OR_ONLY_FAMILY_PROXY_TESTED,"acquire exact causal source, freeze implementation, then test",0.0,BLOCKED
CUR_EVENT_NEWS_SENTIMENT_ATTENTION_SPIKE,attention_spike,event_news_sentiment,trigger_or_information_flow,all_markets,curated_primary_literature,,timestamped news|filings|events|attention,MAPPING_COMPLETE_SOURCE_ACQUISITION_REQUIRED,NOT_YET_EVALUATED_OR_ONLY_FAMILY_PROXY_TESTED,"acquire exact causal source, freeze implementation, then test",0.0,BLOCKED
CUR_EVENT_NEWS_SENTIMENT_GOOGLE_TRENDS,Google_trends,event_news_sentiment,trigger_or_information_flow,all_markets,curated_primary_literature,,timestamped news|filings|events|attention,MAPPING_COMPLETE_SOURCE_ACQUISITION_REQUIRED,NOT_YET_EVALUATED_OR_ONLY_FAMILY_PROXY_TESTED,"acquire exact causal source, freeze implementation, then test",0.0,BLOCKED
CUR_EVENT_NEWS_SENTIMENT_WIKIPEDIA_ATTENTION,Wikipedia_attention,event_news_sentiment,trigger_or_information_flow,all_markets,curated_primary_literature,,timestamped news|filings|events|attention,MAPPING_COMPLETE_SOURCE_ACQUISITION_REQUIRED,NOT_YET_EVALUATED_OR_ONLY_FAMILY_PROXY_TESTED,"acquire exact causal source, freeze implementation, then test",0.0,BLOCKED
CUR_EVENT_NEWS_SENTIMENT_SOCIAL_SENTIMENT,social_sentiment,event_news_sentiment,trigger_or_information_flow,all_markets,curated_primary_literature,,timestamped news|filings|events|attention,MAPPING_COMPLETE_SOURCE_ACQUISITION_REQUIRED,NOT_YET_EVALUATED_OR_ONLY_FAMILY_PROXY_TESTED,"acquire exact causal source, freeze implementation, then test",0.0,BLOCKED
CUR_EVENT_NEWS_SENTIMENT_SOCIAL_DISAGREEMENT,social_disagreement,event_news_sentiment,trigger_or_information_flow,all_markets,curated_primary_literature,,timestamped news|filings|events|attention,MAPPING_COMPLETE_SOURCE_ACQUISITION_REQUIRED,NOT_YET_EVALUATED_OR_ONLY_FAMILY_PROXY_TESTED,"acquire exact causal source, freeze implementation, then test",0.0,BLOCKED
CUR_EVENT_NEWS_SENTIMENT_NARRATIVE_COHERENCE,narrative_coherence,event_news_sentiment,trigger_or_information_flow,all_markets,curated_primary_literature,,timestamped news|filings|events|attention,MAPPING_COMPLETE_SOURCE_ACQUISITION_REQUIRED,NOT_YET_EVALUATED_OR_ONLY_FAMILY_PROXY_TESTED,"acquire exact causal source, freeze implementation, then test",0.0,BLOCKED
CUR_EVENT_NEWS_SENTIMENT_RUMOR_CONFIRMATION,rumor_confirmation,event_news_sentiment,trigger_or_information_flow,all_markets,curated_primary_literature,,timestamped news|filings|events|attention,MAPPING_COMPLETE_SOURCE_ACQUISITION_REQUIRED,NOT_YET_EVALUATED_OR_ONLY_FAMILY_PROXY_TESTED,"acquire exact causal source, freeze implementation, then test",0.0,BLOCKED
CUR_EVENT_NEWS_SENTIMENT_EVENT_STUDY_DRIFT,event_study_drift,event_news_sentiment,trigger_or_information_flow,all_markets,curated_primary_literature,,timestamped news|filings|events|attention,MAPPING_COMPLETE_SOURCE_ACQUISITION_REQUIRED,NOT_YET_EVALUATED_OR_ONLY_FAMILY_PROXY_TESTED,"acquire exact causal source, freeze implementation, then test",0.0,BLOCKED
CUR_EVENT_NEWS_SENTIMENT_OVERNIGHT_NEWS_GAP,overnight_news_gap,event_news_sentiment,trigger_or_information_flow,all_markets,curated_primary_literature,,timestamped news|filings|events|attention,MAPPING_COMPLETE_SOURCE_ACQUISITION_REQUIRED,NOT_YET_EVALUATED_OR_ONLY_FAMILY_PROXY_TESTED,"acquire exact causal source, freeze implementation, then test",0.0,BLOCKED
CUR_EVENT_NEWS_SENTIMENT_ANALYST_DAY_EVENT,analyst_day_event,event_news_sentiment,trigger_or_information_flow,all_markets,curated_primary_literature,,timestamped news|filings|events|attention,MAPPING_COMPLETE_SOURCE_ACQUISITION_REQUIRED,NOT_YET_EVALUATED_OR_ONLY_FAMILY_PROXY_TESTED,"acquire exact causal source, freeze implementation, then test",0.0,BLOCKED
CUR_EVENT_NEWS_SENTIMENT_INVESTOR_DAY_EVENT,investor_day_event,event_news_sentiment,trigger_or_information_flow,all_markets,curated_primary_literature,,timestamped news|filings|events|attention,MAPPING_COMPLETE_SOURCE_ACQUISITION_REQUIRED,NOT_YET_EVALUATED_OR_ONLY_FAMILY_PROXY_TESTED,"acquire exact causal source, freeze implementation, then test",0.0,BLOCKED
CUR_EVENT_NEWS_SENTIMENT_PRODUCT_LAUNCH,product_launch,event_news_sentiment,trigger_or_information_flow,all_markets,curated_primary_literature,,timestamped news|filings|events|attention,MAPPING_COMPLETE_SOURCE_ACQUISITION_REQUIRED,NOT_YET_EVALUATED_OR_ONLY_FAMILY_PROXY_TESTED,"acquire exact causal source, freeze implementation, then test",0.0,BLOCKED
CUR_EVENT_NEWS_SENTIMENT_GOVERNMENT_CONTRACT,government_contract,event_news_sentiment,trigger_or_information_flow,all_markets,curated_primary_literature,,timestamped news|filings|events|attention,MAPPING_COMPLETE_SOURCE_ACQUISITION_REQUIRED,NOT_YET_EVALUATED_OR_ONLY_FAMILY_PROXY_TESTED,"acquire exact causal source, freeze implementation, then test",0.0,BLOCKED
CUR_EVENT_NEWS_SENTIMENT_CONTRACT_BACKLOG_ANNOUNCEMENT,contract_backlog_announcement,event_news_sentiment,trigger_or_information_flow,all_markets,curated_primary_literature,,timestamped news|filings|events|attention,MAPPING_COMPLETE_SOURCE_ACQUISITION_REQUIRED,NOT_YET_EVALUATED_OR_ONLY_FAMILY_PROXY_TESTED,"acquire exact causal source, freeze implementation, then test",0.0,BLOCKED
CUR_EVENT_NEWS_SENTIMENT_HEADLINE_SENTIMENT_PLACEBO,headline_sentiment_placebo,event_news_sentiment,trigger_or_information_flow,all_markets,curated_primary_literature,,timestamped news|filings|events|attention,MAPPING_COMPLETE_SOURCE_ACQUISITION_REQUIRED,NOT_YET_EVALUATED_OR_ONLY_FAMILY_PROXY_TESTED,"acquire exact causal source, freeze implementation, then test",0.0,BLOCKED
CUR_STATISTICAL_COMPLEX_SYSTEMS_CHALLENGERS_MARKOV_SWITCHING,Markov_switching,statistical_complex_systems_challengers,challenger_model_or_regime_detection,all_markets,broad_hypothesis_sweep,,prices|macro|flows|network,MAPPING_COMPLETE_SOURCE_ACQUISITION_REQUIRED,NOT_YET_EVALUATED_OR_ONLY_FAMILY_PROXY_TESTED,"acquire exact causal source, freeze implementation, then test",0.0,BLOCKED
CUR_STATISTICAL_COMPLEX_SYSTEMS_CHALLENGERS_HIDDEN_MARKOV_MODEL,hidden_Markov_model,statistical_complex_systems_challengers,challenger_model_or_regime_detection,all_markets,broad_hypothesis_sweep,,prices|macro|flows|network,MAPPING_COMPLETE_SOURCE_ACQUISITION_REQUIRED,NOT_YET_EVALUATED_OR_ONLY_FAMILY_PROXY_TESTED,"acquire exact causal source, freeze implementation, then test",0.0,BLOCKED
CUR_STATISTICAL_COMPLEX_SYSTEMS_CHALLENGERS_THRESHOLD_AUTOREGRESSION,threshold_autoregression,statistical_complex_systems_challengers,challenger_model_or_regime_detection,all_markets,broad_hypothesis_sweep,,prices|macro|flows|network,MAPPING_COMPLETE_SOURCE_ACQUISITION_REQUIRED,NOT_YET_EVALUATED_OR_ONLY_FAMILY_PROXY_TESTED,"acquire exact causal source, freeze implementation, then test",0.0,BLOCKED
CUR_STATISTICAL_COMPLEX_SYSTEMS_CHALLENGERS_SMOOTH_TRANSITION_REGRESSION,smooth_transition_regression,statistical_complex_systems_challengers,challenger_model_or_regime_detection,all_markets,broad_hypothesis_sweep,,prices|macro|flows|network,MAPPING_COMPLETE_SOURCE_ACQUISITION_REQUIRED,NOT_YET_EVALUATED_OR_ONLY_FAMILY_PROXY_TESTED,"acquire exact causal source, freeze implementation, then test",0.0,BLOCKED
CUR_STATISTICAL_COMPLEX_SYSTEMS_CHALLENGERS_CUSP_CATASTROPHE,cusp_catastrophe,statistical_complex_systems_challengers,challenger_model_or_regime_detection,all_markets,broad_hypothesis_sweep,,prices|macro|flows|network,MAPPING_COMPLETE_SOURCE_ACQUISITION_REQUIRED,NOT_YET_EVALUATED_OR_ONLY_FAMILY_PROXY_TESTED,"acquire exact causal source, freeze implementation, then test",0.0,BLOCKED
CUR_STATISTICAL_COMPLEX_SYSTEMS_CHALLENGERS_LPPLS,LPPLS,statistical_complex_systems_challengers,challenger_model_or_regime_detection,all_markets,broad_hypothesis_sweep,,prices|macro|flows|network,MAPPING_COMPLETE_SOURCE_ACQUISITION_REQUIRED,NOT_YET_EVALUATED_OR_ONLY_FAMILY_PROXY_TESTED,"acquire exact causal source, freeze implementation, then test",0.0,BLOCKED
CUR_STATISTICAL_COMPLEX_SYSTEMS_CHALLENGERS_CRITICAL_SLOWING_DOWN,critical_slowing_down,statistical_complex_systems_challengers,challenger_model_or_regime_detection,all_markets,broad_hypothesis_sweep,,prices|macro|flows|network,MAPPING_COMPLETE_SOURCE_ACQUISITION_REQUIRED,NOT_YET_EVALUATED_OR_ONLY_FAMILY_PROXY_TESTED,"acquire exact causal source, freeze implementation, then test",0.0,BLOCKED
CUR_STATISTICAL_COMPLEX_SYSTEMS_CHALLENGERS_VARIANCE_AUTOCORRELATION_EARLY_WARNING,variance_autocorrelation_early_warning,statistical_complex_systems_challengers,challenger_model_or_regime_detection,all_markets,broad_hypothesis_sweep,,prices|macro|flows|network,MAPPING_COMPLETE_SOURCE_ACQUISITION_REQUIRED,NOT_YET_EVALUATED_OR_ONLY_FAMILY_PROXY_TESTED,"acquire exact causal source, freeze implementation, then test",0.0,BLOCKED
CUR_STATISTICAL_COMPLEX_SYSTEMS_CHALLENGERS_FLICKERING,flickering,statistical_complex_systems_challengers,challenger_model_or_regime_detection,all_markets,broad_hypothesis_sweep,,prices|macro|flows|network,MAPPING_COMPLETE_SOURCE_ACQUISITION_REQUIRED,NOT_YET_EVALUATED_OR_ONLY_FAMILY_PROXY_TESTED,"acquire exact causal source, freeze implementation, then test",0.0,BLOCKED
CUR_STATISTICAL_COMPLEX_SYSTEMS_CHALLENGERS_TOPOLOGICAL_DATA_ANALYSIS,topological_data_analysis,statistical_complex_systems_challengers,challenger_model_or_regime_detection,all_markets,broad_hypothesis_sweep,,prices|macro|flows|network,MAPPING_COMPLETE_SOURCE_ACQUISITION_REQUIRED,NOT_YET_EVALUATED_OR_ONLY_FAMILY_PROXY_TESTED,"acquire exact causal source, freeze implementation, then test",0.0,BLOCKED
CUR_STATISTICAL_COMPLEX_SYSTEMS_CHALLENGERS_PERSISTENT_HOMOLOGY,persistent_homology,statistical_complex_systems_challengers,challenger_model_or_regime_detection,all_markets,broad_hypothesis_sweep,,prices|macro|flows|network,MAPPING_COMPLETE_SOURCE_ACQUISITION_REQUIRED,NOT_YET_EVALUATED_OR_ONLY_FAMILY_PROXY_TESTED,"acquire exact causal source, freeze implementation, then test",0.0,BLOCKED
CUR_STATISTICAL_COMPLEX_SYSTEMS_CHALLENGERS_RECURRENCE_QUANTIFICATION,recurrence_quantification,statistical_complex_systems_challengers,challenger_model_or_regime_detection,all_markets,broad_hypothesis_sweep,,prices|macro|flows|network,MAPPING_COMPLETE_SOURCE_ACQUISITION_REQUIRED,NOT_YET_EVALUATED_OR_ONLY_FAMILY_PROXY_TESTED,"acquire exact causal source, freeze implementation, then test",0.0,BLOCKED
CUR_STATISTICAL_COMPLEX_SYSTEMS_CHALLENGERS_MULTIFRACTAL_SPECTRUM,multifractal_spectrum,statistical_complex_systems_challengers,challenger_model_or_regime_detection,all_markets,broad_hypothesis_sweep,,prices|macro|flows|network,MAPPING_COMPLETE_SOURCE_ACQUISITION_REQUIRED,NOT_YET_EVALUATED_OR_ONLY_FAMILY_PROXY_TESTED,"acquire exact causal source, freeze implementation, then test",0.0,BLOCKED
CUR_STATISTICAL_COMPLEX_SYSTEMS_CHALLENGERS_HURST_REGIME,Hurst_regime,statistical_complex_systems_challengers,challenger_model_or_regime_detection,all_markets,broad_hypothesis_sweep,,prices|macro|flows|network,MAPPING_COMPLETE_SOURCE_ACQUISITION_REQUIRED,NOT_YET_EVALUATED_OR_ONLY_FAMILY_PROXY_TESTED,"acquire exact causal source, freeze implementation, then test",0.0,BLOCKED
CUR_STATISTICAL_COMPLEX_SYSTEMS_CHALLENGERS_ENTROPY_REGIME,entropy_regime,statistical_complex_systems_challengers,challenger_model_or_regime_detection,all_markets,broad_hypothesis_sweep,,prices|macro|flows|network,MAPPING_COMPLETE_SOURCE_ACQUISITION_REQUIRED,NOT_YET_EVALUATED_OR_ONLY_FAMILY_PROXY_TESTED,"acquire exact causal source, freeze implementation, then test",0.0,BLOCKED
CUR_STATISTICAL_COMPLEX_SYSTEMS_CHALLENGERS_TRANSFER_ENTROPY,transfer_entropy,statistical_complex_systems_challengers,challenger_model_or_regime_detection,all_markets,broad_hypothesis_sweep,,prices|macro|flows|network,MAPPING_COMPLETE_SOURCE_ACQUISITION_REQUIRED,NOT_YET_EVALUATED_OR_ONLY_FAMILY_PROXY_TESTED,"acquire exact causal source, freeze implementation, then test",0.0,BLOCKED
CUR_STATISTICAL_COMPLEX_SYSTEMS_CHALLENGERS_GRANGER_NETWORK,Granger_network,statistical_complex_systems_challengers,challenger_model_or_regime_detection,all_markets,broad_hypothesis_sweep,,prices|macro|flows|network,MAPPING_COMPLETE_SOURCE_ACQUISITION_REQUIRED,NOT_YET_EVALUATED_OR_ONLY_FAMILY_PROXY_TESTED,"acquire exact causal source, freeze implementation, then test",0.0,BLOCKED
CUR_STATISTICAL_COMPLEX_SYSTEMS_CHALLENGERS_PCMCI_CAUSAL_GRAPH,PCMCI_causal_graph,statistical_complex_systems_challengers,challenger_model_or_regime_detection,all_markets,broad_hypothesis_sweep,,prices|macro|flows|network,MAPPING_COMPLETE_SOURCE_ACQUISITION_REQUIRED,NOT_YET_EVALUATED_OR_ONLY_FAMILY_PROXY_TESTED,"acquire exact causal source, freeze implementation, then test",0.0,BLOCKED
CUR_STATISTICAL_COMPLEX_SYSTEMS_CHALLENGERS_DYNAMIC_FACTOR_MODEL,dynamic_factor_model,statistical_complex_systems_challengers,challenger_model_or_regime_detection,all_markets,broad_hypothesis_sweep,,prices|macro|flows|network,MAPPING_COMPLETE_SOURCE_ACQUISITION_REQUIRED,NOT_YET_EVALUATED_OR_ONLY_FAMILY_PROXY_TESTED,"acquire exact causal source, freeze implementation, then test",0.0,BLOCKED
CUR_STATISTICAL_COMPLEX_SYSTEMS_CHALLENGERS_RANDOM_MATRIX_EIGENVALUE,random_matrix_eigenvalue,statistical_complex_systems_challengers,challenger_model_or_regime_detection,all_markets,broad_hypothesis_sweep,,prices|macro|flows|network,MAPPING_COMPLETE_SOURCE_ACQUISITION_REQUIRED,NOT_YET_EVALUATED_OR_ONLY_FAMILY_PROXY_TESTED,"acquire exact causal source, freeze implementation, then test",0.0,BLOCKED
CUR_STATISTICAL_COMPLEX_SYSTEMS_CHALLENGERS_CORRELATION_NETWORK_FRAGILITY,correlation_network_fragility,statistical_complex_systems_challengers,challenger_model_or_regime_detection,all_markets,broad_hypothesis_sweep,,prices|macro|flows|network,MAPPING_COMPLETE_SOURCE_ACQUISITION_REQUIRED,NOT_YET_EVALUATED_OR_ONLY_FAMILY_PROXY_TESTED,"acquire exact causal source, freeze implementation, then test",0.0,BLOCKED
CUR_STATISTICAL_COMPLEX_SYSTEMS_CHALLENGERS_MINIMUM_SPANNING_TREE,minimum_spanning_tree,statistical_complex_systems_challengers,challenger_model_or_regime_detection,all_markets,broad_hypothesis_sweep,,prices|macro|flows|network,MAPPING_COMPLETE_SOURCE_ACQUISITION_REQUIRED,NOT_YET_EVALUATED_OR_ONLY_FAMILY_PROXY_TESTED,"acquire exact causal source, freeze implementation, then test",0.0,BLOCKED
CUR_STATISTICAL_COMPLEX_SYSTEMS_CHALLENGERS_CHANGE_POINT_DETECTION,change_point_detection,statistical_complex_systems_challengers,challenger_model_or_regime_detection,all_markets,broad_hypothesis_sweep,,prices|macro|flows|network,MAPPING_COMPLETE_SOURCE_ACQUISITION_REQUIRED,NOT_YET_EVALUATED_OR_ONLY_FAMILY_PROXY_TESTED,"acquire exact causal source, freeze implementation, then test",0.0,BLOCKED
CUR_STATISTICAL_COMPLEX_SYSTEMS_CHALLENGERS_BAYESIAN_ONLINE_CHANGE_POINT,Bayesian_online_change_point,statistical_complex_systems_challengers,challenger_model_or_regime_detection,all_markets,broad_hypothesis_sweep,,prices|macro|flows|network,MAPPING_COMPLETE_SOURCE_ACQUISITION_REQUIRED,NOT_YET_EVALUATED_OR_ONLY_FAMILY_PROXY_TESTED,"acquire exact causal source, freeze implementation, then test",0.0,BLOCKED
CUR_STATISTICAL_COMPLEX_SYSTEMS_CHALLENGERS_MATRIX_PROFILE_ANOMALY,matrix_profile_anomaly,statistical_complex_systems_challengers,challenger_model_or_regime_detection,all_markets,broad_hypothesis_sweep,,prices|macro|flows|network,MAPPING_COMPLETE_SOURCE_ACQUISITION_REQUIRED,NOT_YET_EVALUATED_OR_ONLY_FAMILY_PROXY_TESTED,"acquire exact causal source, freeze implementation, then test",0.0,BLOCKED
CUR_STATISTICAL_COMPLEX_SYSTEMS_CHALLENGERS_AUTOENCODER_ANOMALY,autoencoder_anomaly,statistical_complex_systems_challengers,challenger_model_or_regime_detection,all_markets,broad_hypothesis_sweep,,prices|macro|flows|network,MAPPING_COMPLETE_SOURCE_ACQUISITION_REQUIRED,NOT_YET_EVALUATED_OR_ONLY_FAMILY_PROXY_TESTED,"acquire exact causal source, freeze implementation, then test",0.0,BLOCKED
CUR_STATISTICAL_COMPLEX_SYSTEMS_CHALLENGERS_ISOLATION_FOREST,isolation_forest,statistical_complex_systems_challengers,challenger_model_or_regime_detection,all_markets,broad_hypothesis_sweep,,prices|macro|flows|network,MAPPING_COMPLETE_SOURCE_ACQUISITION_REQUIRED,NOT_YET_EVALUATED_OR_ONLY_FAMILY_PROXY_TESTED,"acquire exact causal source, freeze implementation, then test",0.0,BLOCKED
CUR_STATISTICAL_COMPLEX_SYSTEMS_CHALLENGERS_ONE_CLASS_SVM,one_class_SVM,statistical_complex_systems_challengers,challenger_model_or_regime_detection,all_markets,broad_hypothesis_sweep,,prices|macro|flows|network,MAPPING_COMPLETE_SOURCE_ACQUISITION_REQUIRED,NOT_YET_EVALUATED_OR_ONLY_FAMILY_PROXY_TESTED,"acquire exact causal source, freeze implementation, then test",0.0,BLOCKED
CUR_STATISTICAL_COMPLEX_SYSTEMS_CHALLENGERS_RESERVOIR_COMPUTING,reservoir_computing,statistical_complex_systems_challengers,challenger_model_or_regime_detection,all_markets,broad_hypothesis_sweep,,prices|macro|flows|network,MAPPING_COMPLETE_SOURCE_ACQUISITION_REQUIRED,NOT_YET_EVALUATED_OR_ONLY_FAMILY_PROXY_TESTED,"acquire exact causal source, freeze implementation, then test",0.0,BLOCKED
CUR_STATISTICAL_COMPLEX_SYSTEMS_CHALLENGERS_GAUSSIAN_PROCESS,Gaussian_process,statistical_complex_systems_challengers,challenger_model_or_regime_detection,all_markets,broad_hypothesis_sweep,,prices|macro|flows|network,MAPPING_COMPLETE_SOURCE_ACQUISITION_REQUIRED,NOT_YET_EVALUATED_OR_ONLY_FAMILY_PROXY_TESTED,"acquire exact causal source, freeze implementation, then test",0.0,BLOCKED
CUR_STATISTICAL_COMPLEX_SYSTEMS_CHALLENGERS_NEURAL_SDE,neural_SDE,statistical_complex_systems_challengers,challenger_model_or_regime_detection,all_markets,broad_hypothesis_sweep,,prices|macro|flows|network,MAPPING_COMPLETE_SOURCE_ACQUISITION_REQUIRED,NOT_YET_EVALUATED_OR_ONLY_FAMILY_PROXY_TESTED,"acquire exact causal source, freeze implementation, then test",0.0,BLOCKED
CUR_STATISTICAL_COMPLEX_SYSTEMS_CHALLENGERS_ROUGH_VOLATILITY,rough_volatility,statistical_complex_systems_challengers,challenger_model_or_regime_detection,all_markets,broad_hypothesis_sweep,,prices|macro|flows|network,MAPPING_COMPLETE_SOURCE_ACQUISITION_REQUIRED,NOT_YET_EVALUATED_OR_ONLY_FAMILY_PROXY_TESTED,"acquire exact causal source, freeze implementation, then test",0.0,BLOCKED
CUR_STATISTICAL_COMPLEX_SYSTEMS_CHALLENGERS_HAWKES_PROCESS,Hawkes_process,statistical_complex_systems_challengers,challenger_model_or_regime_detection,all_markets,broad_hypothesis_sweep,,prices|macro|flows|network,MAPPING_COMPLETE_SOURCE_ACQUISITION_REQUIRED,NOT_YET_EVALUATED_OR_ONLY_FAMILY_PROXY_TESTED,"acquire exact causal source, freeze implementation, then test",0.0,BLOCKED
CUR_STATISTICAL_COMPLEX_SYSTEMS_CHALLENGERS_SELF_EXCITING_JUMP,self_exciting_jump,statistical_complex_systems_challengers,challenger_model_or_regime_detection,all_markets,broad_hypothesis_sweep,,prices|macro|flows|network,MAPPING_COMPLETE_SOURCE_ACQUISITION_REQUIRED,NOT_YET_EVALUATED_OR_ONLY_FAMILY_PROXY_TESTED,"acquire exact causal source, freeze implementation, then test",0.0,BLOCKED
CUR_STATISTICAL_COMPLEX_SYSTEMS_CHALLENGERS_AGENT_BASED_MARKET,agent_based_market,statistical_complex_systems_challengers,challenger_model_or_regime_detection,all_markets,broad_hypothesis_sweep,,prices|macro|flows|network,MAPPING_COMPLETE_SOURCE_ACQUISITION_REQUIRED,NOT_YET_EVALUATED_OR_ONLY_FAMILY_PROXY_TESTED,"acquire exact causal source, freeze implementation, then test",0.0,BLOCKED
CUR_STATISTICAL_COMPLEX_SYSTEMS_CHALLENGERS_ISING_MARKET,Ising_market,statistical_complex_systems_challengers,challenger_model_or_regime_detection,all_markets,broad_hypothesis_sweep,,prices|macro|flows|network,MAPPING_COMPLETE_SOURCE_ACQUISITION_REQUIRED,NOT_YET_EVALUATED_OR_ONLY_FAMILY_PROXY_TESTED,"acquire exact causal source, freeze implementation, then test",0.0,BLOCKED
CUR_STATISTICAL_COMPLEX_SYSTEMS_CHALLENGERS_PERCOLATION_MARKET,percolation_market,statistical_complex_systems_challengers,challenger_model_or_regime_detection,all_markets,broad_hypothesis_sweep,,prices|macro|flows|network,MAPPING_COMPLETE_SOURCE_ACQUISITION_REQUIRED,NOT_YET_EVALUATED_OR_ONLY_FAMILY_PROXY_TESTED,"acquire exact causal source, freeze implementation, then test",0.0,BLOCKED
CUR_STATISTICAL_COMPLEX_SYSTEMS_CHALLENGERS_SANDPILE_SOC,sandpile_SOC,statistical_complex_systems_challengers,challenger_model_or_regime_detection,all_markets,broad_hypothesis_sweep,,prices|macro|flows|network,MAPPING_COMPLETE_SOURCE_ACQUISITION_REQUIRED,NOT_YET_EVALUATED_OR_ONLY_FAMILY_PROXY_TESTED,"acquire exact causal source, freeze implementation, then test",0.0,BLOCKED
CUR_STATISTICAL_COMPLEX_SYSTEMS_CHALLENGERS_RENORMALIZATION_SCALING,renormalization_scaling,statistical_complex_systems_challengers,challenger_model_or_regime_detection,all_markets,broad_hypothesis_sweep,,prices|macro|flows|network,MAPPING_COMPLETE_SOURCE_ACQUISITION_REQUIRED,NOT_YET_EVALUATED_OR_ONLY_FAMILY_PROXY_TESTED,"acquire exact causal source, freeze implementation, then test",0.0,BLOCKED
CUR_STATISTICAL_COMPLEX_SYSTEMS_CHALLENGERS_WAVELET_COHERENCE,wavelet_coherence,statistical_complex_systems_challengers,challenger_model_or_regime_detection,all_markets,broad_hypothesis_sweep,,prices|macro|flows|network,MAPPING_COMPLETE_SOURCE_ACQUISITION_REQUIRED,NOT_YET_EVALUATED_OR_ONLY_FAMILY_PROXY_TESTED,"acquire exact causal source, freeze implementation, then test",0.0,BLOCKED
CUR_STATISTICAL_COMPLEX_SYSTEMS_CHALLENGERS_SPECTRAL_CYCLE,spectral_cycle,statistical_complex_systems_challengers,challenger_model_or_regime_detection,all_markets,broad_hypothesis_sweep,,prices|macro|flows|network,MAPPING_COMPLETE_SOURCE_ACQUISITION_REQUIRED,NOT_YET_EVALUATED_OR_ONLY_FAMILY_PROXY_TESTED,"acquire exact causal source, freeze implementation, then test",0.0,BLOCKED
CUR_STATISTICAL_COMPLEX_SYSTEMS_CHALLENGERS_SSA_CYCLE,SSA_cycle,statistical_complex_systems_challengers,challenger_model_or_regime_detection,all_markets,broad_hypothesis_sweep,,prices|macro|flows|network,MAPPING_COMPLETE_SOURCE_ACQUISITION_REQUIRED,NOT_YET_EVALUATED_OR_ONLY_FAMILY_PROXY_TESTED,"acquire exact causal source, freeze implementation, then test",0.0,BLOCKED
CUR_STATISTICAL_COMPLEX_SYSTEMS_CHALLENGERS_FOURIER_CYCLE_PLACEBO,Fourier_cycle_placebo,statistical_complex_systems_challengers,challenger_model_or_regime_detection,all_markets,broad_hypothesis_sweep,,prices|macro|flows|network,MAPPING_COMPLETE_SOURCE_ACQUISITION_REQUIRED,NOT_YET_EVALUATED_OR_ONLY_FAMILY_PROXY_TESTED,"acquire exact causal source, freeze implementation, then test",0.0,BLOCKED
CUR_STATISTICAL_COMPLEX_SYSTEMS_CHALLENGERS_ASTROLOGY_CYCLE_PLACEBO,astrology_cycle_placebo,statistical_complex_systems_challengers,challenger_model_or_regime_detection,all_markets,broad_hypothesis_sweep,,prices|macro|flows|network,MAPPING_COMPLETE_SOURCE_ACQUISITION_REQUIRED,NOT_YET_EVALUATED_OR_ONLY_FAMILY_PROXY_TESTED,"acquire exact causal source, freeze implementation, then test",0.0,BLOCKED
CUR_PORTFOLIO_CONSTRUCTION_RISK_PREMIA_BETTING_AGAINST_BETA,betting_against_beta,portfolio_construction_risk_premia,allocation_or_direction,multi_asset|equities,curated_primary_literature,,factor returns|prices|costs|capacity,MAPPING_COMPLETE_SOURCE_ACQUISITION_REQUIRED,NOT_YET_EVALUATED_OR_ONLY_FAMILY_PROXY_TESTED,"acquire exact causal source, freeze implementation, then test",0.0,BLOCKED
CUR_PORTFOLIO_CONSTRUCTION_RISK_PREMIA_QUALITY_MINUS_JUNK,quality_minus_junk,portfolio_construction_risk_premia,allocation_or_direction,multi_asset|equities,curated_primary_literature,,factor returns|prices|costs|capacity,MAPPING_COMPLETE_SOURCE_ACQUISITION_REQUIRED,NOT_YET_EVALUATED_OR_ONLY_FAMILY_PROXY_TESTED,"acquire exact causal source, freeze implementation, then test",0.0,BLOCKED
CUR_PORTFOLIO_CONSTRUCTION_RISK_PREMIA_VALUE_EVERYWHERE,value_everywhere,portfolio_construction_risk_premia,allocation_or_direction,multi_asset|equities,curated_primary_literature,,factor returns|prices|costs|capacity,MAPPING_COMPLETE_SOURCE_ACQUISITION_REQUIRED,NOT_YET_EVALUATED_OR_ONLY_FAMILY_PROXY_TESTED,"acquire exact causal source, freeze implementation, then test",0.0,BLOCKED
CUR_PORTFOLIO_CONSTRUCTION_RISK_PREMIA_MOMENTUM_EVERYWHERE,momentum_everywhere,portfolio_construction_risk_premia,allocation_or_direction,multi_asset|equities,curated_primary_literature,,factor returns|prices|costs|capacity,MAPPING_COMPLETE_SOURCE_ACQUISITION_REQUIRED,NOT_YET_EVALUATED_OR_ONLY_FAMILY_PROXY_TESTED,"acquire exact causal source, freeze implementation, then test",0.0,BLOCKED
CUR_PORTFOLIO_CONSTRUCTION_RISK_PREMIA_CARRY_EVERYWHERE,carry_everywhere,portfolio_construction_risk_premia,allocation_or_direction,multi_asset|equities,curated_primary_literature,,factor returns|prices|costs|capacity,MAPPING_COMPLETE_SOURCE_ACQUISITION_REQUIRED,NOT_YET_EVALUATED_OR_ONLY_FAMILY_PROXY_TESTED,"acquire exact causal source, freeze implementation, then test",0.0,BLOCKED
CUR_PORTFOLIO_CONSTRUCTION_RISK_PREMIA_DEFENSIVE_EQUITY,defensive_equity,portfolio_construction_risk_premia,allocation_or_direction,multi_asset|equities,curated_primary_literature,,factor returns|prices|costs|capacity,MAPPING_COMPLETE_SOURCE_ACQUISITION_REQUIRED,NOT_YET_EVALUATED_OR_ONLY_FAMILY_PROXY_TESTED,"acquire exact causal source, freeze implementation, then test",0.0,BLOCKED
CUR_PORTFOLIO_CONSTRUCTION_RISK_PREMIA_MINIMUM_VARIANCE,minimum_variance,portfolio_construction_risk_premia,allocation_or_direction,multi_asset|equities,curated_primary_literature,,factor returns|prices|costs|capacity,MAPPING_COMPLETE_SOURCE_ACQUISITION_REQUIRED,NOT_YET_EVALUATED_OR_ONLY_FAMILY_PROXY_TESTED,"acquire exact causal source, freeze implementation, then test",0.0,BLOCKED
CUR_PORTFOLIO_CONSTRUCTION_RISK_PREMIA_RISK_PARITY,risk_parity,portfolio_construction_risk_premia,allocation_or_direction,multi_asset|equities,curated_primary_literature,,factor returns|prices|costs|capacity,MAPPING_COMPLETE_SOURCE_ACQUISITION_REQUIRED,NOT_YET_EVALUATED_OR_ONLY_FAMILY_PROXY_TESTED,"acquire exact causal source, freeze implementation, then test",0.0,BLOCKED
CUR_PORTFOLIO_CONSTRUCTION_RISK_PREMIA_EQUAL_RISK_CONTRIBUTION,equal_risk_contribution,portfolio_construction_risk_premia,allocation_or_direction,multi_asset|equities,curated_primary_literature,,factor returns|prices|costs|capacity,MAPPING_COMPLETE_SOURCE_ACQUISITION_REQUIRED,NOT_YET_EVALUATED_OR_ONLY_FAMILY_PROXY_TESTED,"acquire exact causal source, freeze implementation, then test",0.0,BLOCKED
CUR_PORTFOLIO_CONSTRUCTION_RISK_PREMIA_MAXIMUM_DIVERSIFICATION,maximum_diversification,portfolio_construction_risk_premia,allocation_or_direction,multi_asset|equities,curated_primary_literature,,factor returns|prices|costs|capacity,MAPPING_COMPLETE_SOURCE_ACQUISITION_REQUIRED,NOT_YET_EVALUATED_OR_ONLY_FAMILY_PROXY_TESTED,"acquire exact causal source, freeze implementation, then test",0.0,BLOCKED
CUR_PORTFOLIO_CONSTRUCTION_RISK_PREMIA_VOLATILITY_TARGETING,volatility_targeting,portfolio_construction_risk_premia,allocation_or_direction,multi_asset|equities,curated_primary_literature,,factor returns|prices|costs|capacity,MAPPING_COMPLETE_SOURCE_ACQUISITION_REQUIRED,NOT_YET_EVALUATED_OR_ONLY_FAMILY_PROXY_TESTED,"acquire exact causal source, freeze implementation, then test",0.0,BLOCKED
CUR_PORTFOLIO_CONSTRUCTION_RISK_PREMIA_TREND_RISK_CONTROL,trend_risk_control,portfolio_construction_risk_premia,allocation_or_direction,multi_asset|equities,curated_primary_literature,,factor returns|prices|costs|capacity,MAPPING_COMPLETE_SOURCE_ACQUISITION_REQUIRED,NOT_YET_EVALUATED_OR_ONLY_FAMILY_PROXY_TESTED,"acquire exact causal source, freeze implementation, then test",0.0,BLOCKED
CUR_PORTFOLIO_CONSTRUCTION_RISK_PREMIA_FACTOR_TIMING,factor_timing,portfolio_construction_risk_premia,allocation_or_direction,multi_asset|equities,curated_primary_literature,,factor returns|prices|costs|capacity,MAPPING_COMPLETE_SOURCE_ACQUISITION_REQUIRED,NOT_YET_EVALUATED_OR_ONLY_FAMILY_PROXY_TESTED,"acquire exact causal source, freeze implementation, then test",0.0,BLOCKED
CUR_PORTFOLIO_CONSTRUCTION_RISK_PREMIA_FACTOR_MOMENTUM,factor_momentum,portfolio_construction_risk_premia,allocation_or_direction,multi_asset|equities,curated_primary_literature,,factor returns|prices|costs|capacity,MAPPING_COMPLETE_SOURCE_ACQUISITION_REQUIRED,NOT_YET_EVALUATED_OR_ONLY_FAMILY_PROXY_TESTED,"acquire exact causal source, freeze implementation, then test",0.0,BLOCKED
CUR_PORTFOLIO_CONSTRUCTION_RISK_PREMIA_FACTOR_VALUE,factor_value,portfolio_construction_risk_premia,allocation_or_direction,multi_asset|equities,curated_primary_literature,,factor returns|prices|costs|capacity,MAPPING_COMPLETE_SOURCE_ACQUISITION_REQUIRED,NOT_YET_EVALUATED_OR_ONLY_FAMILY_PROXY_TESTED,"acquire exact causal source, freeze implementation, then test",0.0,BLOCKED
CUR_PORTFOLIO_CONSTRUCTION_RISK_PREMIA_FACTOR_CARRY,factor_carry,portfolio_construction_risk_premia,allocation_or_direction,multi_asset|equities,curated_primary_literature,,factor returns|prices|costs|capacity,MAPPING_COMPLETE_SOURCE_ACQUISITION_REQUIRED,NOT_YET_EVALUATED_OR_ONLY_FAMILY_PROXY_TESTED,"acquire exact causal source, freeze implementation, then test",0.0,BLOCKED
CUR_PORTFOLIO_CONSTRUCTION_RISK_PREMIA_FACTOR_CROWDING,factor_crowding,portfolio_construction_risk_premia,allocation_or_direction,multi_asset|equities,curated_primary_literature,,factor returns|prices|costs|capacity,MAPPING_COMPLETE_SOURCE_ACQUISITION_REQUIRED,NOT_YET_EVALUATED_OR_ONLY_FAMILY_PROXY_TESTED,"acquire exact causal source, freeze implementation, then test",0.0,BLOCKED
CUR_PORTFOLIO_CONSTRUCTION_RISK_PREMIA_FACTOR_DISPERSION,factor_dispersion,portfolio_construction_risk_premia,allocation_or_direction,multi_asset|equities,curated_primary_literature,,factor returns|prices|costs|capacity,MAPPING_COMPLETE_SOURCE_ACQUISITION_REQUIRED,NOT_YET_EVALUATED_OR_ONLY_FAMILY_PROXY_TESTED,"acquire exact causal source, freeze implementation, then test",0.0,BLOCKED
CUR_PORTFOLIO_CONSTRUCTION_RISK_PREMIA_FACTOR_CRASH_RISK,factor_crash_risk,portfolio_construction_risk_premia,allocation_or_direction,multi_asset|equities,curated_primary_literature,,factor returns|prices|costs|capacity,MAPPING_COMPLETE_SOURCE_ACQUISITION_REQUIRED,NOT_YET_EVALUATED_OR_ONLY_FAMILY_PROXY_TESTED,"acquire exact causal source, freeze implementation, then test",0.0,BLOCKED
CUR_PORTFOLIO_CONSTRUCTION_RISK_PREMIA_RESIDUAL_FACTOR,residual_factor,portfolio_construction_risk_premia,allocation_or_direction,multi_asset|equities,curated_primary_literature,,factor returns|prices|costs|capacity,MAPPING_COMPLETE_SOURCE_ACQUISITION_REQUIRED,NOT_YET_EVALUATED_OR_ONLY_FAMILY_PROXY_TESTED,"acquire exact causal source, freeze implementation, then test",0.0,BLOCKED
CUR_PORTFOLIO_CONSTRUCTION_RISK_PREMIA_INDUSTRY_NEUTRAL_FACTOR,industry_neutral_factor,portfolio_construction_risk_premia,allocation_or_direction,multi_asset|equities,curated_primary_literature,,factor returns|prices|costs|capacity,MAPPING_COMPLETE_SOURCE_ACQUISITION_REQUIRED,NOT_YET_EVALUATED_OR_ONLY_FAMILY_PROXY_TESTED,"acquire exact causal source, freeze implementation, then test",0.0,BLOCKED
CUR_PORTFOLIO_CONSTRUCTION_RISK_PREMIA_COUNTRY_NEUTRAL_FACTOR,country_neutral_factor,portfolio_construction_risk_premia,allocation_or_direction,multi_asset|equities,curated_primary_literature,,factor returns|prices|costs|capacity,MAPPING_COMPLETE_SOURCE_ACQUISITION_REQUIRED,NOT_YET_EVALUATED_OR_ONLY_FAMILY_PROXY_TESTED,"acquire exact causal source, freeze implementation, then test",0.0,BLOCKED
CUR_PORTFOLIO_CONSTRUCTION_RISK_PREMIA_CAPACITY_ADJUSTED_FACTOR,capacity_adjusted_factor,portfolio_construction_risk_premia,allocation_or_direction,multi_asset|equities,curated_primary_literature,,factor returns|prices|costs|capacity,MAPPING_COMPLETE_SOURCE_ACQUISITION_REQUIRED,NOT_YET_EVALUATED_OR_ONLY_FAMILY_PROXY_TESTED,"acquire exact causal source, freeze implementation, then test",0.0,BLOCKED
CUR_PORTFOLIO_CONSTRUCTION_RISK_PREMIA_LIQUIDITY_ADJUSTED_FACTOR,liquidity_adjusted_factor,portfolio_construction_risk_premia,allocation_or_direction,multi_asset|equities,curated_primary_literature,,factor returns|prices|costs|capacity,MAPPING_COMPLETE_SOURCE_ACQUISITION_REQUIRED,NOT_YET_EVALUATED_OR_ONLY_FAMILY_PROXY_TESTED,"acquire exact causal source, freeze implementation, then test",0.0,BLOCKED
CUR_PORTFOLIO_CONSTRUCTION_RISK_PREMIA_TRANSACTION_COST_AWARE_FACTOR,transaction_cost_aware_factor,portfolio_construction_risk_premia,allocation_or_direction,multi_asset|equities,curated_primary_literature,,factor returns|prices|costs|capacity,MAPPING_COMPLETE_SOURCE_ACQUISITION_REQUIRED,NOT_YET_EVALUATED_OR_ONLY_FAMILY_PROXY_TESTED,"acquire exact causal source, freeze implementation, then test",0.0,BLOCKED
CUR_PORTFOLIO_CONSTRUCTION_RISK_PREMIA_TAX_AWARE_FACTOR,tax_aware_factor,portfolio_construction_risk_premia,allocation_or_direction,multi_asset|equities,curated_primary_literature,,factor returns|prices|costs|capacity,MAPPING_COMPLETE_SOURCE_ACQUISITION_REQUIRED,NOT_YET_EVALUATED_OR_ONLY_FAMILY_PROXY_TESTED,"acquire exact causal source, freeze implementation, then test",0.0,BLOCKED
CUR_PORTFOLIO_CONSTRUCTION_RISK_PREMIA_DRAWDOWN_CONTROL,drawdown_control,portfolio_construction_risk_premia,allocation_or_direction,multi_asset|equities,curated_primary_literature,,factor returns|prices|costs|capacity,MAPPING_COMPLETE_SOURCE_ACQUISITION_REQUIRED,NOT_YET_EVALUATED_OR_ONLY_FAMILY_PROXY_TESTED,"acquire exact causal source, freeze implementation, then test",0.0,BLOCKED
CUR_PORTFOLIO_CONSTRUCTION_RISK_PREMIA_KELLY_FRACTION,Kelly_fraction,portfolio_construction_risk_premia,allocation_or_direction,multi_asset|equities,curated_primary_literature,,factor returns|prices|costs|capacity,MAPPING_COMPLETE_SOURCE_ACQUISITION_REQUIRED,NOT_YET_EVALUATED_OR_ONLY_FAMILY_PROXY_TESTED,"acquire exact causal source, freeze implementation, then test",0.0,BLOCKED
CUR_PORTFOLIO_CONSTRUCTION_RISK_PREMIA_CVAR_ALLOCATION,CVaR_allocation,portfolio_construction_risk_premia,allocation_or_direction,multi_asset|equities,curated_primary_literature,,factor returns|prices|costs|capacity,MAPPING_COMPLETE_SOURCE_ACQUISITION_REQUIRED,NOT_YET_EVALUATED_OR_ONLY_FAMILY_PROXY_TESTED,"acquire exact causal source, freeze implementation, then test",0.0,BLOCKED
CUR_PORTFOLIO_CONSTRUCTION_RISK_PREMIA_ROBUST_OPTIMIZATION,robust_optimization,portfolio_construction_risk_premia,allocation_or_direction,multi_asset|equities,curated_primary_literature,,factor returns|prices|costs|capacity,MAPPING_COMPLETE_SOURCE_ACQUISITION_REQUIRED,NOT_YET_EVALUATED_OR_ONLY_FAMILY_PROXY_TESTED,"acquire exact causal source, freeze implementation, then test",0.0,BLOCKED
CUR_PORTFOLIO_CONSTRUCTION_RISK_PREMIA_BLACK_LITTERMAN,Black_Litterman,portfolio_construction_risk_premia,allocation_or_direction,multi_asset|equities,curated_primary_literature,,factor returns|prices|costs|capacity,MAPPING_COMPLETE_SOURCE_ACQUISITION_REQUIRED,NOT_YET_EVALUATED_OR_ONLY_FAMILY_PROXY_TESTED,"acquire exact causal source, freeze implementation, then test",0.0,BLOCKED
CUR_PORTFOLIO_CONSTRUCTION_RISK_PREMIA_HIERARCHICAL_RISK_PARITY,hierarchical_risk_parity,portfolio_construction_risk_premia,allocation_or_direction,multi_asset|equities,curated_primary_literature,,factor returns|prices|costs|capacity,MAPPING_COMPLETE_SOURCE_ACQUISITION_REQUIRED,NOT_YET_EVALUATED_OR_ONLY_FAMILY_PROXY_TESTED,"acquire exact causal source, freeze implementation, then test",0.0,BLOCKED
CUR_PORTFOLIO_CONSTRUCTION_RISK_PREMIA_NETWORK_DIVERSIFICATION,network_diversification,portfolio_construction_risk_premia,allocation_or_direction,multi_asset|equities,curated_primary_literature,,factor returns|prices|costs|capacity,MAPPING_COMPLETE_SOURCE_ACQUISITION_REQUIRED,NOT_YET_EVALUATED_OR_ONLY_FAMILY_PROXY_TESTED,"acquire exact causal source, freeze implementation, then test",0.0,BLOCKED
CUR_PORTFOLIO_CONSTRUCTION_RISK_PREMIA_REGIME_CONDITIONAL_ALLOCATION,regime_conditional_allocation,portfolio_construction_risk_premia,allocation_or_direction,multi_asset|equities,curated_primary_literature,,factor returns|prices|costs|capacity,MAPPING_COMPLETE_SOURCE_ACQUISITION_REQUIRED,NOT_YET_EVALUATED_OR_ONLY_FAMILY_PROXY_TESTED,"acquire exact causal source, freeze implementation, then test",0.0,BLOCKED
CUR_PORTFOLIO_CONSTRUCTION_RISK_PREMIA_EQUAL_WEIGHT_BASELINE,equal_weight_baseline,portfolio_construction_risk_premia,allocation_or_direction,multi_asset|equities,curated_primary_literature,,factor returns|prices|costs|capacity,MAPPING_COMPLETE_SOURCE_ACQUISITION_REQUIRED,NOT_YET_EVALUATED_OR_ONLY_FAMILY_PROXY_TESTED,"acquire exact causal source, freeze implementation, then test",0.0,BLOCKED
