candidate_id,family,name,thesis,primary_role,market_scope,data_required,source_class,source_signal_class,mapping_status,discovery_status,validation_status,lockbox_status,prospective_status,live_decision_weight,capital_permission,claim_ceiling,notes
OAP_PREDICTOR_ABNORMALACCRUALS,open_source_cross_sectional_asset_pricing,Abnormal Accruals,"Define Accruals as net income (ib) minus operating cash flow (oancf), divided by average total assets (at) for years t-1 and t. If oancf is missing, replace operating cash flow with funds from operations (fopt) minus the annual change in total current assets (act) plus the annual change in cash and short-term investments (che) plus the annual change in current liabilities (lct) minus the annual change in debt in current liabilities (dlc). For each year t and 2-digit sic code, regress Accruals on: the inverse of average total assets for year t-1, the change in revenue (sale) from year t-1 to t divided by total assets for t-1, propery plant and equipment (ppegt) divided by total assets for t-1.  AbnormalAccrual is the residual from this cross-sectional regression.  See code for more details.",value_capture,US_equities_cross_section,Accounting,OpenSourceAP_SignalDoc_official,PREDICTOR,COMPLETE,IMPORTED_NOT_RETESTED,NOT_STARTED,NOT_OPENED,NOT_STARTED,0.0,BLOCKED,Imported definition; original published evidence is not War Room proof.,OP is aggressive and lags accounting data by only 3 months (p361) instead of the usual 6.  This likely accounts for our relative underperformance.
OAP_PREDICTOR_ACCRUALS,open_source_cross_sectional_asset_pricing,Accruals,Annual change in current total assets (act) minus annual change in cash and short-term investements (che) minus annual change in current liabilities (lct) minus annual change in debt in current liabilities (dlc) minus change in income taxes (txp). All divided by average total assets (at) over this year and last year. Exclude if abs(prc) < 5.,value_capture,US_equities_cross_section,Accounting,OpenSourceAP_SignalDoc_official,PREDICTOR,COMPLETE,IMPORTED_NOT_RETESTED,NOT_STARTED,NOT_OPENED,NOT_STARTED,0.0,BLOCKED,Imported definition; original published evidence is not War Room proof.,Table 6 year t+1 hedge.  Only size adjusted and CAPM adjusted.
OAP_PREDICTOR_ACCRUALSBM,open_source_cross_sectional_asset_pricing,Book-to-market and accruals,"Binary variable equal to 1 if stock is in the highest Accrual quintile and the lowest BM quintile, and equal to 0 if stock is in the lowest Accrual quintile and the highest BM quintile. Exclude if book equity (ceq) is negative.",value_capture,US_equities_cross_section,Accounting,OpenSourceAP_SignalDoc_official,PREDICTOR,COMPLETE,IMPORTED_NOT_RETESTED,NOT_STARTED,NOT_OPENED,NOT_STARTED,0.0,BLOCKED,Imported definition; original published evidence is not War Room proof.,
OAP_PREDICTOR_ACTIVISM1,open_source_cross_sectional_asset_pricing,Takeover vulnerability,"24 minus Governance Index (G). Set to missing if G is missing, or if not in the highest quartile of institutional ownership (maxinstown\_perc), or if dual share class.",information_flow_or_positioning,US_equities_cross_section,13F,OpenSourceAP_SignalDoc_official,PREDICTOR,COMPLETE,IMPORTED_NOT_RETESTED,NOT_STARTED,NOT_OPENED,NOT_STARTED,0.0,BLOCKED,Imported definition; original published evidence is not War Room proof.,works a bit better EW in Tab 3
OAP_PREDICTOR_AM,open_source_cross_sectional_asset_pricing,Total assets to market,Total assets (at) divided by market value of equity.,value_capture,US_equities_cross_section,Accounting,OpenSourceAP_SignalDoc_official,PREDICTOR,COMPLETE,IMPORTED_NOT_RETESTED,NOT_STARTED,NOT_OPENED,NOT_STARTED,0.0,BLOCKED,Imported definition; original published evidence is not War Room proof.,
OAP_PREDICTOR_ANALYSTREVISION,open_source_cross_sectional_asset_pricing,EPS forecast revision,"keep fpi == ""1"", last obs each month.  Signal is meanest / last month's meanest.",value_capture,US_equities_cross_section,Analyst,OpenSourceAP_SignalDoc_official,PREDICTOR,COMPLETE,IMPORTED_NOT_RETESTED,NOT_STARTED,NOT_OPENED,NOT_STARTED,0.0,BLOCKED,Imported definition; original published evidence is not War Room proof.,OP only longs top 20 stocks according to signal.  We were more flexible.  Sample is very short but the results seem robust.
OAP_PREDICTOR_ANNOUNCEMENTRETURN,open_source_cross_sectional_asset_pricing,Earnings announcement return,Get announcement date for quarterly earnings from IBES (fpi = 6). AnnouncementReturn is the sum of (ret - mktrf + rf) from one day before an earnings announcement to 2 days after the announcement.,value_capture,US_equities_cross_section,Price,OpenSourceAP_SignalDoc_official,PREDICTOR,COMPLETE,IMPORTED_NOT_RETESTED,NOT_STARTED,NOT_OPENED,NOT_STARTED,0.0,BLOCKED,Imported definition; original published evidence is not War Room proof.,Table 4 has port sort but no t-stats.  Tab 7 has huge t-stats in regressions
OAP_PREDICTOR_ASSETGROWTH,open_source_cross_sectional_asset_pricing,Asset growth,Annual growth rate of total assets (at),value_capture,US_equities_cross_section,Accounting,OpenSourceAP_SignalDoc_official,PREDICTOR,COMPLETE,IMPORTED_NOT_RETESTED,NOT_STARTED,NOT_OPENED,NOT_STARTED,0.0,BLOCKED,Imported definition; original published evidence is not War Room proof.,"Also works VW (t=5, Tab2.B.2)"
OAP_PREDICTOR_BETALIQUIDITYPS,open_source_cross_sectional_asset_pricing,Pastor-Stambaugh liquidity beta,"Monthly excess return (ret -rf) regressed on innovations in liquidity from Pastor's website (\url{https://faculty.chicagobooth.edu/lubos.pastor/research/liq_data_1962_2018.txt}). Use 60 month rolling window regression, and require at least 36 non-missing observations.",execution_or_flow,US_equities_cross_section,Price,OpenSourceAP_SignalDoc_official,PREDICTOR,COMPLETE,IMPORTED_NOT_RETESTED,NOT_STARTED,NOT_OPENED,NOT_STARTED,0.0,BLOCKED,Imported definition; original published evidence is not War Room proof.,
OAP_PREDICTOR_BETATAILRISK,open_source_cross_sectional_asset_pricing,Tail risk beta,"Each month, compute the 5th percentile over daily returns over all firms. For all daily return observations with return below that 5th percentile, compute the average of (log(ret/5th percentile of cross-sectional return distribution). Call that average tailEX. BetaTailRisk is the coefficient of a 120-month rolling regression of a firm's stock return on tailEX. Exclude if price less than 5 or share code greater than 11.",vulnerability_or_range,US_equities_cross_section,Price,OpenSourceAP_SignalDoc_official,PREDICTOR,COMPLETE,IMPORTED_NOT_RETESTED,NOT_STARTED,NOT_OPENED,NOT_STARTED,0.0,BLOCKED,Imported definition; original published evidence is not War Room proof.,Also works VW or monthly
OAP_PREDICTOR_BETAVIX,open_source_cross_sectional_asset_pricing,Systematic volatility,Coefficient on daily change in the VIX of a 1-month rolling window regression of daily stock excess returns on market return and the daily change in the CBOE S&P 100 volatility index (downloaded from FRED). Require at least 15 non-missing observations.,vulnerability_or_range,US_equities_cross_section,Price,OpenSourceAP_SignalDoc_official,PREDICTOR,COMPLETE,IMPORTED_NOT_RETESTED,NOT_STARTED,NOT_OPENED,NOT_STARTED,0.0,BLOCKED,Imported definition; original published evidence is not War Room proof.,Tab I has port sorts
OAP_PREDICTOR_BM,open_source_cross_sectional_asset_pricing,"Book to market, original (Stattman 1980)",Log of tangible book equity (ceqt) over market equity matched at FYE,value_capture,US_equities_cross_section,Accounting,OpenSourceAP_SignalDoc_official,PREDICTOR,COMPLETE,IMPORTED_NOT_RETESTED,NOT_STARTED,NOT_OPENED,NOT_STARTED,0.0,BLOCKED,Imported definition; original published evidence is not War Room proof.,"OP actually forms portfolios at the end of March based on December FYE data and drops stocks with non-Dec FYE.  But for consistency with FF1992, we use June as the port form month (the irony is noted).  OP also drops certain SIC codes, which we should implement at the portfolio stage, in time.  We previously were citing Rosenberg, Reid, Lanstein 1985, but Stattman 1980 should get more credit.  RRL does not describe its methods in much detail too."
OAP_PREDICTOR_BMDEC,open_source_cross_sectional_asset_pricing,Book to market using December ME,BM using most recent December value of market equity.,value_capture,US_equities_cross_section,Accounting,OpenSourceAP_SignalDoc_official,PREDICTOR,COMPLETE,IMPORTED_NOT_RETESTED,NOT_STARTED,NOT_OPENED,NOT_STARTED,0.0,BLOCKED,Imported definition; original published evidence is not War Room proof.,
OAP_PREDICTOR_BOOKLEVERAGE,open_source_cross_sectional_asset_pricing,Book leverage (annual),"Total assets (at) divided by book value of equity plus deferred taxes (txditc) and preferred stock. Equity is shareholder equity (seq) if available, or book equity (ceq) plus preferred stock (pstk, if missing pstkrv, if missing pstkl), or total assets minus total liabilities (lt).",cross_sectional_selection,US_equities_cross_section,Accounting,OpenSourceAP_SignalDoc_official,PREDICTOR,COMPLETE,IMPORTED_NOT_RETESTED,NOT_STARTED,NOT_OPENED,NOT_STARTED,0.0,BLOCKED,Imported definition; original published evidence is not War Room proof.,
OAP_PREDICTOR_BPEBM,open_source_cross_sectional_asset_pricing,Leverage component of BM,"BP - EBM, where BP = (ceq + tstkp - dvpa)/(shrout*abs(prc)), and EBM is defined above. Exclude if price less than 5.",cross_sectional_selection,US_equities_cross_section,Accounting,OpenSourceAP_SignalDoc_official,PREDICTOR,COMPLETE,IMPORTED_NOT_RETESTED,NOT_STARTED,NOT_OPENED,NOT_STARTED,0.0,BLOCKED,Imported definition; original published evidence is not War Room proof.,B/P-NOA/P^NOA in OP.  Table 1D shows strong port sort.  Tab3A shows t-stat = 4.1 in uni reg. OP drops extreme obs but we don't.
OAP_PREDICTOR_CASH,open_source_cross_sectional_asset_pricing,Cash to assets,Ratio of quarterly cash and short-term investments (cheq) and total assets (atq).,cross_sectional_selection,US_equities_cross_section,Accounting,OpenSourceAP_SignalDoc_official,PREDICTOR,COMPLETE,IMPORTED_NOT_RETESTED,NOT_STARTED,NOT_OPENED,NOT_STARTED,0.0,BLOCKED,Imported definition; original published evidence is not War Room proof.,"Table 4 has long-short returns with t-stat of 2.14 for raw EW. Much stronger after factor adjustments. Other tables show double sorts, alphas, Table 4, Panel A, column DeltaCH"
OAP_PREDICTOR_CASHPROD,open_source_cross_sectional_asset_pricing,Cash Productivity,Calculate market value of equity (mve_c) as absolute price (prc) times number of shares outstanding (shrout). Cash productivity is equal to the difference between mve_c and total assets (at) divided by cash and short-term investments (che).,value_capture,US_equities_cross_section,Accounting,OpenSourceAP_SignalDoc_official,PREDICTOR,COMPLETE,IMPORTED_NOT_RETESTED,NOT_STARTED,NOT_OPENED,NOT_STARTED,0.0,BLOCKED,Imported definition; original published evidence is not War Room proof.,Stats are from WP version.
OAP_PREDICTOR_CBOPERPROF,open_source_cross_sectional_asset_pricing,Cash-based operating profitability,"Revenue (revt) minus cost (cogs) - (administrative expenses (xsga) - R&D expenses (xrd))  minus annual change in receivables (rect), annual change in investment (invt) and annual change in prepaid expenses, plus annual change in current deferred revenue (drc), long-term deferred revenue (drlt), accounts payable (ap) and accrued expenses (xacc), all divided by total assets (at) in year t. Replace all variables in the numerator with 0 if they are missing. Exclude if share code is greater 11, market value of equity, BM or total assets are missing, or if SIC code between 6000 and 6999.",value_capture,US_equities_cross_section,Accounting,OpenSourceAP_SignalDoc_official,PREDICTOR,COMPLETE,IMPORTED_NOT_RETESTED,NOT_STARTED,NOT_OPENED,NOT_STARTED,0.0,BLOCKED,Imported definition; original published evidence is not War Room proof.,This is operating prof with working cap and R&D adjustments.
OAP_PREDICTOR_CF,open_source_cross_sectional_asset_pricing,Cash flow to market,Net income (ib) plus depreciation (dp) divided by market equity. Exclude NASDAQ stocks.,value_capture,US_equities_cross_section,Accounting,OpenSourceAP_SignalDoc_official,PREDICTOR,COMPLETE,IMPORTED_NOT_RETESTED,NOT_STARTED,NOT_OPENED,NOT_STARTED,0.0,BLOCKED,Imported definition; original published evidence is not War Room proof.,
OAP_PREDICTOR_CFP,open_source_cross_sectional_asset_pricing,Operating Cash flows to price,"Operating cash-flow (oancf) divided by market value of equity. If operating cash-flow is missing, replace by difference betwee net income (ib) and level of accruals, where the latter is the annual change in current assets (act) minus the annual change in cash and short-term investments (che), minus the annual change in current liabilities (lct) plus the annual change in debt in current liabilities (dlc) plus the annual change in payable income taxes (txp) plus depreciation (dp).",value_capture,US_equities_cross_section,Accounting,OpenSourceAP_SignalDoc_official,PREDICTOR,COMPLETE,IMPORTED_NOT_RETESTED,NOT_STARTED,NOT_OPENED,NOT_STARTED,0.0,BLOCKED,Imported definition; original published evidence is not War Room proof.,
OAP_PREDICTOR_CHANGEINRECOMMENDATION,open_source_cross_sectional_asset_pricing,Change in recommendation,"keep last ireccd each month, then average across analysts for each firm-month.  Define opscore as 6-ireccd.  Signal is opscore - last month's opscore.",information_flow_or_positioning,US_equities_cross_section,Analyst,OpenSourceAP_SignalDoc_official,PREDICTOR,COMPLETE,IMPORTED_NOT_RETESTED,NOT_STARTED,NOT_OPENED,NOT_STARTED,0.0,BLOCKED,Imported definition; original published evidence is not War Room proof.,"OP sample is 1985-1998 using Zack's, but our IBES recommendations only begins in 1993.  OP is binary, but we follow MP.  Even though sample is super short for us, it seems to work, and is even mostly monotonic."
OAP_PREDICTOR_CHASSETTURNOVER,open_source_cross_sectional_asset_pricing,Change in Asset Turnover,Annual change in AssetTurnover (defined above). Exclude if price less than 5.,execution_or_flow,US_equities_cross_section,Accounting,OpenSourceAP_SignalDoc_official,PREDICTOR,COMPLETE,IMPORTED_NOT_RETESTED,NOT_STARTED,NOT_OPENED,NOT_STARTED,0.0,BLOCKED,Imported definition; original published evidence is not War Room proof.,"Tab 7 Delta ATO, t-stat 2.5 with controls, no sorts."
OAP_PREDICTOR_CHEQ,open_source_cross_sectional_asset_pricing,Growth in book equity,Ratio of book equity (ceq) to book equity in the previous year. Include only if book equity is positive this year and last year.,value_capture,US_equities_cross_section,Accounting,OpenSourceAP_SignalDoc_official,PREDICTOR,COMPLETE,IMPORTED_NOT_RETESTED,NOT_STARTED,NOT_OPENED,NOT_STARTED,0.0,BLOCKED,Imported definition; original published evidence is not War Room proof.,"Table 4, panel A, take difference between High and low SUSG returns, tstat is reported. Paper also offers alphas and FM regressions."
OAP_PREDICTOR_CHFORECASTACCRUAL,open_source_cross_sectional_asset_pricing,Change in Forecast and Accrual,"Within upper half of Accruals distribution, equal to 1 if mean earnings estimate increased relative to the previous month. 0 if it decreased.",value_capture,US_equities_cross_section,Analyst,OpenSourceAP_SignalDoc_official,PREDICTOR,COMPLETE,IMPORTED_NOT_RETESTED,NOT_STARTED,NOT_OPENED,NOT_STARTED,0.0,BLOCKED,Imported definition; original published evidence is not War Room proof.,"Closest is Tab 3B.  OP basically does a double sort on accruals and revisions. p-val < 0.001, but no t-stat.  Our t-stat is enormous, suggesting the p-value is much less than 0.001."
OAP_PREDICTOR_CHINV,open_source_cross_sectional_asset_pricing,Inventory Growth,12 month change in inventory (invt) divided by average total assets.,value_capture,US_equities_cross_section,Accounting,OpenSourceAP_SignalDoc_official,PREDICTOR,COMPLETE,IMPORTED_NOT_RETESTED,NOT_STARTED,NOT_OPENED,NOT_STARTED,0.0,BLOCKED,Imported definition; original published evidence is not War Room proof.,Table 1 \Delta Invent row has decile hedge size adjusted returns. T-stats are missing though. Main results use panel regression coefficient and stars.
OAP_PREDICTOR_CHINVIA,open_source_cross_sectional_asset_pricing,Change in capital inv (ind adj),"Growth in capital expenditure (capx) minus average growth in capital expenditure in the same industry (two-digit SIC). If capx is missing, capital expenditure is defined as the annual change in property, plant and equipment (ppent). Capital expenditure growth is defined as the percentage growth of capx today relative to the average capx over the previous two years (.5*(capx$_{t-1}$ + capx$_{t-2}$), or as percentage growth relative to the previous year only if t-2 is missing.",value_capture,US_equities_cross_section,Accounting,OpenSourceAP_SignalDoc_official,PREDICTOR,COMPLETE,IMPORTED_NOT_RETESTED,NOT_STARTED,NOT_OPENED,NOT_STARTED,0.0,BLOCKED,Imported definition; original published evidence is not War Room proof.,
OAP_PREDICTOR_CHNANALYST,open_source_cross_sectional_asset_pricing,Decline in Analyst Coverage,"Using IBES forecasts, keep if fpi = 1, fpedats not missing, and fpedats > statpers + 30.  Binary variable equal to 1 if the number of analysts (numest) for next quarter's EPS estimate decreased relative to three months ago, and 0 if it increased.  Keep if in bottom two size quintiles among all firms to match OP's table.",value_capture,US_equities_cross_section,Analyst,OpenSourceAP_SignalDoc_official,PREDICTOR,COMPLETE,IMPORTED_NOT_RETESTED,NOT_STARTED,NOT_OPENED,NOT_STARTED,0.0,BLOCKED,Imported definition; original published evidence is not War Room proof.,"Tab 2 says t=0.3 for all stocks, but t>3 for size quintiles 1-2"
OAP_PREDICTOR_CHNNCOA,open_source_cross_sectional_asset_pricing,Change in Net Noncurrent Op Assets,Twelve-month change in noncurrent operating assets. Noncurrent operating assets is ( (at - act - ivao) - (lt - dlc - dltt) )/at.,value_capture,US_equities_cross_section,Accounting,OpenSourceAP_SignalDoc_official,PREDICTOR,COMPLETE,IMPORTED_NOT_RETESTED,NOT_STARTED,NOT_OPENED,NOT_STARTED,0.0,BLOCKED,Imported definition; original published evidence is not War Room proof.,"Tab 7 Delta NCO, highly significant with controls,"
OAP_PREDICTOR_CHNWC,open_source_cross_sectional_asset_pricing,Change in Net Working Capital,Twelve-month change in net working capital. Net working capital is ( (act - che) - (lct - dlc) )/at,value_capture,US_equities_cross_section,Accounting,OpenSourceAP_SignalDoc_official,PREDICTOR,COMPLETE,IMPORTED_NOT_RETESTED,NOT_STARTED,NOT_OPENED,NOT_STARTED,0.0,BLOCKED,Imported definition; original published evidence is not War Room proof.,"Very strong in multivariate regression (t-stat of above 4.6 in both specifications), no sorts. Main results (Table 7) use annual fama macbeth."
OAP_PREDICTOR_CHTAX,open_source_cross_sectional_asset_pricing,Change in Taxes,"4-quarter change in quarterly total taxes (txtq), scaled by lagged total assets (at).",cross_sectional_selection,US_equities_cross_section,Accounting,OpenSourceAP_SignalDoc_official,PREDICTOR,COMPLETE,IMPORTED_NOT_RETESTED,NOT_STARTED,NOT_OPENED,NOT_STARTED,0.0,BLOCKED,Imported definition; original published evidence is not War Room proof.,
OAP_PREDICTOR_CITATIONSRD,open_source_cross_sectional_asset_pricing,Citations to RD expenses,"Drop obs before 1975.  Set expenses for research and development (xrd) and number of citations (ncit)  to 0 if missing. Calculate Citations to RD as sum of citations over previous 5 years divided by sum of xrd over years $t-3, \ldots, \t-7$.  Drop if denominator = 0,  2 years or less in Compustat, sic in 6000s, ceq < 0.  Double independent sort using (a) size NYSE median (b) terciles of Citations to RD.  Long if in small size, highest tercile of Citations to RD, short if in small size, smallest tercile.",value_capture,US_equities_cross_section,Other,OpenSourceAP_SignalDoc_official,PREDICTOR,COMPLETE,IMPORTED_NOT_RETESTED,NOT_STARTED,NOT_OPENED,NOT_STARTED,0.0,BLOCKED,Imported definition; original published evidence is not War Room proof.,"Table 9 does ff3 style VW to adjust for size.  Table 8 shows that predictability weak in large firms, so we just focus on small firms and VW to keep this spreadsheet manageable."
OAP_PREDICTOR_COMPEQUISS,open_source_cross_sectional_asset_pricing,Composite equity issuance,5 year growth rate of market value of equity minus 5 year stock return.,cross_sectional_selection,US_equities_cross_section,Accounting,OpenSourceAP_SignalDoc_official,PREDICTOR,COMPLETE,IMPORTED_NOT_RETESTED,NOT_STARTED,NOT_OPENED,NOT_STARTED,0.0,BLOCKED,Imported definition; original published evidence is not War Room proof.,
OAP_PREDICTOR_COMPOSITEDEBTISSUANCE,open_source_cross_sectional_asset_pricing,Composite debt issuance,Log of long-term debt (dltt) plus debt in current liabilties (dlc) minus log of the same variable 5 years ago.,cross_sectional_selection,US_equities_cross_section,Accounting,OpenSourceAP_SignalDoc_official,PREDICTOR,COMPLETE,IMPORTED_NOT_RETESTED,NOT_STARTED,NOT_OPENED,NOT_STARTED,0.0,BLOCKED,Imported definition; original published evidence is not War Room proof.,"Table 5B. Uses decile sorts, but then longs top 3 and shorts bottom 3 portfolios.  Table 3 offers hedge return alphas for IPOs and debt issue indicators too."
OAP_PREDICTOR_CONVDEBT,open_source_cross_sectional_asset_pricing,Convertible debt indicator,Binary variable equal to 1 if deferred charges (dc) greater than 0 or common shares reserved for convertible debt (cshrc) greater than 0.,cross_sectional_selection,US_equities_cross_section,Accounting,OpenSourceAP_SignalDoc_official,PREDICTOR,COMPLETE,IMPORTED_NOT_RETESTED,NOT_STARTED,NOT_OPENED,NOT_STARTED,0.0,BLOCKED,Imported definition; original published evidence is not War Room proof.,"Table 4, DCONV has FM regression results for dummy.  Dummy has opposite sign of covertible proportion, both are significant.  Table 5C has port sort for proprotion, and returns are nonmonotonic and LS t=1.7.  We focus on the dummy but it's a judgement call."
OAP_PREDICTOR_COSKEWACX,open_source_cross_sectional_asset_pricing,Coskewness using daily returns,"Signal is the sample counterpart of $E[\tilde{r}_{it} \tilde{r}_{mt}^2]/( SD[\tilde{r}_{it} ] SD[\tilde{r}_{mt}]^2$ where $\tilde{r}_{it}$ is the de-meaned stock return and $\tilde{r}_{mt}$ is the de-meaned market excess return.  Signal is computed using the past year of daily data, and using the NYSE CRSP VW index for the market (dsia), with returns continuously compounded.  See code for details.",vulnerability_or_range,US_equities_cross_section,Price,OpenSourceAP_SignalDoc_official,PREDICTOR,COMPLETE,IMPORTED_NOT_RETESTED,NOT_STARTED,NOT_OPENED,NOT_STARTED,0.0,BLOCKED,Imported definition; original published evidence is not War Room proof.,"Used primarily as a control variable in the paper, but this paper has details on the signal construction that are not found in Harvey and Siddique.  ACX simply use de-meaned stock returns rather than CAPM residual.  Also uses daily data, and equal weighting."
OAP_PREDICTOR_CPVOLSPREAD,open_source_cross_sectional_asset_pricing,Call minus Put Vol,ATM Call vol minus ATM put vol,vulnerability_or_range,US_equities_cross_section,Options,OpenSourceAP_SignalDoc_official,PREDICTOR,COMPLETE,IMPORTED_NOT_RETESTED,NOT_STARTED,NOT_OPENED,NOT_STARTED,0.0,BLOCKED,Imported definition; original published evidence is not War Room proof.,OP says NYSE only but we find all stocks gets closer to their numbers
OAP_PREDICTOR_DVOLCALL,open_source_cross_sectional_asset_pricing,Change in call vol,"Using OptionM vol surface, 30 day mat, delta = 0.5, find first diff of implied vol",execution_or_flow,US_equities_cross_section,Options,OpenSourceAP_SignalDoc_official,PREDICTOR,COMPLETE,IMPORTED_NOT_RETESTED,NOT_STARTED,NOT_OPENED,NOT_STARTED,0.0,BLOCKED,Imported definition; original published evidence is not War Room proof.,
OAP_PREDICTOR_DVOLPUT,open_source_cross_sectional_asset_pricing,Change in put vol,"Using OptionM vol surface, 30 day mat, delta = 0.5, find first diff of implied vol",execution_or_flow,US_equities_cross_section,Options,OpenSourceAP_SignalDoc_official,PREDICTOR,COMPLETE,IMPORTED_NOT_RETESTED,NOT_STARTED,NOT_OPENED,NOT_STARTED,0.0,BLOCKED,Imported definition; original published evidence is not War Room proof.,
OAP_PREDICTOR_DCPVOLSPREAD,open_source_cross_sectional_asset_pricing,Change in put vol minus change in call vol,Take difference of dVolCall and dVolPut,execution_or_flow,US_equities_cross_section,Options,OpenSourceAP_SignalDoc_official,PREDICTOR,COMPLETE,IMPORTED_NOT_RETESTED,NOT_STARTED,NOT_OPENED,NOT_STARTED,0.0,BLOCKED,Imported definition; original published evidence is not War Room proof.,
OAP_PREDICTOR_CREDRATDG,open_source_cross_sectional_asset_pricing,Credit Rating Downgrade,"A downgrade happens if credit rating (splticrm) decreased by at least one notch relative to the previous month.  CredRatDG = 1 if a downgrade happened over the past 3 months.  OP studies Moody's ratings changes between 1970 and 1997, but our data doesn't begin in earnest until 1986, and our sample definitions apply to returns, and this predictor implicitly averages over the past 6 months.",information_flow_or_positioning,US_equities_cross_section,Analyst,OpenSourceAP_SignalDoc_official,PREDICTOR,COMPLETE,IMPORTED_NOT_RETESTED,NOT_STARTED,NOT_OPENED,NOT_STARTED,0.0,BLOCKED,Imported definition; original published evidence is not War Room proof.,"Most of the returns are earned in first 3 days of announcement.  OP uses Moody's Default Risk Service data going back to 1970, but our S\&P Credit Ratings data only goes back to 1978"
OAP_PREDICTOR_CUSTOMERMOMENTUM,open_source_cross_sectional_asset_pricing,Customer momentum,Based on firms' principals customers from Compustat Segment data as in Cohen and Frazzini.,direction,US_equities_cross_section,Other,OpenSourceAP_SignalDoc_official,PREDICTOR,COMPLETE,IMPORTED_NOT_RETESTED,NOT_STARTED,NOT_OPENED,NOT_STARTED,0.0,BLOCKED,Imported definition; original published evidence is not War Room proof.,"Tab3A is VW, so we do VW.  3B shows works a bit better EW"
OAP_PREDICTOR_DELBREADTH,open_source_cross_sectional_asset_pricing,Breadth of ownership,Quarterly change in the number of institutional owners (numinstowners) from 13F data. Exclude if in the lowest quintile of stocks by market value of equity (based on NYSE stocks only).,information_flow_or_positioning,US_equities_cross_section,13F,OpenSourceAP_SignalDoc_official,PREDICTOR,COMPLETE,IMPORTED_NOT_RETESTED,NOT_STARTED,NOT_OPENED,NOT_STARTED,0.0,BLOCKED,Imported definition; original published evidence is not War Room proof.,"Table 4 (chose the cumluative annual return, but they report 1,2,3 and 4 quarters),"
OAP_PREDICTOR_DELCOA,open_source_cross_sectional_asset_pricing,Change in current operating assets,"Difference in current operating assets (total current assets (act) minus cash and short-term investments (che)) between years t-1 and t, scaled by average total assets (at) in years t-1 and t.",value_capture,US_equities_cross_section,Accounting,OpenSourceAP_SignalDoc_official,PREDICTOR,COMPLETE,IMPORTED_NOT_RETESTED,NOT_STARTED,NOT_OPENED,NOT_STARTED,0.0,BLOCKED,Imported definition; original published evidence is not War Room proof.,"Table 8, but FMB only.  Most results are about accounting rate of return (Table 5-7)."
OAP_PREDICTOR_DELCOL,open_source_cross_sectional_asset_pricing,Change in current operating liabilities,"Difference in current operating liabilities (total current liabilities (lct) minus debt in current liabilities (dlc)) between years t-1 and t, scaled by average total assets (at) in years t-1 and t.",cross_sectional_selection,US_equities_cross_section,Accounting,OpenSourceAP_SignalDoc_official,PREDICTOR,COMPLETE,IMPORTED_NOT_RETESTED,NOT_STARTED,NOT_OPENED,NOT_STARTED,0.0,BLOCKED,Imported definition; original published evidence is not War Room proof.,"Table 8, but FMB only.  Most results are about accounting rate of return (Table 5-7)."
OAP_PREDICTOR_DELEQU,open_source_cross_sectional_asset_pricing,Change in equity to assets,"Difference in book equity (ceq) between years t-1 and t, scaled by average total assets (at) in years t-1 and t.",value_capture,US_equities_cross_section,Accounting,OpenSourceAP_SignalDoc_official,PREDICTOR,COMPLETE,IMPORTED_NOT_RETESTED,NOT_STARTED,NOT_OPENED,NOT_STARTED,0.0,BLOCKED,Imported definition; original published evidence is not War Room proof.,Delta Equity in OP.
OAP_PREDICTOR_DELFINL,open_source_cross_sectional_asset_pricing,Change in financial liabilities,"Difference in financial liabilities (sum of long-term debt (dltt), current liabilitites (dlc) and preferred stock (pstk)) between years t-1 and t, scaled by average total assets (at) in years t-1 and t.",cross_sectional_selection,US_equities_cross_section,Accounting,OpenSourceAP_SignalDoc_official,PREDICTOR,COMPLETE,IMPORTED_NOT_RETESTED,NOT_STARTED,NOT_OPENED,NOT_STARTED,0.0,BLOCKED,Imported definition; original published evidence is not War Room proof.,"Table 8, but FMB only.  Most results are about accounting rate of return (Table 5-7)."
OAP_PREDICTOR_DELLTI,open_source_cross_sectional_asset_pricing,Change in long-term investment,"Difference in investment and advances (ivao) between years t-1 and t, scaled by average total assets (at) in years t-1 and t.",value_capture,US_equities_cross_section,Accounting,OpenSourceAP_SignalDoc_official,PREDICTOR,COMPLETE,IMPORTED_NOT_RETESTED,NOT_STARTED,NOT_OPENED,NOT_STARTED,0.0,BLOCKED,Imported definition; original published evidence is not War Room proof.,"Table 8, but FMB only.  Most results are about accounting rate of return (Table 5-7)."
OAP_PREDICTOR_DELNETFIN,open_source_cross_sectional_asset_pricing,Change in net financial assets,"Compute the sum of short-term investments (ivst) and investments and advances (ivao) minus the sum of long-term debt (dltt), debt in current liabilities (dlc) and preferred stock capital. Divide the difference between the current and one-year lagged sum by total assets (at) averaged over the current and previous fiscal years.",value_capture,US_equities_cross_section,Accounting,OpenSourceAP_SignalDoc_official,PREDICTOR,COMPLETE,IMPORTED_NOT_RETESTED,NOT_STARTED,NOT_OPENED,NOT_STARTED,0.0,BLOCKED,Imported definition; original published evidence is not War Room proof.,
OAP_PREDICTOR_DIVINIT,open_source_cross_sectional_asset_pricing,Dividend Initiation,"Keep only distcd 2nd digit = 2 or 3.  Define dividend initiation as having paid a dividend in month t (divamt > 0), and not having paid a dividend in the last 24 months.  DivInit is equal to 1 if a dividend was initiated in the past 6 months, and 0 for all other stocks.",information_flow_or_positioning,US_equities_cross_section,Event,OpenSourceAP_SignalDoc_official,PREDICTOR,COMPLETE,IMPORTED_NOT_RETESTED,NOT_STARTED,NOT_OPENED,NOT_STARTED,0.0,BLOCKED,Imported definition; original published evidence is not War Room proof.,"We deviate from OP in not imposing an NYSE/AMEX requirement.  This allows our portfolios to have a reasonable number of stocks.  We also ""hold"" for 6 months rather than 12, since most of the returns come in the first 6 months."
OAP_PREDICTOR_DIVOMIT,open_source_cross_sectional_asset_pricing,Dividend Omission,"Keep only distcd 2nd digit = 2 or 3.  Define firms as quarterly, semi-annual, or annual payers based on payment history.  Define a consistent payer as a firm that paid quarterly or semi-annual dividends for the past 18 months, or annual dividends for the past 2 years.  An omission is the first month where a consistent payer failed to pay a dividend over the past quarter/6-months/year.  Finally, DivOmit = 1 if there is an omission in the past 2 months and 0 otherwise",information_flow_or_positioning,US_equities_cross_section,Event,OpenSourceAP_SignalDoc_official,PREDICTOR,COMPLETE,IMPORTED_NOT_RETESTED,NOT_STARTED,NOT_OPENED,NOT_STARTED,0.0,BLOCKED,Imported definition; original published evidence is not War Room proof.,"We deviate from OP in not imposing an NYSE/AMEX requirement.  This allows our portfolios to have a reasonable number of stocks.  OP's returns are short DivOmit and long EW crsp, which probably pushes up their t-stat.  Unlike DivInit, we ""hold"" for only 2 month because Table 3 shows that the DivOmit performance is highly concentrated early in the event.  Very few stocks in the omission portfolio."
OAP_PREDICTOR_DIVSEASON,open_source_cross_sectional_asset_pricing,Dividend seasonality,"Drop if 3rd digit of distcd = 2 or >= 6.  Assign DivSeason = 0 if there was a dividend paid in the last 12 months.  Replace DivSeason = 1 if the third digit of disctcd is 3, 0, or 1, and a positive dividend was paid 2, 5, 8, or 11 months ago, if the third digit is 4 and a dividend was paid 5 or 11 months ago, or if the third digit is 5 and a dividiend was paid 11 months ago.",information_flow_or_positioning,US_equities_cross_section,Event,OpenSourceAP_SignalDoc_official,PREDICTOR,COMPLETE,IMPORTED_NOT_RETESTED,NOT_STARTED,NOT_OPENED,NOT_STARTED,0.0,BLOCKED,Imported definition; original published evidence is not War Room proof.,
OAP_PREDICTOR_DIVYIELDST,open_source_cross_sectional_asset_pricing,Predicted div yield next month,"Using CRSP distributions, keep only distcd beginning in 12 and if the third digit of distcd is 3, 4, or 5.  Also keep only if stock paid a dividend in the last 12 months.  Define Ediv1 = div 2 months ago if distcd's 3rd digit is 0, 1, or 3.  Define Ediv1 = div 5 months ago if the distcd 3rd digit is 4.  Define Ediv = div 11 months ago if the distcd 3rd digit is 5.  Define Edy1 as Ediv1/abs(prc).  Finally, discretize Edy1 to smooth around the huge mass at 0 as follows: DivYieldST = 0 if Edy1 = 0, 1 if Edy is between 0 and 0.005, 2 if Edy1 is between 0.005 and 0.010, and 3 if Edy > 0.010.",value_capture,US_equities_cross_section,Accounting,OpenSourceAP_SignalDoc_official,PREDICTOR,COMPLETE,IMPORTED_NOT_RETESTED,NOT_STARTED,NOT_OPENED,NOT_STARTED,0.0,BLOCKED,Imported definition; original published evidence is not War Room proof.,"HXZ cite Litzenberger and Ramaswamy (LR) for their Dp predictor, but Dp is an annual dividend yield that is closer to Keim (1985), which shows very weak predictability.  LR is actually similar to DivSeason (Hartzmark and Solomon), and we follow LR.  LR uses a badly behaved regression with 75% of their div yield variable = 0, so we are flexible in our approach to mimic their results.  Also the paper is old, mostly theory, and provides little detail on their data handling.  Clear is a judgment call."
OAP_PREDICTOR_DNOA,open_source_cross_sectional_asset_pricing,change in net operating assets,"12-month growth in Net Operating Assets scaled by lagged total assets (at). Net Operating assets are operating assets minus operating liabilities. Operating assets are total assets (at) minus cash- and short-term investments (che), operating liabilities are total assets minus long-term debt (dltt), minority interest (mib), deferred charges (dlc), book equity (ceq) and preferred stock (pstk), all items (except at and ceq) replaced with 0 if missing.",value_capture,US_equities_cross_section,Accounting,OpenSourceAP_SignalDoc_official,PREDICTOR,COMPLETE,IMPORTED_NOT_RETESTED,NOT_STARTED,NOT_OPENED,NOT_STARTED,0.0,BLOCKED,Imported definition; original published evidence is not War Room proof.,Seems to be monthly.  Table 4 footnote says decile portfolios formed monthly for NOA.  Interestingly they have a minimum 4 month lag.
OAP_PREDICTOR_DOLVOL,open_source_cross_sectional_asset_pricing,Past trading volume,Log of two-month lagged trading volume (vol) times two-month lagged price (prc).,execution_or_flow,US_equities_cross_section,Trading,OpenSourceAP_SignalDoc_official,PREDICTOR,COMPLETE,IMPORTED_NOT_RETESTED,NOT_STARTED,NOT_OPENED,NOT_STARTED,0.0,BLOCKED,Imported definition; original published evidence is not War Room proof.,"OP is an exploration style paper, and DolVol is just one predictor.  Tables 4-6 have related results, but Table 6 is the simplest.  Table 6A has t=2.86 for NYSE subsample, Table 6B has t=2.6 for NASDAQ subsample, we write down 2.86, but use NYSE and NASDAQ in our ports."
OAP_PREDICTOR_EARNINGSCONSISTENCY,open_source_cross_sectional_asset_pricing,Earnings consistency,"Average earnings growth over previous 48 months. Earnings growth is defined as EPS (epspx) minus EPS 12 months ago divided by average EPS 12 and 24 months ago. Exclude if price less than 5, absolute value of 12 month earnings growth greater 600%, or earnings growth and earnings growth 12 months ago have different signs.",value_capture,US_equities_cross_section,Accounting,OpenSourceAP_SignalDoc_official,PREDICTOR,COMPLETE,IMPORTED_NOT_RETESTED,NOT_STARTED,NOT_OPENED,NOT_STARTED,0.0,BLOCKED,Imported definition; original published evidence is not War Room proof.,"Could not access OP, so we used the Alwathainani's dissertation from VCU.  We follow MP, which is simpler than OP."
OAP_PREDICTOR_EARNINGSFORECASTDISPARITY,open_source_cross_sectional_asset_pricing,Long-vs-short EPS forecasts,Analyst forecasted 5-year earnings growth (fgr5yr) minus 100 times the difference between mean earnings forecast (meanest) and fiscal year earnings expectations (fy0a) scaled by the absolute value of fy0a.  Drop if fpedats is missing or fpedats - statpers < 30,value_capture,US_equities_cross_section,Analyst,OpenSourceAP_SignalDoc_official,PREDICTOR,COMPLETE,IMPORTED_NOT_RETESTED,NOT_STARTED,NOT_OPENED,NOT_STARTED,0.0,BLOCKED,Imported definition; original published evidence is not War Room proof.,"Our strategy is simpler and follows HXZ. OP uses 3x3 sort, then LS corners.  OP t-stat is 4-factor alpha, but the factor premiums roughly cancel."
OAP_PREDICTOR_EARNINGSSTREAK,open_source_cross_sectional_asset_pricing,Earnings surprise streak,Use fpi == 6 and only the last statpers for each anndats_act.  Define surp = (actual - meanest)/price.  Define a firm-anndats as a streak if surp has the same sign as the most recent surp observation.  Keep only streaks.  Then define signal = surp.,value_capture,US_equities_cross_section,Accounting,OpenSourceAP_SignalDoc_official,PREDICTOR,COMPLETE,IMPORTED_NOT_RETESTED,NOT_STARTED,NOT_OPENED,NOT_STARTED,0.0,BLOCKED,Imported definition; original published evidence is not War Room proof.,"Table 3's footnote says stocks remain in the relevant portfolio for 6 months, which we take to mean that earnings announcements more than 6 months old are not used.  Announcements are quarterly anyway, so the rankings need to change quarterly.  We reassign portfolios monthly because earnings announcements occur throughout the year.  This was updated in 2021 February.  Old version was much simpler."
OAP_PREDICTOR_EARNINGSSURPRISE,open_source_cross_sectional_asset_pricing,Earnings Surprise,"EPS (epspxq) minus EPS twelve months ago - Drift, scaled by standard deviation of that expression. Drift is the average earnings growth (EPS - EPS twelve months ago) over the past two years. Exclude if price less than 5",value_capture,US_equities_cross_section,Accounting,OpenSourceAP_SignalDoc_official,PREDICTOR,COMPLETE,IMPORTED_NOT_RETESTED,NOT_STARTED,NOT_OPENED,NOT_STARTED,0.0,BLOCKED,Imported definition; original published evidence is not War Room proof.,No LS but very strong return pattern
OAP_PREDICTOR_EARNSUPBIG,open_source_cross_sectional_asset_pricing,Earnings surprise of big firms,Average monthly value of EarningsSurprise (defined above) of the 30% largest companies by market value of equity in the same Fama-French 48 industry. Exclude the largest 30% of companies for EarnSupBig (not to compute the anomaly),value_capture,US_equities_cross_section,Accounting,OpenSourceAP_SignalDoc_official,PREDICTOR,COMPLETE,IMPORTED_NOT_RETESTED,NOT_STARTED,NOT_OPENED,NOT_STARTED,0.0,BLOCKED,Imported definition; original published evidence is not War Room proof.,Only shows up in Table 6.  t-stat is from firm-week regressions.
OAP_PREDICTOR_EBM,open_source_cross_sectional_asset_pricing,Enterprise component of BM,(ceq + che - dltt - dlc - dc - dvpa+ tstkp ) / (mve\_c + che - dltt - dlc - dc - dvpa+ tstkp). Exclude if price less than 5.,value_capture,US_equities_cross_section,Accounting,OpenSourceAP_SignalDoc_official,PREDICTOR,COMPLETE,IMPORTED_NOT_RETESTED,NOT_STARTED,NOT_OPENED,NOT_STARTED,0.0,BLOCKED,Imported definition; original published evidence is not War Room proof.,"Enterprise = operating = NOA in OP.  So this should be NOA/P^NOA.  Need to adjust sample dates: even though paper says it begins in 1962, there is only 1 stock for the first 5 months of 1962. Table 4a has double sort with most t-stats above 3.  hand t-stat is 3.0 for simplicity and hand ret is 0.12.  OP drops extreme obs but we don't."
OAP_PREDICTOR_ENTMULT,open_source_cross_sectional_asset_pricing,Enterprise Multiple,"Market value of equity + long-term debt (dltt) + debt in current liabilities (dlc) + deferred charges (dc) - cash and short-term investments (che) , divided by operating income (oibdp). Exclude if missing book equity or negative operating income.",value_capture,US_equities_cross_section,Accounting,OpenSourceAP_SignalDoc_official,PREDICTOR,COMPLETE,IMPORTED_NOT_RETESTED,NOT_STARTED,NOT_OPENED,NOT_STARTED,0.0,BLOCKED,Imported definition; original published evidence is not War Room proof.,Table 3 Panel B. Table 3A shows raw returns but no t-stats.
OAP_PREDICTOR_EP,open_source_cross_sectional_asset_pricing,Earnings-to-Price Ratio,"ib / lag(market value of equity, 6 months).  NYSE stocks only.  Exclude if EP < 0.  Lag simulates the Dec 31 market equity used in original paper",value_capture,US_equities_cross_section,Accounting,OpenSourceAP_SignalDoc_official,PREDICTOR,COMPLETE,IMPORTED_NOT_RETESTED,NOT_STARTED,NOT_OPENED,NOT_STARTED,0.0,BLOCKED,Imported definition; original published evidence is not War Room proof.,"MP use sample dates 1964-1971, but the original paper uses 1956-1971.  Also, original uses Dec 31 mve_c, so we lag by 6 months our monthly mve_c to approximate."
OAP_PREDICTOR_EQUITYDURATION,open_source_cross_sectional_asset_pricing,Equity Duration,see code,value_capture,US_equities_cross_section,Accounting,OpenSourceAP_SignalDoc_official,PREDICTOR,COMPLETE,IMPORTED_NOT_RETESTED,NOT_STARTED,NOT_OPENED,NOT_STARTED,0.0,BLOCKED,Imported definition; original published evidence is not War Room proof.,"Tab6A uses FF93 style factor (HDMLD).  They don't seem to like the factor thing much and complain about it on page 14.  Our is just VW quintiles for simplicity,"
OAP_PREDICTOR_EXCHSWITCH,open_source_cross_sectional_asset_pricing,Exchange Switch,"Binary variable equal to 1 if a firm switched from AMEX or NASDAQ to NYSE within the past year, or from NASDAQ to AMEX within the past year.",information_flow_or_positioning,US_equities_cross_section,Event,OpenSourceAP_SignalDoc_official,PREDICTOR,COMPLETE,IMPORTED_NOT_RETESTED,NOT_STARTED,NOT_OPENED,NOT_STARTED,0.0,BLOCKED,Imported definition; original published evidence is not War Room proof.,"Fig 1 shows month 1 has most negative expected return.  Number of events approx 3,000, so this should work in portfolios."
OAP_PREDICTOR_EXCLEXP,open_source_cross_sectional_asset_pricing,Excluded Expenses,Difference between unadjusted earnings (EPSActualUnadj) from IBES and quarterly earnings per share (epspiq). Exclude the highest and lowest 1% of values.,information_flow_or_positioning,US_equities_cross_section,Analyst,OpenSourceAP_SignalDoc_official,PREDICTOR,COMPLETE,IMPORTED_NOT_RETESTED,NOT_STARTED,NOT_OPENED,NOT_STARTED,0.0,BLOCKED,Imported definition; original published evidence is not War Room proof.,"Called total excusions in paper.  LS return is not at all monotonic, but reg (tab 5) is extremely significant.  Tab 7 port sort has a nonstandard p-value and subsets data, so we hand collect tab 5."
OAP_PREDICTOR_FEPS,open_source_cross_sectional_asset_pricing,Analyst earnings per share,"Using IBES unadjusted forecasts, keep fpi == 1, signal is meanest.",value_capture,US_equities_cross_section,Analyst,OpenSourceAP_SignalDoc_official,PREDICTOR,COMPLETE,IMPORTED_NOT_RETESTED,NOT_STARTED,NOT_OPENED,NOT_STARTED,0.0,BLOCKED,Imported definition; original published evidence is not War Room proof.,
OAP_PREDICTOR_FGR5YRLAG,open_source_cross_sectional_asset_pricing,Long-term EPS forecast,"Lag long-term earnings forecast (fgr5yr) by 6 months.   Then keep only June observations, and fill in missing with most recent obs.  Exclude if book equity (ceq), net income (ib), deferred taxes (txdi), dividends (dvp), revenue (sale) or depreciation (dp) is missing.  Keep only",value_capture,US_equities_cross_section,Analyst,OpenSourceAP_SignalDoc_official,PREDICTOR,COMPLETE,IMPORTED_NOT_RETESTED,NOT_STARTED,NOT_OPENED,NOT_STARTED,0.0,BLOCKED,Imported definition; original published evidence is not War Room proof.,"Port sort in Tab 2 is very strong but no t-stats.  Regression in Tab 3 E{g} is univariate.  We find the timing of the lag is important, but it may be more important to compound monthly returns to annual, as described on page 1717.  If we compound returns, the high volatility of the high long-term-growth stocks leads to very poor performance, consistent with Table II of OP and Figure 1 of the 2019 JF paper.  We are grateful to Rafael La Porta for helping us identify this feature.  But for our paper, our portfolio is just the arithmetic mean of monthly returns for simplicity."
OAP_PREDICTOR_FIRMAGEMOM,open_source_cross_sectional_asset_pricing,Firm Age - Momentum,"6 month return, restricted to the bottom quintile of the cross-sectional firm age distribution. Exclude if price less than 5 or firm younger than 12 months.",direction,US_equities_cross_section,Price,OpenSourceAP_SignalDoc_official,PREDICTOR,COMPLETE,IMPORTED_NOT_RETESTED,NOT_STARTED,NOT_OPENED,NOT_STARTED,0.0,BLOCKED,Imported definition; original published evidence is not War Room proof.,"Returns are monotonic in momentum, suggesting this variable can be continuous."
OAP_PREDICTOR_FORECASTDISPERSION,open_source_cross_sectional_asset_pricing,EPS Forecast Dispersion,Keep fpi = 1 and fpedats > statpers + 30.  Standard deviation of earnings estimates (stdev\_est) scaled by mean earnings estimate.,vulnerability_or_range,US_equities_cross_section,Analyst,OpenSourceAP_SignalDoc_official,PREDICTOR,COMPLETE,IMPORTED_NOT_RETESTED,NOT_STARTED,NOT_OPENED,NOT_STARTED,0.0,BLOCKED,Imported definition; original published evidence is not War Room proof.,
OAP_PREDICTOR_FRONTIER,open_source_cross_sectional_asset_pricing,Efficient frontier index,"Frontier is the residual of a regression of log(BM) on log(book equity (ceq)), long-term debt (dltt) to assets (at), capital expenditures (capx) to revenue (sale), R&D expense (xrd) to revenue, advertising expense (xad) to revenue, property plant and equipment (ppent) to assets, EBIT (ebitda) to assets, and dummies for Fama-French's 48 industry definitions. Regression is updated each month with a rolling window of 60 months.",value_capture,US_equities_cross_section,Accounting,OpenSourceAP_SignalDoc_official,PREDICTOR,COMPLETE,IMPORTED_NOT_RETESTED,NOT_STARTED,NOT_OPENED,NOT_STARTED,0.0,BLOCKED,Imported definition; original published evidence is not War Room proof.,
OAP_PREDICTOR_GOVERNANCE,open_source_cross_sectional_asset_pricing,Governance Index,"Index available from http://faculty.som.yale.edu/andrewmetrick/data.html . The index is only available every 2-3 years for each firm, we replace intermediate missing values with the latest available one.  Value-weighted.",cross_sectional_selection,US_equities_cross_section,Other,OpenSourceAP_SignalDoc_official,PREDICTOR,COMPLETE,IMPORTED_NOT_RETESTED,NOT_STARTED,NOT_OPENED,NOT_STARTED,0.0,BLOCKED,Imported definition; original published evidence is not War Room proof.,"Tab7 shows value-weighted FF alpha t-stat of 2.73. No loadings provided.  Table 6 shows portfolio FF3 regs, and that both SMB and HML loadings contribute to spread, so it's not super clear if the raw LS will be significant. Port sort is not very monotonic."
OAP_PREDICTOR_GP,open_source_cross_sectional_asset_pricing,gross profits / total assets,"Revenue (sale) - cost of goods solds (cogs), divided by  total assets (at).  Drop if financial.",value_capture,US_equities_cross_section,Accounting,OpenSourceAP_SignalDoc_official,PREDICTOR,COMPLETE,IMPORTED_NOT_RETESTED,NOT_STARTED,NOT_OPENED,NOT_STARTED,0.0,BLOCKED,Imported definition; original published evidence is not War Room proof.,"Tab 2a says NYSE breakpoints, but our code gets much closer to their result without all stock breakpoints."
OAP_PREDICTOR_GRADEXP,open_source_cross_sectional_asset_pricing,Growth in advertising expenses,"Log of advertising expense (xad) minus log of advertising expense last year. Exclude if price less than 5, xad less than .1 or stock in the lowest decile of market value of equity.",value_capture,US_equities_cross_section,Accounting,OpenSourceAP_SignalDoc_official,PREDICTOR,COMPLETE,IMPORTED_NOT_RETESTED,NOT_STARTED,NOT_OPENED,NOT_STARTED,0.0,BLOCKED,Imported definition; original published evidence is not War Room proof.,"Table 2, panel A , 10-1.  Portfolios are ""rebalanced every month using the most recent advertising spending data"""
OAP_PREDICTOR_GRCAPX,open_source_cross_sectional_asset_pricing,Change in capex (two years),"Growth rate of capital expenditures (capx) relative to two years ago.   If capx is missing, replace with annual change in property, plant and equipment (ppent).",value_capture,US_equities_cross_section,Accounting,OpenSourceAP_SignalDoc_official,PREDICTOR,COMPLETE,IMPORTED_NOT_RETESTED,NOT_STARTED,NOT_OPENED,NOT_STARTED,0.0,BLOCKED,Imported definition; original published evidence is not War Room proof.,called cegth2
OAP_PREDICTOR_GRCAPX3Y,open_source_cross_sectional_asset_pricing,Change in capex (three years),"Capital expenditures (capx) divided by the sum of capital expenditures from year - 1, year -2, and year -3.   If capx is missing, replace with annual change in property, plant and equipment (ppent).",value_capture,US_equities_cross_section,Accounting,OpenSourceAP_SignalDoc_official,PREDICTOR,COMPLETE,IMPORTED_NOT_RETESTED,NOT_STARTED,NOT_OPENED,NOT_STARTED,0.0,BLOCKED,Imported definition; original published evidence is not War Room proof.,"We follow OP, not HXZ.  OP notation is odd, uses cegth2 and cegth3 but no cegth."
OAP_PREDICTOR_HERF,open_source_cross_sectional_asset_pricing,Industry concentration (sales),"Three-year rolling average of the three digit industry Herfindahl index based on firm revenue (sale). Exclude regulated industries (4011, 4210, 4213 & year $\leq$ 1980; 4512 & year $\leq$ 1978, 4812, 4813 & year $\leq$ 1982, 4900-4999 in any year)",cross_sectional_selection,US_equities_cross_section,Other,OpenSourceAP_SignalDoc_official,PREDICTOR,COMPLETE,IMPORTED_NOT_RETESTED,NOT_STARTED,NOT_OPENED,NOT_STARTED,0.0,BLOCKED,Imported definition; original published evidence is not War Room proof.,"Tab3 Raw t-stat of 2.14. Table 3, firm-level return set of columns"
OAP_PREDICTOR_HERFBE,open_source_cross_sectional_asset_pricing,Industry concentration (equity),"Three-year rolling average of the three digit industry Herfindahl index based on firm book equity. Exclude regulated industries (4011, 4210, 4213 & year $\leq$ 1980; 4512 & year $\leq$ 1978, 4812, 4813 & year $\leq$ 1982, 4900-4999 in any year)",cross_sectional_selection,US_equities_cross_section,Other,OpenSourceAP_SignalDoc_official,PREDICTOR,COMPLETE,IMPORTED_NOT_RETESTED,NOT_STARTED,NOT_OPENED,NOT_STARTED,0.0,BLOCKED,Imported definition; original published evidence is not War Room proof.,Tab3 H(Equity) characteristic adjusted t-stat 2.52. Judgment call.
OAP_PREDICTOR_HIRE,open_source_cross_sectional_asset_pricing,Employment growth,"Change in number of employees (emp) between t -1 and t, scaled by average number of employees in t-1 and t. Replace hire with 0 if emp or lagged emp is missing.",value_capture,US_equities_cross_section,Other,OpenSourceAP_SignalDoc_official,PREDICTOR,COMPLETE,IMPORTED_NOT_RETESTED,NOT_STARTED,NOT_OPENED,NOT_STARTED,0.0,BLOCKED,Imported definition; original published evidence is not War Room proof.,
OAP_PREDICTOR_IDIOVOL3F,open_source_cross_sectional_asset_pricing,Idiosyncratic risk (3 factor),Standard deviation of residuals from Fama-French three factor regressions using the past month of daily data.  Value weighted,vulnerability_or_range,US_equities_cross_section,Price,OpenSourceAP_SignalDoc_official,PREDICTOR,COMPLETE,IMPORTED_NOT_RETESTED,NOT_STARTED,NOT_OPENED,NOT_STARTED,0.0,BLOCKED,Imported definition; original published evidence is not War Room proof.,
OAP_PREDICTOR_IDIOVOLAHT,open_source_cross_sectional_asset_pricing,Idiosyncratic risk (AHT),Standard deviation of residuals from CAPM regressions using the past year of daily data. Require at least 100 non-missing observations.,vulnerability_or_range,US_equities_cross_section,Price,OpenSourceAP_SignalDoc_official,PREDICTOR,COMPLETE,IMPORTED_NOT_RETESTED,NOT_STARTED,NOT_OPENED,NOT_STARTED,0.0,BLOCKED,Imported definition; original published evidence is not War Room proof.,"dep var is size adjusted return, to mimic, we value weight our ports.  This result is really buried in the paper.  Most all of the paper is on how B/M predictatbility varies by subsets of stocks."
OAP_PREDICTOR_ILLIQUIDITY,open_source_cross_sectional_asset_pricing,Amihud's illiquidity,Past twelve month average of: daily return (abs(ret)) divided by turnover((abs(prc)*vol),execution_or_flow,US_equities_cross_section,Trading,OpenSourceAP_SignalDoc_official,PREDICTOR,COMPLETE,IMPORTED_NOT_RETESTED,NOT_STARTED,NOT_OPENED,NOT_STARTED,0.0,BLOCKED,Imported definition; original published evidence is not War Room proof.,
OAP_PREDICTOR_INDIPO,open_source_cross_sectional_asset_pricing,Initial Public Offerings,1 if IPO in the past 6-36 months.  0 otherwise.  IPO dates are taken from Jay Ritter's IPO data available at: http://bear.warrington.ufl.edu/ritter/ipodata.htm.  Missing IPO dates imply IndIPO = 0,information_flow_or_positioning,US_equities_cross_section,Event,OpenSourceAP_SignalDoc_official,PREDICTOR,COMPLETE,IMPORTED_NOT_RETESTED,NOT_STARTED,NOT_OPENED,NOT_STARTED,0.0,BLOCKED,Imported definition; original published evidence is not War Room proof.,"Tab II event study t-stat 5 at 1 year.  Slightly different than MP.  Our construction is closest in the spirit of Ritter's Table II.  A few issues.  Main thing: sample should end in 1987, since the main table is for returns of stocks which IPO'd 1975-1984, and the table follows the stocks for 3 years (past 1984).  Also: using minimum of 3 months since IPO helps."
OAP_PREDICTOR_INDMOM,open_source_cross_sectional_asset_pricing,Industry Momentum,Weighted average of firm-level 6 month buy-and-hold return. Average is taken over two digit industries each month and weights are based on market value of equity.,direction,US_equities_cross_section,Price,OpenSourceAP_SignalDoc_official,PREDICTOR,COMPLETE,IMPORTED_NOT_RETESTED,NOT_STARTED,NOT_OPENED,NOT_STARTED,0.0,BLOCKED,Imported definition; original published evidence is not War Room proof.,"More results on Table 3.  OP's long port equally weights three industry portfolios, where the three industries are the top 3 according to the signal and the industry portfolios are value-weighted (similarly for the short port).  We approximate this by equally weighting stocks.  Performance is weaker, reminiscent of our Menzly and Ozbas replication."
OAP_PREDICTOR_INDRETBIG,open_source_cross_sectional_asset_pricing,Industry return of big firms,Average monthly return (ret) of the 30% largest companies by market value of equity in the same Fama-French 48 industry. Exclude the largest 30% of companies for IndRetBig (not to compute the anomaly!),cross_sectional_selection,US_equities_cross_section,Price,OpenSourceAP_SignalDoc_official,PREDICTOR,COMPLETE,IMPORTED_NOT_RETESTED,NOT_STARTED,NOT_OPENED,NOT_STARTED,0.0,BLOCKED,Imported definition; original published evidence is not War Room proof.,Table 2 presents a VAR with two states: return of big firms and return of small firms.  Table 6 is easier to compare to others.
OAP_PREDICTOR_INTANBM,open_source_cross_sectional_asset_pricing,Intangible return using BM,"In each month, run a cross-sectional regression of a firm's five-year stock return on 5 year lagged BM (defined above) and a constructed regressor that is the change in BM from 5 years ago to today plus the five-year stock return. The residual from that regression is IntanBM.",direction,US_equities_cross_section,Accounting,OpenSourceAP_SignalDoc_official,PREDICTOR,COMPLETE,IMPORTED_NOT_RETESTED,NOT_STARTED,NOT_OPENED,NOT_STARTED,0.0,BLOCKED,Imported definition; original published evidence is not War Room proof.,
OAP_PREDICTOR_INTANCFP,open_source_cross_sectional_asset_pricing,Intangible return using CFtoP,"In each month, run a cross-sectional regression of a firm's five-year stock return on the 5 year lagged  CFP = (net income (ni) plus depreciation (dp))/market value of equity and a constructed regressor that is the change in CFP from 5 years ago to today plus the five-year stock return. The residual from that regression is IntanCFP.",direction,US_equities_cross_section,Accounting,OpenSourceAP_SignalDoc_official,PREDICTOR,COMPLETE,IMPORTED_NOT_RETESTED,NOT_STARTED,NOT_OPENED,NOT_STARTED,0.0,BLOCKED,Imported definition; original published evidence is not War Room proof.,
OAP_PREDICTOR_INTANEP,open_source_cross_sectional_asset_pricing,Intangible return using EP,"In each month, run a cross-sectional regression of a firm's five-year stock return on the 5 year lagged  EP = net income (ni)/market value of equity and a constructed regressor that is the change in EP from 5 years ago to today plus the five-year stock return. The residual from that regression is IntanEP.",direction,US_equities_cross_section,Accounting,OpenSourceAP_SignalDoc_official,PREDICTOR,COMPLETE,IMPORTED_NOT_RETESTED,NOT_STARTED,NOT_OPENED,NOT_STARTED,0.0,BLOCKED,Imported definition; original published evidence is not War Room proof.,
OAP_PREDICTOR_INTANSP,open_source_cross_sectional_asset_pricing,Intangible return using Sale2P,"In each month, run a cross-sectional regression of a firm's five-year stock return on 5 year lagged SP (defined above) and a constructed regressor that is the change in SP from 5 years ago to today plus the five-year stock return. The residual from that regression is IntanSP.",direction,US_equities_cross_section,Accounting,OpenSourceAP_SignalDoc_official,PREDICTOR,COMPLETE,IMPORTED_NOT_RETESTED,NOT_STARTED,NOT_OPENED,NOT_STARTED,0.0,BLOCKED,Imported definition; original published evidence is not War Room proof.,Not as clear as the other Intan* variables because the other coefficients in the regression are significant.  We took the liberty to remove the price filter and categorize this as clear
OAP_PREDICTOR_INTMOM,open_source_cross_sectional_asset_pricing,Intermediate Momentum,Stock return between months t-12 and t-6,direction,US_equities_cross_section,Price,OpenSourceAP_SignalDoc_official,PREDICTOR,COMPLETE,IMPORTED_NOT_RETESTED,NOT_STARTED,NOT_OPENED,NOT_STARTED,0.0,BLOCKED,Imported definition; original published evidence is not War Room proof.,"Text says they use VW, but EW performs similarly. Table 2, column (1)."
OAP_PREDICTOR_INVESTMENT,open_source_cross_sectional_asset_pricing,Investment to revenue,Ratio of capital investment (capx) to revenue (revt) divided by the firm-specific 36-month rolling mean of that ratio. Exclude if revenue less than \$10m.,value_capture,US_equities_cross_section,Accounting,OpenSourceAP_SignalDoc_official,PREDICTOR,COMPLETE,IMPORTED_NOT_RETESTED,NOT_STARTED,NOT_OPENED,NOT_STARTED,0.0,BLOCKED,Imported definition; original published evidence is not War Room proof.,OP mean return is only 17 bps per month characteristic adjusted.  We deviate somewhat from OP in the port sort by going LS 5-1 instead of (4+5) - (1+2) because OP value weights within each quintile which we can't do easily in our code.
OAP_PREDICTOR_INVESTPPEINV,open_source_cross_sectional_asset_pricing,change in ppe and inv/assets,"One-year change in property, plants and equipment (ppegt) plus one year change in inventory (invt), scaled by one-year lagged assets (at).",value_capture,US_equities_cross_section,Accounting,OpenSourceAP_SignalDoc_official,PREDICTOR,COMPLETE,IMPORTED_NOT_RETESTED,NOT_STARTED,NOT_OPENED,NOT_STARTED,0.0,BLOCKED,Imported definition; original published evidence is not War Room proof.,"Not in a table.  Page 2837 has untabulated results.  OP does a complicated 3x3 sort with size two stage portfolio construction, but we just equal-weight."
OAP_PREDICTOR_INVGROWTH,open_source_cross_sectional_asset_pricing,Inventory Growth,"Defate invt growth using gnp deflator.  Signal is deflated invt growth rate from fiscal year t to fiscal year t-1.  Drop if 1 digit sic code is 4 or 6, or if at or ppent <= 0",value_capture,US_equities_cross_section,Accounting,OpenSourceAP_SignalDoc_official,PREDICTOR,COMPLETE,IMPORTED_NOT_RETESTED,NOT_STARTED,NOT_OPENED,NOT_STARTED,0.0,BLOCKED,Imported definition; original published evidence is not War Room proof.,
OAP_PREDICTOR_IOMOM_CUST,open_source_cross_sectional_asset_pricing,Customers momentum,"We download BEA Make-Use Tables, match to Compustat by NAICS assuming 5 year lag, compute returns within BEA 70 industries.  Then match each industry-year to matched-industry weights corresponding to IO tables as follows: for supplier mom, industry comes from cols of Use table, matched industries from the rows.  For customer mom: industry from rows of make table, matched industries from cols.  Weights exclude own-industry entries.  For each industry-month, average returns of matched industries, weighted using IO tables.  Sort industries into deciles based on matched returns, assign firm-months to industry deciles, Finally, long stocks in deciles 8-10 and short decile 1. Drop pre-1986 due to NAICS availability.  ",direction,US_equities_cross_section,Other,OpenSourceAP_SignalDoc_official,PREDICTOR,COMPLETE,IMPORTED_NOT_RETESTED,NOT_STARTED,NOT_OPENED,NOT_STARTED,0.0,BLOCKED,Imported definition; original published evidence is not War Room proof.,"Early in the paper, they use a stock level  mv reg with many controls.  Later in the paper, they sort industry portfolios instead of stocks.  Given that it would have been more straightforward to just sort on stocks, I think the evidence on standard portfolio sorts is unclear (hence this is a likely predictor, not clear)"
OAP_PREDICTOR_IOMOM_SUPP,open_source_cross_sectional_asset_pricing,Suppliers momentum,"We download BEA Make-Use Tables, match to Compustat by NAICS assuming 5 year lag, compute returns within BEA 70 industries.  Then match each industry-year to matched-industry weights corresponding to IO tables as follows: for supplier mom, industry comes from cols of Use table, matched industries from the rows.  For customer mom: industry from rows of make table, matched industries from cols.  Weights exclude own-industry entries.  For each industry-month, average returns of matched industries, weighted using IO tables.  Sort industries into deciles based on matched returns, assign firm-months to industry deciles, Finally, long stocks in deciles 8-10 and short decile 1. Drop pre-1986 due to NAICS availability.  ",direction,US_equities_cross_section,Other,OpenSourceAP_SignalDoc_official,PREDICTOR,COMPLETE,IMPORTED_NOT_RETESTED,NOT_STARTED,NOT_OPENED,NOT_STARTED,0.0,BLOCKED,Imported definition; original published evidence is not War Room proof.,"Early in the paper, they use a stock level  mv reg with many controls.  Later in the paper, they sort industry portfolios instead of stocks.  Given that it would have been more straightforward to just sort on stocks, I think the evidence on standard portfolio sorts is unclear (hence this is a likely predictor, not clear)"
OAP_PREDICTOR_LEVERAGE,open_source_cross_sectional_asset_pricing,Market leverage,Total liabilities (lt) divided by market value of equity.,cross_sectional_selection,US_equities_cross_section,Accounting,OpenSourceAP_SignalDoc_official,PREDICTOR,COMPLETE,IMPORTED_NOT_RETESTED,NOT_STARTED,NOT_OPENED,NOT_STARTED,0.0,BLOCKED,Imported definition; original published evidence is not War Room proof.,
OAP_PREDICTOR_LRREVERSAL,open_source_cross_sectional_asset_pricing,Long-run reversal,Stock return between months t-36 and t-13.,direction,US_equities_cross_section,Price,OpenSourceAP_SignalDoc_official,PREDICTOR,COMPLETE,IMPORTED_NOT_RETESTED,NOT_STARTED,NOT_OPENED,NOT_STARTED,0.0,BLOCKED,Imported definition; original published evidence is not War Room proof.,Insignificant at 12-month horizon.  Many alternative signal designs lead to similar results.
OAP_PREDICTOR_MAXRET,open_source_cross_sectional_asset_pricing,Maximum return over month,Maximum of daily returns (ret) over the previous month,vulnerability_or_range,US_equities_cross_section,Price,OpenSourceAP_SignalDoc_official,PREDICTOR,COMPLETE,IMPORTED_NOT_RETESTED,NOT_STARTED,NOT_OPENED,NOT_STARTED,0.0,BLOCKED,Imported definition; original published evidence is not War Room proof.,Doesn't work as well EW.  Very nonlinear return vs decile
OAP_PREDICTOR_MEANRANKREVGROWTH,open_source_cross_sectional_asset_pricing,Revenue Growth Rank,"Rank firms by their annual revenue growth each year over the past 5 years. MeanRankRevGrowth is the weighted average of ranks over the past 5 years, that is, MeanRankRevGrowth = (5*Rank$_{t-1}$ + 4*Rank$_{t-2}$ + 3*Rank$_{t-3}$ + 2*Rank$_{t-4}$ + 1*Rank$_{t-5}$)/15. Exclude NASDAQ stocks.",cross_sectional_selection,US_equities_cross_section,Accounting,OpenSourceAP_SignalDoc_official,PREDICTOR,COMPLETE,IMPORTED_NOT_RETESTED,NOT_STARTED,NOT_OPENED,NOT_STARTED,0.0,BLOCKED,Imported definition; original published evidence is not War Room proof.,"Lots of supporting results, but not exactly what we do.  Tab 6 panel 2 finds t=4.5 using 3x3 sort with CF and LS corners."
OAP_PREDICTOR_MOM12M,open_source_cross_sectional_asset_pricing,Momentum (12 month),Stock return between months t-12 and t-1,direction,US_equities_cross_section,Price,OpenSourceAP_SignalDoc_official,PREDICTOR,COMPLETE,IMPORTED_NOT_RETESTED,NOT_STARTED,NOT_OPENED,NOT_STARTED,0.0,BLOCKED,Imported definition; original published evidence is not War Room proof.,see Mom6m
OAP_PREDICTOR_MOM12MOFFSEASON,open_source_cross_sectional_asset_pricing,Momentum without the seasonal part,Average return in  other months over the previous year.,direction,US_equities_cross_section,Price,OpenSourceAP_SignalDoc_official,PREDICTOR,COMPLETE,IMPORTED_NOT_RETESTED,NOT_STARTED,NOT_OPENED,NOT_STARTED,0.0,BLOCKED,Imported definition; original published evidence is not War Room proof.,This acronym has a different form than the other off season Heston and Sadka ones because its behavior is distinct.  The other off season signals behave like long-term reversal.
OAP_PREDICTOR_MOM6M,open_source_cross_sectional_asset_pricing,Momentum (6 month),Stock return between months t-6 and t-1,direction,US_equities_cross_section,Price,OpenSourceAP_SignalDoc_official,PREDICTOR,COMPLETE,IMPORTED_NOT_RETESTED,NOT_STARTED,NOT_OPENED,NOT_STARTED,0.0,BLOCKED,Imported definition; original published evidence is not War Room proof.,"OP doesn't skip the current month in the signal, and instead skips one week before buying the portfolio.  We follow McLean and Pontiff, Green-Hand-Zhang, and others in skipping the current month instead."
OAP_PREDICTOR_MOM6MJUNK,open_source_cross_sectional_asset_pricing,Junk Stock Momentum,Mom6m. Include only stocks with a credit rating (splticrm) of BBB or lower. Drop if missing credit rating or non-standard credit rating.,direction,US_equities_cross_section,Price,OpenSourceAP_SignalDoc_official,PREDICTOR,COMPLETE,IMPORTED_NOT_RETESTED,NOT_STARTED,NOT_OPENED,NOT_STARTED,0.0,BLOCKED,Imported definition; original published evidence is not War Room proof.,
OAP_PREDICTOR_MOMOFFSEASON,open_source_cross_sectional_asset_pricing,Off season long-term reversal,Average return in other months over the preceding 2-5 years.,direction,US_equities_cross_section,Price,OpenSourceAP_SignalDoc_official,PREDICTOR,COMPLETE,IMPORTED_NOT_RETESTED,NOT_STARTED,NOT_OPENED,NOT_STARTED,0.0,BLOCKED,Imported definition; original published evidence is not War Room proof.,
OAP_PREDICTOR_MOMOFFSEASON06YRPLUS,open_source_cross_sectional_asset_pricing,Off season reversal years 6 to 10,Average return in other months over the preceding 6-10 years.,direction,US_equities_cross_section,Price,OpenSourceAP_SignalDoc_official,PREDICTOR,COMPLETE,IMPORTED_NOT_RETESTED,NOT_STARTED,NOT_OPENED,NOT_STARTED,0.0,BLOCKED,Imported definition; original published evidence is not War Room proof.,
OAP_PREDICTOR_MOMOFFSEASON16YRPLUS,open_source_cross_sectional_asset_pricing,Off season reversal years 16 to 20,Average return in other months over the preceding 16-20 years.,direction,US_equities_cross_section,Price,OpenSourceAP_SignalDoc_official,PREDICTOR,COMPLETE,IMPORTED_NOT_RETESTED,NOT_STARTED,NOT_OPENED,NOT_STARTED,0.0,BLOCKED,Imported definition; original published evidence is not War Room proof.,
OAP_PREDICTOR_MOMREV,open_source_cross_sectional_asset_pricing,Momentum and LT Reversal,"Binary variable equal to 1 if firm is in the highest Mom6m quintile and the lowest Mom36m quintile, and equal to 0 if firm is in the lowest Mom6m quintile and the highest Mom36m quintile. Exclude if price less than 5.",direction,US_equities_cross_section,Price,OpenSourceAP_SignalDoc_official,PREDICTOR,COMPLETE,IMPORTED_NOT_RETESTED,NOT_STARTED,NOT_OPENED,NOT_STARTED,0.0,BLOCKED,Imported definition; original published evidence is not War Room proof.,
OAP_PREDICTOR_MOMSEASON,open_source_cross_sectional_asset_pricing,Return seasonality years 2 to 5,Average return in the same month over the preceding 2-5 years.,cross_sectional_selection,US_equities_cross_section,Price,OpenSourceAP_SignalDoc_official,PREDICTOR,COMPLETE,IMPORTED_NOT_RETESTED,NOT_STARTED,NOT_OPENED,NOT_STARTED,0.0,BLOCKED,Imported definition; original published evidence is not War Room proof.,"Perhaps one should only include this signal from Heston and Sadka.  Certainly one shouldn't have 5 flavors of seasonal momentum, and on top of that 5 flavors of the off-season.  We include all of this to nest HXZ, however.  And technically, all of these strategies are found in the paper."
OAP_PREDICTOR_MOMSEASON06YRPLUS,open_source_cross_sectional_asset_pricing,Return seasonality years 6 to 10,Average return in the same month over the preceding 6-10 years.,cross_sectional_selection,US_equities_cross_section,Price,OpenSourceAP_SignalDoc_official,PREDICTOR,COMPLETE,IMPORTED_NOT_RETESTED,NOT_STARTED,NOT_OPENED,NOT_STARTED,0.0,BLOCKED,Imported definition; original published evidence is not War Room proof.,
OAP_PREDICTOR_MOMSEASON11YRPLUS,open_source_cross_sectional_asset_pricing,Return seasonality years 11 to 15,Average return in the same month over the preceding 11-15 years.,cross_sectional_selection,US_equities_cross_section,Price,OpenSourceAP_SignalDoc_official,PREDICTOR,COMPLETE,IMPORTED_NOT_RETESTED,NOT_STARTED,NOT_OPENED,NOT_STARTED,0.0,BLOCKED,Imported definition; original published evidence is not War Room proof.,
OAP_PREDICTOR_MOMSEASON16YRPLUS,open_source_cross_sectional_asset_pricing,Return seasonality years 16 to 20,Average return in the same month over the preceding 16-20 years.,cross_sectional_selection,US_equities_cross_section,Price,OpenSourceAP_SignalDoc_official,PREDICTOR,COMPLETE,IMPORTED_NOT_RETESTED,NOT_STARTED,NOT_OPENED,NOT_STARTED,0.0,BLOCKED,Imported definition; original published evidence is not War Room proof.,
OAP_PREDICTOR_MOMSEASONSHORT,open_source_cross_sectional_asset_pricing,Return seasonality last year,Average return in the same monthin the previous year.,cross_sectional_selection,US_equities_cross_section,Price,OpenSourceAP_SignalDoc_official,PREDICTOR,COMPLETE,IMPORTED_NOT_RETESTED,NOT_STARTED,NOT_OPENED,NOT_STARTED,0.0,BLOCKED,Imported definition; original published evidence is not War Room proof.,
OAP_PREDICTOR_MOMVOL,open_source_cross_sectional_asset_pricing,Momentum in high volume stocks,"Define momentum as Mom6m, and volume as the rolling average of the past 6 months of monthly turnover (minimum 5 months).  Independent sort stocks into 10 momentum ports and 3 volume ports. Keep if volume is in the top port, and assign signal = momentum port.  Drop if less than 2 years on CRSP.",execution_or_flow,US_equities_cross_section,Price,OpenSourceAP_SignalDoc_official,PREDICTOR,COMPLETE,IMPORTED_NOT_RETESTED,NOT_STARTED,NOT_OPENED,NOT_STARTED,0.0,BLOCKED,Imported definition; original published evidence is not War Room proof.,We use monthly instead of daily volume.
OAP_PREDICTOR_MS,open_source_cross_sectional_asset_pricing,Mohanram G-score,"See code for details.  MS is only evaluated for low BM firms and comes from combining three signals related to profitability and cash flow, two signals related to income volatility, and three signals related to investment.",cross_sectional_selection,US_equities_cross_section,Accounting,OpenSourceAP_SignalDoc_official,PREDICTOR,COMPLETE,IMPORTED_NOT_RETESTED,NOT_STARTED,NOT_OPENED,NOT_STARTED,0.0,BLOCKED,Imported definition; original published evidence is not War Room proof.,"OP's signal is really complicated, and the text is not extremely detailed.  We do the best we can to mimic OP's results, but complications in data lagging, combining annual and quarterly data, and sample selection make this extremely difficult.  We get a t-stat near 6 and monotonic returns, quite in the spirite of OP, but still far from OP's t-stat of 9.  Could be that OP uses overlapping samples.  We use Portfolio Period = 1 to try to get close."
OAP_PREDICTOR_NETDEBTFINANCE,open_source_cross_sectional_asset_pricing,Net debt financing,"Long-term debt issuance (dltis) minus long-term debt reduction (dltr) minus current debt changes (dlcch), scaled by average total assets (at) in years t-1 and t. Replace missing values of dlcch with 0. Exclude if ratio is greater than 1.",cross_sectional_selection,US_equities_cross_section,Accounting,OpenSourceAP_SignalDoc_official,PREDICTOR,COMPLETE,IMPORTED_NOT_RETESTED,NOT_STARTED,NOT_OPENED,NOT_STARTED,0.0,BLOCKED,Imported definition; original published evidence is not War Room proof.,
OAP_PREDICTOR_NETDEBTPRICE,open_source_cross_sectional_asset_pricing,Net debt to price,"Long-term debt (dltt) plus debt in current liabilities (dlc) plus preferred stock (pstk) plus preferred dividends in arrears (dvpa) minus treasury stock (tstkp) minus cash and short-term investments (che), scaled by market value of equity. Exclude if SIC between 6000 and 6999, or if missing value for total assets (at), net income (ib), common shares outstanding (csho), book value of equity (ceq) or price close fiscal year (prcc\_f).  Keep only 3rd B/M Quintile, following Table 4 (and in contrast to Table 1).",cross_sectional_selection,US_equities_cross_section,Accounting,OpenSourceAP_SignalDoc_official,PREDICTOR,COMPLETE,IMPORTED_NOT_RETESTED,NOT_STARTED,NOT_OPENED,NOT_STARTED,0.0,BLOCKED,Imported definition; original published evidence is not War Room proof.,"need to adjust sample dates: even though paper says it begins in 1962, there is only 1 stock for the first 5 months of 1962.  ND/P in paper.  Table 4a has size adjusted returns for double sorts, on NDP and NOA/POA.  I chose 5th NOA/POA Portfolio, but they're all similar.  Table 1 Panel C has decile sort returns, but no hedge returns.  Performance here is not great, as noted in the text.  Best performance is Table 4 which reports conditional sorts.  OP drops extreme obs but we don't."
OAP_PREDICTOR_NETEQUITYFINANCE,open_source_cross_sectional_asset_pricing,Net equity financing,"Sale of common stock (sstk) minus  purchase of common stock (prstkc), scaled by average total assets (at) from years t and t-1. Exclude if absolute value of ratio is greater than 1.",cross_sectional_selection,US_equities_cross_section,Accounting,OpenSourceAP_SignalDoc_official,PREDICTOR,COMPLETE,IMPORTED_NOT_RETESTED,NOT_STARTED,NOT_OPENED,NOT_STARTED,0.0,BLOCKED,Imported definition; original published evidence is not War Room proof.,
OAP_PREDICTOR_NETPAYOUTYIELD,open_source_cross_sectional_asset_pricing,Net Payout Yield,"Dividends (dvc) plus purchase of common and preferred stock (prstkc) minus sale of common and preferred stock (sstk), divided by market value of equity lagged 6 months.  Exclude if NetPayoutYield is 0, financial firm based on SIC code, ceq <= 0, or less than 2 years in CRSP",value_capture,US_equities_cross_section,Accounting,OpenSourceAP_SignalDoc_official,PREDICTOR,COMPLETE,IMPORTED_NOT_RETESTED,NOT_STARTED,NOT_OPENED,NOT_STARTED,0.0,BLOCKED,Imported definition; original published evidence is not War Room proof.,See PayoutYield
OAP_PREDICTOR_NOA,open_source_cross_sectional_asset_pricing,Net Operating Assets,"Difference between operating assets and operating liabilities, scaled by lagged total assets. Operating assets are total assets (at) minus cash- and short-term investments (che), operating liabilities are total assets minus long-term debt (dltt), minority interest (mib), deferred charges (dc) and book equity (ceq).",cross_sectional_selection,US_equities_cross_section,Accounting,OpenSourceAP_SignalDoc_official,PREDICTOR,COMPLETE,IMPORTED_NOT_RETESTED,NOT_STARTED,NOT_OPENED,NOT_STARTED,0.0,BLOCKED,Imported definition; original published evidence is not War Room proof.,
OAP_PREDICTOR_OPLEVERAGE,open_source_cross_sectional_asset_pricing,Operating leverage,"Sum of administrative expenses (xsga) and cost of goods sold (cogs), scaled by total assets (at).  Use xsga = 0 if xsga is missing.",cross_sectional_selection,US_equities_cross_section,Accounting,OpenSourceAP_SignalDoc_official,PREDICTOR,COMPLETE,IMPORTED_NOT_RETESTED,NOT_STARTED,NOT_OPENED,NOT_STARTED,0.0,BLOCKED,Imported definition; original published evidence is not War Room proof.,"Table III panel b shows EW raw returns strong (t-stat 3.38), somewhat weaker after factor adjustment or in VW returns. Table IIIv has both raw and alphas."
OAP_PREDICTOR_OPTIONVOLUME1,open_source_cross_sectional_asset_pricing,Option to stock volume,"Total monthly option volume (volume) over all puts and calls, divided by monthly stock trading volume (vol). Exclude if price less than 1 or share code greater 11 or option volume or stock volume data are missing for the previous month.",execution_or_flow,US_equities_cross_section,Options,OpenSourceAP_SignalDoc_official,PREDICTOR,COMPLETE,IMPORTED_NOT_RETESTED,NOT_STARTED,NOT_OPENED,NOT_STARTED,0.0,BLOCKED,Imported definition; original published evidence is not War Room proof.,"OP is actually weekly, and sorts in deciles, then  longs 9+10 and shorts 1+2"
OAP_PREDICTOR_ORDERBACKLOG,open_source_cross_sectional_asset_pricing,Order backlog,Order backlog (ob) divided by average total assets (at) in years t-1 and t. Exclude if order backlog is 0.,execution_or_flow,US_equities_cross_section,Accounting,OpenSourceAP_SignalDoc_official,PREDICTOR,COMPLETE,IMPORTED_NOT_RETESTED,NOT_STARTED,NOT_OPENED,NOT_STARTED,0.0,BLOCKED,Imported definition; original published evidence is not War Room proof.,"Table 3, but FMB size adjusted only. Other tables use nonlinear regressions."
OAP_PREDICTOR_ORDERBACKLOGCHG,open_source_cross_sectional_asset_pricing,Change in order backlog,Define normalized order backlog  as order backlog (ob) divided by average total assets (at) in years t-1 and t. Exclude if order backlog is 0.  Signal is normalized order backlog minus normalized order backlog one year ago.,execution_or_flow,US_equities_cross_section,Accounting,OpenSourceAP_SignalDoc_official,PREDICTOR,COMPLETE,IMPORTED_NOT_RETESTED,NOT_STARTED,NOT_OPENED,NOT_STARTED,0.0,BLOCKED,Imported definition; original published evidence is not War Room proof.,OP is more aggressive than most and assumes a 4 month lag between fiscal year end and data availability.  We do the standard 6 month.
OAP_PREDICTOR_ORGCAP,open_source_cross_sectional_asset_pricing,Organizational capital,"Defined recursively. Set xsga to 0 if missing.  Initialize with OrgCap = 4*general expenses (xsga) in the first year, and calculate as .85*OrgCap previous year + xsga/gnpdeflator current year thereafter. Scale by total assets (at).  Keep only december year ends, and non-financials, and non-missing sic code.  Then winsoriz at the 1% level and standardized by subtracting the same month within-industry mean (Fama French 17 industries) and dividing by the same month within industry standard deviation of OrgCap.",cross_sectional_selection,US_equities_cross_section,Accounting,OpenSourceAP_SignalDoc_official,PREDICTOR,COMPLETE,IMPORTED_NOT_RETESTED,NOT_STARTED,NOT_OPENED,NOT_STARTED,0.0,BLOCKED,Imported definition; original published evidence is not War Room proof.,OP only examines the industry adjusted version and explains clearly why.
OAP_PREDICTOR_OSCORE,open_source_cross_sectional_asset_pricing,O Score,"OScore = -1.32 - .407*log(at/GNP deflator) + 6.03*(lt/at) - 1.43*( (act - lct)/at) + .076*(lct/act) - 1.72*I(lt > at) - 2.37*(ib/at) - 1.83*(fopt/lt) + .285*(ib + ib$_{t-12}$ + ib$_{t-24}$ < 0) -  .521*( (ib - ib$_{t-12}$)/(abs(ib) + .abs(ib$_{t-12}$)) ). fopt = oancf if fopt is missing.  Exclude Exclude if SIC code between 3999 and 4999, or greater than 5999. Exclude if price less than 5.  Then exclude if OScore is in bottom quintile of OScore (original paper shows non-monotonic returns, as does our replication)",vulnerability_or_range,US_equities_cross_section,Accounting,OpenSourceAP_SignalDoc_official,PREDICTOR,COMPLETE,IMPORTED_NOT_RETESTED,NOT_STARTED,NOT_OPENED,NOT_STARTED,0.0,BLOCKED,Imported definition; original published evidence is not War Room proof.,"Table 4 has returns by portfolio, but no t-stats.  Table 5 shows t=3.36 if you long low 70% and short high 10%.  OP does not mention price screen, but without the screen results are far, and with it results are very close."
OAP_PREDICTOR_PATENTSRD,open_source_cross_sectional_asset_pricing,Patents to RD expenses,"Drop obs before 1975.  Set expenses for research and development (xrd) and number of patents (npat)  to 0 if missing. Calculate Patents to RD as patents in a year divided by $xrd_{t-2} + .8 xrd_{t-3} + .6 xrd_{t-4} + .4xrd_{t-5} + .2 xrd_{t-6}$. Drop if denominator = 0,  2 years or less in Compustat, sic in 6000s, ceq < 0.  Double independent sort using (a) size NYSE median (b) terciles of Patents to RD.  Long if in small size, highest tercile of Patents to RD, short if in small size, smallest tercile.",value_capture,US_equities_cross_section,Other,OpenSourceAP_SignalDoc_official,PREDICTOR,COMPLETE,IMPORTED_NOT_RETESTED,NOT_STARTED,NOT_OPENED,NOT_STARTED,0.0,BLOCKED,Imported definition; original published evidence is not War Room proof.,"Table 9 does ff3 style VW to adjust for size.  Table 8 shows that predictability weak in large firms, so we just focus on small firms and VW to keep this spreadsheet manageable."
OAP_PREDICTOR_PAYOUTYIELD,open_source_cross_sectional_asset_pricing,Payout Yield,"Sum of dividends (dvc), purchase of common and preferred stock (prstkc) and max(preferred stock redemption value (pstkrv), 0) over market value of equity lagged 6 months.  Exclude if PayoutYield $\leq$ 0, financial firm based on SIC code, ceq <= 0, or less than 2 years in CRSP",value_capture,US_equities_cross_section,Accounting,OpenSourceAP_SignalDoc_official,PREDICTOR,COMPLETE,IMPORTED_NOT_RETESTED,NOT_STARTED,NOT_OPENED,NOT_STARTED,0.0,BLOCKED,Imported definition; original published evidence is not War Room proof.,"OP actually uses terciles and NYSE breaks in Tab 6 which shows long-short ports.  We instead implement ports following Tab 3, because the Tab 6 results appear to be sensitive to the details of the lagging.  A more rigorous lagging method seems to lead to t<2.  However, terciles with NYSE breaks seems unnecessarily conservative, and Tab 3 replicates quite well, so our implementation focuses on Tab 3, even though we write down Tab 6's t-stats."
OAP_PREDICTOR_PCTACC,open_source_cross_sectional_asset_pricing,Percent Operating Accruals,"Income before extraordinary items (ib) minus net cash flow (oancf) divided by absolute value of ib. If oancf is missing, PctAcc is defined as ( (act - act$_{t-12}$) - (che - che$_{t-12}$) - (  (lct - lct$_{t-12}$) - (dlc - dlc$_{t-12}$) - (txp - txp$_{t-12}$) - dp ) )/abs(ib). In either case, if ib is equal to 0, divide by .01 instead. Exclude if price less than 5.",value_capture,US_equities_cross_section,Accounting,OpenSourceAP_SignalDoc_official,PREDICTOR,COMPLETE,IMPORTED_NOT_RETESTED,NOT_STARTED,NOT_OPENED,NOT_STARTED,0.0,BLOCKED,Imported definition; original published evidence is not War Room proof.,"Table 4 Panel A: Report size-adjusted return hedges with p-values; t-stat is approximate, I converted the p-value to t but not exact since the table says p <.001 instead of giving a value."
OAP_PREDICTOR_PCTTOTACC,open_source_cross_sectional_asset_pricing,Percent Total Accruals,"Net income (ni) minus (purchase of common and preferred stock (prstkcc) minus sale of common and preferred stock (sstk) plus dividends (dvt), cash flow from operations (oancf), from financing (fincf) and investment (ivncf)). Scaled by absolute value of net income.",value_capture,US_equities_cross_section,Accounting,OpenSourceAP_SignalDoc_official,PREDICTOR,COMPLETE,IMPORTED_NOT_RETESTED,NOT_STARTED,NOT_OPENED,NOT_STARTED,0.0,BLOCKED,Imported definition; original published evidence is not War Room proof.,"Table 5 Panel A: Report size-adjusted return hedges with p-values; t-stat is approximate, I converted the p-value to t but not exact since the table says p <.001 instead of giving a value."
OAP_PREDICTOR_PRICE,open_source_cross_sectional_asset_pricing,Price,Log of absolute value of price (prc).,cross_sectional_selection,US_equities_cross_section,Price,OpenSourceAP_SignalDoc_official,PREDICTOR,COMPLETE,IMPORTED_NOT_RETESTED,NOT_STARTED,NOT_OPENED,NOT_STARTED,0.0,BLOCKED,Imported definition; original published evidence is not War Room proof.,
OAP_PREDICTOR_PRICEDELAYRSQ,open_source_cross_sectional_asset_pricing,Price delay r square,"Each July regress stock return on day $t$ on market return in $t, t-1, \ldots, t-4$ using observations from July 1 of the previous year to June 30 of the current year.  Then regress again with no market return lags.  PriceDelay Rsq = 1 - [Rsq from second regression]/[Rsq from first regression]",cross_sectional_selection,US_equities_cross_section,Price,OpenSourceAP_SignalDoc_official,PREDICTOR,COMPLETE,IMPORTED_NOT_RETESTED,NOT_STARTED,NOT_OPENED,NOT_STARTED,0.0,BLOCKED,Imported definition; original published evidence is not War Room proof.,"Called D1 in paper.  Our primary delay measure, we use the daily stock level version.  OP focuses on complicated two-stage portfolio-based version"
OAP_PREDICTOR_PS,open_source_cross_sectional_asset_pricing,Piotroski F-score,Sum of nine indicator variables which are: 1 if net income (ib) greater 0; 1 if net cash flow (oancf) greater 0; 1 if return on assets (ib/at) increased relative to previous year; 1 if net cash flow greater net income; 1 if long-term debt to assets (dltt/at) declined over the previous year;  if current assets to current liabilities (act/lct) increased over the previous year; 1 if ebit/sale (ebit = ib + txt + xint) increased over the previous year; 1 if revenue to assets increased over the previous year; 1 if shrout $\leq$ shrout last year. Include highest quintile of book-to-market only.  Exclude if missing any of the input variables.,cross_sectional_selection,US_equities_cross_section,Accounting,OpenSourceAP_SignalDoc_official,PREDICTOR,COMPLETE,IMPORTED_NOT_RETESTED,NOT_STARTED,NOT_OPENED,NOT_STARTED,0.0,BLOCKED,Imported definition; original published evidence is not War Room proof.,"OP does not explicitly say if it is equal or value weighting, but we find more similar results using VW.  OP also compounds returns within a year, and rebalances 4 months after the end of fiscal year.  To approximate, we do portfolio period = 1"
OAP_PREDICTOR_RD,open_source_cross_sectional_asset_pricing,R&D over market cap,R&D expense (xrd) over market value of equity.,cross_sectional_selection,US_equities_cross_section,Accounting,OpenSourceAP_SignalDoc_official,PREDICTOR,COMPLETE,IMPORTED_NOT_RETESTED,NOT_STARTED,NOT_OPENED,NOT_STARTED,0.0,BLOCKED,Imported definition; original published evidence is not War Room proof.,"Table 4 has portfolio returns, but no-tstats.  Table 6 does not show LS, but it has t-stat for high = 4.44."
OAP_PREDICTOR_RDABILITY,open_source_cross_sectional_asset_pricing,R&D ability,"Regress log of sales growth (sale over sale in previous year) on log of (1+ xrd/sale) in 5 bivariate regressions with (1+xrd/sale) lagged by $1, \ldots, 5$ years. Run regressions over previous 8 years and require at least 6 non-missing observations. Also require at least half of past research and development observations to be non-zero. RDAbility is the mean of the coefficients on the five lags of log(1+xrd/sale). Set to missing if firm is not in the highest tercile of xrd/sale in a year or if reseach and development expenses are non-positive.",cross_sectional_selection,US_equities_cross_section,Accounting,OpenSourceAP_SignalDoc_official,PREDICTOR,COMPLETE,IMPORTED_NOT_RETESTED,NOT_STARTED,NOT_OPENED,NOT_STARTED,0.0,BLOCKED,Imported definition; original published evidence is not War Room proof.,2A has main double sort results.  Works both EW and VW.  Lots of supporting evidence too.
OAP_PREDICTOR_RDCAP,open_source_cross_sectional_asset_pricing,R&D capital-to-assets,R&D capital to assets is the weighted sum of lagged R&D expenditures scaled by the assets (at). We replace xrd with 0 if xrd is missing and compute the numerator as $xrd_t + .8 xrd_{t-1}+ .6xrd_{t-2} + .4 xrd_{t-3} + .2 xrd_{t-4}$. Replace RDcap with missing before  1980 or if firm is in upper two thirds of market cap (shrout*abs(prc)) distribution in a month.,cross_sectional_selection,US_equities_cross_section,Accounting,OpenSourceAP_SignalDoc_official,PREDICTOR,COMPLETE,IMPORTED_NOT_RETESTED,NOT_STARTED,NOT_OPENED,NOT_STARTED,0.0,BLOCKED,Imported definition; original published evidence is not War Room proof.,Table 7 shows that it only works in small firms with a hedge return t-stat of 2.64.   Works fine EW of course.
OAP_PREDICTOR_RDIPO,open_source_cross_sectional_asset_pricing,IPO and no R&D spending,Binary variable equal to 1 if R&D expense (xrd) = 0 and IndIPO = 1.  0 otherwise.,information_flow_or_positioning,US_equities_cross_section,Event,OpenSourceAP_SignalDoc_official,PREDICTOR,COMPLETE,IMPORTED_NOT_RETESTED,NOT_STARTED,NOT_OPENED,NOT_STARTED,0.0,BLOCKED,Imported definition; original published evidence is not War Room proof.,
OAP_PREDICTOR_RDS,open_source_cross_sectional_asset_pricing,Real dirty surplus,"Define Dirty Surplus as annual change in marketable securities adjustment msa plus annual change in retained earnings adjustment (recta) + .65 times the annual change in min(Unrecognized prior service cost (pcupsu) - Pension additional minimum liability (paddml),0). Real dirty surplus is the annual change in book equity (ceq) minus dirty surplus minus (net income (ni) minus dividends preferred (dvp)) + dividends (divamt) - end-of-fiscal-year-stock-price (prcc\_f)*annual change in common shares outstanding (csho).",cross_sectional_selection,US_equities_cross_section,Accounting,OpenSourceAP_SignalDoc_official,PREDICTOR,COMPLETE,IMPORTED_NOT_RETESTED,NOT_STARTED,NOT_OPENED,NOT_STARTED,0.0,BLOCKED,Imported definition; original published evidence is not War Room proof.,Table 4 shows hedge return against FF3 with t-stat of almost 6. Tercile sorts. Table 4 pooled hedge return 1 year
OAP_PREDICTOR_REALIZEDVOL,open_source_cross_sectional_asset_pricing,Realized (Total) Volatility,Standard deviation of residuals from CAPM regressions using the past month of daily data.  Value weighted,vulnerability_or_range,US_equities_cross_section,Price,OpenSourceAP_SignalDoc_official,PREDICTOR,COMPLETE,IMPORTED_NOT_RETESTED,NOT_STARTED,NOT_OPENED,NOT_STARTED,0.0,BLOCKED,Imported definition; original published evidence is not War Room proof.,
OAP_PREDICTOR_RECOMM_SHORTINTEREST,open_source_cross_sectional_asset_pricing,Analyst Recommendations and Short-Interest,Go long firms in lowest quintile of short interest (shortint/shrout) and lowest quintile of analyst recommendations (monthly consensus recommendation using the most recent analyst recommendation in the past 12 months). Go short firms in highest quintile of short interest and highest quintile of analyst recommendations.,information_flow_or_positioning,US_equities_cross_section,Analyst,OpenSourceAP_SignalDoc_official,PREDICTOR,COMPLETE,IMPORTED_NOT_RETESTED,NOT_STARTED,NOT_OPENED,NOT_STARTED,0.0,BLOCKED,Imported definition; original published evidence is not War Room proof.,
OAP_PREDICTOR_RESIDUALMOMENTUM,open_source_cross_sectional_asset_pricing,Momentum based on FF3 residuals,"Run a rolling regression over 36 months of excess return (retrf) on excess market return (mktrf), size and value factors (smb, hml) and compute idiosyncratic returns as the one-month lagged residual. ResidualMomentum is the rolling mean of the residual divided by the rolling standard deviation of the residual, both computed over the past 11 months.",direction,US_equities_cross_section,Price,OpenSourceAP_SignalDoc_official,PREDICTOR,COMPLETE,IMPORTED_NOT_RETESTED,NOT_STARTED,NOT_OPENED,NOT_STARTED,0.0,BLOCKED,Imported definition; original published evidence is not War Room proof.,"1M in the table refers to the holding period, not the signal measurement period."
OAP_PREDICTOR_RETCONGLOMERATE,open_source_cross_sectional_asset_pricing,Conglomerate return,"Identify conglomerate firms as those with multiple OPSEG or BUSSEG entries in the Compustat segment data (and require that at least 80% of firm's total assets are covered by segment data). Compute monthly stock return at the 2-digit SIC level for stand-alone (non-conglomerate) firms only, and match those returns to conglomerates' segments. Compute weighted conglomerate return as the industry return of stand-alone companies, weighted with a conglomerate's total sales in each industry.",cross_sectional_selection,US_equities_cross_section,Price,OpenSourceAP_SignalDoc_official,PREDICTOR,COMPLETE,IMPORTED_NOT_RETESTED,NOT_STARTED,NOT_OPENED,NOT_STARTED,0.0,BLOCKED,Imported definition; original published evidence is not War Room proof.,Also works VW (t=3.2)
OAP_PREDICTOR_RETURNSKEW,open_source_cross_sectional_asset_pricing,Return skewness,Skewness of daily returns (ret) over previous month.,vulnerability_or_range,US_equities_cross_section,Price,OpenSourceAP_SignalDoc_official,PREDICTOR,COMPLETE,IMPORTED_NOT_RETESTED,NOT_STARTED,NOT_OPENED,NOT_STARTED,0.0,BLOCKED,Imported definition; original published evidence is not War Room proof.,"OP finds negative and significant relationship EW, and positive and significant relationship VW.  They conclude that results are ""difficult to interpret."""
OAP_PREDICTOR_RETURNSKEW3F,open_source_cross_sectional_asset_pricing,Idiosyncratic skewness (3F model),"Skewness of idiosyncratic returns computed as residuals from regression of daily excess returns (ret - rf) on Fama-French factors (mktrf, smb, hml) over the previous month. We require at least 15 non-missing observations.",vulnerability_or_range,US_equities_cross_section,Price,OpenSourceAP_SignalDoc_official,PREDICTOR,COMPLETE,IMPORTED_NOT_RETESTED,NOT_STARTED,NOT_OPENED,NOT_STARTED,0.0,BLOCKED,Imported definition; original published evidence is not War Room proof.,"OP finds negative and significant relationship EW, and positive and significant relationship VW.  They conclude that results are ""difficult to interpret."""
OAP_PREDICTOR_REV6,open_source_cross_sectional_asset_pricing,Earnings forecast revisions,"Define revisions as the change in the mean earnings estimate (meanest) for the next quarter from month t-1 to t, scaled by stock price in month t-1. REV6 is the sum of that variable from months t-6 to t.",value_capture,US_equities_cross_section,Analyst,OpenSourceAP_SignalDoc_official,PREDICTOR,COMPLETE,IMPORTED_NOT_RETESTED,NOT_STARTED,NOT_OPENED,NOT_STARTED,0.0,BLOCKED,Imported definition; original published evidence is not War Room proof.,"Table 5 has portfolio returns, but no-tstats.  Tab 7 has large t-stats in regressions.   Tab5 has monthly rebalancing, but Tab 7's regressiosn use 6-month holding period.  We find only monthly rebalancing works in port sorts."
OAP_PREDICTOR_REVENUESURPRISE,open_source_cross_sectional_asset_pricing,Revenue Surprise,Define revenue per share as quarterly revenue (revtq) divided by quarterly common shares outstanding (cshprq). RevenueSurprise is the 4-quarter change in revenue per share minus the average 4-quarter change in revenue per share over the previous 2 years. RevenueSurprise is scaled by its standard deviation over the previous 2 years. Exclude if price less than 5.,cross_sectional_selection,US_equities_cross_section,Accounting,OpenSourceAP_SignalDoc_official,PREDICTOR,COMPLETE,IMPORTED_NOT_RETESTED,NOT_STARTED,NOT_OPENED,NOT_STARTED,0.0,BLOCKED,Imported definition; original published evidence is not War Room proof.,"No t-stats in many event studies, but many 1% significant results (e.g. table 6)"
OAP_PREDICTOR_RIO_DISP,open_source_cross_sectional_asset_pricing,Inst Own and Forecast Dispersion,"Follow RIO\_MB, except define Disp as the stdev of IBES forecasts where fpi == 1 divided by at, and sort on Disp instead of MB.  Finally, let RIO\_Disp = lagged RIO quntile if the Disp quintile >= 4.",information_flow_or_positioning,US_equities_cross_section,13F,OpenSourceAP_SignalDoc_official,PREDICTOR,COMPLETE,IMPORTED_NOT_RETESTED,NOT_STARTED,NOT_OPENED,NOT_STARTED,0.0,BLOCKED,Imported definition; original published evidence is not War Room proof.,"We deviate a bit to avoid getting into IBES detail file.  Since we only use the summary file, we screen stdev > 0 and also keep both 4th and 5th quintiles of dispersion."
OAP_PREDICTOR_RIO_MB,open_source_cross_sectional_asset_pricing,Inst Own and Market to Book,"Residual institutional ownership (RIO) is defined as log(institutional ownership (instown\_perc)/(1-institutional ownership)) + 23.6 - 2.89*log(market value of equity) +.08*log(market value of equity)$^2$. Replace instown\_perc with 0 if it is missing, with .9999 if it's above .9999, and with .0001 if it's below .0001. Then lag RIO by 6 months.  Keep only stocks with size > 20th percentile across exchcd == 1 or 2.  Define MB as market cap / (ceq + txditc), where txditc = 0 if missing, and MB is replaced with missing if ceq < 0.  Then sort into quintiles based on the lagged RIO, and sort into quintiles based on MB.  Finally, let RIO\_MB = lagged RIO quintile if the MB quintile = 5.",information_flow_or_positioning,US_equities_cross_section,13F,OpenSourceAP_SignalDoc_official,PREDICTOR,COMPLETE,IMPORTED_NOT_RETESTED,NOT_STARTED,NOT_OPENED,NOT_STARTED,0.0,BLOCKED,Imported definition; original published evidence is not War Room proof.,
OAP_PREDICTOR_RIO_TURNOVER,open_source_cross_sectional_asset_pricing,Inst Own and Turnover,"Follow RIO\_MB, except define turnover as vol/shrout.  Let RIO\_Turnover = lagged RIO quintile if the Volatility quintile == 5",execution_or_flow,US_equities_cross_section,13F,OpenSourceAP_SignalDoc_official,PREDICTOR,COMPLETE,IMPORTED_NOT_RETESTED,NOT_STARTED,NOT_OPENED,NOT_STARTED,0.0,BLOCKED,Imported definition; original published evidence is not War Room proof.,
OAP_PREDICTOR_RIO_VOLATILITY,open_source_cross_sectional_asset_pricing,Inst Own and Idio Vol,"Follow RIO\_MB, except define volatility as the rolling standard deviation of the last 12 months of the stock return.  Let RIO\_Disp = lagged RIO quintile if the Volatility quintile == 5",information_flow_or_positioning,US_equities_cross_section,13F,OpenSourceAP_SignalDoc_official,PREDICTOR,COMPLETE,IMPORTED_NOT_RETESTED,NOT_STARTED,NOT_OPENED,NOT_STARTED,0.0,BLOCKED,Imported definition; original published evidence is not War Room proof.,
OAP_PREDICTOR_RIVOLSPREAD,open_source_cross_sectional_asset_pricing,Realized minus Implied Vol,Realized Vol (past 30 days) minus ATM Implied Vol,vulnerability_or_range,US_equities_cross_section,Options,OpenSourceAP_SignalDoc_official,PREDICTOR,COMPLETE,IMPORTED_NOT_RETESTED,NOT_STARTED,NOT_OPENED,NOT_STARTED,0.0,BLOCKED,Imported definition; original published evidence is not War Room proof.,OP says NYSE only but we find all stocks gets closer to their numbers
OAP_PREDICTOR_ROAQ,open_source_cross_sectional_asset_pricing,Return on assets (qtrly),Quarterly net income (ibq) divided by lagged total assets (atq).,value_capture,US_equities_cross_section,Accounting,OpenSourceAP_SignalDoc_official,PREDICTOR,COMPLETE,IMPORTED_NOT_RETESTED,NOT_STARTED,NOT_OPENED,NOT_STARTED,0.0,BLOCKED,Imported definition; original published evidence is not War Room proof.,"This is like a more timely version of the other profitability measures.  Interestingly, they don't cite Fama French 2006, nor Novy Marx 2013.  MP have a very slightly different formulation."
OAP_PREDICTOR_SFE,open_source_cross_sectional_asset_pricing,Earnings Forecast to price,"Median estimate for next year eps (fpi = 1) in March, divided by stock price from December.  Dec fiscal year ends only, keep only forecasts more than 90 days out.  Keep only below median analyst coverage each month.",value_capture,US_equities_cross_section,Analyst,OpenSourceAP_SignalDoc_official,PREDICTOR,COMPLETE,IMPORTED_NOT_RETESTED,NOT_STARTED,NOT_OPENED,NOT_STARTED,0.0,BLOCKED,Imported definition; original published evidence is not War Room proof.,Size adjustment and analyst coverage are both extremely important. You can see the size adjustment in Table 2.
OAP_PREDICTOR_SHAREISS1Y,open_source_cross_sectional_asset_pricing,Share issuance (1 year),Growth in number of shares between t-18 and t-6. Number of shares is calculated as shrout/cfacshr to adjust for splits.,cross_sectional_selection,US_equities_cross_section,Accounting,OpenSourceAP_SignalDoc_official,PREDICTOR,COMPLETE,IMPORTED_NOT_RETESTED,NOT_STARTED,NOT_OPENED,NOT_STARTED,0.0,BLOCKED,Imported definition; original published evidence is not War Room proof.,
OAP_PREDICTOR_SHAREISS5Y,open_source_cross_sectional_asset_pricing,Share issuance (5 year),5-year growth in number of shares. Number of shares is calculated as shrout/cfacshr to adjust for splits.,cross_sectional_selection,US_equities_cross_section,Accounting,OpenSourceAP_SignalDoc_official,PREDICTOR,COMPLETE,IMPORTED_NOT_RETESTED,NOT_STARTED,NOT_OPENED,NOT_STARTED,0.0,BLOCKED,Imported definition; original published evidence is not War Room proof.,"Called N_t/N_t-\tau in OP.  OP actually studies this indirectly, see Equation (9) and close by.  Closest thing studied is \iota, which also includes dividends."
OAP_PREDICTOR_SHAREVOL,open_source_cross_sectional_asset_pricing,Share Volume,"Let tempvol = sum of monthly share trading volume (vol) over the previous three months, scaled by 3 times common shares outstanding (shrout).  Let ShareVol = 1 if tempvol > 10%, and ShareVol = 0 if tempvol < 5%.",execution_or_flow,US_equities_cross_section,Trading,OpenSourceAP_SignalDoc_official,PREDICTOR,COMPLETE,IMPORTED_NOT_RETESTED,NOT_STARTED,NOT_OPENED,NOT_STARTED,0.0,BLOCKED,Imported definition; original published evidence is not War Room proof.,"OP does a linear regression, but the variable is extremely right skewed, with a mean around 5, stdev of 18, and median of 2.  To approximate a regression in our setup, we long / short depending on the signal's value rather than ranking."
OAP_PREDICTOR_SIZE,open_source_cross_sectional_asset_pricing,Size,Log of monthly market value of equity (abs(prc)*shrout)).,cross_sectional_selection,US_equities_cross_section,Price,OpenSourceAP_SignalDoc_official,PREDICTOR,COMPLETE,IMPORTED_NOT_RETESTED,NOT_STARTED,NOT_OPENED,NOT_STARTED,0.0,BLOCKED,Imported definition; original published evidence is not War Room proof.,
OAP_PREDICTOR_SMILESLOPE,open_source_cross_sectional_asset_pricing,Put volatility minus call volatility,"Using OptionMetrics's daily volatility surfaces (vsurfd), keep last observation each month, delta = 0.50 or -0.50, and days to expiration = 30.  The signal is then the difference between put implied vol and call implied vol.",vulnerability_or_range,US_equities_cross_section,Options,OpenSourceAP_SignalDoc_official,PREDICTOR,COMPLETE,IMPORTED_NOT_RETESTED,NOT_STARTED,NOT_OPENED,NOT_STARTED,0.0,BLOCKED,Imported definition; original published evidence is not War Room proof.,
OAP_PREDICTOR_STD_TURN,open_source_cross_sectional_asset_pricing,Share turnover volatility,Standard deviation of turnover (vol/shrout) over the past 36 months.,execution_or_flow,US_equities_cross_section,Trading,OpenSourceAP_SignalDoc_official,PREDICTOR,COMPLETE,IMPORTED_NOT_RETESTED,NOT_STARTED,NOT_OPENED,NOT_STARTED,0.0,BLOCKED,Imported definition; original published evidence is not War Room proof.,CVTURN and TURN in OP. Tab 3B has port sort but no LS or t-stats.  Tab 5B has FM reg.
OAP_PREDICTOR_STREVERSAL,open_source_cross_sectional_asset_pricing,Short term reversal,Stock return (ret) over the previous month.,direction,US_equities_cross_section,Price,OpenSourceAP_SignalDoc_official,PREDICTOR,COMPLETE,IMPORTED_NOT_RETESTED,NOT_STARTED,NOT_OPENED,NOT_STARTED,0.0,BLOCKED,Imported definition; original published evidence is not War Room proof.,
OAP_PREDICTOR_SURPRISERD,open_source_cross_sectional_asset_pricing,Unexpected R&D increase,"Binary variable equal to 1 if: R&D (xrd) scaled by revenue (revt) is positive, R&D scaled by total assets (at) is positive, annual R&D growth is greater than 5%, annual growth in R&D over total assets is greater than 5%. SurpriseRD is 0 otherwise.",cross_sectional_selection,US_equities_cross_section,Accounting,OpenSourceAP_SignalDoc_official,PREDICTOR,COMPLETE,IMPORTED_NOT_RETESTED,NOT_STARTED,NOT_OPENED,NOT_STARTED,0.0,BLOCKED,Imported definition; original published evidence is not War Room proof.,"Table 3 has event study, table 5 has LS ports.  Table 5 p-value = 0.000, so we use norm dist assuming p-value = 0.0004.  FF3 loadings should roughly cancel out."
OAP_PREDICTOR_TANG,open_source_cross_sectional_asset_pricing,Tangibility,"Cash and short-term investments (che) plus .715*receivables (rect) + .547*inventory (invt) + .535* property, plant and equipment (ppent), scaled by total assets (at). Only defined for manufacturing firms (SIC $\geq$ 2000 and SIC <4000). Exclude the lowest tercile of manufacturing firms by total assets.",cross_sectional_selection,US_equities_cross_section,Accounting,OpenSourceAP_SignalDoc_official,PREDICTOR,COMPLETE,IMPORTED_NOT_RETESTED,NOT_STARTED,NOT_OPENED,NOT_STARTED,0.0,BLOCKED,Imported definition; original published evidence is not War Room proof.,"Paper is very painful to read.  Defines tangibility using formula we follow and used by Almeida and Campello.  Measures financial constraints using either asset size, payout ratio, etc, with bottom 30% classified as constrained.  Table 4 finds that tangibility only predicts returns in constrained firms in fm reg.  Table 7 forms FF3-style LS ports using only constrained firms and finds mixed results.  We follow Table 4."
OAP_PREDICTOR_TAX,open_source_cross_sectional_asset_pricing,Taxable income to income,"Ratio of Taxes paid and tax share of net income. Numerator is defined as the sum of foreign (txfo) and federal (txfed) income taxes. If either one is missing, numerator is defined as total taxes (txt) minus deferred taxes (txdi). Denominator is the product of the prevailing tax rate and net income (ib). Tax rate is .48 before 1979, .46 from 1979 to 1986, .4 in 1987, .34 between 1988 and 1992 and .35 from 1993 onwards. If net income is negative, and the numerator is positive, tax is defined as 1. Exclude if price less than 5.",cross_sectional_selection,US_equities_cross_section,Accounting,OpenSourceAP_SignalDoc_official,PREDICTOR,COMPLETE,IMPORTED_NOT_RETESTED,NOT_STARTED,NOT_OPENED,NOT_STARTED,0.0,BLOCKED,Imported definition; original published evidence is not War Room proof.,"Table 5 shows regressions, but it only works in the subsample 1973-1992.  Then again Table 6 shows 1993-2000 works as long as you drop 1998.  Focuses on forecasting earnings, like other accounting papers."
OAP_PREDICTOR_TOTALACCRUALS,open_source_cross_sectional_asset_pricing,Total accruals,"Before 1988: Change in net working capital ((act - che) - (lct - dlc)) plus change in net noncurrent assets ( (at - act - ivao) - (lt - dlc - dltt)) plus change in net financial assets ( (ivst + ivao - (dltt + dlc + pstk)). Starting in 1988: net income (ni) minus total, operating and investment cashflows (oancf, ivncf, fincf) plus stock sales minus repurchases and dividends (sstk, prstkc, dv)). Scaled by lagged total assets (at). Replace missings in ivao, ivst, dltt, dlc, pstk sstk, prstkc, dv with 0.",value_capture,US_equities_cross_section,Accounting,OpenSourceAP_SignalDoc_official,PREDICTOR,COMPLETE,IMPORTED_NOT_RETESTED,NOT_STARTED,NOT_OPENED,NOT_STARTED,0.0,BLOCKED,Imported definition; original published evidence is not War Room proof.,Table 8 panel A has regression result with t-stat of 6.38.
OAP_PREDICTOR_TRENDFACTOR,open_source_cross_sectional_asset_pricing,Trend Factor,See paper section 2.1 and 2.2,direction,US_equities_cross_section,Price,OpenSourceAP_SignalDoc_official,PREDICTOR,COMPLETE,IMPORTED_NOT_RETESTED,NOT_STARTED,NOT_OPENED,NOT_STARTED,0.0,BLOCKED,Imported definition; original published evidence is not War Room proof.,"Filters (exchd in 1,2,3; sharecd in 10, 11; abs(prc)>5; mve>lowest decile of NYSE breakpoint distribution) are imposed at the signal stage in order to run cross-sectional regressions on the correct sample"
OAP_PREDICTOR_VOLSD,open_source_cross_sectional_asset_pricing,Volume Variance,Rolling standard deviation of monthly trading volume (vol) over the past 36 months (require at least 24 observations). Include only NYSE stocks.,execution_or_flow,US_equities_cross_section,Trading,OpenSourceAP_SignalDoc_official,PREDICTOR,COMPLETE,IMPORTED_NOT_RETESTED,NOT_STARTED,NOT_OPENED,NOT_STARTED,0.0,BLOCKED,Imported definition; original published evidence is not War Room proof.,CVVOL and VOL in OP.  Tab 3B has port sort but no LS or t-stats.  Tab 5B has FM reg
OAP_PREDICTOR_XFIN,open_source_cross_sectional_asset_pricing,Net external financing,Sale of common stock (sstk) minus dividends (dv) minus purchase of common stock (prstkc) plus long-term debt issuance (dltis) minus long-term debt reductions (dltr). Scaled by total assets (at).,cross_sectional_selection,US_equities_cross_section,Accounting,OpenSourceAP_SignalDoc_official,PREDICTOR,COMPLETE,IMPORTED_NOT_RETESTED,NOT_STARTED,NOT_OPENED,NOT_STARTED,0.0,BLOCKED,Imported definition; original published evidence is not War Room proof.,
OAP_PREDICTOR_ZEROTRADE6M,open_source_cross_sectional_asset_pricing,Days with zero trades,"In each month, count the number of days with no trades. Define zerotrade as the number of days without trades plus (the sum of monthly turnover (vol/shrout) divided by 48*10$^5$), multiplied by 21/number of trading days per month. Zerotrade is the 6-month average of that variable.",execution_or_flow,US_equities_cross_section,Trading,OpenSourceAP_SignalDoc_official,PREDICTOR,COMPLETE,IMPORTED_NOT_RETESTED,NOT_STARTED,NOT_OPENED,NOT_STARTED,0.0,BLOCKED,Imported definition; original published evidence is not War Room proof.,"Table 2, fourth row (LM6, HP1m), column B. Paper has the fancy title ""the LAPM""  Also works for longer holding period of up to 2 years."
OAP_PREDICTOR_ZEROTRADE1M,open_source_cross_sectional_asset_pricing,Days with zero trades,"In each month, count the number of days with no trades. Define zerotrade as the number of days without trades plus (the sum of monthly turnover (vol/shrout) divided by 48*10$^5$), multiplied by 21/number of trading days per month. Take 1-month average.",execution_or_flow,US_equities_cross_section,Trading,OpenSourceAP_SignalDoc_official,PREDICTOR,COMPLETE,IMPORTED_NOT_RETESTED,NOT_STARTED,NOT_OPENED,NOT_STARTED,0.0,BLOCKED,Imported definition; original published evidence is not War Room proof.,"The 1-month version works for 6 or 12 month holding periods, but not 1 month."
OAP_PREDICTOR_ZEROTRADE12M,open_source_cross_sectional_asset_pricing,Days with zero trades,"In each month, count the number of days with no trades. Define zerotrade as the number of days without trades plus (the sum of monthly turnover (vol/shrout) divided by 48*10$^5$), multiplied by 21/number of trading days per month. Take 12-month average.",execution_or_flow,US_equities_cross_section,Trading,OpenSourceAP_SignalDoc_official,PREDICTOR,COMPLETE,IMPORTED_NOT_RETESTED,NOT_STARTED,NOT_OPENED,NOT_STARTED,0.0,BLOCKED,Imported definition; original published evidence is not War Room proof.,Also works for 12 or even 24 months.
OAP_PREDICTOR_ACTIVISM2,open_source_cross_sectional_asset_pricing,Active shareholders,"Institiutional ownership share (maxinstown\_perc) if share greater than 5 percent.  Set to missing if G is missing, or if dual share class, or if 24 minus Governance index (G) is less than 19.",information_flow_or_positioning,US_equities_cross_section,13F,OpenSourceAP_SignalDoc_official,PREDICTOR,COMPLETE,IMPORTED_NOT_RETESTED,NOT_STARTED,NOT_OPENED,NOT_STARTED,0.0,BLOCKED,Imported definition; original published evidence is not War Room proof.,works about the same EW in Tab 3
OAP_PREDICTOR_ADEXP,open_source_cross_sectional_asset_pricing,Advertising Expense,Advertising expense (xad) over market value of equity (shrout*abs(prc)),cross_sectional_selection,US_equities_cross_section,Accounting,OpenSourceAP_SignalDoc_official,PREDICTOR,COMPLETE,IMPORTED_NOT_RETESTED,NOT_STARTED,NOT_OPENED,NOT_STARTED,0.0,BLOCKED,Imported definition; original published evidence is not War Room proof.,"Most of the paper is about R&D, AdExp is kinda an afterthought."
OAP_PREDICTOR_AGEIPO,open_source_cross_sectional_asset_pricing,IPO and age,Age is  (current year -  founding year from Jay Ritter's dataset). Exclude if IndIPO == 0.,information_flow_or_positioning,US_equities_cross_section,Event,OpenSourceAP_SignalDoc_official,PREDICTOR,COMPLETE,IMPORTED_NOT_RETESTED,NOT_STARTED,NOT_OPENED,NOT_STARTED,0.0,BLOCKED,Imported definition; original published evidence is not War Room proof.,"Tab IX event study, no t-stat, but the magnitudes are crazy. Table 9, matching firm adjusted returns three year.  We follow MP.  Hand returns use 40 for long port and 5 for short port 36 month return for simplicity.  OP uses 1,500 IPOs total, so this cut would only use about 600 events, which is borderline."
OAP_PREDICTOR_ANALYSTVALUE,open_source_cross_sectional_asset_pricing,Analyst Value,"Value based on a three-stage dividend discount model and analyst forecasts, scaled by market value.  See code for details.",value_capture,US_equities_cross_section,Analyst,OpenSourceAP_SignalDoc_official,PREDICTOR,COMPLETE,IMPORTED_NOT_RETESTED,NOT_STARTED,NOT_OPENED,NOT_STARTED,0.0,BLOCKED,Imported definition; original published evidence is not War Room proof.,"Usually called V_f/P or V_f in OP.  OP finds p-val < 0.01, but spread is only 26 bps and sample is only 15 years long.  Also, p-value comes ""is derived using Monte Carlo simulation.  Specifically, we form empirical reference distributions by randomly assigning eligible firms into quintiles each year.""  Not sure OP's random assignment turned out right, since standard p-values are much higher than theirs for their Book-to-Price portfolios, which should be easy to replicate.  In the end, we judge predictability in OP as likely, since the nonstandard p-value, small return spread, and short sample suggest our test may only be borderline."
OAP_PREDICTOR_AOP,open_source_cross_sectional_asset_pricing,Analyst Optimism,"AnalystValue (defined above) minus IntrinsicValue (defined above), divided by abs(IntrinsicValue).",information_flow_or_positioning,US_equities_cross_section,Analyst,OpenSourceAP_SignalDoc_official,PREDICTOR,COMPLETE,IMPORTED_NOT_RETESTED,NOT_STARTED,NOT_OPENED,NOT_STARTED,0.0,BLOCKED,Imported definition; original published evidence is not War Room proof.,Called OP (optimism) in paper.   See AnalystValue.
OAP_PREDICTOR_BETA,open_source_cross_sectional_asset_pricing,CAPM beta,Coefficient of a 60-month rolling window regression of monthly stock returns minus the riskfree rate on market return minus the risk free rate (ewretd - rf). Exclude if estimate based on less than 20 months of returns.,vulnerability_or_range,US_equities_cross_section,Price,OpenSourceAP_SignalDoc_official,PREDICTOR,COMPLETE,IMPORTED_NOT_RETESTED,NOT_STARTED,NOT_OPENED,NOT_STARTED,0.0,BLOCKED,Imported definition; original published evidence is not War Room proof.,"""and then risk-return regressions of (10) are fit month by month"" on page 617"
OAP_PREDICTOR_BETAFP,open_source_cross_sectional_asset_pricing,Frazzini-Pedersen Beta,"Using daily data, call tempRi the sum of today's return and the past 2 days, call tempRm the sum of today's mkt return and the past 2 days mkt return.  Regress return on tempRi and tempRm using past 5 years of data, with a minimum of 3 years.  BetaFP is the square root of the r square from this regression times the ratio of the idiosyncratic stock vol and the market vol.",vulnerability_or_range,US_equities_cross_section,Price,OpenSourceAP_SignalDoc_official,PREDICTOR,COMPLETE,IMPORTED_NOT_RETESTED,NOT_STARTED,NOT_OPENED,NOT_STARTED,0.0,BLOCKED,Imported definition; original published evidence is not War Room proof.,"Though our signal should be close to the original, our portfolios are not.  The paper shows decile portfolios (table 3) but the factor is actually not constructed from going long and short the extreme deciles. Instead, the factor return is based on a median split on BetaFP, and then weighting within each portfolio by the rank of a stock's BetaFP (higher weight for high rank in above median portfolio, and higher weight for low rank in below median portfolio). They also standardize portfolios to have a beta of 1."
OAP_PREDICTOR_BIDASKSPREAD,open_source_cross_sectional_asset_pricing,Bid-ask spread,Effective bid ask spread based on Corwin-Schulz scaled by stock price.,execution_or_flow,US_equities_cross_section,Trading,OpenSourceAP_SignalDoc_official,PREDICTOR,COMPLETE,IMPORTED_NOT_RETESTED,NOT_STARTED,NOT_OPENED,NOT_STARTED,0.0,BLOCKED,Imported definition; original published evidence is not War Room proof.,"Table 4 looks to be the closest; TZ: Table 2 gives portfolio returns, need to take difference between extreme portfolios ((7) - (1)) but no t-stat.  We use Corwin Schulz spread following MP, but OP uses Fitch's Stock Quotations on the NYSE."
OAP_PREDICTOR_BRANDINVEST,open_source_cross_sectional_asset_pricing,Brand capital investment,"Advertising expenses (xad) divided by BrandCapital. Brand capital is computed by the perpetual inventory method. In the first year, brand capital is advertising expense divided by (.5 + .1). In subsequent years, we let brand capital depreciate with a rate of .5 and add current advertising expenses. Brand capital is scaled by total assets (at). Set to missing if advertising expense is missing.  Drop if 1st digit of sic = 4 or 6, and keep only Dec fiscal year ends.",value_capture,US_equities_cross_section,Accounting,OpenSourceAP_SignalDoc_official,PREDICTOR,COMPLETE,IMPORTED_NOT_RETESTED,NOT_STARTED,NOT_OPENED,NOT_STARTED,0.0,BLOCKED,Imported definition; original published evidence is not War Room proof.,OP's stock weighting is VW with a cap on the max weight for a single stock being 10%.  We do EW for simplicity.
OAP_PREDICTOR_CONSRECOMM,open_source_cross_sectional_asset_pricing,Consensus Recommendation,"Binary variable if the monthly mean of recommendations (ireccd) over analysts is greater than 3, and 0 if it is less or equal than 1.5.",information_flow_or_positioning,US_equities_cross_section,Analyst,OpenSourceAP_SignalDoc_official,PREDICTOR,COMPLETE,IMPORTED_NOT_RETESTED,NOT_STARTED,NOT_OPENED,NOT_STARTED,0.0,BLOCKED,Imported definition; original published evidence is not War Room proof.,"Main results use daily rebalancing, so we use Table 6C . Portfolio defs are in Tab IV caption.  Our data only begins in 1993, so it's impossible for us to replicate their results (their sample is 1986-1996).  However, we get similar results to theirs for the 1993-2003 sample."
OAP_PREDICTOR_COSKEWNESS,open_source_cross_sectional_asset_pricing,Coskewness,"Signal is the sample counterpart of $E[\tilde{r}_{it} \tilde{r}_{mt}^2]/( SD[\tilde{r}_{it} ] SD[\tilde{r}_{mt}]^2$ where $\tilde{r}_{it}$ is the de-meaned stock excess return and $\tilde{r}_{mt}$ is the de-meaned market excess return.  Signal is computed using the past 60 months of monthly data, and using the NYSE/AMEX CRSP VW index for the market (msic).  See code for details.",vulnerability_or_range,US_equities_cross_section,Price,OpenSourceAP_SignalDoc_official,PREDICTOR,COMPLETE,IMPORTED_NOT_RETESTED,NOT_STARTED,NOT_OPENED,NOT_STARTED,0.0,BLOCKED,Imported definition; original published evidence is not War Room proof.,"The text reports 3.60 percent annual hedge return and p value < 0.05 (page 1278), but no table or further details.  OP states CAPM residuals are used, but we find we replicate OP very closely using simple de-meaning, which follow ACX.  ACX report private conversations with Harvey about replicating Coskewness in their paper."
OAP_PREDICTOR_DEBTISSUANCE,open_source_cross_sectional_asset_pricing,Debt Issuance,Equal to 1 if debt issuance (dltis) greater 0 and 0 otherwise. Exclude if share code > 11 or missing book-to-market.,cross_sectional_selection,US_equities_cross_section,Accounting,OpenSourceAP_SignalDoc_official,PREDICTOR,COMPLETE,IMPORTED_NOT_RETESTED,NOT_STARTED,NOT_OPENED,NOT_STARTED,0.0,BLOCKED,Imported definition; original published evidence is not War Room proof.,"OP uses ""Investment Dealers' Digest Directory of Corporate Financing"" but we use Compustat."
OAP_PREDICTOR_DELDRC,open_source_cross_sectional_asset_pricing,Deferred Revenue,"Annual change in deferred revenue (drc) scaled by average total assets (at) in t-1 and t. Exclude if negative book equity (ceq), deferred revenue equal to 0 in both years, revenue less than 5m, or SIC code between 6000 and 6999.",value_capture,US_equities_cross_section,Accounting,OpenSourceAP_SignalDoc_official,PREDICTOR,COMPLETE,IMPORTED_NOT_RETESTED,NOT_STARTED,NOT_OPENED,NOT_STARTED,0.0,BLOCKED,Imported definition; original published evidence is not War Room proof.,"OP shows only cross-sectional regressions, and the sample is very small (5 years). Table 7 has return forecasting regressiosn but no hedge returns. Other tables examine analyst forecast errors."
OAP_PREDICTOR_DOWNRECOMM,open_source_cross_sectional_asset_pricing,Down forecast EPS,"Keep fpi = 1.  Binary variable equal to 1 if mean analyst earnings forecast for the next quarter (meanest) has improved over the previous month, and 0 otherwise.",value_capture,US_equities_cross_section,Analyst,OpenSourceAP_SignalDoc_official,PREDICTOR,COMPLETE,IMPORTED_NOT_RETESTED,NOT_STARTED,NOT_OPENED,NOT_STARTED,0.0,BLOCKED,Imported definition; original published evidence is not War Room proof.,"We follow MP and measure changes in earnings forecasts, while OP studies changes in recommendation."
OAP_PREDICTOR_FIRMAGE,open_source_cross_sectional_asset_pricing,Firm age based on CRSP,Months since start of CRSP coverage.,cross_sectional_selection,US_equities_cross_section,Other,OpenSourceAP_SignalDoc_official,PREDICTOR,COMPLETE,IMPORTED_NOT_RETESTED,NOT_STARTED,NOT_OPENED,NOT_STARTED,0.0,BLOCKED,Imported definition; original published evidence is not War Room proof.,OP uses special NYSE archive data that we lack.
OAP_PREDICTOR_FR,open_source_cross_sectional_asset_pricing,Pension Funding Status,"FR = (FVPA - PBO), scaled by market value of equity. FVPA is pbnaa from 1980 to 1986, pplao + pplao from 1987 to 1997, and pplao after 1997. PBO is pbnvv from 1980 to 1986, pbpro + pbpru from 1987 to 1997, and pbpro after 1997. Exclude if price less than 5 or  shrcd > 11.",cross_sectional_selection,US_equities_cross_section,Accounting,OpenSourceAP_SignalDoc_official,PREDICTOR,COMPLETE,IMPORTED_NOT_RETESTED,NOT_STARTED,NOT_OPENED,NOT_STARTED,0.0,BLOCKED,Imported definition; original published evidence is not War Room proof.,"Table 2 has port sorts but no LS t-stat.  Returns are non monotonic, but lowest FR seems to have clearly worst performance, EW or VW.  Table 3 has longer holding periods, and the pattern is more robust, but still no LS.  OP focuses on negative FR for technical reasons that we don't worry about.  VW is very weak, so we focus on EW."
OAP_PREDICTOR_GRLTNOA,open_source_cross_sectional_asset_pricing,Growth in long term operating assets,"Annual growth in net operating assets, minus accruals. Net operating assets are (rect + invt + ppent + aco + intan + ao- ap- lco- lo) / at. Accruals are ( rect-l12.rect + invt - l12.invt + aco - l12.aco - (ap - l12.ap + lco - l12.lco) - dp ) / ((at + l12.at)/2)",value_capture,US_equities_cross_section,Accounting,OpenSourceAP_SignalDoc_official,PREDICTOR,COMPLETE,IMPORTED_NOT_RETESTED,NOT_STARTED,NOT_OPENED,NOT_STARTED,0.0,BLOCKED,Imported definition; original published evidence is not War Room proof.,"Long port has t=3.2 by itself, so it's a judgment call."
OAP_PREDICTOR_GRSALETOGRINV,open_source_cross_sectional_asset_pricing,Sales growth over inventory growth,"Percentage growth in sales (sale) relative to average sales of t-1 and t-2, minus percentage growth in inventory (invt) relative to average inventory of t-1 and t-2. Both growth terms are calculated relative to t-1 only if t-2 is missing.",cross_sectional_selection,US_equities_cross_section,Accounting,OpenSourceAP_SignalDoc_official,PREDICTOR,COMPLETE,IMPORTED_NOT_RETESTED,NOT_STARTED,NOT_OPENED,NOT_STARTED,0.0,BLOCKED,Imported definition; original published evidence is not War Room proof.,
OAP_PREDICTOR_GRSALETOGROVERHEAD,open_source_cross_sectional_asset_pricing,Sales growth over overhead growth,"GrSaleToGrOverHead = Percentage growth in sales (sale) relative to average sales of t-1 and t-2, minus percentage growth in administrative expenses (xsga) relative to average administrative expenses of t-1 and t-2. Both growth terms are calculated relative to t-1 only if t-2 is missing.",cross_sectional_selection,US_equities_cross_section,Accounting,OpenSourceAP_SignalDoc_official,PREDICTOR,COMPLETE,IMPORTED_NOT_RETESTED,NOT_STARTED,NOT_OPENED,NOT_STARTED,0.0,BLOCKED,Imported definition; original published evidence is not War Room proof.,"In our code, returns are only monotonic in quintiles 1-4, then they drop a lot in 5, perhaps consistent with OP's mv rank regressions.  In older versionsn we removed the 5th quintile, but now we keep it all in since OP did not hint at the nonmonotonicity."
OAP_PREDICTOR_HERFASSET,open_source_cross_sectional_asset_pricing,Industry concentration (assets),"Three-year rolling average of the three digit industry Herfindahl index based on firm assets (at). Exclude regulated industries (4011, 4210, 4213 & year $\leq$ 1980; 4512 & year $\leq$ 1978, 4812, 4813 & year $\leq$ 1982, 4900-4999 in any year)",cross_sectional_selection,US_equities_cross_section,Other,OpenSourceAP_SignalDoc_official,PREDICTOR,COMPLETE,IMPORTED_NOT_RETESTED,NOT_STARTED,NOT_OPENED,NOT_STARTED,0.0,BLOCKED,Imported definition; original published evidence is not War Room proof.,"OP uses characteristic adjustments and gets a t-stat of 2.12 and 20 bps per month.  Not sure if raw return would exceed 1.96,"
OAP_PREDICTOR_HIGH52,open_source_cross_sectional_asset_pricing,52 week high,Price (prc/cfacshr) divided by the maximum price over the previous 12 months.,direction,US_equities_cross_section,Price,OpenSourceAP_SignalDoc_official,PREDICTOR,COMPLETE,IMPORTED_NOT_RETESTED,NOT_STARTED,NOT_OPENED,NOT_STARTED,0.0,BLOCKED,Imported definition; original published evidence is not War Room proof.,"Table 1 shows t=2.00 in LS.  Tab 2 shows sign depends entirely on January or non-January, and t-stats are huge in each subsample.  Should work really well VW, not sure why they don't do this.  Also works with price filter."
OAP_PREDICTOR_IO_SHORTINTEREST,open_source_cross_sectional_asset_pricing,Inst own among high short interest,Exclude all stocks with short interest (ShortInterest) below 99th percentile. IO\_ShortInterest is institutional ownership (instown\_perc).  Keep NYSE Only.,execution_or_flow,US_equities_cross_section,13F,OpenSourceAP_SignalDoc_official,PREDICTOR,COMPLETE,IMPORTED_NOT_RETESTED,NOT_STARTED,NOT_OPENED,NOT_STARTED,0.0,BLOCKED,Imported definition; original published evidence is not War Room proof.,"Table 5 does not have long short returns in IO variable but shows returns for each tercile conditional on short interest. Subjectively large difference between lowest and highest IO terciles in alphas for EW returns, but the standard error can be large"
OAP_PREDICTOR_MOMOFFSEASON11YRPLUS,open_source_cross_sectional_asset_pricing,Off season reversal years 11 to 15,Average return in other months over the preceding 11-15 years.,direction,US_equities_cross_section,Price,OpenSourceAP_SignalDoc_official,PREDICTOR,COMPLETE,IMPORTED_NOT_RETESTED,NOT_STARTED,NOT_OPENED,NOT_STARTED,0.0,BLOCKED,Imported definition; original published evidence is not War Room proof.,"Considering the robustness of this signal, this ""small"" t-stat may be a fluke, and a Bayes-Stein or other multiple testing adjustment could actually increase the t-stat magnitude. But of course calling this a likely predictor is a judgment call."
OAP_PREDICTOR_MRREVERSAL,open_source_cross_sectional_asset_pricing,Medium-run reversal,Stock return between months t-18 and t-13.,direction,US_equities_cross_section,Price,OpenSourceAP_SignalDoc_official,PREDICTOR,COMPLETE,IMPORTED_NOT_RETESTED,NOT_STARTED,NOT_OPENED,NOT_STARTED,0.0,BLOCKED,Imported definition; original published evidence is not War Room proof.,"We include this to nest MP.  Figure 2, two-year line is closest. Table I only shows LRreversal.  MP cite Jegadeesh and Titman 1993 JF but it's found in De Bondt and Thaler 1985 (or something close to it anyway),"
OAP_PREDICTOR_NUMEARNINCREASE,open_source_cross_sectional_asset_pricing,Earnings streak length,"Number if consecutive 4-quarter increases in ibq, up to 8.",value_capture,US_equities_cross_section,Accounting,OpenSourceAP_SignalDoc_official,PREDICTOR,COMPLETE,IMPORTED_NOT_RETESTED,NOT_STARTED,NOT_OPENED,NOT_STARTED,0.0,BLOCKED,Imported definition; original published evidence is not War Room proof.,"This signal isn't exactly found in Loh and Warachka, but table 4 suggests that this would predict returns.  GHZ have this signal and cite Barth, Elliott and Finn 1999, but Barth et al do not study predictability according to Loh and Warachka.  I (Andrew) couldn't locate Barth et al online during the pandemic, but the abstract of Barth et al is consistent with Loh and Warachka's interpretation."
OAP_PREDICTOR_OPERPROF,open_source_cross_sectional_asset_pricing,operating profits / book equity,"Revenue (revt) minus cost (cogs) - administrative expenses (xsga) - interest expenses (xint), scaled by book value of equity (ceq). Exclude smallest size tercile.",value_capture,US_equities_cross_section,Accounting,OpenSourceAP_SignalDoc_official,PREDICTOR,COMPLETE,IMPORTED_NOT_RETESTED,NOT_STARTED,NOT_OPENED,NOT_STARTED,0.0,BLOCKED,Imported definition; original published evidence is not War Room proof.,
OAP_PREDICTOR_OPERPROFRD,open_source_cross_sectional_asset_pricing,Operating profitability R&D adjusted,"Revenue (revt) minus cost (cogs) - (administrative expenses (xsga) - R&D expenses (xrd)), all divided by total assets (at) in year t. Replace all variables in the numerator with 0 if they are missing. Exclude if share code is greater 11, market value of equity, BM or total assets are missing, or if SIC code between 6000 and 6999.",value_capture,US_equities_cross_section,Accounting,OpenSourceAP_SignalDoc_official,PREDICTOR,COMPLETE,IMPORTED_NOT_RETESTED,NOT_STARTED,NOT_OPENED,NOT_STARTED,0.0,BLOCKED,Imported definition; original published evidence is not War Room proof.,"This is operating prof with an R&D adjustment.  Strong in FM reg with controls, but insignificant in VW port sorts (Tab 4). OP states they lag denominator, but 2015 JFE does not lag, no clear motivation to lag, and our replications much closer to OP without lag."
OAP_PREDICTOR_OPTIONVOLUME2,open_source_cross_sectional_asset_pricing,Option volume to average,Based off of OptionVolume1.  OptionVolume2 = OptionVolume1 / average of OptionVolume1 from months t-6 to t-1.,execution_or_flow,US_equities_cross_section,Options,OpenSourceAP_SignalDoc_official,PREDICTOR,COMPLETE,IMPORTED_NOT_RETESTED,NOT_STARTED,NOT_OPENED,NOT_STARTED,0.0,BLOCKED,Imported definition; original published evidence is not War Room proof.,"OP is actually weekly, and sorts in deciles, then  longs 9+10 and shorts 1+2"
OAP_PREDICTOR_PREDICTEDFE,open_source_cross_sectional_asset_pricing,Predicted Analyst forecast error,"The fitted value from cross-sectional regressions of analyst earnings' forecast errors on cross-sectional rankings of 5-year sales growth, book-to-market, AOP, and analyst long term growth.  See code for details.",value_capture,US_equities_cross_section,Accounting,OpenSourceAP_SignalDoc_official,PREDICTOR,COMPLETE,IMPORTED_NOT_RETESTED,NOT_STARTED,NOT_OPENED,NOT_STARTED,0.0,BLOCKED,Imported definition; original published evidence is not War Room proof.,"Called PErr in OP.  Very difficult to understand what OP is doing, so we report something close in spirit which produced a consistent port sort (albeit statisticallly insignficiant).  See also AnalystValue."
OAP_PREDICTOR_PRICEDELAYSLOPE,open_source_cross_sectional_asset_pricing,Price delay coeff,"Each July regress daily stock return (ret) on market return (mktrf) in $t, t-1, \ldots, t-4$ with observations over the previous year. Define PriceDelaySlope as the ratio of ]1*beta on mktrf$_t-1$ + 2*beta on mktrf$_t-2$ + 3*beta on mktrf$_t-3$ + 4*beta on mktrf$_t-4$], and [beta on mktrf$_t$ + beta on mktrf$_t-1$ + beta on mktrf$_t-2$ + beta on mktrf$_t-3$ + beta on mktrf$_t-4$].",cross_sectional_selection,US_equities_cross_section,Price,OpenSourceAP_SignalDoc_official,PREDICTOR,COMPLETE,IMPORTED_NOT_RETESTED,NOT_STARTED,NOT_OPENED,NOT_STARTED,0.0,BLOCKED,Imported definition; original published evidence is not War Room proof.,"see PriceDelayRsq.  Called D2 in paper.  Related statistics shown in Table 2, but not our daily version.  Table 2 shows daily vs two-stage weekly makes a huge difference."
OAP_PREDICTOR_PRICEDELAYTSTAT,open_source_cross_sectional_asset_pricing,Price delay SE adjusted,"Each July regress daily stock return (ret) on market return (mktrf) in $t, t-1, \ldots, t-4$ using observations from July 1 of the previous year to June 30 of the current year.  Trim the highest and lowest 1% of estimated coefficients, standard errors, and t-stats. Define PriceDelayTstat as the ratio of [1*tstat on mktrf$_t-1$ + 2*tstat on mktrf$_t-2$ + 3*tstat on mktrf$_t-3$ + 4*tstat on mktrf$_t-4$], and [tstat on mktrf$_t$ + tstat on mktrf$_t-1$ + tstat on mktrf$_t-2$ + tstat on mktrf$_t-3$ + tstat on mktrf$_t-4$].   Finally winsor the extreme 10 and 90 percentiles each month.",cross_sectional_selection,US_equities_cross_section,Price,OpenSourceAP_SignalDoc_official,PREDICTOR,COMPLETE,IMPORTED_NOT_RETESTED,NOT_STARTED,NOT_OPENED,NOT_STARTED,0.0,BLOCKED,Imported definition; original published evidence is not War Room proof.,"see PriceDelayRsq.  Called D3 in paper.  Related statistics shown in Table 2, but not our daily version. Table 2 shows daily vs two-stage weekly makes a huge difference."
OAP_PREDICTOR_PROBINFORMEDTRADING,open_source_cross_sectional_asset_pricing,Probability of Informed Trading,"Download parameter estimates from the archived version of Hvidkjaers website (https://web.archive.org/web/20110219024112/http://sites.google.com/site/hvidkjaer/data/data-files/pin1983-2001.zip?attredirects=0), and the page for Duarte, Hu, Young, JFE 2020 https://edwinhu.github.io/pin/ and apply Easley et al's Equation 5. Use Hvidkjaers data when available, otherwise use Duarte et al. Use Year t PIN estimates to forecast returns throughout Year t+1",execution_or_flow,US_equities_cross_section,Trading,OpenSourceAP_SignalDoc_official,PREDICTOR,COMPLETE,IMPORTED_NOT_RETESTED,NOT_STARTED,NOT_OPENED,NOT_STARTED,0.0,BLOCKED,Imported definition; original published evidence is not War Room proof.,"Table 3 has double sorts with size but no t-stats.  Sign of predictability depends on size, only increases for bottom 3 size quintiles.  Table 6 has mv reg, t=2.5 controlling for size, but size has t-stat of 2.8."
OAP_PREDICTOR_REALESTATE,open_source_cross_sectional_asset_pricing,Real estate holdings,"Industry-adjusted value of real estate holdings. Real estate holdings are (fatb+fatl)/ppegt if available, and (ppenb+ppenl)/ppent otherwise.  Drop firms in 2 digit sics with < 5 firm or missing at or missing both ppent and ppegt. Subtract monthly industry-mean at the 2 digit SIC level.",cross_sectional_selection,US_equities_cross_section,Accounting,OpenSourceAP_SignalDoc_official,PREDICTOR,COMPLETE,IMPORTED_NOT_RETESTED,NOT_STARTED,NOT_OPENED,NOT_STARTED,0.0,BLOCKED,Imported definition; original published evidence is not War Room proof.,OP finds smaller t-stat = 1.3 EW.  OP is mainly theory.  Does not describe data handling super closely
OAP_PREDICTOR_ROE,open_source_cross_sectional_asset_pricing,net income / book equity,Net income (ni) over book value of equity (ceq). Exclude if price less than 5.,value_capture,US_equities_cross_section,Accounting,OpenSourceAP_SignalDoc_official,PREDICTOR,COMPLETE,IMPORTED_NOT_RETESTED,NOT_STARTED,NOT_OPENED,NOT_STARTED,0.0,BLOCKED,Imported definition; original published evidence is not War Room proof.,OP reports mean regression coeff across 90 multiple regressions.
OAP_PREDICTOR_SHAREREPURCHASE,open_source_cross_sectional_asset_pricing,Share repurchases,"Binary variable equal to 1 if stock repurchase indicated in cash flow statement (prstkc > 0), and 0 if prstkc = 0.",cross_sectional_selection,US_equities_cross_section,Accounting,OpenSourceAP_SignalDoc_official,PREDICTOR,COMPLETE,IMPORTED_NOT_RETESTED,NOT_STARTED,NOT_OPENED,NOT_STARTED,0.0,BLOCKED,Imported definition; original published evidence is not War Room proof.,
OAP_PREDICTOR_SHORTINTEREST,open_source_cross_sectional_asset_pricing,Short Interest,Short-interest from Compustat (shortint) scaled by shares outstanding (shrout). Short-interest data are available bi-weekly with a four day lag. We use the mid-month observation to make sure data would be available in real time.,execution_or_flow,US_equities_cross_section,Trading,OpenSourceAP_SignalDoc_official,PREDICTOR,COMPLETE,IMPORTED_NOT_RETESTED,NOT_STARTED,NOT_OPENED,NOT_STARTED,0.0,BLOCKED,Imported definition; original published evidence is not War Room proof.,"Table 1, Panel A has a low- and high- short abnormal return from pooled observations (not calendar time).  Standard errors are shown by group and range from 0.8 to 3.7 percent.  Hard to say since it's so far from our calendar time ports.  Most of the paper is about the correlation between short interest and valuations ratios.  Strange case where OP does not invesigate predictability much, but predictability is very strong."
OAP_PREDICTOR_SINALGO,open_source_cross_sectional_asset_pricing,Sin Stock (selection criteria),"Using Compustat Segment data, sinAlgo is defined as a binary variable equal to 1 if at least one segment of a firm is listed as being in at least one of the following industries: sic $\geq$ 2100 & sic $\leq$ 2199, sic $\geq$2080 & sic $\leq$ 2085, NAICS in \{7132, 71312, 713210, 71329, 713290, 72112, 721120\}. As in the original paper, we assume that the sin stock indicator applies to the entire history and future of the identified firm. sinAlgo is equal to 0 if the firm is not identified in the CS Segment data as a sin stock and if the firm is in one of the following industries: (sic $\geq$ 2000 & sic $\leq$ 2046) OR (sic $\geq$ 2050 & sic $\leq$ 2063) OR (sic $\geq$ 2070 & sic $\leq$ 2079) OR (sic $\geq$ 2090 & sic $\leq$ 2092) OR (sic $\geq$ 2095 & sic $\leq$ 2099) OR (sic $\geq$ 2064 & sic $\leq$ 2068) OR (sic $\geq$ 2086 & sic $\leq$ 2087) OR (sic $\geq$  920 & sic $\leq$  999) OR (sic $\geq$ 3650 & sic $\leq$ 3652) OR sic == 3732 OR  (sic $\geq$ 3931 & sic $\leq$ 3932) OR (sic $\geq$ 3940 & sic $\leq$ 3949) OR  (sic $\geq$ 7800 & sic $\leq$ 7833) OR (sic $\geq$ 7840 & sic $\leq$ 7841) OR (sic $\geq$ 7900 & sic $\leq$ 7911) OR (sic $\geq$ 7920 & sic $\leq$ 7933) OR (sic $\geq$ 7940 & sic $\leq$ 7949) OR sic $==$ 7980 OR (sic $\geq$ 7990 & sic $\leq$ 7999)",cross_sectional_selection,US_equities_cross_section,Other,OpenSourceAP_SignalDoc_official,PREDICTOR,COMPLETE,IMPORTED_NOT_RETESTED,NOT_STARTED,NOT_OPENED,NOT_STARTED,0.0,BLOCKED,Imported definition; original published evidence is not War Room proof.,"Follows OP and uses Compustat segment data plus naics codes. SinAlgo is equal to 0 for ""comparable stocks"" (FF48 groups 2, 3, 7 and 43) "
OAP_PREDICTOR_SKEW1,open_source_cross_sectional_asset_pricing,Volatility smirk near the money,"Using OptionMetrics data, among options with duration between 10 and 60 days, implied volatility of put option with moneyness closest to but above 1 minus implied volatility of call option with moneyness closest to but below 1.  Keep only volume > 0, implied vol between 0.03 and 2.0, price > 0.125, open interest > 0.",vulnerability_or_range,US_equities_cross_section,Options,OpenSourceAP_SignalDoc_official,PREDICTOR,COMPLETE,IMPORTED_NOT_RETESTED,NOT_STARTED,NOT_OPENED,NOT_STARTED,0.0,BLOCKED,Imported definition; original published evidence is not War Room proof.,Tab3A shows weekly ret LS t-stat of 2.19.  Screens in appendix are important.
OAP_PREDICTOR_SP,open_source_cross_sectional_asset_pricing,Sales-to-price,Ratio of annual sales (sale) to market value of equity.,value_capture,US_equities_cross_section,Accounting,OpenSourceAP_SignalDoc_official,PREDICTOR,COMPLETE,IMPORTED_NOT_RETESTED,NOT_STARTED,NOT_OPENED,NOT_STARTED,0.0,BLOCKED,Imported definition; original published evidence is not War Room proof.,
OAP_PREDICTOR_SPINOFF,open_source_cross_sectional_asset_pricing,Spinoffs,Spinoffs are identified as all observations in the CRSP acquisition file with valid acperm entry. Spinoff is a binary variable equal to 1 if a firm is identified in the CRSP Acquisition data and if it has at most two years of history in the CRSP stock return data. Spinoff is equal to 0 otherwise.,information_flow_or_positioning,US_equities_cross_section,Event,OpenSourceAP_SignalDoc_official,PREDICTOR,COMPLETE,IMPORTED_NOT_RETESTED,NOT_STARTED,NOT_OPENED,NOT_STARTED,0.0,BLOCKED,Imported definition; original published evidence is not War Room proof.,"OP uses CCH Capital Changes Reporter, but we use CRSP acquisition file.  More importantly OP excludes about 75% of spinoffs because they are not ""pure"" spinoffs, but we do not in order to keep a reasonable amount of stocks.  Tab 3B event study uses matched-firm-adjusted returns and holds for 2 years, for only 140 spinoffs.  Predictability is a judgment call, but if VW gets a t-stat of 2.43, it seems it should have a 50/50 shot."
OAP_PREDICTOR_UPRECOMM,open_source_cross_sectional_asset_pricing,Up Forecast,Keep fpi = 1.  Binary variable equal to 1 if mean earnings forecast (meanest) decreased over the past month.,value_capture,US_equities_cross_section,Analyst,OpenSourceAP_SignalDoc_official,PREDICTOR,COMPLETE,IMPORTED_NOT_RETESTED,NOT_STARTED,NOT_OPENED,NOT_STARTED,0.0,BLOCKED,Imported definition; original published evidence is not War Room proof.,"We follow MP and measure changes in earnings forecasts, while OP studies changes in recommendation."
OAP_PREDICTOR_VARCF,open_source_cross_sectional_asset_pricing,Cash-flow  to price variance,Rolling variance of (ib+dp)/mve\_c over the past 60 months (minimum 24 months data required).,vulnerability_or_range,US_equities_cross_section,Accounting,OpenSourceAP_SignalDoc_official,PREDICTOR,COMPLETE,IMPORTED_NOT_RETESTED,NOT_STARTED,NOT_OPENED,NOT_STARTED,0.0,BLOCKED,Imported definition; original published evidence is not War Room proof.,"OP reports mean regression coeff across 90 multiple regressions.  OP shows a minus sign in Tab 1, but we find monotonic returns with a plus sign, and the plus sign is consistent with traditional theory."
OAP_PREDICTOR_VOLMKT,open_source_cross_sectional_asset_pricing,Volume to market equity,"Average monthly dollar trading volume (vol*abs(prc)) over the previous 12 months, scaled by market value of equity. Exclude if price less than 5.",execution_or_flow,US_equities_cross_section,Trading,OpenSourceAP_SignalDoc_official,PREDICTOR,COMPLETE,IMPORTED_NOT_RETESTED,NOT_STARTED,NOT_OPENED,NOT_STARTED,0.0,BLOCKED,Imported definition; original published evidence is not War Room proof.,OP reports mean regression coeff across 90 multiple regressions.
OAP_PREDICTOR_VOLUMETREND,open_source_cross_sectional_asset_pricing,Volume Trend,Rolling coefficient from regressing monthly trading volume on a linear time trend over a window of 60 months (require that at least 30 exist). Scale coefficient by 60-month average of trading volume.,execution_or_flow,US_equities_cross_section,Trading,OpenSourceAP_SignalDoc_official,PREDICTOR,COMPLETE,IMPORTED_NOT_RETESTED,NOT_STARTED,NOT_OPENED,NOT_STARTED,0.0,BLOCKED,Imported definition; original published evidence is not War Room proof.,OP reports mean regression coeff across 90 multiple regressions.
OAP_PLACEBO_BETABDLEVERAGE,open_source_cross_sectional_asset_pricing,Broker-Dealer Leverage Beta,Regress quarterly stock return minus 3 month treasury bill rate (tbillrate3m) on broker dealer leverage. Use a rolling window of 40 quarters (require at least 20 non-missing observations). BetaBDLeverage is the coefficient on broker-dealer leverage. Broker-dealer leverage is the seasonally adjusted ratio of assets (FRED series BOGZ1FL664090005Q) and liabilities (FRED series BOGZ1FL664190005Q).,execution_or_flow,US_equities_cross_section,Trading,OpenSourceAP_SignalDoc_official,PLACEBO,COMPLETE,IMPORTED_NOT_RETESTED,NOT_STARTED,NOT_OPENED,NOT_STARTED,0.0,BLOCKED,Imported definition; original published evidence is not War Room proof.,"Strangely, the vol of our LS port is about 30% smaller than OP.  Also our returns are about 30% higher.  As a result, our t-stat is almost twice as large."
OAP_PLACEBO_BETASQUARED,open_source_cross_sectional_asset_pricing,CAPM beta squred,Square of Beta (defined above).,vulnerability_or_range,US_equities_cross_section,Price,OpenSourceAP_SignalDoc_official,PLACEBO,COMPLETE,IMPORTED_NOT_RETESTED,NOT_STARTED,NOT_OPENED,NOT_STARTED,0.0,BLOCKED,Imported definition; original published evidence is not War Room proof.,
OAP_PLACEBO_BIDASKTAQ,open_source_cross_sectional_asset_pricing,Bid-ask spread (TAQ),TAQ-based trading costs estimates (SAS code).,execution_or_flow,US_equities_cross_section,Trading,OpenSourceAP_SignalDoc_official,PLACEBO,COMPLETE,IMPORTED_NOT_RETESTED,NOT_STARTED,NOT_OPENED,NOT_STARTED,0.0,BLOCKED,Imported definition; original published evidence is not War Room proof.,"Insignificant with IVOL in mv reg.  Could maybe be significant without IVOL, so it's a judgement call."
OAP_PLACEBO_DELAYACCT,open_source_cross_sectional_asset_pricing,Accounting component of price delay,"Monthly cross-sectional regression of PriceDelay on AccrualQuality, special items (si) scaled by average total assets (at) and earnings surprise (meanest - actual) scaled by its cross-sectional standard deviation. DelayAcct is the predicted value from that regression.",cross_sectional_selection,US_equities_cross_section,Accounting,OpenSourceAP_SignalDoc_official,PLACEBO,COMPLETE,IMPORTED_NOT_RETESTED,NOT_STARTED,NOT_OPENED,NOT_STARTED,0.0,BLOCKED,Imported definition; original published evidence is not War Room proof.,Tab 7b double sorts on the two delay components and generally finds insignificant LS ports.  We record the middle values for the first sort.  Variable is listed by HLZ
OAP_PLACEBO_DELAYNONACCT,open_source_cross_sectional_asset_pricing,Non-accounting component of price delay,"Monthly cross-sectional regression of PriceDelay on AccrualQuality, special items (si) scaled by average total assets (at) and earnings surprise (meanest - actual) scaled by its cross-sectional standard deviation. DelayNonAcct is the residual  from that regression.",cross_sectional_selection,US_equities_cross_section,Accounting,OpenSourceAP_SignalDoc_official,PLACEBO,COMPLETE,IMPORTED_NOT_RETESTED,NOT_STARTED,NOT_OPENED,NOT_STARTED,0.0,BLOCKED,Imported definition; original published evidence is not War Room proof.,Tab 7b double sorts on the two delay components and generally finds insignificant LS ports.  We record the middle values for the first sort.  Variable is listed by HLZ
OAP_PLACEBO_DELSTI,open_source_cross_sectional_asset_pricing,Change in short-term investment,Difference of the current and one-year lagged short-term investments (ivst) scaled by the mean of current and one-year lagged total assets (at).,value_capture,US_equities_cross_section,Accounting,OpenSourceAP_SignalDoc_official,PLACEBO,COMPLETE,IMPORTED_NOT_RETESTED,NOT_STARTED,NOT_OPENED,NOT_STARTED,0.0,BLOCKED,Imported definition; original published evidence is not War Room proof.,
OAP_PLACEBO_DOWNSIDEBETA,open_source_cross_sectional_asset_pricing,Downside beta,Beta of Daily stock return (ret - rf) regressed on market return (mktrf) for days for which the market return was less than the average market return over the previous year. Rolling window of 252 trading days with at least 50 observations.,vulnerability_or_range,US_equities_cross_section,Price,OpenSourceAP_SignalDoc_official,PLACEBO,COMPLETE,IMPORTED_NOT_RETESTED,NOT_STARTED,NOT_OPENED,NOT_STARTED,0.0,BLOCKED,Imported definition; original published evidence is not War Room proof.,Tables 1-7 show only realized beta-.  Only on Table 8 do you see past beta- which is insignificant.
OAP_PLACEBO_FAILUREPROBABILITY,open_source_cross_sectional_asset_pricing,Failure probability,"Failure probability is -9.16 -.058*PRICE + .075*MB - 2.13*CASHMTA -.045*RSIZE + 1.41*IdioRisk - 7.13*EXRETAVG + 1.42*TLMTA - 20.26*NIMTAAVG. PRICE is log(min(abs(prc), 15)); MB is shrout*abs(prc)/ceqq; CASHMTA is cheq/(shrout*abs(prc) + ltq); RSIZE is log(shrout*abs(prc)/ sum of shrout*abs(prc) for the largest 500 companies each month); IdioRisk is defined above, EXRETAVG is the weighted average excess return (log(1 + ret) - log(1 + mktrf)) over the previous 12 months, with weight on month t-j being $\phi^j$ and the sum scaled by $\frac{1-\phi}{1-\phi^{12}}$; TLMTA is total liabilities (ltq/(shrout*abs(prc)); NIMTAAVG is a weighted average of net income over total assets (ibq/(shrout*abs(prc) + ltq)) over four quarters, with weight $\phi^q$ on quarter $t-q$ and the sum scaled by $\frac{1-\phi^3}{1-\phi^{12}}$. $\phi = 2^{-\frac{1}{3}}$. All input variables are winsorized at the 5th and 95th percentile. Exclude if price less than 1.",vulnerability_or_range,US_equities_cross_section,Accounting,OpenSourceAP_SignalDoc_official,PLACEBO,COMPLETE,IMPORTED_NOT_RETESTED,NOT_STARTED,NOT_OPENED,NOT_STARTED,0.0,BLOCKED,Imported definition; original published evidence is not War Room proof.,"Though OP LS is insignificant, returns are mostly monotonic. OP's goal is not to show this is a predictor, but that it does not explain other predictors."
OAP_PLACEBO_FORECASTDISPERSIONLT,open_source_cross_sectional_asset_pricing,Long-term forecast dispersion,Standard deviation of earnings estimates (stdev\_est) scaled by mean earnings estimate.  Keep if ME is in the top 500 for the month to approximate S&P 500.,vulnerability_or_range,US_equities_cross_section,Analyst,OpenSourceAP_SignalDoc_official,PLACEBO,COMPLETE,IMPORTED_NOT_RETESTED,NOT_STARTED,NOT_OPENED,NOT_STARTED,0.0,BLOCKED,Imported definition; original published evidence is not War Room proof.,"OP's focus is on pricing other assets, not the premium on this portfolio.  We did not study this super in depth."
OAP_PLACEBO_KZ,open_source_cross_sectional_asset_pricing,Kaplan Zingales index,-1.002* (net income (ni) + depreciation (dp))/total assets (at) + .283*(total assets (at) + market value of equity - book value of equity (ceq) - deferred taxes (txdi))/total assets (at) + 3.319*(debt in current liabilities (dlc) + long-term debt (dltt))/(debt in current liabilities + long-term debt + book value of equity) - 39.368*(Dividends (divamt)/total assets) - 1.315*(cash and short-term investments (che)/total assets). Replace txdi and divamt with 0 if missing.,cross_sectional_selection,US_equities_cross_section,Accounting,OpenSourceAP_SignalDoc_official,PLACEBO,COMPLETE,IMPORTED_NOT_RETESTED,NOT_STARTED,NOT_OPENED,NOT_STARTED,0.0,BLOCKED,Imported definition; original published evidence is not War Room proof.,Most of the paper is about covariance analysis.  OP does VW with 3x3 FF3 style even though EW gets huge t-stats.  We just do VW.  Called FC in paper.  Table 5 has factor returns.
OAP_PLACEBO_RD_SALE,open_source_cross_sectional_asset_pricing,R&D to sales,One year lagged R&D (xrd) divided by one year lagged sales (sale).,value_capture,US_equities_cross_section,Accounting,OpenSourceAP_SignalDoc_official,PLACEBO,COMPLETE,IMPORTED_NOT_RETESTED,NOT_STARTED,NOT_OPENED,NOT_STARTED,0.0,BLOCKED,Imported definition; original published evidence is not War Room proof.,"No t-stat in Tab 3, but authors say ""there is little if any relation between R&D relative to sales and future returns.""   Pattern is non monotinic, mostly increasing, but drops in port 5, so we have a negative sign"
OAP_PLACEBO_ROIC,open_source_cross_sectional_asset_pricing,Return on invested capital,"EBIT (ebit) minus non-operating income (nopi) divided by the sum of equity (ceq), liabilities (lt) and cash (che).",value_capture,US_equities_cross_section,Accounting,OpenSourceAP_SignalDoc_official,PLACEBO,COMPLETE,IMPORTED_NOT_RETESTED,NOT_STARTED,NOT_OPENED,NOT_STARTED,0.0,BLOCKED,Imported definition; original published evidence is not War Room proof.,
OAP_PLACEBO_WW,open_source_cross_sectional_asset_pricing,Whited-Wu index,Group data by 3 digit SIC code and month to compute total sales (sale) by industry. Calculate the Whited-Wu index as -0.091*(income before extraordninary items (ib) + depreciation and amortizarion (dp)) / (4 * assets(at)) - 0.062( if the dividends per share (dvpsx_c) is not missing and greater than 0) + 0.021 * long-term debt (dltt) / at - 0.044 * log(at) + 0.102 * (twelve-month growth of Industry Sales) / 4 - 0.035 * (one-month growth of sales) / 4.,cross_sectional_selection,US_equities_cross_section,Accounting,OpenSourceAP_SignalDoc_official,PLACEBO,COMPLETE,IMPORTED_NOT_RETESTED,NOT_STARTED,NOT_OPENED,NOT_STARTED,0.0,BLOCKED,Imported definition; original published evidence is not War Room proof.,"OP shows ff3-style long-short portfolio with value-weighting first, but we focus on equal-weighting for simplicity.  Regardless the results are similar in OP, and OP states ""financially constrained firms earn a positive, albeit statistically insignificant risk premium."""
OAP_PLACEBO_ZSCORE,open_source_cross_sectional_asset_pricing,Altman Z-Score,"1.2*(current assets (act) - current liabilities (lct))/total assets (at) + 1.4*(Retained earnings (re)/total assets (at)) + 3.3*(net income (ni) + interest expense (xint) + total taxes (txt))/total assets (at) +  .6*(market value of equity/Total liabilities (lt)) + revenue (revt)/ total assets (at). Include only NYSE stocks. Exclude if SIC code between 4000 and 4999, or above 5999.  Exclude if ZScore is in bottom quintile of ZScore (original paper shows non-monotonic returns, as does our replication)",vulnerability_or_range,US_equities_cross_section,Accounting,OpenSourceAP_SignalDoc_official,PLACEBO,COMPLETE,IMPORTED_NOT_RETESTED,NOT_STARTED,NOT_OPENED,NOT_STARTED,0.0,BLOCKED,Imported definition; original published evidence is not War Room proof.,"Intro claims higher bankrupty prob has ""significantly"" lower returns, but Tab 3 shows the evidence is mixed for Z Score.  Z is only signficant in regs controlling for B/M, and has a nonmonotonic realtionship with ret.  Unlike for OSCore, there is no clear LS strategy.    Sign is wrong for nasdaq (Tab3B).  One could ""fix"" this signal as we did before by dropping the lowest ZScore quint, as hinted at in Tab 3A."
OAP_DROP_CONSNEGRET,open_source_cross_sectional_asset_pricing,Consistently negative return,Define consistent negative returns (ConsNegRet) as 1 if stock returns from months t to t-5 are all less than 0.,direction,US_equities_cross_section,Price,OpenSourceAP_SignalDoc_official,DROP,COMPLETE,IMPORTED_NOT_RETESTED,NOT_STARTED,NOT_OPENED,NOT_STARTED,0.0,BLOCKED,Imported definition; original published evidence is not War Room proof.,"Not in either MP or HXZ and not top 3,"
OAP_DROP_CONSPOSRET,open_source_cross_sectional_asset_pricing,Consistently positive return,Define consistent positive returns (ConsPosRet) as 1 if stock returns from months t to t-5 are all greater than 0.,direction,US_equities_cross_section,Price,OpenSourceAP_SignalDoc_official,DROP,COMPLETE,IMPORTED_NOT_RETESTED,NOT_STARTED,NOT_OPENED,NOT_STARTED,0.0,BLOCKED,Imported definition; original published evidence is not War Room proof.,"Not in either MP or HXZ and not top 3,"
OAP_DROP_INVEST,open_source_cross_sectional_asset_pricing,Capex and Inventory Change,"Annual change in property, plant and equipment (ppegt) plus annual change in inventory (invt), scaled by lagged total assets (at). Use ppent if ppegt is missing.",value_capture,US_equities_cross_section,Accounting,OpenSourceAP_SignalDoc_official,DROP,COMPLETE,IMPORTED_NOT_RETESTED,NOT_STARTED,NOT_OPENED,NOT_STARTED,0.0,BLOCKED,Imported definition; original published evidence is not War Room proof.,"Should remove.  Paper was retracted,"
OAP_DROP_POSNEGCONS,open_source_cross_sectional_asset_pricing,Pos vs negative consistent return,"Binary signal equal to if ConsPosRet equal to 1, and equal to 0 if CosnNegRet equal to 1.",direction,US_equities_cross_section,Price,OpenSourceAP_SignalDoc_official,DROP,COMPLETE,IMPORTED_NOT_RETESTED,NOT_STARTED,NOT_OPENED,NOT_STARTED,0.0,BLOCKED,Imported definition; original published evidence is not War Room proof.,"Not in either MP or HXZ and not top 3,"
OAP_DROP_SINORIG,open_source_cross_sectional_asset_pricing,Sin Stock (original list),0,cross_sectional_selection,US_equities_cross_section,Other,OpenSourceAP_SignalDoc_official,DROP,COMPLETE,IMPORTED_NOT_RETESTED,NOT_STARTED,NOT_OPENED,NOT_STARTED,0.0,BLOCKED,Imported definition; original published evidence is not War Room proof.,"redundant,"
OAP_PLACEBO_ABNORMALACCRUALSPERCENT,open_source_cross_sectional_asset_pricing,Percent Abnormal Accruals,See AbnormalAccruals.  signal = AbnormalAccruals x lagged assets / absolute value of ni,value_capture,US_equities_cross_section,Accounting,OpenSourceAP_SignalDoc_official,PLACEBO,COMPLETE,IMPORTED_NOT_RETESTED,NOT_STARTED,NOT_OPENED,NOT_STARTED,0.0,BLOCKED,Imported definition; original published evidence is not War Room proof.,"OP says ""Cheng and Thomas (2005) assess 22 different abnomral accruals models … …However, all of their accruals models are scaled by some measure of firm size … never by earnings.""  They don't mention abnormal accruals anywhere else."
OAP_PLACEBO_ACCRUALQUALITY,open_source_cross_sectional_asset_pricing,Accrual Quality,"Define Accruals (tempAccruals) as (difference between current assets (act) and one-year lagged current assets) - (difference between cash and short-term investments (che) and one-year lagged cash and short-term investments) - (difference between current liabilities (lct) and one-year lagged current liabilities) + (difference between debt in current liabilities (dlc) and one-year lagged debt in current liabilities) - (depreciation and amortization (dp)) all divided by (mean of total assets (at) and one-year lagged total assets ). Create tempCAcc as tempAccruals + dp/( (at + l.at)/2), tempRev as sale/( (at + l.at)/2), tempDelRev as tempRev - l.tempRev, tempPPE as ppegt/( (at + l.at)/2) where ppegt is total gross property, plant and equipment and tempCFO as ib/( (at + l.at)/2) - tempAccruals where ib is the income before extraordinary items. Run a regression for each year and industry of tempCAcc on the current value and one year lead and lag of tempDelRev and tempPPE. Save the regression residuals and replace with missing if there are not at least 20 obersvations per year and industry. Calculate accrual quality (AQ) as the standard deviation of residuals over 4 years. If more than one observation is missing set  AQ to missing. Replace AccrualQuality by the one-year lagged AQ to make sure the signal is available at time of investment.",value_capture,US_equities_cross_section,Accounting,OpenSourceAP_SignalDoc_official,PLACEBO,COMPLETE,IMPORTED_NOT_RETESTED,NOT_STARTED,NOT_OPENED,NOT_STARTED,0.0,BLOCKED,Imported definition; original published evidence is not War Room proof.,"Table 2 studies correlation between cost of debt proxies (E/P, beta) and accrual quality.  Table 3 regresses stock returns on contemporaneous accrual LS port returns."
OAP_PLACEBO_ACCRUALQUALITYJUNE,open_source_cross_sectional_asset_pricing,Accrual Quality in June,see AccrualQuality. Update only with June values for each variable.,value_capture,US_equities_cross_section,Accounting,OpenSourceAP_SignalDoc_official,PLACEBO,COMPLETE,IMPORTED_NOT_RETESTED,NOT_STARTED,NOT_OPENED,NOT_STARTED,0.0,BLOCKED,Imported definition; original published evidence is not War Room proof.,
OAP_PLACEBO_AMQ,open_source_cross_sectional_asset_pricing,Total assets to market (quarterly),Total assets (at) divided by market value of equity.,value_capture,US_equities_cross_section,Accounting,OpenSourceAP_SignalDoc_official,PLACEBO,COMPLETE,IMPORTED_NOT_RETESTED,NOT_STARTED,NOT_OPENED,NOT_STARTED,0.0,BLOCKED,Imported definition; original published evidence is not War Room proof.,
OAP_PLACEBO_ASSETGROWTH_Q,open_source_cross_sectional_asset_pricing,Asset growth quarterly,Annual growth rate of total assets (at),value_capture,US_equities_cross_section,Accounting,OpenSourceAP_SignalDoc_official,PLACEBO,COMPLETE,IMPORTED_NOT_RETESTED,NOT_STARTED,NOT_OPENED,NOT_STARTED,0.0,BLOCKED,Imported definition; original published evidence is not War Room proof.,
OAP_PLACEBO_ASSETLIQUIDITYBOOK,open_source_cross_sectional_asset_pricing,Asset liquidity over book assets,(assets (at) + 0.75*(at - short term investments(che)) + 0.5*(at- curren total assets (act) - goodwill(gdwl) - intangibles (itan)) scaled by the one-month lagged book assets (at).,execution_or_flow,US_equities_cross_section,Accounting,OpenSourceAP_SignalDoc_official,PLACEBO,COMPLETE,IMPORTED_NOT_RETESTED,NOT_STARTED,NOT_OPENED,NOT_STARTED,0.0,BLOCKED,Imported definition; original published evidence is not War Room proof.,"Called WAIL3 in paper.  Not shown to predict returns; Tab 3 for main results, Tab 6 for ICC of WAIL,"
OAP_PLACEBO_ASSETLIQUIDITYBOOKQUART,open_source_cross_sectional_asset_pricing,Asset liquidity over book (qtrly),(short term investments (cheq) + 0.75*(actq - short term investments(cheq)) + 0.5*(atq- curren total assets (actq) - goodwill(gdwlq) - intangibles (itanq)) scaled by the one-month lagged book assets (atq). Replace goodwill and intangibles with 0 if they are missing.,execution_or_flow,US_equities_cross_section,Accounting,OpenSourceAP_SignalDoc_official,PLACEBO,COMPLETE,IMPORTED_NOT_RETESTED,NOT_STARTED,NOT_OPENED,NOT_STARTED,0.0,BLOCKED,Imported definition; original published evidence is not War Room proof.,"Not shown to predict returns; Tab 3 for main results, Tab 6 for ICC of WAIL,"
OAP_PLACEBO_ASSETLIQUIDITYMARKET,open_source_cross_sectional_asset_pricing,Asset liquidity over market,(assets (at) + 0.75*(at - short term investments(che)) + 0.5*(at- curren total assets (act) - goodwill(gdwl) - intangibles (itan)) scaled by the one-month lagged market assets (at + end-of-fiscal-year-stock-price (prcc_f) * common shares outstanding (csho) - book equity (ceq)).,execution_or_flow,US_equities_cross_section,Accounting,OpenSourceAP_SignalDoc_official,PLACEBO,COMPLETE,IMPORTED_NOT_RETESTED,NOT_STARTED,NOT_OPENED,NOT_STARTED,0.0,BLOCKED,Imported definition; original published evidence is not War Room proof.,"Called MWAIL in paper.  Not shown to predict returns; Tab 3 for main results, Tab 6 for ICC of WAIL,"
OAP_PLACEBO_ASSETLIQUIDITYMARKETQUART,open_source_cross_sectional_asset_pricing,Asset liquidity over market (qtrly),(short term investments (cheq) + 0.75*(actq - short term investments(cheq)) + 0.5*(atq- curren total assets (actq) - goodwill(gdwlq) - intangibles (itanq)) scaled by the one-month lagged book assets (atq) + lagged closing price (prccq) times lagged common shares outstanding (cshoq) - lagged book equity (ceqq). Replace goodwill and intangibles with 0 if they are missing.,execution_or_flow,US_equities_cross_section,Accounting,OpenSourceAP_SignalDoc_official,PLACEBO,COMPLETE,IMPORTED_NOT_RETESTED,NOT_STARTED,NOT_OPENED,NOT_STARTED,0.0,BLOCKED,Imported definition; original published evidence is not War Room proof.,"Not shown to predict returns; Tab 3 for main results, Tab 6 for ICC of WAIL,"
OAP_PLACEBO_ASSETTURNOVER,open_source_cross_sectional_asset_pricing,Asset Turnover,"Sales (sale) divided by two year average of net operating assets. Net operating assets is the sum of receivables (rect), inventories (invt), current assets other (aco), net property, plants and equipment (ppent) and intangibles (intan), minus accounts payable (ap), other current liabilities (lco) and other liabilities (lo). Exclude if abs(prc) < 5 or AssetTurnover < 0.",execution_or_flow,US_equities_cross_section,Accounting,OpenSourceAP_SignalDoc_official,PLACEBO,COMPLETE,IMPORTED_NOT_RETESTED,NOT_STARTED,NOT_OPENED,NOT_STARTED,0.0,BLOCKED,Imported definition; original published evidence is not War Room proof.,No predictive power in multivariate predictive regression (table 7). Not clear how it would play out as univariate hedge strategy.
OAP_PLACEBO_ASSETTURNOVER_Q,open_source_cross_sectional_asset_pricing,Asset Turnover,"Sales (sale) divided by two year average of net operating assets. Net operating assets is the sum of receivables (rect), inventories (invt), current assets other (aco), net property, plants and equipment (ppent) and intangibles (intan), minus accounts payable (ap), other current liabilities (lco) and other liabilities (lo). Exclude if abs(prc) < 5 or AssetTurnover < 0.",execution_or_flow,US_equities_cross_section,Accounting,OpenSourceAP_SignalDoc_official,PLACEBO,COMPLETE,IMPORTED_NOT_RETESTED,NOT_STARTED,NOT_OPENED,NOT_STARTED,0.0,BLOCKED,Imported definition; original published evidence is not War Room proof.,
OAP_PLACEBO_BETACC,open_source_cross_sectional_asset_pricing,Illiquidity-illiquidity beta (beta2i),see monthly Code,execution_or_flow,US_equities_cross_section,Trading,OpenSourceAP_SignalDoc_official,PLACEBO,COMPLETE,IMPORTED_NOT_RETESTED,NOT_STARTED,NOT_OPENED,NOT_STARTED,0.0,BLOCKED,Imported definition; original published evidence is not War Room proof.,"Table 4 fits an expected return equation but using a ""GMM framework that takes into account the pre-estimation of betas,"" but this seems to be an in-sample fit only."
OAP_PLACEBO_BETACR,open_source_cross_sectional_asset_pricing,Illiquidity-market return beta (beta4i),see monthly Code,execution_or_flow,US_equities_cross_section,Trading,OpenSourceAP_SignalDoc_official,PLACEBO,COMPLETE,IMPORTED_NOT_RETESTED,NOT_STARTED,NOT_OPENED,NOT_STARTED,0.0,BLOCKED,Imported definition; original published evidence is not War Room proof.,"Table 4 fits an expected return equation but using a ""GMM framework that takes into account the pre-estimation of betas,"" but this seems to be an in-sample fit only."
OAP_PLACEBO_BETADIMSON,open_source_cross_sectional_asset_pricing,Dimson Beta,"Rolling regression of daily return (ret - rf) on the same-day, one-day ahead, and one-day lagged value of the market return (mktrf). Rolling regression with 20 observations (minimum 15). BetaDimson is the sum of the three coefficients.",vulnerability_or_range,US_equities_cross_section,Price,OpenSourceAP_SignalDoc_official,PLACEBO,COMPLETE,IMPORTED_NOT_RETESTED,NOT_STARTED,NOT_OPENED,NOT_STARTED,0.0,BLOCKED,Imported definition; original published evidence is not War Room proof.,"Not shown to predict returns.  Whole paper is just about forecasting beta,"
OAP_PLACEBO_BETANET,open_source_cross_sectional_asset_pricing,"Net liquidity beta (betanet,p)",see monthly Code,execution_or_flow,US_equities_cross_section,Trading,OpenSourceAP_SignalDoc_official,PLACEBO,COMPLETE,IMPORTED_NOT_RETESTED,NOT_STARTED,NOT_OPENED,NOT_STARTED,0.0,BLOCKED,Imported definition; original published evidence is not War Room proof.,"Table 4 fits an expected return equation but using a ""GMM framework that takes into account the pre-estimation of betas,"" but this seems to be an in-sample fit only."
OAP_PLACEBO_BETARC,open_source_cross_sectional_asset_pricing,Return-market illiquidity beta,see monthly Code,execution_or_flow,US_equities_cross_section,Trading,OpenSourceAP_SignalDoc_official,PLACEBO,COMPLETE,IMPORTED_NOT_RETESTED,NOT_STARTED,NOT_OPENED,NOT_STARTED,0.0,BLOCKED,Imported definition; original published evidence is not War Room proof.,"Table 4 fits an expected return equation but using a ""GMM framework that takes into account the pre-estimation of betas,"" but this seems to be an in-sample fit only."
OAP_PLACEBO_BETARR,open_source_cross_sectional_asset_pricing,Return-market return illiquidity beta,see monthly Code,execution_or_flow,US_equities_cross_section,Trading,OpenSourceAP_SignalDoc_official,PLACEBO,COMPLETE,IMPORTED_NOT_RETESTED,NOT_STARTED,NOT_OPENED,NOT_STARTED,0.0,BLOCKED,Imported definition; original published evidence is not War Room proof.,"Table 4 fits an expected return equation but using a ""GMM framework that takes into account the pre-estimation of betas,"" but this seems to be an in-sample fit only."
OAP_PLACEBO_BMQ,open_source_cross_sectional_asset_pricing,Book to market (quarterly),Log of quarterly book equity over market equity.,value_capture,US_equities_cross_section,Accounting,OpenSourceAP_SignalDoc_official,PLACEBO,COMPLETE,IMPORTED_NOT_RETESTED,NOT_STARTED,NOT_OPENED,NOT_STARTED,0.0,BLOCKED,Imported definition; original published evidence is not War Room proof.,
OAP_PLACEBO_BOOKLEVERAGEQUARTERLY,open_source_cross_sectional_asset_pricing,Book leverage (quarterly),"Total assets (atq) divided by book value of equity plus deferred taxes (txditcq) and preferred stock. Equity is shareholder equity (seqq) if available, or book equity (ceqq) plus preferred stock (pstkq), or total assets minus total liabilities (ltq).",cross_sectional_selection,US_equities_cross_section,Accounting,OpenSourceAP_SignalDoc_official,PLACEBO,COMPLETE,IMPORTED_NOT_RETESTED,NOT_STARTED,NOT_OPENED,NOT_STARTED,0.0,BLOCKED,Imported definition; original published evidence is not War Room proof.,
OAP_PLACEBO_BRANDCAPITAL,open_source_cross_sectional_asset_pricing,Brand capital to assets,"Brand capital is computed by the perpetual inventory method. In the first year, brand capital is advertising expense divided by (.5 + .1). In subsequent years, we let brand capital depreciate with a rate of .5 and add current advertising expenses. Brand capital is scaled by total assets (at). Set to missing if advertising expense is missing.",value_capture,US_equities_cross_section,Accounting,OpenSourceAP_SignalDoc_official,PLACEBO,COMPLETE,IMPORTED_NOT_RETESTED,NOT_STARTED,NOT_OPENED,NOT_STARTED,0.0,BLOCKED,Imported definition; original published evidence is not War Room proof.,Not studied in OP.  OP studies BrandInvest.
OAP_PLACEBO_CAPTURNOVER,open_source_cross_sectional_asset_pricing,Capital turnover,Lagged sales (sale) divided by two-year lagged assets (at).,execution_or_flow,US_equities_cross_section,Accounting,OpenSourceAP_SignalDoc_official,PLACEBO,COMPLETE,IMPORTED_NOT_RETESTED,NOT_STARTED,NOT_OPENED,NOT_STARTED,0.0,BLOCKED,Imported definition; original published evidence is not War Room proof.,"weak in original paper.  They forecast returns using many variables.  Capital turnover is not in the top 11 predictors,"
OAP_PLACEBO_CAPTURNOVER_Q,open_source_cross_sectional_asset_pricing,Capital turnover (quarterly),Sales (saleq) divided by one quarter lagged assets (atq).,execution_or_flow,US_equities_cross_section,Accounting,OpenSourceAP_SignalDoc_official,PLACEBO,COMPLETE,IMPORTED_NOT_RETESTED,NOT_STARTED,NOT_OPENED,NOT_STARTED,0.0,BLOCKED,Imported definition; original published evidence is not War Room proof.,
OAP_PLACEBO_CASHDEBT,open_source_cross_sectional_asset_pricing,CF to debt,Sum of income before extraordinary items (ib) and depreciation and amortization (dp) divided by total liabilities (lt) averaged over the current and previous fiscal years.,value_capture,US_equities_cross_section,Accounting,OpenSourceAP_SignalDoc_official,PLACEBO,COMPLETE,IMPORTED_NOT_RETESTED,NOT_STARTED,NOT_OPENED,NOT_STARTED,0.0,BLOCKED,Imported definition; original published evidence is not War Room proof.,"probably weak.  Paper uses many variables to forecast earnings, model is then used to forecast returns,"
OAP_PLACEBO_CBOPERPROFLAGAT,open_source_cross_sectional_asset_pricing,Cash-based oper prof lagged assets,"Revenue (revt) minus cost (cogs) - (administrative expenses (xsga) - R&D expenses (xrd))  minus annual change in receivables (rect), annual change in investment (invt) and annual change in prepaid expenses, plus annual change in current deferred revenue (drc), long-term deferred revenue (drlt), accounts payable (ap) and accrued expenses (xacc), all divided by total assets (at) in year t-1. Replace all variables in the numerator with 0 if they are missing. Exclude if share code is greater 11, market value of equity, BM or total assets are missing, or if SIC code between 6000 and 6999.",value_capture,US_equities_cross_section,Accounting,OpenSourceAP_SignalDoc_official,PLACEBO,COMPLETE,IMPORTED_NOT_RETESTED,NOT_STARTED,NOT_OPENED,NOT_STARTED,0.0,BLOCKED,Imported definition; original published evidence is not War Room proof.,"This is operating prof with an R&D adjustment.  Strong in FM reg with controls, but insignificant in VW port sorts (Tab 4). OP states they lag denominator, but 2015 JFE does not lag, no clear motivation to lag, and our replications much closer to OP without lag."
OAP_PLACEBO_CBOPERPROFLAGAT_Q,open_source_cross_sectional_asset_pricing,Cash-based oper prof lagged assets qtrly,"Revenue (revtq) minus cost (cogsq) - (administrative expenses (xsgaq) - R&D expenses (xrdq))  minus annual change in receivables (rectq), annual change in investment (invtq) and annual change in prepaid expenses, plus annual change in current deferred revenue (drcq), long-term deferred revenue (drlt), accounts payable (apq) and accrued expenses (xaccq), all divided by total assets (atq) in previous quarter. Replace all variables in the numerator with 0 if they are missing. Exclude if share code is greater 11, market value of equity, BM or total assets are missing, or if SIC code between 6000 and 6999.",value_capture,US_equities_cross_section,Accounting,OpenSourceAP_SignalDoc_official,PLACEBO,COMPLETE,IMPORTED_NOT_RETESTED,NOT_STARTED,NOT_OPENED,NOT_STARTED,0.0,BLOCKED,Imported definition; original published evidence is not War Room proof.,
OAP_PLACEBO_CFPQ,open_source_cross_sectional_asset_pricing,Operating Cash flows to price quarterly,"Operating cash-flow (oancf) divided by market value of equity. If operating cash-flow is missing, replace by difference betwee net income (ib) and level of accruals, where the latter is the annual change in current assets (act) minus the annual change in cash and short-term investments (che), minus the annual change in current liabilities (lct) plus the annual change in debt in current liabilities (dlc) plus the annual change in payable income taxes (txp) plus depreciation (dp).",value_capture,US_equities_cross_section,Accounting,OpenSourceAP_SignalDoc_official,PLACEBO,COMPLETE,IMPORTED_NOT_RETESTED,NOT_STARTED,NOT_OPENED,NOT_STARTED,0.0,BLOCKED,Imported definition; original published evidence is not War Room proof.,
OAP_PLACEBO_CFQ,open_source_cross_sectional_asset_pricing,Cash flow to market quarterly,Net income (ib) plus depreciation (dp) divided by market equity. Exclude NASDAQ stocks.,value_capture,US_equities_cross_section,Accounting,OpenSourceAP_SignalDoc_official,PLACEBO,COMPLETE,IMPORTED_NOT_RETESTED,NOT_STARTED,NOT_OPENED,NOT_STARTED,0.0,BLOCKED,Imported definition; original published evidence is not War Room proof.,
OAP_PLACEBO_CHANGEROA,open_source_cross_sectional_asset_pricing,Change in Return on assets,Quarterly return on assets (rdq/atq) minus its value four quarters ago.,cross_sectional_selection,US_equities_cross_section,Accounting,OpenSourceAP_SignalDoc_official,PLACEBO,COMPLETE,IMPORTED_NOT_RETESTED,NOT_STARTED,NOT_OPENED,NOT_STARTED,0.0,BLOCKED,Imported definition; original published evidence is not War Room proof.,"HXZ do not cite anyone for this ""replication.""  OP (HXZ) uses RDQ to get very timely data, but we just lag everything by 3 months for simplicity.  This is pretty much a combination of profitability and investment, if you think about it."
OAP_PLACEBO_CHANGEROE,open_source_cross_sectional_asset_pricing,Change in Return on equity,Quarterly return on equity (ceqq/atq) minus its value four quarters ago.,cross_sectional_selection,US_equities_cross_section,Accounting,OpenSourceAP_SignalDoc_official,PLACEBO,COMPLETE,IMPORTED_NOT_RETESTED,NOT_STARTED,NOT_OPENED,NOT_STARTED,0.0,BLOCKED,Imported definition; original published evidence is not War Room proof.,"HXZ do not cite anyone for this ""replication.""  OP (HXZ) uses RDQ to get very timely data, but we just lag everything by 3 months for simplicity.  This is pretty much a combination of profitability and investment, if you think about it."
OAP_PLACEBO_CHNCOA,open_source_cross_sectional_asset_pricing,Change in Noncurrent Operating Assets,Twelve-month change in noncurrent operating assets. Noncurrent operating assets is ( (at - act - ivao) - (lt - dlc - dltt) )/at.,value_capture,US_equities_cross_section,Accounting,OpenSourceAP_SignalDoc_official,PLACEBO,COMPLETE,IMPORTED_NOT_RETESTED,NOT_STARTED,NOT_OPENED,NOT_STARTED,0.0,BLOCKED,Imported definition; original published evidence is not War Room proof.,
OAP_PLACEBO_CHNCOL,open_source_cross_sectional_asset_pricing,Change in Noncurrent Operating Liab,Twelve-month change in noncurrent operating liabilites. Noncurrent operating liabilites is (lt - dlc- dltt).,value_capture,US_equities_cross_section,Accounting,OpenSourceAP_SignalDoc_official,PLACEBO,COMPLETE,IMPORTED_NOT_RETESTED,NOT_STARTED,NOT_OPENED,NOT_STARTED,0.0,BLOCKED,Imported definition; original published evidence is not War Room proof.,
OAP_PLACEBO_CHPM,open_source_cross_sectional_asset_pricing,Change in Profit Margin,Annual change in profit margin PM (profit margin defined below). Exclude if price less than 5.,value_capture,US_equities_cross_section,Accounting,OpenSourceAP_SignalDoc_official,PLACEBO,COMPLETE,IMPORTED_NOT_RETESTED,NOT_STARTED,NOT_OPENED,NOT_STARTED,0.0,BLOCKED,Imported definition; original published evidence is not War Room proof.,"Tab 7 Delta PM, insignificant with many controls, no sorts."
OAP_PLACEBO_CURRAT,open_source_cross_sectional_asset_pricing,Current Ratio,"Current total assets (act) divided by current total liabilities (lct). If missing, replace current total assets by cash and short-term investments (che) plus total receivables (rect) plus total inventory (invt), and replace current total liabilities (lct) with accounts payable (ap).",cross_sectional_selection,US_equities_cross_section,Accounting,OpenSourceAP_SignalDoc_official,PLACEBO,COMPLETE,IMPORTED_NOT_RETESTED,NOT_STARTED,NOT_OPENED,NOT_STARTED,0.0,BLOCKED,Imported definition; original published evidence is not War Room proof.,"probably weak.  Paper uses many variables to forecast earnings, model is then used to forecast returns,"
OAP_PLACEBO_DEPR,open_source_cross_sectional_asset_pricing,Depreciation to PPE,"Depreciation and amortization (dp) divided by property, plant and equipment net total (ppent).",cross_sectional_selection,US_equities_cross_section,Accounting,OpenSourceAP_SignalDoc_official,PLACEBO,COMPLETE,IMPORTED_NOT_RETESTED,NOT_STARTED,NOT_OPENED,NOT_STARTED,0.0,BLOCKED,Imported definition; original published evidence is not War Room proof.,"Paper fits a massive model to returns (Table 2), then sorts stocks based on predictions (Table 3).  Depreciation is mentioned in Footnote 6, which says that depreciation enters into the models eight times."
OAP_PLACEBO_DIVYIELD,open_source_cross_sectional_asset_pricing,Dividend yield for small stocks,Define tempDY as 4 times latest dividend (divamt) divided by price (prc). Define positive yield stocks as those which paid a dividend in all of the past 4 quarters.  Set DivYield to missing if stock is above the median firm size.  This procedure is based on Table 1B.,value_capture,US_equities_cross_section,Accounting,OpenSourceAP_SignalDoc_official,PLACEBO,COMPLETE,IMPORTED_NOT_RETESTED,NOT_STARTED,NOT_OPENED,NOT_STARTED,0.0,BLOCKED,Imported definition; original published evidence is not War Room proof.,"Ret is nonmonotic in DivYield, except in small stocks, as seen in Tab 1B.  FF3 adjusted returns are monotonic however due to size adjustment (Tab 3).  Previous papers (Keim 1985) also find mixed results, this paper is a more careful look.  Unclear if likely or maybe predictor.  Perhaps Keim (1985) or Bloom (1980) or even an earlier paper could be cited, but these earlier papers don't show convincing predictability in our view.  See also Kalay and Michaely (2000)"
OAP_PLACEBO_DIVYIELDANN,open_source_cross_sectional_asset_pricing,Last year's dividends over price,Last year's dividends over price,value_capture,US_equities_cross_section,Accounting,OpenSourceAP_SignalDoc_official,PLACEBO,COMPLETE,IMPORTED_NOT_RETESTED,NOT_STARTED,NOT_OPENED,NOT_STARTED,0.0,BLOCKED,Imported definition; original published evidence is not War Room proof.,See DivYieldST
OAP_PLACEBO_EARNINGSCONSERVATISM,open_source_cross_sectional_asset_pricing,Earnings conservatism,"Earnings (ib) scaled by market capitalization (shrout*abs(prc)) regressed on the 15 month stock return from (t=-11 to t=+3), an indicator for whether that 15- month return is negative and the interaction of these two variables. Rolling regression in annual data with 10 observations. EarningsConservatism is the sum of the coefficients on the 15-month stock return and the interaction term divided by the coefficient on the 15-month stock return.",value_capture,US_equities_cross_section,Accounting,OpenSourceAP_SignalDoc_official,PLACEBO,COMPLETE,IMPORTED_NOT_RETESTED,NOT_STARTED,NOT_OPENED,NOT_STARTED,0.0,BLOCKED,Imported definition; original published evidence is not War Room proof.,Table 5 regresses cost of equity proxies (e.g. beta) on various earnings attributes.
OAP_PLACEBO_EARNINGSPERSISTENCE,open_source_cross_sectional_asset_pricing,Earnings persistence,Earnings per share (epspx/ajex) regressed on its value from the previous year. Rolling regression in annual data with 10 observations. EarningsPersistence is the coefficient on the lagged value.,value_capture,US_equities_cross_section,Accounting,OpenSourceAP_SignalDoc_official,PLACEBO,COMPLETE,IMPORTED_NOT_RETESTED,NOT_STARTED,NOT_OPENED,NOT_STARTED,0.0,BLOCKED,Imported definition; original published evidence is not War Room proof.,Table 5 regresses cost of equity proxies (e.g. beta) on various earnings attributes.
OAP_PLACEBO_EARNINGSPREDICTABILITY,open_source_cross_sectional_asset_pricing,Earnings Predictability,Earnings per share (epspx/ajex) regressed on its value from the previous year. Rolling regression in annual data with 10 observations. EarningsPredictability is the R2 of this regression.,value_capture,US_equities_cross_section,Accounting,OpenSourceAP_SignalDoc_official,PLACEBO,COMPLETE,IMPORTED_NOT_RETESTED,NOT_STARTED,NOT_OPENED,NOT_STARTED,0.0,BLOCKED,Imported definition; original published evidence is not War Room proof.,Table 5 regresses cost of equity proxies (e.g. beta) on various earnings attributes.
OAP_PLACEBO_EARNINGSSMOOTHNESS,open_source_cross_sectional_asset_pricing,Earnings Smoothness,10-year rolling standard deviation of (ib/at) divided by 10-year rolling standard deviation of cash-flow ((ib - ( (act - act_{t-1}) - (lct - lct_{t-1}) - (che - che_{t-1}) + (dlc - dlc_{t-1}) - dp))/at_{t-1}),value_capture,US_equities_cross_section,Accounting,OpenSourceAP_SignalDoc_official,PLACEBO,COMPLETE,IMPORTED_NOT_RETESTED,NOT_STARTED,NOT_OPENED,NOT_STARTED,0.0,BLOCKED,Imported definition; original published evidence is not War Room proof.,Table 5 regresses cost of equity proxies (e.g. beta) on various earnings attributes.
OAP_PLACEBO_EARNINGSTIMELINESS,open_source_cross_sectional_asset_pricing,Earnings timeliness,"Earnings (ib) scaled by market capitalization (shrout*abs(prc)) regressed on the 15 month stock return from (t=-11 to t=+3), an indicator for whether that 15- month return is negative and the interaction of these two variables. Rolling regression in annual data with 10 observations. EarningsTimeliness is the R2 of this regression.",value_capture,US_equities_cross_section,Accounting,OpenSourceAP_SignalDoc_official,PLACEBO,COMPLETE,IMPORTED_NOT_RETESTED,NOT_STARTED,NOT_OPENED,NOT_STARTED,0.0,BLOCKED,Imported definition; original published evidence is not War Room proof.,Table 5 regresses cost of equity proxies (e.g. beta) on various earnings attributes.
OAP_PLACEBO_EARNINGSVALUERELEVANCE,open_source_cross_sectional_asset_pricing,Value relevance of earnings,"15 month stock return from (t=-11 to t=+3) regressed on Earnings (ib) and the change in earnings, both scaled by market capitalization (shrout*abs(prc)). Rolling regression in annual data with 10 observations. EarningsValueRelevance is the R2 of this regression.",value_capture,US_equities_cross_section,Accounting,OpenSourceAP_SignalDoc_official,PLACEBO,COMPLETE,IMPORTED_NOT_RETESTED,NOT_STARTED,NOT_OPENED,NOT_STARTED,0.0,BLOCKED,Imported definition; original published evidence is not War Room proof.,Table 5 regresses cost of equity proxies (e.g. beta) on various earnings attributes.
OAP_PLACEBO_EBM_Q,open_source_cross_sectional_asset_pricing,Enterprise component of BM,(ceq + che - dltt - dlc - dc - dvpa+ tstkp ) / (mve\_c + che - dltt - dlc - dc - dvpa+ tstkp). Exclude if price less than 5.,value_capture,US_equities_cross_section,Accounting,OpenSourceAP_SignalDoc_official,PLACEBO,COMPLETE,IMPORTED_NOT_RETESTED,NOT_STARTED,NOT_OPENED,NOT_STARTED,0.0,BLOCKED,Imported definition; original published evidence is not War Room proof.,"need to adjust sample dates: even though paper says it begins in 1962, there is only 1 stock for the first 5 months of 1962,"
OAP_PLACEBO_ENTMULT_Q,open_source_cross_sectional_asset_pricing,Enterprise Multiple quarterly,"Market value of equity + long-term debt (dltt) + debt in current liabilities (dlc) + deferred charges (dc) - cash and short-term investments (che) , divided by operating income (oibdp). Exclude if missing book equity or negative operating income.",value_capture,US_equities_cross_section,Accounting,OpenSourceAP_SignalDoc_official,PLACEBO,COMPLETE,IMPORTED_NOT_RETESTED,NOT_STARTED,NOT_OPENED,NOT_STARTED,0.0,BLOCKED,Imported definition; original published evidence is not War Room proof.,
OAP_PLACEBO_EPQ,open_source_cross_sectional_asset_pricing,Earnings-to-Price Ratio,"ib / lag(market value of equity, 6 months).  NYSE stocks only.  Exclude if EP < 0.  Lag simulates the Dec 31 market equity used in original paper",value_capture,US_equities_cross_section,Accounting,OpenSourceAP_SignalDoc_official,PLACEBO,COMPLETE,IMPORTED_NOT_RETESTED,NOT_STARTED,NOT_OPENED,NOT_STARTED,0.0,BLOCKED,Imported definition; original published evidence is not War Room proof.,
OAP_PLACEBO_ETR,open_source_cross_sectional_asset_pricing,Effective Tax Rate,"Let Tax be tax payments (txt) over pre-tax income (pi) and amortization of intangibles (am, 0 if missing). Let earnings per share be epspx/ajex. ETR if Tax minus the average of Tax over the previous three years multiplied by one-year EPS growth scaled by by price (prcc_f).",cross_sectional_selection,US_equities_cross_section,Accounting,OpenSourceAP_SignalDoc_official,PLACEBO,COMPLETE,IMPORTED_NOT_RETESTED,NOT_STARTED,NOT_OPENED,NOT_STARTED,0.0,BLOCKED,Imported definition; original published evidence is not War Room proof.,
OAP_PLACEBO_FAILUREPROBABILITYJUNE,open_source_cross_sectional_asset_pricing,Failure probability,"Failure probability is -9.16 -.058*PRICE + .075*MB - 2.13*CASHMTA -.045*RSIZE + 1.41*IdioRisk - 7.13*EXRETAVG + 1.42*TLMTA - 20.26*NIMTAAVG. PRICE is log(min(abs(prc), 15)); MB is shrout*abs(prc)/ceqq; CASHMTA is cheq/(shrout*abs(prc) + ltq); RSIZE is log(shrout*abs(prc)/ sum of shrout*abs(prc) for the largest 500 companies each month); IdioRisk is defined above, EXRETAVG is the weighted average excess return (log(1 + ret) - log(1 + mktrf)) over the previous 12 months, with weight on month t-j being $\phi^j$ and the sum scaled by $\frac{1-\phi}{1-\phi^{12}}$; TLMTA is total liabilities (ltq/(shrout*abs(prc)); NIMTAAVG is a weighted average of net income over total assets (ibq/(shrout*abs(prc) + ltq)) over four quarters, with weight $\phi^q$ on quarter $t-q$ and the sum scaled by $\frac{1-\phi^3}{1-\phi^{12}}$. $\phi = 2^{-\frac{1}{3}}$. All input variables are winsorized at the 5th and 95th percentile. Exclude if price less than 1.",vulnerability_or_range,US_equities_cross_section,Accounting,OpenSourceAP_SignalDoc_official,PLACEBO,COMPLETE,IMPORTED_NOT_RETESTED,NOT_STARTED,NOT_OPENED,NOT_STARTED,0.0,BLOCKED,Imported definition; original published evidence is not War Room proof.,Tab6 Mean LS 2080 t-stat 1.41. We previously used monthly holding periods and got large t-stats.
OAP_PLACEBO_FGR5YRNOLAG,open_source_cross_sectional_asset_pricing,Long-term EPS forecast (Monthly),"Long-term earnings forecast (fgr5yr).  Exclude if book equity (ceq), net income (ib), deferred taxes (txdi), dividends (dvp), revenue (sale) or depreciation (dp) is missing.",value_capture,US_equities_cross_section,Analyst,OpenSourceAP_SignalDoc_official,PLACEBO,COMPLETE,IMPORTED_NOT_RETESTED,NOT_STARTED,NOT_OPENED,NOT_STARTED,0.0,BLOCKED,Imported definition; original published evidence is not War Room proof.,"This is the simple and perhaps intuitive long term forecast signal, but OP is very specific about timing."
OAP_PLACEBO_FRBOOK,open_source_cross_sectional_asset_pricing,Pension Funding Status,"FR = (FVPA - PBO), scaled by total assets (at). FVPA is pbnaa from 1980 to 1986, pplao + pplao from 1987 to 1997, and pplao after 1997. PBO is pbnvv from 1980 to 1986, pbpro + pbpru from 1987 to 1997, and pbpro after 1997. Exclude if price less than 5 or  shrcd > 11.",cross_sectional_selection,US_equities_cross_section,Accounting,OpenSourceAP_SignalDoc_official,PLACEBO,COMPLETE,IMPORTED_NOT_RETESTED,NOT_STARTED,NOT_OPENED,NOT_STARTED,0.0,BLOCKED,Imported definition; original published evidence is not War Room proof.,Not studied in OP.
OAP_PLACEBO_GPLAG,open_source_cross_sectional_asset_pricing,gross profits / total assets,"Revenue (sale) - cost of goods solds (cogs), divided by 12 months lagged total assets.",value_capture,US_equities_cross_section,Accounting,OpenSourceAP_SignalDoc_official,PLACEBO,COMPLETE,IMPORTED_NOT_RETESTED,NOT_STARTED,NOT_OPENED,NOT_STARTED,0.0,BLOCKED,Imported definition; original published evidence is not War Room proof.,HXZ variant
OAP_PLACEBO_GPLAG_Q,open_source_cross_sectional_asset_pricing,gross profits / total assets,"Revenue (revtq) - cost of goods solds (cogsq), divided by one quarter lagged total assets (atq).",value_capture,US_equities_cross_section,Accounting,OpenSourceAP_SignalDoc_official,PLACEBO,COMPLETE,IMPORTED_NOT_RETESTED,NOT_STARTED,NOT_OPENED,NOT_STARTED,0.0,BLOCKED,Imported definition; original published evidence is not War Room proof.,HXZ variant
OAP_PLACEBO_GRCAPX1Y,open_source_cross_sectional_asset_pricing,Investment growth (1 year),"Growth between one-year lagged capital expenditures (capx) and two-year lagged capital expenditures. Replace capx with the one year difference in property, plant and equipment (ppent) if capx is missing and the corresponding firm age is greater or equal than two years.",value_capture,US_equities_cross_section,Accounting,OpenSourceAP_SignalDoc_official,PLACEBO,COMPLETE,IMPORTED_NOT_RETESTED,NOT_STARTED,NOT_OPENED,NOT_STARTED,0.0,BLOCKED,Imported definition; original published evidence is not War Room proof.,"HXZ deviates from OP.  OP only examines (1) capx / lag(capx,2) and capx / sum( capx(t-3:t) ).  OP notation is odd, uses cegth2 and cegth3 but no cegth."
OAP_PLACEBO_GRGMTOGRSALES,open_source_cross_sectional_asset_pricing,Gross margin growth to sales growth,"Define gross margin GM as revenue (sale) minus cost of goods sold (cogs). GrGMToGrSales is the percentage growth of GM relative to average GM in years t-1 and t-2, minus the percentage growth of revenue relative to average revenue in years t-1 and t-2. Replace growth rates with growth relative to the previous year only if data for t-2 are not available.",value_capture,US_equities_cross_section,Accounting,OpenSourceAP_SignalDoc_official,PLACEBO,COMPLETE,IMPORTED_NOT_RETESTED,NOT_STARTED,NOT_OPENED,NOT_STARTED,0.0,BLOCKED,Imported definition; original published evidence is not War Room proof.,
OAP_PLACEBO_GRSALETOGRRECEIVABLES,open_source_cross_sectional_asset_pricing,Change in sales vs change in receiv,"Percentage growth in sales (sale) relative to average sales of t-1 and t-2, minus percentage growth in receivables (rect) relative to average receivables of t-1 and t-2. Both growth terms are calculated relative to t-1 only if t-2 is missing.",value_capture,US_equities_cross_section,Accounting,OpenSourceAP_SignalDoc_official,PLACEBO,COMPLETE,IMPORTED_NOT_RETESTED,NOT_STARTED,NOT_OPENED,NOT_STARTED,0.0,BLOCKED,Imported definition; original published evidence is not War Room proof.,
OAP_PLACEBO_IDIOVOLCAPM,open_source_cross_sectional_asset_pricing,Idiosyncratic risk (CAPM),Standard deviation of residuals from CAPM regressions using the past month of daily data.  Value weighted,vulnerability_or_range,US_equities_cross_section,Price,OpenSourceAP_SignalDoc_official,PLACEBO,COMPLETE,IMPORTED_NOT_RETESTED,NOT_STARTED,NOT_OPENED,NOT_STARTED,0.0,BLOCKED,Imported definition; original published evidence is not War Room proof.,
OAP_PLACEBO_IDIOVOLQF,open_source_cross_sectional_asset_pricing,Idiosyncratic risk (q factor),Standard deviation of residuals from q-factor regressions using the past month of daily data.  Value weighted,vulnerability_or_range,US_equities_cross_section,Price,OpenSourceAP_SignalDoc_official,PLACEBO,COMPLETE,IMPORTED_NOT_RETESTED,NOT_STARTED,NOT_OPENED,NOT_STARTED,0.0,BLOCKED,Imported definition; original published evidence is not War Room proof.,
OAP_PLACEBO_INTRINSICVALUE,open_source_cross_sectional_asset_pricing,Intrinsic or historical value,"Value based on a two-stage dividend discount model assuming ROE is remains the same as the most recent observation, scaled by market value.",value_capture,US_equities_cross_section,Accounting,OpenSourceAP_SignalDoc_official,PLACEBO,COMPLETE,IMPORTED_NOT_RETESTED,NOT_STARTED,NOT_OPENED,NOT_STARTED,0.0,BLOCKED,Imported definition; original published evidence is not War Room proof.,"Called V_h in paper or historical earnings based value in paper.  Our name comes from HXZ, but we should probably rename it."
OAP_PLACEBO_KZ_Q,open_source_cross_sectional_asset_pricing,Kaplan Zingales index quarterly,-1.002* (net income (ni) + depreciation (dp))/total assets (at) + .283*(total assets (at) + market value of equity - book value of equity (ceq) - deferred taxes (txdi))/total assets (at) + 3.319*(debt in current liabilities (dlc) + long-term debt (dltt))/(debt in current liabilities + long-term debt + book value of equity) - 39.368*(Dividends (divamt)/total assets) - 1.315*(cash and short-term investments (che)/total assets). Replace txdi and divamt with 0 if missing.,cross_sectional_selection,US_equities_cross_section,Accounting,OpenSourceAP_SignalDoc_official,PLACEBO,COMPLETE,IMPORTED_NOT_RETESTED,NOT_STARTED,NOT_OPENED,NOT_STARTED,0.0,BLOCKED,Imported definition; original published evidence is not War Room proof.,
OAP_PLACEBO_LABORFORCEEFFICIENCY,open_source_cross_sectional_asset_pricing,Laborforce efficiency,One year growth of the ratio between sales (sale) and employment (emp).,value_capture,US_equities_cross_section,Accounting,OpenSourceAP_SignalDoc_official,PLACEBO,COMPLETE,IMPORTED_NOT_RETESTED,NOT_STARTED,NOT_OPENED,NOT_STARTED,0.0,BLOCKED,Imported definition; original published evidence is not War Room proof.,
OAP_PLACEBO_LEVERAGE_Q,open_source_cross_sectional_asset_pricing,Market leverage quarterly,Total liabilities (lt) divided by market value of equity.,cross_sectional_selection,US_equities_cross_section,Accounting,OpenSourceAP_SignalDoc_official,PLACEBO,COMPLETE,IMPORTED_NOT_RETESTED,NOT_STARTED,NOT_OPENED,NOT_STARTED,0.0,BLOCKED,Imported definition; original published evidence is not War Room proof.,
OAP_PLACEBO_NANALYST,open_source_cross_sectional_asset_pricing,Number of analysts,Number of estimates (numest) in IBES for one-quarter ahead earnings. Replace with 0 if missing after 1989.,information_flow_or_positioning,US_equities_cross_section,Analyst,OpenSourceAP_SignalDoc_official,PLACEBO,COMPLETE,IMPORTED_NOT_RETESTED,NOT_STARTED,NOT_OPENED,NOT_STARTED,0.0,BLOCKED,Imported definition; original published evidence is not War Room proof.,"Not a focus of the paper.  Table 2 shows summary stats that suggest size adjusted returns are different by group, but no t-stats and size adjustment may affect each group differently."
OAP_PLACEBO_NETDEBTPRICE_Q,open_source_cross_sectional_asset_pricing,Net debt to price,"Long-term debt (dltt) plus debt in current liabilities (dlc) plus preferred stock (pstk) plus preferred dividends in arrears (dvpa) minus treasury stock (tstkp) minus cash and short-term investments (che), scaled by market value of equity. Exclude if SIC between 6000 and 6999, or if missing value for total assets (at), net income (ib), common shares outstanding (csho), book value of equity (ceq) or price close fiscal year (prcc\_f).  Keep only 3rd B/M Quintile, following Table 4 (and in contrast to Table 1).",cross_sectional_selection,US_equities_cross_section,Accounting,OpenSourceAP_SignalDoc_official,PLACEBO,COMPLETE,IMPORTED_NOT_RETESTED,NOT_STARTED,NOT_OPENED,NOT_STARTED,0.0,BLOCKED,Imported definition; original published evidence is not War Room proof.,"need to adjust sample dates: even though paper says it begins in 1962, there is only 1 stock for the first 5 months of 1962,"
OAP_PLACEBO_NETPAYOUTYIELD_Q,open_source_cross_sectional_asset_pricing,Net Payout Yield quarterly,"Dividends (dvc) plus purchase of common and preferred stock (prstkc) minus sale of common and preferred stock (sstk), divided by market value of equity.",value_capture,US_equities_cross_section,Accounting,OpenSourceAP_SignalDoc_official,PLACEBO,COMPLETE,IMPORTED_NOT_RETESTED,NOT_STARTED,NOT_OPENED,NOT_STARTED,0.0,BLOCKED,Imported definition; original published evidence is not War Room proof.,
OAP_PLACEBO_OPERPROFLAG,open_source_cross_sectional_asset_pricing,operating profits / book equity,"Revenue (revt) minus cost (cogs) - administrative expenses (xsga) - interest expenses (xint), scaled by lagged book value of equity (ceq). Exclude smallest size tercile.",value_capture,US_equities_cross_section,Accounting,OpenSourceAP_SignalDoc_official,PLACEBO,COMPLETE,IMPORTED_NOT_RETESTED,NOT_STARTED,NOT_OPENED,NOT_STARTED,0.0,BLOCKED,Imported definition; original published evidence is not War Room proof.,
OAP_PLACEBO_OPERPROFLAG_Q,open_source_cross_sectional_asset_pricing,operating profits / book equity,"Revenue (revtq) minus cost (cogsq) - administrative expenses (xsgaq) - interest expenses (xintq), scaled by equity. Equity is shareholder equity (seqq) if not missing. Otherwise, the sum of book equity (ceqq) and preferred stock (pstkq) if not missing. Otherwise, assets (atq) minus liabilities (ltq).",value_capture,US_equities_cross_section,Accounting,OpenSourceAP_SignalDoc_official,PLACEBO,COMPLETE,IMPORTED_NOT_RETESTED,NOT_STARTED,NOT_OPENED,NOT_STARTED,0.0,BLOCKED,Imported definition; original published evidence is not War Room proof.,
OAP_PLACEBO_OPERPROFRDLAGAT,open_source_cross_sectional_asset_pricing,Oper prof R&D adj lagged assets,"Revenue (revt) minus cost (cogs) - (administrative expenses (xsga) - R&D expenses (xrd)), all divided by total assets (at) in year t-1. Replace all variables in the numerator with 0 if they are missing. Exclude if share code is greater 11, market value of equity, BM or total assets are missing, or if SIC code between 6000 and 6999.",value_capture,US_equities_cross_section,Accounting,OpenSourceAP_SignalDoc_official,PLACEBO,COMPLETE,IMPORTED_NOT_RETESTED,NOT_STARTED,NOT_OPENED,NOT_STARTED,0.0,BLOCKED,Imported definition; original published evidence is not War Room proof.,
OAP_PLACEBO_OPERPROFRDLAGAT_Q,open_source_cross_sectional_asset_pricing,Oper prof R&D adj lagged assets (qtrly),"Revenue (revtq) minus cost (cogsq) - (administrative expenses (xsgaq) - R&D expenses (xrdq)), all divided by total assets (atq) in quarter t-1. Replace all variables in the numerator with 0 if they are missing. Exclude if share code is greater 11, market value of equity, BM or total assets are missing, or if SIC code between 6000 and 6999.",value_capture,US_equities_cross_section,Accounting,OpenSourceAP_SignalDoc_official,PLACEBO,COMPLETE,IMPORTED_NOT_RETESTED,NOT_STARTED,NOT_OPENED,NOT_STARTED,0.0,BLOCKED,Imported definition; original published evidence is not War Room proof.,
OAP_PLACEBO_OPLEVERAGE_Q,open_source_cross_sectional_asset_pricing,Operating leverage (qtrly),"Sum of administrative expenses (xsga) and cost of goods sold (cogs), scaled by total assets (at).  Use xsga = 0 if xsga is missing.",cross_sectional_selection,US_equities_cross_section,Accounting,OpenSourceAP_SignalDoc_official,PLACEBO,COMPLETE,IMPORTED_NOT_RETESTED,NOT_STARTED,NOT_OPENED,NOT_STARTED,0.0,BLOCKED,Imported definition; original published evidence is not War Room proof.,
OAP_PLACEBO_ORGCAPNOADJ,open_source_cross_sectional_asset_pricing,Org cap w/o industry adjustment,OrgCapAdj without the industry adjustment (see OrgCapAdj).,cross_sectional_selection,US_equities_cross_section,Accounting,OpenSourceAP_SignalDoc_official,PLACEBO,COMPLETE,IMPORTED_NOT_RETESTED,NOT_STARTED,NOT_OPENED,NOT_STARTED,0.0,BLOCKED,Imported definition; original published evidence is not War Room proof.,see OrgCapAdj
OAP_PLACEBO_OSCORE_Q,open_source_cross_sectional_asset_pricing,O Score quarterly,"OScore = -1.32 - .407*log(at/GNP deflator) + 6.03*(lt/at) - 1.43*( (act - lct)/at) + .076*(lct/act) - 1.72*I(lt > at) - 2.37*(ib/at) - 1.83*(fopt/lt) + .285*(ib + ib$_{t-12}$ + ib$_{t-24}$ < 0) -  .521*( (ib - ib$_{t-12}$)/(abs(ib) + .abs(ib$_{t-12}$)) ). fopt = oancf if fopt is missing.  Exclude Exclude if SIC code between 3999 and 4999, or greater than 5999. Exclude if price less than 5.  Then exclude if OScore is in bottom quintile of OScore (original paper shows non-monotonic returns, as does our replication)",vulnerability_or_range,US_equities_cross_section,Accounting,OpenSourceAP_SignalDoc_official,PLACEBO,COMPLETE,IMPORTED_NOT_RETESTED,NOT_STARTED,NOT_OPENED,NOT_STARTED,0.0,BLOCKED,Imported definition; original published evidence is not War Room proof.,
OAP_PLACEBO_PAYOUTYIELD_Q,open_source_cross_sectional_asset_pricing,Payout Yield quarterly,"Sum of dividends (dvc), purchase of common and preferred stock (prstkc) and max(preferred stock redemption value (pstkrv), 0), divided by lag(market value of equity, 6 months).  Exclude if PayoutYield $\leq$ 0.",value_capture,US_equities_cross_section,Accounting,OpenSourceAP_SignalDoc_official,PLACEBO,COMPLETE,IMPORTED_NOT_RETESTED,NOT_STARTED,NOT_OPENED,NOT_STARTED,0.0,BLOCKED,Imported definition; original published evidence is not War Room proof.,
OAP_PLACEBO_PCHCURRAT,open_source_cross_sectional_asset_pricing,Change in Current Ratio,One year growth of the current ratio (currat) defined as current total assets (act) divided by current total liabilities (lct).,value_capture,US_equities_cross_section,Accounting,OpenSourceAP_SignalDoc_official,PLACEBO,COMPLETE,IMPORTED_NOT_RETESTED,NOT_STARTED,NOT_OPENED,NOT_STARTED,0.0,BLOCKED,Imported definition; original published evidence is not War Room proof.,"probably weak.  Paper uses many variables to forecast earnings, model is then used to forecast returns,"
OAP_PLACEBO_PCHDEPR,open_source_cross_sectional_asset_pricing,Change in depreciation to PPE,"Annual percentage change in the ratio of depreciation (dp) to property, plant and equipment (ppent).",value_capture,US_equities_cross_section,Accounting,OpenSourceAP_SignalDoc_official,PLACEBO,COMPLETE,IMPORTED_NOT_RETESTED,NOT_STARTED,NOT_OPENED,NOT_STARTED,0.0,BLOCKED,Imported definition; original published evidence is not War Room proof.,"Paper fits a massive model to returns (Table 2), then sorts stocks based on predictions (Table 3).  Footnote 6 says depreciation divided by plant assets enters the models positively six times and negatively twice."
OAP_PLACEBO_PCHGM_PCHSALE,open_source_cross_sectional_asset_pricing,Change in gross margin vs sales,growth in (sale-cogs) minus growth in sale,value_capture,US_equities_cross_section,Accounting,OpenSourceAP_SignalDoc_official,PLACEBO,COMPLETE,IMPORTED_NOT_RETESTED,NOT_STARTED,NOT_OPENED,NOT_STARTED,0.0,BLOCKED,Imported definition; original published evidence is not War Room proof.,GrGMtoGrSales is closer to OP
OAP_PLACEBO_PCHQUICK,open_source_cross_sectional_asset_pricing,Change in quick ratio,"One year growth in quick ratio, defined as change between total current assets (act) and inventory (invt) scaled by the total current liabilities (lct).",value_capture,US_equities_cross_section,Accounting,OpenSourceAP_SignalDoc_official,PLACEBO,COMPLETE,IMPORTED_NOT_RETESTED,NOT_STARTED,NOT_OPENED,NOT_STARTED,0.0,BLOCKED,Imported definition; original published evidence is not War Room proof.,"probably weak.  Paper uses many variables to forecast earnings, model is then used to forecast returns,"
OAP_PLACEBO_PCHSALEINV,open_source_cross_sectional_asset_pricing,Change in sales to inventory,One year growth in sales (sale) to inventory (invt) ratio.,value_capture,US_equities_cross_section,Accounting,OpenSourceAP_SignalDoc_official,PLACEBO,COMPLETE,IMPORTED_NOT_RETESTED,NOT_STARTED,NOT_OPENED,NOT_STARTED,0.0,BLOCKED,Imported definition; original published evidence is not War Room proof.,"probably weak.  Paper uses many variables to forecast earnings, model is then used to forecast returns,"
OAP_PLACEBO_PM,open_source_cross_sectional_asset_pricing,Profit Margin,Net income (ni) over revenue (revt). Exclude if price less than 5.,value_capture,US_equities_cross_section,Accounting,OpenSourceAP_SignalDoc_official,PLACEBO,COMPLETE,IMPORTED_NOT_RETESTED,NOT_STARTED,NOT_OPENED,NOT_STARTED,0.0,BLOCKED,Imported definition; original published evidence is not War Room proof.,No predictive power in multivariate predictive regression (table 7). Not clear how it would play out as univariate hedge strategy.
OAP_PLACEBO_PM_Q,open_source_cross_sectional_asset_pricing,Profit Margin,Net income (ni) over revenue (revt). Exclude if price less than 5.,value_capture,US_equities_cross_section,Accounting,OpenSourceAP_SignalDoc_official,PLACEBO,COMPLETE,IMPORTED_NOT_RETESTED,NOT_STARTED,NOT_OPENED,NOT_STARTED,0.0,BLOCKED,Imported definition; original published evidence is not War Room proof.,
OAP_PLACEBO_PS_Q,open_source_cross_sectional_asset_pricing,Piotroski F-score,Sum of nine indicator variables which are: 1 if net income (ib) greater 0; 1 if net cash flow (oancf) greater 0; 1 if return on assets (ib/at) increased relative to previous year; 1 if net cash flow greater net income; 1 if long-term debt to assets (dltt/at) declined over the previous year;  if current assets to current liabilities (act/lct) increased over the previous year; 1 if ebit/sale (ebit = ib + txt + xint) increased over the previous year; 1 if revenue to assets increased over the previous year; 1 if shrout $\leq$ shrout last year. Include highest quintile of book-to-market only.  Exclude if missing any of the input variables.,cross_sectional_selection,US_equities_cross_section,Accounting,OpenSourceAP_SignalDoc_official,PLACEBO,COMPLETE,IMPORTED_NOT_RETESTED,NOT_STARTED,NOT_OPENED,NOT_STARTED,0.0,BLOCKED,Imported definition; original published evidence is not War Room proof.,"works very well if you value-weight! OP does not explicitly say if it is equal or value weighting, but it has extremely strong results similar to our VW,"
OAP_PLACEBO_QUICK,open_source_cross_sectional_asset_pricing,Quick ratio,Difference between current total assets (act) and total inventory (invt) all divided by the current total liabilities (lct).,cross_sectional_selection,US_equities_cross_section,Accounting,OpenSourceAP_SignalDoc_official,PLACEBO,COMPLETE,IMPORTED_NOT_RETESTED,NOT_STARTED,NOT_OPENED,NOT_STARTED,0.0,BLOCKED,Imported definition; original published evidence is not War Room proof.,"probably weak.  Paper uses many variables to forecast earnings, model is then used to forecast returns,"
OAP_PLACEBO_RD_Q,open_source_cross_sectional_asset_pricing,R&D over market cap quarterly,R&D expense (xrd) over market value of equity.,cross_sectional_selection,US_equities_cross_section,Accounting,OpenSourceAP_SignalDoc_official,PLACEBO,COMPLETE,IMPORTED_NOT_RETESTED,NOT_STARTED,NOT_OPENED,NOT_STARTED,0.0,BLOCKED,Imported definition; original published evidence is not War Room proof.,
OAP_PLACEBO_RD_SALE_Q,open_source_cross_sectional_asset_pricing,R&D to sales,One year lagged quarterly R&D (xrdq) divided by one year lagged quarterly sales (saleq).,cross_sectional_selection,US_equities_cross_section,Accounting,OpenSourceAP_SignalDoc_official,PLACEBO,COMPLETE,IMPORTED_NOT_RETESTED,NOT_STARTED,NOT_OPENED,NOT_STARTED,0.0,BLOCKED,Imported definition; original published evidence is not War Room proof.,
OAP_PLACEBO_RESIDUALMOMENTUM6M,open_source_cross_sectional_asset_pricing,6 month residual momentum,"Run a rolling regression over 36 months of excess return (retrf) on excess market return (mktrf), size and value factors (smb, hml) and compute idiosyncratic returns as the one-month lagged residual. ResidualMomentum is the rolling mean of the residual divided by the rolling standard deviation of the residual, both computed over the past 6 months.",direction,US_equities_cross_section,Price,OpenSourceAP_SignalDoc_official,PLACEBO,COMPLETE,IMPORTED_NOT_RETESTED,NOT_STARTED,NOT_OPENED,NOT_STARTED,0.0,BLOCKED,Imported definition; original published evidence is not War Room proof.,"OP only uses 12m version.  It turns out that 6m residual momentum is very much like the standard 12m version, but I suppose it could have turned out differently."
OAP_PLACEBO_RETNOA,open_source_cross_sectional_asset_pricing,Return on Net Operating Assets,Net income (ni) over revenue (revt). Exclude if price less than 5.,cross_sectional_selection,US_equities_cross_section,Accounting,OpenSourceAP_SignalDoc_official,PLACEBO,COMPLETE,IMPORTED_NOT_RETESTED,NOT_STARTED,NOT_OPENED,NOT_STARTED,0.0,BLOCKED,Imported definition; original published evidence is not War Room proof.,"Tab 7 RNOA, insignificant with many controls,"
OAP_PLACEBO_RETNOA_Q,open_source_cross_sectional_asset_pricing,Return on Net Operating Assets,Net income (ni) over revenue (revt). Exclude if price less than 5.,cross_sectional_selection,US_equities_cross_section,Accounting,OpenSourceAP_SignalDoc_official,PLACEBO,COMPLETE,IMPORTED_NOT_RETESTED,NOT_STARTED,NOT_OPENED,NOT_STARTED,0.0,BLOCKED,Imported definition; original published evidence is not War Room proof.,
OAP_PLACEBO_RETURNSKEWCAPM,open_source_cross_sectional_asset_pricing,Idiosyncratic skewness (CAPM),Skewness of idiosyncratic returns computed as residuals from regression of daily excess returns (ret - rf) on market factor (mktrf) over the previous month. We require at least 15 non-missing observations.,vulnerability_or_range,US_equities_cross_section,Price,OpenSourceAP_SignalDoc_official,PLACEBO,COMPLETE,IMPORTED_NOT_RETESTED,NOT_STARTED,NOT_OPENED,NOT_STARTED,0.0,BLOCKED,Imported definition; original published evidence is not War Room proof.,OP uses 3F
OAP_PLACEBO_RETURNSKEWQF,open_source_cross_sectional_asset_pricing,Idiosyncratic skewness (Q model),"Skewness of idiosyncratic returns computed as residuals from regression of daily excess returns (ret - rf) on q-factors (r\_mkt, r\_me, r\_ia, r\_roe) over the previous month. We require at least 15 non-missing observations. We download q-factor data from \url{http://global-q.org/index.html}.",vulnerability_or_range,US_equities_cross_section,Price,OpenSourceAP_SignalDoc_official,PLACEBO,COMPLETE,IMPORTED_NOT_RETESTED,NOT_STARTED,NOT_OPENED,NOT_STARTED,0.0,BLOCKED,Imported definition; original published evidence is not War Room proof.,OP uses 3F
OAP_PLACEBO_ROAVOL,open_source_cross_sectional_asset_pricing,RoA volatility,Rolling standard deviation of quarterly return on assets (roaq) over 4 years (minimum 2 years).,vulnerability_or_range,US_equities_cross_section,Accounting,OpenSourceAP_SignalDoc_official,PLACEBO,COMPLETE,IMPORTED_NOT_RETESTED,NOT_STARTED,NOT_OPENED,NOT_STARTED,0.0,BLOCKED,Imported definition; original published evidence is not War Room proof.,Table 5 regresses cost of equity proxies (e.g. beta) on various earnings attributes.
OAP_PLACEBO_SALECASH,open_source_cross_sectional_asset_pricing,Sales to cash ratio,Sales (sale) divided by cash and short-term investments (che).,value_capture,US_equities_cross_section,Accounting,OpenSourceAP_SignalDoc_official,PLACEBO,COMPLETE,IMPORTED_NOT_RETESTED,NOT_STARTED,NOT_OPENED,NOT_STARTED,0.0,BLOCKED,Imported definition; original published evidence is not War Room proof.,"probably weak.  Paper uses many variables to forecast earnings, model is then used to forecast returns,"
OAP_PLACEBO_SALEINV,open_source_cross_sectional_asset_pricing,Sales to inventory,Sales (sale) divded by total inventory (invt).,value_capture,US_equities_cross_section,Accounting,OpenSourceAP_SignalDoc_official,PLACEBO,COMPLETE,IMPORTED_NOT_RETESTED,NOT_STARTED,NOT_OPENED,NOT_STARTED,0.0,BLOCKED,Imported definition; original published evidence is not War Room proof.,"probably weak.  Paper uses many variables to forecast earnings, model is then used to forecast returns,"
OAP_PLACEBO_SALEREC,open_source_cross_sectional_asset_pricing,Sales to receivables,Sales (sale) divded by total receivables (rect).,value_capture,US_equities_cross_section,Accounting,OpenSourceAP_SignalDoc_official,PLACEBO,COMPLETE,IMPORTED_NOT_RETESTED,NOT_STARTED,NOT_OPENED,NOT_STARTED,0.0,BLOCKED,Imported definition; original published evidence is not War Room proof.,"probably weak.  Paper uses many variables to forecast earnings, model is then used to forecast returns,"
OAP_PLACEBO_SECURED,open_source_cross_sectional_asset_pricing,Secured debt,Debt/mortgages and other secured (dm) divided by long-term liabilities (dltt) plus current liabilities (dlc). Replace with 0 if missing.,cross_sectional_selection,US_equities_cross_section,Accounting,OpenSourceAP_SignalDoc_official,PLACEBO,COMPLETE,IMPORTED_NOT_RETESTED,NOT_STARTED,NOT_OPENED,NOT_STARTED,0.0,BLOCKED,Imported definition; original published evidence is not War Room proof.,Tab 5B shows sign of predictability depends on Z-score quartile.  One could improve this portfolio by focusing on low Z-score.
OAP_PLACEBO_SECUREDIND,open_source_cross_sectional_asset_pricing,Secured debt indicator,"Binary version of secured. 1 if secured greater than 0, 0 otherwise.",cross_sectional_selection,US_equities_cross_section,Accounting,OpenSourceAP_SignalDoc_official,PLACEBO,COMPLETE,IMPORTED_NOT_RETESTED,NOT_STARTED,NOT_OPENED,NOT_STARTED,0.0,BLOCKED,Imported definition; original published evidence is not War Room proof.,Doesn't seem to be in the paper.
OAP_PLACEBO_SGR,open_source_cross_sectional_asset_pricing,Annual sales growth,Sales (sale) relative to t-1.,cross_sectional_selection,US_equities_cross_section,Accounting,OpenSourceAP_SignalDoc_official,PLACEBO,COMPLETE,IMPORTED_NOT_RETESTED,NOT_STARTED,NOT_OPENED,NOT_STARTED,0.0,BLOCKED,Imported definition; original published evidence is not War Room proof.,"Variation of meanrankrevgrowth.  Original paper uses only 5-year growth.  Included to match HXZ,"
OAP_PLACEBO_SGR_Q,open_source_cross_sectional_asset_pricing,Annual sales growth quarterly,Sales (sale) relative to t-1.,cross_sectional_selection,US_equities_cross_section,Accounting,OpenSourceAP_SignalDoc_official,PLACEBO,COMPLETE,IMPORTED_NOT_RETESTED,NOT_STARTED,NOT_OPENED,NOT_STARTED,0.0,BLOCKED,Imported definition; original published evidence is not War Room proof.,
OAP_PLACEBO_SP_Q,open_source_cross_sectional_asset_pricing,Sales-to-price quarterly,Ratio of annual sales (sale) to market value of equity.,value_capture,US_equities_cross_section,Accounting,OpenSourceAP_SignalDoc_official,PLACEBO,COMPLETE,IMPORTED_NOT_RETESTED,NOT_STARTED,NOT_OPENED,NOT_STARTED,0.0,BLOCKED,Imported definition; original published evidence is not War Room proof.,
OAP_PLACEBO_TANG_Q,open_source_cross_sectional_asset_pricing,Tangibility quarterly,"Cash and short-term investments (che) plus .715*receivables (rect) + .547*inventory (invt) + .535* property, plant and equipment (ppent), scaled by total assets (at). Only defined for manufacturing firms (SIC $\geq$ 2000 and SIC <4000). Exclude the lowest tercile of manufacturing firms by total assets.",cross_sectional_selection,US_equities_cross_section,Accounting,OpenSourceAP_SignalDoc_official,PLACEBO,COMPLETE,IMPORTED_NOT_RETESTED,NOT_STARTED,NOT_OPENED,NOT_STARTED,0.0,BLOCKED,Imported definition; original published evidence is not War Room proof.,
OAP_PLACEBO_TAX_Q,open_source_cross_sectional_asset_pricing,Taxable income to income (qtrly),"Ratio of Taxes paid and tax share of net income. Numerator is defined as the sum of foreign (txfo) and federal (txfed) income taxes. If either one is missing, numerator is defined as total taxes (txt) minus deferred taxes (txdi). Denominator is the product of the prevailing tax rate and net income (ib). Tax rate is .48 before 1979, .46 from 1979 to 1986, .4 in 1987, .34 between 1988 and 1992 and .35 from 1993 onwards. If net income is negative, and the numerator is positive, tax is defined as 1. Exclude if price less than 5.",cross_sectional_selection,US_equities_cross_section,Accounting,OpenSourceAP_SignalDoc_official,PLACEBO,COMPLETE,IMPORTED_NOT_RETESTED,NOT_STARTED,NOT_OPENED,NOT_STARTED,0.0,BLOCKED,Imported definition; original published evidence is not War Room proof.,
OAP_PLACEBO_WW_Q,open_source_cross_sectional_asset_pricing,Whited-Wu index,Group data by 3 digit SIC code and month to compute total sales (saleq) by industry. Calculate the Whited-Wu index as -0.091*(quarterly income before extraordninary items (ibq) + quarterly depreciation and amortizarion (dpq)) / (quarterly assets(atq)) - 0.062( if the quarterly dividends per share (dvpsxq) is not missing and greater than 0) + 0.021 * quarterly long-term debt (dlttq) / atq - 0.044 * log(atq) + 0.102 * (four-quarter growth of quarterly Industry Sales) - 0.035 * (one-quarter growth of quarterly sales (saleq)).,cross_sectional_selection,US_equities_cross_section,Accounting,OpenSourceAP_SignalDoc_official,PLACEBO,COMPLETE,IMPORTED_NOT_RETESTED,NOT_STARTED,NOT_OPENED,NOT_STARTED,0.0,BLOCKED,Imported definition; original published evidence is not War Room proof.,"Insignificant in original paper,"
OAP_PLACEBO_ZSCORE_Q,open_source_cross_sectional_asset_pricing,Altman Z-Score quarterly,"1.2*(current assets (act) - current liabilities (lct))/total assets (at) + 1.4*(Retained earnings (re)/total assets (at)) + 3.3*(net income (ni) + interest expense (xint) + total taxes (txt))/total assets (at) +  .6*(market value of equity/Total liabilities (lt)) + revenue (revt)/ total assets (at). Include only NYSE stocks. Exclude if SIC code between 4000 and 4999, or above 5999.  Exclude if ZScore is in bottom quintile of ZScore (original paper shows non-monotonic returns, as does our replication)",vulnerability_or_range,US_equities_cross_section,Accounting,OpenSourceAP_SignalDoc_official,PLACEBO,COMPLETE,IMPORTED_NOT_RETESTED,NOT_STARTED,NOT_OPENED,NOT_STARTED,0.0,BLOCKED,Imported definition; original published evidence is not War Room proof.,
CUR_CREDIT_LEVERAGE_FRAGILITY_CREDIT_TO_GDP_GAP,credit_leverage_fragility,credit_to_gdp_gap,credit_to_gdp_gap,structural_vulnerability,cross_market|US|IHSG|FX,BIS|FRED|central_bank|bank filings,curated_primary_literature,,COMPLETE,MAPPED_NOT_TESTED,NOT_STARTED,NOT_OPENED,NOT_STARTED,0.0,BLOCKED,Candidate hypothesis only until frozen OOS/lockbox and prospective evidence.,
CUR_CREDIT_LEVERAGE_FRAGILITY_DEBT_SERVICE_RATIO,credit_leverage_fragility,debt_service_ratio,debt_service_ratio,structural_vulnerability,cross_market|US|IHSG|FX,BIS|FRED|central_bank|bank filings,curated_primary_literature,,COMPLETE,MAPPED_NOT_TESTED,NOT_STARTED,NOT_OPENED,NOT_STARTED,0.0,BLOCKED,Candidate hypothesis only until frozen OOS/lockbox and prospective evidence.,
CUR_CREDIT_LEVERAGE_FRAGILITY_HOUSEHOLD_DEBT_SERVICE,credit_leverage_fragility,household_debt_service,household_debt_service,structural_vulnerability,cross_market|US|IHSG|FX,BIS|FRED|central_bank|bank filings,curated_primary_literature,,COMPLETE,MAPPED_NOT_TESTED,NOT_STARTED,NOT_OPENED,NOT_STARTED,0.0,BLOCKED,Candidate hypothesis only until frozen OOS/lockbox and prospective evidence.,
CUR_CREDIT_LEVERAGE_FRAGILITY_CORPORATE_INTEREST_COVERAGE,credit_leverage_fragility,corporate_interest_coverage,corporate_interest_coverage,structural_vulnerability,cross_market|US|IHSG|FX,BIS|FRED|central_bank|bank filings,curated_primary_literature,,COMPLETE,MAPPED_NOT_TESTED,NOT_STARTED,NOT_OPENED,NOT_STARTED,0.0,BLOCKED,Candidate hypothesis only until frozen OOS/lockbox and prospective evidence.,
CUR_CREDIT_LEVERAGE_FRAGILITY_REFINANCING_WALL,credit_leverage_fragility,refinancing_wall,refinancing_wall,structural_vulnerability,cross_market|US|IHSG|FX,BIS|FRED|central_bank|bank filings,curated_primary_literature,,COMPLETE,MAPPED_NOT_TESTED,NOT_STARTED,NOT_OPENED,NOT_STARTED,0.0,BLOCKED,Candidate hypothesis only until frozen OOS/lockbox and prospective evidence.,
CUR_CREDIT_LEVERAGE_FRAGILITY_CREDIT_GROWTH_X_ASSET_PRICE_GROWTH,credit_leverage_fragility,credit_growth_x_asset_price_growth,credit_growth_x_asset_price_growth,structural_vulnerability,cross_market|US|IHSG|FX,BIS|FRED|central_bank|bank filings,curated_primary_literature,,COMPLETE,MAPPED_NOT_TESTED,NOT_STARTED,NOT_OPENED,NOT_STARTED,0.0,BLOCKED,Candidate hypothesis only until frozen OOS/lockbox and prospective evidence.,
CUR_CREDIT_LEVERAGE_FRAGILITY_NONTRADABLE_CREDIT_ALLOCATION,credit_leverage_fragility,nontradable_credit_allocation,nontradable_credit_allocation,structural_vulnerability,cross_market|US|IHSG|FX,BIS|FRED|central_bank|bank filings,curated_primary_literature,,COMPLETE,MAPPED_NOT_TESTED,NOT_STARTED,NOT_OPENED,NOT_STARTED,0.0,BLOCKED,Candidate hypothesis only until frozen OOS/lockbox and prospective evidence.,
CUR_CREDIT_LEVERAGE_FRAGILITY_LEVERAGED_LOAN_STRESS,credit_leverage_fragility,leveraged_loan_stress,leveraged_loan_stress,structural_vulnerability,cross_market|US|IHSG|FX,BIS|FRED|central_bank|bank filings,curated_primary_literature,,COMPLETE,MAPPED_NOT_TESTED,NOT_STARTED,NOT_OPENED,NOT_STARTED,0.0,BLOCKED,Candidate hypothesis only until frozen OOS/lockbox and prospective evidence.,
CUR_CREDIT_LEVERAGE_FRAGILITY_PRIVATE_CREDIT_MARK_TO_MODEL_GAP,credit_leverage_fragility,private_credit_mark_to_model_gap,private_credit_mark_to_model_gap,structural_vulnerability,cross_market|US|IHSG|FX,BIS|FRED|central_bank|bank filings,curated_primary_literature,,COMPLETE,MAPPED_NOT_TESTED,NOT_STARTED,NOT_OPENED,NOT_STARTED,0.0,BLOCKED,Candidate hypothesis only until frozen OOS/lockbox and prospective evidence.,
CUR_CREDIT_LEVERAGE_FRAGILITY_COLLATERAL_VALUE_SENSITIVITY,credit_leverage_fragility,collateral_value_sensitivity,collateral_value_sensitivity,structural_vulnerability,cross_market|US|IHSG|FX,BIS|FRED|central_bank|bank filings,curated_primary_literature,,COMPLETE,MAPPED_NOT_TESTED,NOT_STARTED,NOT_OPENED,NOT_STARTED,0.0,BLOCKED,Candidate hypothesis only until frozen OOS/lockbox and prospective evidence.,
CUR_CREDIT_LEVERAGE_FRAGILITY_BANK_WHOLESALE_FUNDING_DEPENDENCE,credit_leverage_fragility,bank_wholesale_funding_dependence,bank_wholesale_funding_dependence,structural_vulnerability,cross_market|US|IHSG|FX,BIS|FRED|central_bank|bank filings,curated_primary_literature,,COMPLETE,MAPPED_NOT_TESTED,NOT_STARTED,NOT_OPENED,NOT_STARTED,0.0,BLOCKED,Candidate hypothesis only until frozen OOS/lockbox and prospective evidence.,
CUR_CREDIT_LEVERAGE_FRAGILITY_MATURITY_MISMATCH,credit_leverage_fragility,maturity_mismatch,maturity_mismatch,structural_vulnerability,cross_market|US|IHSG|FX,BIS|FRED|central_bank|bank filings,curated_primary_literature,,COMPLETE,MAPPED_NOT_TESTED,NOT_STARTED,NOT_OPENED,NOT_STARTED,0.0,BLOCKED,Candidate hypothesis only until frozen OOS/lockbox and prospective evidence.,
CUR_CREDIT_LEVERAGE_FRAGILITY_FOREIGN_CURRENCY_DEBT_MISMATCH,credit_leverage_fragility,foreign_currency_debt_mismatch,foreign_currency_debt_mismatch,structural_vulnerability,cross_market|US|IHSG|FX,BIS|FRED|central_bank|bank filings,curated_primary_literature,,COMPLETE,MAPPED_NOT_TESTED,NOT_STARTED,NOT_OPENED,NOT_STARTED,0.0,BLOCKED,Candidate hypothesis only until frozen OOS/lockbox and prospective evidence.,
CUR_CREDIT_LEVERAGE_FRAGILITY_CREDIT_IMPULSE,credit_leverage_fragility,credit_impulse,credit_impulse,structural_vulnerability,cross_market|US|IHSG|FX,BIS|FRED|central_bank|bank filings,curated_primary_literature,,COMPLETE,MAPPED_NOT_TESTED,NOT_STARTED,NOT_OPENED,NOT_STARTED,0.0,BLOCKED,Candidate hypothesis only until frozen OOS/lockbox and prospective evidence.,
CUR_CREDIT_LEVERAGE_FRAGILITY_LENDING_STANDARDS,credit_leverage_fragility,lending_standards,lending_standards,structural_vulnerability,cross_market|US|IHSG|FX,BIS|FRED|central_bank|bank filings,curated_primary_literature,,COMPLETE,MAPPED_NOT_TESTED,NOT_STARTED,NOT_OPENED,NOT_STARTED,0.0,BLOCKED,Candidate hypothesis only until frozen OOS/lockbox and prospective evidence.,
CUR_CREDIT_LEVERAGE_FRAGILITY_DELINQUENCY_TRANSITION,credit_leverage_fragility,delinquency_transition,delinquency_transition,structural_vulnerability,cross_market|US|IHSG|FX,BIS|FRED|central_bank|bank filings,curated_primary_literature,,COMPLETE,MAPPED_NOT_TESTED,NOT_STARTED,NOT_OPENED,NOT_STARTED,0.0,BLOCKED,Candidate hypothesis only until frozen OOS/lockbox and prospective evidence.,
CUR_CREDIT_LEVERAGE_FRAGILITY_BANK_CAPITAL_BUFFER,credit_leverage_fragility,bank_capital_buffer,bank_capital_buffer,structural_vulnerability,cross_market|US|IHSG|FX,BIS|FRED|central_bank|bank filings,curated_primary_literature,,COMPLETE,MAPPED_NOT_TESTED,NOT_STARTED,NOT_OPENED,NOT_STARTED,0.0,BLOCKED,Candidate hypothesis only until frozen OOS/lockbox and prospective evidence.,
CUR_CREDIT_LEVERAGE_FRAGILITY_SHADOW_BANK_LEVERAGE,credit_leverage_fragility,shadow_bank_leverage,shadow_bank_leverage,structural_vulnerability,cross_market|US|IHSG|FX,BIS|FRED|central_bank|bank filings,curated_primary_literature,,COMPLETE,MAPPED_NOT_TESTED,NOT_STARTED,NOT_OPENED,NOT_STARTED,0.0,BLOCKED,Candidate hypothesis only until frozen OOS/lockbox and prospective evidence.,
CUR_CREDIT_LEVERAGE_FRAGILITY_MARGIN_DEBT,credit_leverage_fragility,margin_debt,margin_debt,structural_vulnerability,cross_market|US|IHSG|FX,BIS|FRED|central_bank|bank filings,curated_primary_literature,,COMPLETE,MAPPED_NOT_TESTED,NOT_STARTED,NOT_OPENED,NOT_STARTED,0.0,BLOCKED,Candidate hypothesis only until frozen OOS/lockbox and prospective evidence.,
CUR_CREDIT_LEVERAGE_FRAGILITY_HOUSING_CREDIT_BOOM,credit_leverage_fragility,housing_credit_boom,housing_credit_boom,structural_vulnerability,cross_market|US|IHSG|FX,BIS|FRED|central_bank|bank filings,curated_primary_literature,,COMPLETE,MAPPED_NOT_TESTED,NOT_STARTED,NOT_OPENED,NOT_STARTED,0.0,BLOCKED,Candidate hypothesis only until frozen OOS/lockbox and prospective evidence.,
CUR_CREDIT_LEVERAGE_FRAGILITY_COMMERCIAL_REAL_ESTATE_REFINANCING,credit_leverage_fragility,commercial_real_estate_refinancing,commercial_real_estate_refinancing,structural_vulnerability,cross_market|US|IHSG|FX,BIS|FRED|central_bank|bank filings,curated_primary_literature,,COMPLETE,MAPPED_NOT_TESTED,NOT_STARTED,NOT_OPENED,NOT_STARTED,0.0,BLOCKED,Candidate hypothesis only until frozen OOS/lockbox and prospective evidence.,
CUR_CREDIT_LEVERAGE_FRAGILITY_SOVEREIGN_BANK_DOOM_LOOP,credit_leverage_fragility,sovereign_bank_doom_loop,sovereign_bank_doom_loop,structural_vulnerability,cross_market|US|IHSG|FX,BIS|FRED|central_bank|bank filings,curated_primary_literature,,COMPLETE,MAPPED_NOT_TESTED,NOT_STARTED,NOT_OPENED,NOT_STARTED,0.0,BLOCKED,Candidate hypothesis only until frozen OOS/lockbox and prospective evidence.,
CUR_CREDIT_LEVERAGE_FRAGILITY_CREDIT_DISPERSION,credit_leverage_fragility,credit_dispersion,credit_dispersion,structural_vulnerability,cross_market|US|IHSG|FX,BIS|FRED|central_bank|bank filings,curated_primary_literature,,COMPLETE,MAPPED_NOT_TESTED,NOT_STARTED,NOT_OPENED,NOT_STARTED,0.0,BLOCKED,Candidate hypothesis only until frozen OOS/lockbox and prospective evidence.,
CUR_CREDIT_LEVERAGE_FRAGILITY_BANK_CONCENTRATION,credit_leverage_fragility,bank_concentration,bank_concentration,structural_vulnerability,cross_market|US|IHSG|FX,BIS|FRED|central_bank|bank filings,curated_primary_literature,,COMPLETE,MAPPED_NOT_TESTED,NOT_STARTED,NOT_OPENED,NOT_STARTED,0.0,BLOCKED,Candidate hypothesis only until frozen OOS/lockbox and prospective evidence.,
CUR_FUNDING_LIQUIDITY_SPIRAL_REPO_SPREAD,funding_liquidity_spiral,repo_spread,repo_spread,trigger_or_amplification,cross_market|US|FX|rates|crypto,market microstructure|funding|balance sheet,curated_primary_literature,,COMPLETE,MAPPED_NOT_TESTED,NOT_STARTED,NOT_OPENED,NOT_STARTED,0.0,BLOCKED,Candidate hypothesis only until frozen OOS/lockbox and prospective evidence.,
CUR_FUNDING_LIQUIDITY_SPIRAL_CROSS_CURRENCY_BASIS,funding_liquidity_spiral,cross_currency_basis,cross_currency_basis,trigger_or_amplification,cross_market|US|FX|rates|crypto,market microstructure|funding|balance sheet,curated_primary_literature,,COMPLETE,MAPPED_NOT_TESTED,NOT_STARTED,NOT_OPENED,NOT_STARTED,0.0,BLOCKED,Candidate hypothesis only until frozen OOS/lockbox and prospective evidence.,
CUR_FUNDING_LIQUIDITY_SPIRAL_DEALER_BALANCE_SHEET_CAPACITY,funding_liquidity_spiral,dealer_balance_sheet_capacity,dealer_balance_sheet_capacity,trigger_or_amplification,cross_market|US|FX|rates|crypto,market microstructure|funding|balance sheet,curated_primary_literature,,COMPLETE,MAPPED_NOT_TESTED,NOT_STARTED,NOT_OPENED,NOT_STARTED,0.0,BLOCKED,Candidate hypothesis only until frozen OOS/lockbox and prospective evidence.,
CUR_FUNDING_LIQUIDITY_SPIRAL_TREASURY_BASIS_CROWDING,funding_liquidity_spiral,treasury_basis_crowding,treasury_basis_crowding,trigger_or_amplification,cross_market|US|FX|rates|crypto,market microstructure|funding|balance sheet,curated_primary_literature,,COMPLETE,MAPPED_NOT_TESTED,NOT_STARTED,NOT_OPENED,NOT_STARTED,0.0,BLOCKED,Candidate hypothesis only until frozen OOS/lockbox and prospective evidence.,
CUR_FUNDING_LIQUIDITY_SPIRAL_SWAP_SPREAD_DISLOCATION,funding_liquidity_spiral,swap_spread_dislocation,swap_spread_dislocation,trigger_or_amplification,cross_market|US|FX|rates|crypto,market microstructure|funding|balance sheet,curated_primary_literature,,COMPLETE,MAPPED_NOT_TESTED,NOT_STARTED,NOT_OPENED,NOT_STARTED,0.0,BLOCKED,Candidate hypothesis only until frozen OOS/lockbox and prospective evidence.,
CUR_FUNDING_LIQUIDITY_SPIRAL_MARKET_DEPTH_PER_UNIT_VOLATILITY,funding_liquidity_spiral,market_depth_per_unit_volatility,market_depth_per_unit_volatility,trigger_or_amplification,cross_market|US|FX|rates|crypto,market microstructure|funding|balance sheet,curated_primary_literature,,COMPLETE,MAPPED_NOT_TESTED,NOT_STARTED,NOT_OPENED,NOT_STARTED,0.0,BLOCKED,Candidate hypothesis only until frozen OOS/lockbox and prospective evidence.,
CUR_FUNDING_LIQUIDITY_SPIRAL_PRICE_IMPACT,funding_liquidity_spiral,price_impact,price_impact,trigger_or_amplification,cross_market|US|FX|rates|crypto,market microstructure|funding|balance sheet,curated_primary_literature,,COMPLETE,MAPPED_NOT_TESTED,NOT_STARTED,NOT_OPENED,NOT_STARTED,0.0,BLOCKED,Candidate hypothesis only until frozen OOS/lockbox and prospective evidence.,
CUR_FUNDING_LIQUIDITY_SPIRAL_BID_ASK_STRESS,funding_liquidity_spiral,bid_ask_stress,bid_ask_stress,trigger_or_amplification,cross_market|US|FX|rates|crypto,market microstructure|funding|balance sheet,curated_primary_literature,,COMPLETE,MAPPED_NOT_TESTED,NOT_STARTED,NOT_OPENED,NOT_STARTED,0.0,BLOCKED,Candidate hypothesis only until frozen OOS/lockbox and prospective evidence.,
CUR_FUNDING_LIQUIDITY_SPIRAL_FUNDING_LIQUIDITY_INTERACTION,funding_liquidity_spiral,funding_liquidity_interaction,funding_liquidity_interaction,trigger_or_amplification,cross_market|US|FX|rates|crypto,market microstructure|funding|balance sheet,curated_primary_literature,,COMPLETE,MAPPED_NOT_TESTED,NOT_STARTED,NOT_OPENED,NOT_STARTED,0.0,BLOCKED,Candidate hypothesis only until frozen OOS/lockbox and prospective evidence.,
CUR_FUNDING_LIQUIDITY_SPIRAL_HAIRCUT_PROXY,funding_liquidity_spiral,haircut_proxy,haircut_proxy,trigger_or_amplification,cross_market|US|FX|rates|crypto,market microstructure|funding|balance sheet,curated_primary_literature,,COMPLETE,MAPPED_NOT_TESTED,NOT_STARTED,NOT_OPENED,NOT_STARTED,0.0,BLOCKED,Candidate hypothesis only until frozen OOS/lockbox and prospective evidence.,
CUR_FUNDING_LIQUIDITY_SPIRAL_MARGIN_SPIRAL_PROXY,funding_liquidity_spiral,margin_spiral_proxy,margin_spiral_proxy,trigger_or_amplification,cross_market|US|FX|rates|crypto,market microstructure|funding|balance sheet,curated_primary_literature,,COMPLETE,MAPPED_NOT_TESTED,NOT_STARTED,NOT_OPENED,NOT_STARTED,0.0,BLOCKED,Candidate hypothesis only until frozen OOS/lockbox and prospective evidence.,
CUR_FUNDING_LIQUIDITY_SPIRAL_FORCED_DELEVERAGING,funding_liquidity_spiral,forced_deleveraging,forced_deleveraging,trigger_or_amplification,cross_market|US|FX|rates|crypto,market microstructure|funding|balance sheet,curated_primary_literature,,COMPLETE,MAPPED_NOT_TESTED,NOT_STARTED,NOT_OPENED,NOT_STARTED,0.0,BLOCKED,Candidate hypothesis only until frozen OOS/lockbox and prospective evidence.,
CUR_FUNDING_LIQUIDITY_SPIRAL_LIQUIDITY_COMMONALITY,funding_liquidity_spiral,liquidity_commonality,liquidity_commonality,trigger_or_amplification,cross_market|US|FX|rates|crypto,market microstructure|funding|balance sheet,curated_primary_literature,,COMPLETE,MAPPED_NOT_TESTED,NOT_STARTED,NOT_OPENED,NOT_STARTED,0.0,BLOCKED,Candidate hypothesis only until frozen OOS/lockbox and prospective evidence.,
CUR_FUNDING_LIQUIDITY_SPIRAL_ETF_NAV_DISLOCATION,funding_liquidity_spiral,ETF_NAV_dislocation,ETF_NAV_dislocation,trigger_or_amplification,cross_market|US|FX|rates|crypto,market microstructure|funding|balance sheet,curated_primary_literature,,COMPLETE,MAPPED_NOT_TESTED,NOT_STARTED,NOT_OPENED,NOT_STARTED,0.0,BLOCKED,Candidate hypothesis only until frozen OOS/lockbox and prospective evidence.,
CUR_FUNDING_LIQUIDITY_SPIRAL_CASH_FUTURES_BASIS,funding_liquidity_spiral,cash_futures_basis,cash_futures_basis,trigger_or_amplification,cross_market|US|FX|rates|crypto,market microstructure|funding|balance sheet,curated_primary_literature,,COMPLETE,MAPPED_NOT_TESTED,NOT_STARTED,NOT_OPENED,NOT_STARTED,0.0,BLOCKED,Candidate hypothesis only until frozen OOS/lockbox and prospective evidence.,
CUR_FUNDING_LIQUIDITY_SPIRAL_FAILS_TO_DELIVER,funding_liquidity_spiral,fails_to_deliver,fails_to_deliver,trigger_or_amplification,cross_market|US|FX|rates|crypto,market microstructure|funding|balance sheet,curated_primary_literature,,COMPLETE,MAPPED_NOT_TESTED,NOT_STARTED,NOT_OPENED,NOT_STARTED,0.0,BLOCKED,Candidate hypothesis only until frozen OOS/lockbox and prospective evidence.,
CUR_FUNDING_LIQUIDITY_SPIRAL_SETTLEMENT_STRESS,funding_liquidity_spiral,settlement_stress,settlement_stress,trigger_or_amplification,cross_market|US|FX|rates|crypto,market microstructure|funding|balance sheet,curated_primary_literature,,COMPLETE,MAPPED_NOT_TESTED,NOT_STARTED,NOT_OPENED,NOT_STARTED,0.0,BLOCKED,Candidate hypothesis only until frozen OOS/lockbox and prospective evidence.,
CUR_FUNDING_LIQUIDITY_SPIRAL_COLLATERAL_SCARCITY,funding_liquidity_spiral,collateral_scarcity,collateral_scarcity,trigger_or_amplification,cross_market|US|FX|rates|crypto,market microstructure|funding|balance sheet,curated_primary_literature,,COMPLETE,MAPPED_NOT_TESTED,NOT_STARTED,NOT_OPENED,NOT_STARTED,0.0,BLOCKED,Candidate hypothesis only until frozen OOS/lockbox and prospective evidence.,
CUR_FUNDING_LIQUIDITY_SPIRAL_CENTRAL_BANK_RESERVE_SCARCITY,funding_liquidity_spiral,central_bank_reserve_scarcity,central_bank_reserve_scarcity,trigger_or_amplification,cross_market|US|FX|rates|crypto,market microstructure|funding|balance sheet,curated_primary_literature,,COMPLETE,MAPPED_NOT_TESTED,NOT_STARTED,NOT_OPENED,NOT_STARTED,0.0,BLOCKED,Candidate hypothesis only until frozen OOS/lockbox and prospective evidence.,
CUR_FUNDING_LIQUIDITY_SPIRAL_DOLLAR_FUNDING_STRESS,funding_liquidity_spiral,dollar_funding_stress,dollar_funding_stress,trigger_or_amplification,cross_market|US|FX|rates|crypto,market microstructure|funding|balance sheet,curated_primary_literature,,COMPLETE,MAPPED_NOT_TESTED,NOT_STARTED,NOT_OPENED,NOT_STARTED,0.0,BLOCKED,Candidate hypothesis only until frozen OOS/lockbox and prospective evidence.,
CUR_FUNDING_LIQUIDITY_SPIRAL_LIQUIDITY_ADJUSTED_CORRELATION_SPIKE,funding_liquidity_spiral,liquidity_adjusted_correlation_spike,liquidity_adjusted_correlation_spike,trigger_or_amplification,cross_market|US|FX|rates|crypto,market microstructure|funding|balance sheet,curated_primary_literature,,COMPLETE,MAPPED_NOT_TESTED,NOT_STARTED,NOT_OPENED,NOT_STARTED,0.0,BLOCKED,Candidate hypothesis only until frozen OOS/lockbox and prospective evidence.,
CUR_FUNDING_LIQUIDITY_SPIRAL_VOL_CONTROL_DELEVERAGING,funding_liquidity_spiral,vol_control_deleveraging,vol_control_deleveraging,trigger_or_amplification,cross_market|US|FX|rates|crypto,market microstructure|funding|balance sheet,curated_primary_literature,,COMPLETE,MAPPED_NOT_TESTED,NOT_STARTED,NOT_OPENED,NOT_STARTED,0.0,BLOCKED,Candidate hypothesis only until frozen OOS/lockbox and prospective evidence.,
CUR_FUNDING_LIQUIDITY_SPIRAL_RISK_PARITY_DELEVERAGING,funding_liquidity_spiral,risk_parity_deleveraging,risk_parity_deleveraging,trigger_or_amplification,cross_market|US|FX|rates|crypto,market microstructure|funding|balance sheet,curated_primary_literature,,COMPLETE,MAPPED_NOT_TESTED,NOT_STARTED,NOT_OPENED,NOT_STARTED,0.0,BLOCKED,Candidate hypothesis only until frozen OOS/lockbox and prospective evidence.,
CUR_FUNDING_LIQUIDITY_SPIRAL_CTA_LIQUIDATION_PRESSURE,funding_liquidity_spiral,CTA_liquidation_pressure,CTA_liquidation_pressure,trigger_or_amplification,cross_market|US|FX|rates|crypto,market microstructure|funding|balance sheet,curated_primary_literature,,COMPLETE,MAPPED_NOT_TESTED,NOT_STARTED,NOT_OPENED,NOT_STARTED,0.0,BLOCKED,Candidate hypothesis only until frozen OOS/lockbox and prospective evidence.,
CUR_TREND_MOMENTUM_REVERSAL_CANONICAL_12M_TSMOM,trend_momentum_reversal,canonical_12m_tsmom,canonical_12m_tsmom,direction,all_markets,price|returns|volatility,curated_primary_literature,,COMPLETE,MAPPED_NOT_TESTED,NOT_STARTED,NOT_OPENED,NOT_STARTED,0.0,BLOCKED,Candidate hypothesis only until frozen OOS/lockbox and prospective evidence.,
CUR_TREND_MOMENTUM_REVERSAL_MULTI_SPEED_TSMOM,trend_momentum_reversal,multi_speed_tsmom,multi_speed_tsmom,direction,all_markets,price|returns|volatility,curated_primary_literature,,COMPLETE,MAPPED_NOT_TESTED,NOT_STARTED,NOT_OPENED,NOT_STARTED,0.0,BLOCKED,Candidate hypothesis only until frozen OOS/lockbox and prospective evidence.,
CUR_TREND_MOMENTUM_REVERSAL_DUAL_MOMENTUM,trend_momentum_reversal,dual_momentum,dual_momentum,direction,all_markets,price|returns|volatility,curated_primary_literature,,COMPLETE,MAPPED_NOT_TESTED,NOT_STARTED,NOT_OPENED,NOT_STARTED,0.0,BLOCKED,Candidate hypothesis only until frozen OOS/lockbox and prospective evidence.,
CUR_TREND_MOMENTUM_REVERSAL_CROSS_SECTIONAL_12_1_MOMENTUM,trend_momentum_reversal,cross_sectional_12_1_momentum,cross_sectional_12_1_momentum,direction,all_markets,price|returns|volatility,curated_primary_literature,,COMPLETE,MAPPED_NOT_TESTED,NOT_STARTED,NOT_OPENED,NOT_STARTED,0.0,BLOCKED,Candidate hypothesis only until frozen OOS/lockbox and prospective evidence.,
CUR_TREND_MOMENTUM_REVERSAL_RESIDUAL_MOMENTUM,trend_momentum_reversal,residual_momentum,residual_momentum,direction,all_markets,price|returns|volatility,curated_primary_literature,,COMPLETE,MAPPED_NOT_TESTED,NOT_STARTED,NOT_OPENED,NOT_STARTED,0.0,BLOCKED,Candidate hypothesis only until frozen OOS/lockbox and prospective evidence.,
CUR_TREND_MOMENTUM_REVERSAL_INDUSTRY_MOMENTUM,trend_momentum_reversal,industry_momentum,industry_momentum,direction,all_markets,price|returns|volatility,curated_primary_literature,,COMPLETE,MAPPED_NOT_TESTED,NOT_STARTED,NOT_OPENED,NOT_STARTED,0.0,BLOCKED,Candidate hypothesis only until frozen OOS/lockbox and prospective evidence.,
CUR_TREND_MOMENTUM_REVERSAL_FACTOR_MOMENTUM,trend_momentum_reversal,factor_momentum,factor_momentum,direction,all_markets,price|returns|volatility,curated_primary_literature,,COMPLETE,MAPPED_NOT_TESTED,NOT_STARTED,NOT_OPENED,NOT_STARTED,0.0,BLOCKED,Candidate hypothesis only until frozen OOS/lockbox and prospective evidence.,
CUR_TREND_MOMENTUM_REVERSAL_TREND_STRENGTH_CONSISTENCY,trend_momentum_reversal,trend_strength_consistency,trend_strength_consistency,direction,all_markets,price|returns|volatility,curated_primary_literature,,COMPLETE,MAPPED_NOT_TESTED,NOT_STARTED,NOT_OPENED,NOT_STARTED,0.0,BLOCKED,Candidate hypothesis only until frozen OOS/lockbox and prospective evidence.,
CUR_TREND_MOMENTUM_REVERSAL_BREAKOUT_52WEEK_HIGH,trend_momentum_reversal,breakout_52week_high,breakout_52week_high,direction,all_markets,price|returns|volatility,curated_primary_literature,,COMPLETE,MAPPED_NOT_TESTED,NOT_STARTED,NOT_OPENED,NOT_STARTED,0.0,BLOCKED,Candidate hypothesis only until frozen OOS/lockbox and prospective evidence.,
CUR_TREND_MOMENTUM_REVERSAL_MOVING_AVERAGE_DISTANCE,trend_momentum_reversal,moving_average_distance,moving_average_distance,direction,all_markets,price|returns|volatility,curated_primary_literature,,COMPLETE,MAPPED_NOT_TESTED,NOT_STARTED,NOT_OPENED,NOT_STARTED,0.0,BLOCKED,Candidate hypothesis only until frozen OOS/lockbox and prospective evidence.,
CUR_TREND_MOMENTUM_REVERSAL_MOVING_AVERAGE_SLOPE,trend_momentum_reversal,moving_average_slope,moving_average_slope,direction,all_markets,price|returns|volatility,curated_primary_literature,,COMPLETE,MAPPED_NOT_TESTED,NOT_STARTED,NOT_OPENED,NOT_STARTED,0.0,BLOCKED,Candidate hypothesis only until frozen OOS/lockbox and prospective evidence.,
CUR_TREND_MOMENTUM_REVERSAL_DONCHIAN_BREAKOUT,trend_momentum_reversal,donchian_breakout,donchian_breakout,direction,all_markets,price|returns|volatility,curated_primary_literature,,COMPLETE,MAPPED_NOT_TESTED,NOT_STARTED,NOT_OPENED,NOT_STARTED,0.0,BLOCKED,Candidate hypothesis only until frozen OOS/lockbox and prospective evidence.,
CUR_TREND_MOMENTUM_REVERSAL_CHANNEL_BREAKOUT,trend_momentum_reversal,channel_breakout,channel_breakout,direction,all_markets,price|returns|volatility,curated_primary_literature,,COMPLETE,MAPPED_NOT_TESTED,NOT_STARTED,NOT_OPENED,NOT_STARTED,0.0,BLOCKED,Candidate hypothesis only until frozen OOS/lockbox and prospective evidence.,
CUR_TREND_MOMENTUM_REVERSAL_TIME_SERIES_REVERSAL,trend_momentum_reversal,time_series_reversal,time_series_reversal,direction,all_markets,price|returns|volatility,curated_primary_literature,,COMPLETE,MAPPED_NOT_TESTED,NOT_STARTED,NOT_OPENED,NOT_STARTED,0.0,BLOCKED,Candidate hypothesis only until frozen OOS/lockbox and prospective evidence.,
CUR_TREND_MOMENTUM_REVERSAL_SHORT_TERM_REVERSAL,trend_momentum_reversal,short_term_reversal,short_term_reversal,direction,all_markets,price|returns|volatility,curated_primary_literature,,COMPLETE,MAPPED_NOT_TESTED,NOT_STARTED,NOT_OPENED,NOT_STARTED,0.0,BLOCKED,Candidate hypothesis only until frozen OOS/lockbox and prospective evidence.,
CUR_TREND_MOMENTUM_REVERSAL_LONG_TERM_REVERSAL,trend_momentum_reversal,long_term_reversal,long_term_reversal,direction,all_markets,price|returns|volatility,curated_primary_literature,,COMPLETE,MAPPED_NOT_TESTED,NOT_STARTED,NOT_OPENED,NOT_STARTED,0.0,BLOCKED,Candidate hypothesis only until frozen OOS/lockbox and prospective evidence.,
CUR_TREND_MOMENTUM_REVERSAL_OVERNIGHT_MOMENTUM,trend_momentum_reversal,overnight_momentum,overnight_momentum,direction,all_markets,price|returns|volatility,curated_primary_literature,,COMPLETE,MAPPED_NOT_TESTED,NOT_STARTED,NOT_OPENED,NOT_STARTED,0.0,BLOCKED,Candidate hypothesis only until frozen OOS/lockbox and prospective evidence.,
CUR_TREND_MOMENTUM_REVERSAL_INTRADAY_MOMENTUM,trend_momentum_reversal,intraday_momentum,intraday_momentum,direction,all_markets,price|returns|volatility,curated_primary_literature,,COMPLETE,MAPPED_NOT_TESTED,NOT_STARTED,NOT_OPENED,NOT_STARTED,0.0,BLOCKED,Candidate hypothesis only until frozen OOS/lockbox and prospective evidence.,
CUR_TREND_MOMENTUM_REVERSAL_OPENING_RANGE_BREAKOUT,trend_momentum_reversal,opening_range_breakout,opening_range_breakout,direction,all_markets,price|returns|volatility,curated_primary_literature,,COMPLETE,MAPPED_NOT_TESTED,NOT_STARTED,NOT_OPENED,NOT_STARTED,0.0,BLOCKED,Candidate hypothesis only until frozen OOS/lockbox and prospective evidence.,
CUR_TREND_MOMENTUM_REVERSAL_POST_GAP_CONTINUATION,trend_momentum_reversal,post_gap_continuation,post_gap_continuation,direction,all_markets,price|returns|volatility,curated_primary_literature,,COMPLETE,MAPPED_NOT_TESTED,NOT_STARTED,NOT_OPENED,NOT_STARTED,0.0,BLOCKED,Candidate hypothesis only until frozen OOS/lockbox and prospective evidence.,
CUR_TREND_MOMENTUM_REVERSAL_POST_GAP_REVERSAL,trend_momentum_reversal,post_gap_reversal,post_gap_reversal,direction,all_markets,price|returns|volatility,curated_primary_literature,,COMPLETE,MAPPED_NOT_TESTED,NOT_STARTED,NOT_OPENED,NOT_STARTED,0.0,BLOCKED,Candidate hypothesis only until frozen OOS/lockbox and prospective evidence.,
CUR_TREND_MOMENTUM_REVERSAL_TREND_X_VOLATILITY,trend_momentum_reversal,trend_x_volatility,trend_x_volatility,direction,all_markets,price|returns|volatility,curated_primary_literature,,COMPLETE,MAPPED_NOT_TESTED,NOT_STARTED,NOT_OPENED,NOT_STARTED,0.0,BLOCKED,Candidate hypothesis only until frozen OOS/lockbox and prospective evidence.,
CUR_TREND_MOMENTUM_REVERSAL_TREND_X_CARRY,trend_momentum_reversal,trend_x_carry,trend_x_carry,direction,all_markets,price|returns|volatility,curated_primary_literature,,COMPLETE,MAPPED_NOT_TESTED,NOT_STARTED,NOT_OPENED,NOT_STARTED,0.0,BLOCKED,Candidate hypothesis only until frozen OOS/lockbox and prospective evidence.,
CUR_TREND_MOMENTUM_REVERSAL_TREND_X_POSITIONING,trend_momentum_reversal,trend_x_positioning,trend_x_positioning,direction,all_markets,price|returns|volatility,curated_primary_literature,,COMPLETE,MAPPED_NOT_TESTED,NOT_STARTED,NOT_OPENED,NOT_STARTED,0.0,BLOCKED,Candidate hypothesis only until frozen OOS/lockbox and prospective evidence.,
CUR_TREND_MOMENTUM_REVERSAL_TREND_X_MACRO_REGIME,trend_momentum_reversal,trend_x_macro_regime,trend_x_macro_regime,direction,all_markets,price|returns|volatility,curated_primary_literature,,COMPLETE,MAPPED_NOT_TESTED,NOT_STARTED,NOT_OPENED,NOT_STARTED,0.0,BLOCKED,Candidate hypothesis only until frozen OOS/lockbox and prospective evidence.,
CUR_TREND_MOMENTUM_REVERSAL_ABSOLUTE_MOMENTUM,trend_momentum_reversal,absolute_momentum,absolute_momentum,direction,all_markets,price|returns|volatility,curated_primary_literature,,COMPLETE,MAPPED_NOT_TESTED,NOT_STARTED,NOT_OPENED,NOT_STARTED,0.0,BLOCKED,Candidate hypothesis only until frozen OOS/lockbox and prospective evidence.,
CUR_TREND_MOMENTUM_REVERSAL_RELATIVE_MOMENTUM,trend_momentum_reversal,relative_momentum,relative_momentum,direction,all_markets,price|returns|volatility,curated_primary_literature,,COMPLETE,MAPPED_NOT_TESTED,NOT_STARTED,NOT_OPENED,NOT_STARTED,0.0,BLOCKED,Candidate hypothesis only until frozen OOS/lockbox and prospective evidence.,
CUR_TREND_MOMENTUM_REVERSAL_PATH_LENGTH_EFFICIENCY,trend_momentum_reversal,path_length_efficiency,path_length_efficiency,direction,all_markets,price|returns|volatility,curated_primary_literature,,COMPLETE,MAPPED_NOT_TESTED,NOT_STARTED,NOT_OPENED,NOT_STARTED,0.0,BLOCKED,Candidate hypothesis only until frozen OOS/lockbox and prospective evidence.,
CUR_TREND_MOMENTUM_REVERSAL_TREND_ENTROPY,trend_momentum_reversal,trend_entropy,trend_entropy,direction,all_markets,price|returns|volatility,curated_primary_literature,,COMPLETE,MAPPED_NOT_TESTED,NOT_STARTED,NOT_OPENED,NOT_STARTED,0.0,BLOCKED,Candidate hypothesis only until frozen OOS/lockbox and prospective evidence.,
CUR_TREND_MOMENTUM_REVERSAL_HURST_EXPONENT,trend_momentum_reversal,Hurst_exponent,Hurst_exponent,direction,all_markets,price|returns|volatility,curated_primary_literature,,COMPLETE,MAPPED_NOT_TESTED,NOT_STARTED,NOT_OPENED,NOT_STARTED,0.0,BLOCKED,Candidate hypothesis only until frozen OOS/lockbox and prospective evidence.,
CUR_TREND_MOMENTUM_REVERSAL_FRACTIONAL_DIFFERENCING_TREND,trend_momentum_reversal,fractional_differencing_trend,fractional_differencing_trend,direction,all_markets,price|returns|volatility,curated_primary_literature,,COMPLETE,MAPPED_NOT_TESTED,NOT_STARTED,NOT_OPENED,NOT_STARTED,0.0,BLOCKED,Candidate hypothesis only until frozen OOS/lockbox and prospective evidence.,
CUR_TREND_MOMENTUM_REVERSAL_KALMAN_TREND,trend_momentum_reversal,Kalman_trend,Kalman_trend,direction,all_markets,price|returns|volatility,curated_primary_literature,,COMPLETE,MAPPED_NOT_TESTED,NOT_STARTED,NOT_OPENED,NOT_STARTED,0.0,BLOCKED,Candidate hypothesis only until frozen OOS/lockbox and prospective evidence.,
CUR_TREND_MOMENTUM_REVERSAL_STATE_SPACE_TREND,trend_momentum_reversal,state_space_trend,state_space_trend,direction,all_markets,price|returns|volatility,curated_primary_literature,,COMPLETE,MAPPED_NOT_TESTED,NOT_STARTED,NOT_OPENED,NOT_STARTED,0.0,BLOCKED,Candidate hypothesis only until frozen OOS/lockbox and prospective evidence.,
CUR_TREND_MOMENTUM_REVERSAL_TREND_AFTER_SHOCK,trend_momentum_reversal,trend_after_shock,trend_after_shock,direction,all_markets,price|returns|volatility,curated_primary_literature,,COMPLETE,MAPPED_NOT_TESTED,NOT_STARTED,NOT_OPENED,NOT_STARTED,0.0,BLOCKED,Candidate hypothesis only until frozen OOS/lockbox and prospective evidence.,
CUR_TREND_MOMENTUM_REVERSAL_ANTI_TREND_CROWDING,trend_momentum_reversal,anti_trend_crowding,anti_trend_crowding,direction,all_markets,price|returns|volatility,curated_primary_literature,,COMPLETE,MAPPED_NOT_TESTED,NOT_STARTED,NOT_OPENED,NOT_STARTED,0.0,BLOCKED,Candidate hypothesis only until frozen OOS/lockbox and prospective evidence.,
CUR_TREND_MOMENTUM_REVERSAL_MOVING_AVERAGE_CROSS_PLACEBO,trend_momentum_reversal,moving_average_cross_placebo,moving_average_cross_placebo,direction,all_markets,price|returns|volatility,curated_primary_literature,,COMPLETE,MAPPED_NOT_TESTED,NOT_STARTED,NOT_OPENED,NOT_STARTED,0.0,BLOCKED,Candidate hypothesis only until frozen OOS/lockbox and prospective evidence.,
CUR_VALUE_QUALITY_INVESTMENT_BOOK_TO_MARKET,value_quality_investment,book_to_market,book_to_market,value_capture,equities,financial statements|prices|estimates,curated_primary_literature,,COMPLETE,MAPPED_NOT_TESTED,NOT_STARTED,NOT_OPENED,NOT_STARTED,0.0,BLOCKED,Candidate hypothesis only until frozen OOS/lockbox and prospective evidence.,
CUR_VALUE_QUALITY_INVESTMENT_EARNINGS_YIELD,value_quality_investment,earnings_yield,earnings_yield,value_capture,equities,financial statements|prices|estimates,curated_primary_literature,,COMPLETE,MAPPED_NOT_TESTED,NOT_STARTED,NOT_OPENED,NOT_STARTED,0.0,BLOCKED,Candidate hypothesis only until frozen OOS/lockbox and prospective evidence.,
CUR_VALUE_QUALITY_INVESTMENT_CASHFLOW_YIELD,value_quality_investment,cashflow_yield,cashflow_yield,value_capture,equities,financial statements|prices|estimates,curated_primary_literature,,COMPLETE,MAPPED_NOT_TESTED,NOT_STARTED,NOT_OPENED,NOT_STARTED,0.0,BLOCKED,Candidate hypothesis only until frozen OOS/lockbox and prospective evidence.,
CUR_VALUE_QUALITY_INVESTMENT_ENTERPRISE_VALUE_TO_SALES,value_quality_investment,enterprise_value_to_sales,enterprise_value_to_sales,value_capture,equities,financial statements|prices|estimates,curated_primary_literature,,COMPLETE,MAPPED_NOT_TESTED,NOT_STARTED,NOT_OPENED,NOT_STARTED,0.0,BLOCKED,Candidate hypothesis only until frozen OOS/lockbox and prospective evidence.,
CUR_VALUE_QUALITY_INVESTMENT_REPLACEMENT_COST_Q,value_quality_investment,replacement_cost_q,replacement_cost_q,value_capture,equities,financial statements|prices|estimates,curated_primary_literature,,COMPLETE,MAPPED_NOT_TESTED,NOT_STARTED,NOT_OPENED,NOT_STARTED,0.0,BLOCKED,Candidate hypothesis only until frozen OOS/lockbox and prospective evidence.,
CUR_VALUE_QUALITY_INVESTMENT_CAPE,value_quality_investment,CAPE,CAPE,value_capture,equities,financial statements|prices|estimates,curated_primary_literature,,COMPLETE,MAPPED_NOT_TESTED,NOT_STARTED,NOT_OPENED,NOT_STARTED,0.0,BLOCKED,Candidate hypothesis only until frozen OOS/lockbox and prospective evidence.,
CUR_VALUE_QUALITY_INVESTMENT_SHAREHOLDER_YIELD,value_quality_investment,shareholder_yield,shareholder_yield,value_capture,equities,financial statements|prices|estimates,curated_primary_literature,,COMPLETE,MAPPED_NOT_TESTED,NOT_STARTED,NOT_OPENED,NOT_STARTED,0.0,BLOCKED,Candidate hypothesis only until frozen OOS/lockbox and prospective evidence.,
CUR_VALUE_QUALITY_INVESTMENT_NET_PAYOUT_YIELD,value_quality_investment,net_payout_yield,net_payout_yield,value_capture,equities,financial statements|prices|estimates,curated_primary_literature,,COMPLETE,MAPPED_NOT_TESTED,NOT_STARTED,NOT_OPENED,NOT_STARTED,0.0,BLOCKED,Candidate hypothesis only until frozen OOS/lockbox and prospective evidence.,
CUR_VALUE_QUALITY_INVESTMENT_QUALITY_MINUS_JUNK,value_quality_investment,quality_minus_junk,quality_minus_junk,value_capture,equities,financial statements|prices|estimates,curated_primary_literature,,COMPLETE,MAPPED_NOT_TESTED,NOT_STARTED,NOT_OPENED,NOT_STARTED,0.0,BLOCKED,Candidate hypothesis only until frozen OOS/lockbox and prospective evidence.,
CUR_VALUE_QUALITY_INVESTMENT_PROFITABILITY,value_quality_investment,profitability,profitability,value_capture,equities,financial statements|prices|estimates,curated_primary_literature,,COMPLETE,MAPPED_NOT_TESTED,NOT_STARTED,NOT_OPENED,NOT_STARTED,0.0,BLOCKED,Candidate hypothesis only until frozen OOS/lockbox and prospective evidence.,
CUR_VALUE_QUALITY_INVESTMENT_GROSS_PROFITABILITY,value_quality_investment,gross_profitability,gross_profitability,value_capture,equities,financial statements|prices|estimates,curated_primary_literature,,COMPLETE,MAPPED_NOT_TESTED,NOT_STARTED,NOT_OPENED,NOT_STARTED,0.0,BLOCKED,Candidate hypothesis only until frozen OOS/lockbox and prospective evidence.,
CUR_VALUE_QUALITY_INVESTMENT_ROIC,value_quality_investment,ROIC,ROIC,value_capture,equities,financial statements|prices|estimates,curated_primary_literature,,COMPLETE,MAPPED_NOT_TESTED,NOT_STARTED,NOT_OPENED,NOT_STARTED,0.0,BLOCKED,Candidate hypothesis only until frozen OOS/lockbox and prospective evidence.,
CUR_VALUE_QUALITY_INVESTMENT_FREE_CASH_FLOW_QUALITY,value_quality_investment,free_cash_flow_quality,free_cash_flow_quality,value_capture,equities,financial statements|prices|estimates,curated_primary_literature,,COMPLETE,MAPPED_NOT_TESTED,NOT_STARTED,NOT_OPENED,NOT_STARTED,0.0,BLOCKED,Candidate hypothesis only until frozen OOS/lockbox and prospective evidence.,
CUR_VALUE_QUALITY_INVESTMENT_ACCRUAL_QUALITY,value_quality_investment,accrual_quality,accrual_quality,value_capture,equities,financial statements|prices|estimates,curated_primary_literature,,COMPLETE,MAPPED_NOT_TESTED,NOT_STARTED,NOT_OPENED,NOT_STARTED,0.0,BLOCKED,Candidate hypothesis only until frozen OOS/lockbox and prospective evidence.,
CUR_VALUE_QUALITY_INVESTMENT_ASSET_GROWTH,value_quality_investment,asset_growth,asset_growth,value_capture,equities,financial statements|prices|estimates,curated_primary_literature,,COMPLETE,MAPPED_NOT_TESTED,NOT_STARTED,NOT_OPENED,NOT_STARTED,0.0,BLOCKED,Candidate hypothesis only until frozen OOS/lockbox and prospective evidence.,
CUR_VALUE_QUALITY_INVESTMENT_INVESTMENT_TO_ASSETS,value_quality_investment,investment_to_assets,investment_to_assets,value_capture,equities,financial statements|prices|estimates,curated_primary_literature,,COMPLETE,MAPPED_NOT_TESTED,NOT_STARTED,NOT_OPENED,NOT_STARTED,0.0,BLOCKED,Candidate hypothesis only until frozen OOS/lockbox and prospective evidence.,
CUR_VALUE_QUALITY_INVESTMENT_CONSERVATIVE_INVESTMENT,value_quality_investment,conservative_investment,conservative_investment,value_capture,equities,financial statements|prices|estimates,curated_primary_literature,,COMPLETE,MAPPED_NOT_TESTED,NOT_STARTED,NOT_OPENED,NOT_STARTED,0.0,BLOCKED,Candidate hypothesis only until frozen OOS/lockbox and prospective evidence.,
CUR_VALUE_QUALITY_INVESTMENT_OPERATING_LEVERAGE,value_quality_investment,operating_leverage,operating_leverage,value_capture,equities,financial statements|prices|estimates,curated_primary_literature,,COMPLETE,MAPPED_NOT_TESTED,NOT_STARTED,NOT_OPENED,NOT_STARTED,0.0,BLOCKED,Candidate hypothesis only until frozen OOS/lockbox and prospective evidence.,
CUR_VALUE_QUALITY_INVESTMENT_FINANCIAL_LEVERAGE_QUALITY,value_quality_investment,financial_leverage_quality,financial_leverage_quality,value_capture,equities,financial statements|prices|estimates,curated_primary_literature,,COMPLETE,MAPPED_NOT_TESTED,NOT_STARTED,NOT_OPENED,NOT_STARTED,0.0,BLOCKED,Candidate hypothesis only until frozen OOS/lockbox and prospective evidence.,
CUR_VALUE_QUALITY_INVESTMENT_MARGIN_STABILITY,value_quality_investment,margin_stability,margin_stability,value_capture,equities,financial statements|prices|estimates,curated_primary_literature,,COMPLETE,MAPPED_NOT_TESTED,NOT_STARTED,NOT_OPENED,NOT_STARTED,0.0,BLOCKED,Candidate hypothesis only until frozen OOS/lockbox and prospective evidence.,
CUR_VALUE_QUALITY_INVESTMENT_REINVESTMENT_RUNWAY,value_quality_investment,reinvestment_runway,reinvestment_runway,value_capture,equities,financial statements|prices|estimates,curated_primary_literature,,COMPLETE,MAPPED_NOT_TESTED,NOT_STARTED,NOT_OPENED,NOT_STARTED,0.0,BLOCKED,Candidate hypothesis only until frozen OOS/lockbox and prospective evidence.,
CUR_VALUE_QUALITY_INVESTMENT_CAPITAL_EFFICIENCY,value_quality_investment,capital_efficiency,capital_efficiency,value_capture,equities,financial statements|prices|estimates,curated_primary_literature,,COMPLETE,MAPPED_NOT_TESTED,NOT_STARTED,NOT_OPENED,NOT_STARTED,0.0,BLOCKED,Candidate hypothesis only until frozen OOS/lockbox and prospective evidence.,
CUR_VALUE_QUALITY_INVESTMENT_INTANGIBLE_ADJUSTED_VALUE,value_quality_investment,intangible_adjusted_value,intangible_adjusted_value,value_capture,equities,financial statements|prices|estimates,curated_primary_literature,,COMPLETE,MAPPED_NOT_TESTED,NOT_STARTED,NOT_OPENED,NOT_STARTED,0.0,BLOCKED,Candidate hypothesis only until frozen OOS/lockbox and prospective evidence.,
CUR_VALUE_QUALITY_INVESTMENT_R_AND_D_CAPITALIZATION,value_quality_investment,R_and_D_capitalization,R_and_D_capitalization,value_capture,equities,financial statements|prices|estimates,curated_primary_literature,,COMPLETE,MAPPED_NOT_TESTED,NOT_STARTED,NOT_OPENED,NOT_STARTED,0.0,BLOCKED,Candidate hypothesis only until frozen OOS/lockbox and prospective evidence.,
CUR_VALUE_QUALITY_INVESTMENT_ORGANIZATIONAL_CAPITAL,value_quality_investment,organizational_capital,organizational_capital,value_capture,equities,financial statements|prices|estimates,curated_primary_literature,,COMPLETE,MAPPED_NOT_TESTED,NOT_STARTED,NOT_OPENED,NOT_STARTED,0.0,BLOCKED,Candidate hypothesis only until frozen OOS/lockbox and prospective evidence.,
CUR_VALUE_QUALITY_INVESTMENT_BRAND_INTANGIBLE,value_quality_investment,brand_intangible,brand_intangible,value_capture,equities,financial statements|prices|estimates,curated_primary_literature,,COMPLETE,MAPPED_NOT_TESTED,NOT_STARTED,NOT_OPENED,NOT_STARTED,0.0,BLOCKED,Candidate hypothesis only until frozen OOS/lockbox and prospective evidence.,
CUR_VALUE_QUALITY_INVESTMENT_VALUE_SPREAD,value_quality_investment,value_spread,value_spread,value_capture,equities,financial statements|prices|estimates,curated_primary_literature,,COMPLETE,MAPPED_NOT_TESTED,NOT_STARTED,NOT_OPENED,NOT_STARTED,0.0,BLOCKED,Candidate hypothesis only until frozen OOS/lockbox and prospective evidence.,
CUR_VALUE_QUALITY_INVESTMENT_VALUE_X_MOMENTUM,value_quality_investment,value_x_momentum,value_x_momentum,value_capture,equities,financial statements|prices|estimates,curated_primary_literature,,COMPLETE,MAPPED_NOT_TESTED,NOT_STARTED,NOT_OPENED,NOT_STARTED,0.0,BLOCKED,Candidate hypothesis only until frozen OOS/lockbox and prospective evidence.,
CUR_VALUE_QUALITY_INVESTMENT_QUALITY_X_VALUE,value_quality_investment,quality_x_value,quality_x_value,value_capture,equities,financial statements|prices|estimates,curated_primary_literature,,COMPLETE,MAPPED_NOT_TESTED,NOT_STARTED,NOT_OPENED,NOT_STARTED,0.0,BLOCKED,Candidate hypothesis only until frozen OOS/lockbox and prospective evidence.,
CUR_VALUE_QUALITY_INVESTMENT_QUALITY_X_MOMENTUM,value_quality_investment,quality_x_momentum,quality_x_momentum,value_capture,equities,financial statements|prices|estimates,curated_primary_literature,,COMPLETE,MAPPED_NOT_TESTED,NOT_STARTED,NOT_OPENED,NOT_STARTED,0.0,BLOCKED,Candidate hypothesis only until frozen OOS/lockbox and prospective evidence.,
CUR_VALUE_QUALITY_INVESTMENT_DISTRESS_ADJUSTED_VALUE,value_quality_investment,distress_adjusted_value,distress_adjusted_value,value_capture,equities,financial statements|prices|estimates,curated_primary_literature,,COMPLETE,MAPPED_NOT_TESTED,NOT_STARTED,NOT_OPENED,NOT_STARTED,0.0,BLOCKED,Candidate hypothesis only until frozen OOS/lockbox and prospective evidence.,
CUR_VALUE_QUALITY_INVESTMENT_SECTOR_NEUTRAL_VALUE,value_quality_investment,sector_neutral_value,sector_neutral_value,value_capture,equities,financial statements|prices|estimates,curated_primary_literature,,COMPLETE,MAPPED_NOT_TESTED,NOT_STARTED,NOT_OPENED,NOT_STARTED,0.0,BLOCKED,Candidate hypothesis only until frozen OOS/lockbox and prospective evidence.,
CUR_EARNINGS_EXPECTATIONS_INFORMATION_STANDARDIZED_UNEXPECTED_EARNINGS,earnings_expectations_information,standardized_unexpected_earnings,standardized_unexpected_earnings,value_capture_or_information_flow,equities,IBES/estimates|filings|transcripts|prices,curated_primary_literature,,COMPLETE,MAPPED_NOT_TESTED,NOT_STARTED,NOT_OPENED,NOT_STARTED,0.0,BLOCKED,Candidate hypothesis only until frozen OOS/lockbox and prospective evidence.,
CUR_EARNINGS_EXPECTATIONS_INFORMATION_REVENUE_SURPRISE,earnings_expectations_information,revenue_surprise,revenue_surprise,value_capture_or_information_flow,equities,IBES/estimates|filings|transcripts|prices,curated_primary_literature,,COMPLETE,MAPPED_NOT_TESTED,NOT_STARTED,NOT_OPENED,NOT_STARTED,0.0,BLOCKED,Candidate hypothesis only until frozen OOS/lockbox and prospective evidence.,
CUR_EARNINGS_EXPECTATIONS_INFORMATION_GROSS_MARGIN_SURPRISE,earnings_expectations_information,gross_margin_surprise,gross_margin_surprise,value_capture_or_information_flow,equities,IBES/estimates|filings|transcripts|prices,curated_primary_literature,,COMPLETE,MAPPED_NOT_TESTED,NOT_STARTED,NOT_OPENED,NOT_STARTED,0.0,BLOCKED,Candidate hypothesis only until frozen OOS/lockbox and prospective evidence.,
CUR_EARNINGS_EXPECTATIONS_INFORMATION_GUIDANCE_REVISION,earnings_expectations_information,guidance_revision,guidance_revision,value_capture_or_information_flow,equities,IBES/estimates|filings|transcripts|prices,curated_primary_literature,,COMPLETE,MAPPED_NOT_TESTED,NOT_STARTED,NOT_OPENED,NOT_STARTED,0.0,BLOCKED,Candidate hypothesis only until frozen OOS/lockbox and prospective evidence.,
CUR_EARNINGS_EXPECTATIONS_INFORMATION_EPS_REVISION,earnings_expectations_information,EPS_revision,EPS_revision,value_capture_or_information_flow,equities,IBES/estimates|filings|transcripts|prices,curated_primary_literature,,COMPLETE,MAPPED_NOT_TESTED,NOT_STARTED,NOT_OPENED,NOT_STARTED,0.0,BLOCKED,Candidate hypothesis only until frozen OOS/lockbox and prospective evidence.,
CUR_EARNINGS_EXPECTATIONS_INFORMATION_REVENUE_REVISION,earnings_expectations_information,revenue_revision,revenue_revision,value_capture_or_information_flow,equities,IBES/estimates|filings|transcripts|prices,curated_primary_literature,,COMPLETE,MAPPED_NOT_TESTED,NOT_STARTED,NOT_OPENED,NOT_STARTED,0.0,BLOCKED,Candidate hypothesis only until frozen OOS/lockbox and prospective evidence.,
CUR_EARNINGS_EXPECTATIONS_INFORMATION_TARGET_PRICE_REVISION,earnings_expectations_information,target_price_revision,target_price_revision,value_capture_or_information_flow,equities,IBES/estimates|filings|transcripts|prices,curated_primary_literature,,COMPLETE,MAPPED_NOT_TESTED,NOT_STARTED,NOT_OPENED,NOT_STARTED,0.0,BLOCKED,Candidate hypothesis only until frozen OOS/lockbox and prospective evidence.,
CUR_EARNINGS_EXPECTATIONS_INFORMATION_ESTIMATE_DISPERSION,earnings_expectations_information,estimate_dispersion,estimate_dispersion,value_capture_or_information_flow,equities,IBES/estimates|filings|transcripts|prices,curated_primary_literature,,COMPLETE,MAPPED_NOT_TESTED,NOT_STARTED,NOT_OPENED,NOT_STARTED,0.0,BLOCKED,Candidate hypothesis only until frozen OOS/lockbox and prospective evidence.,
CUR_EARNINGS_EXPECTATIONS_INFORMATION_DISPERSION_COMPRESSION,earnings_expectations_information,dispersion_compression,dispersion_compression,value_capture_or_information_flow,equities,IBES/estimates|filings|transcripts|prices,curated_primary_literature,,COMPLETE,MAPPED_NOT_TESTED,NOT_STARTED,NOT_OPENED,NOT_STARTED,0.0,BLOCKED,Candidate hypothesis only until frozen OOS/lockbox and prospective evidence.,
CUR_EARNINGS_EXPECTATIONS_INFORMATION_ANALYST_BREADTH,earnings_expectations_information,analyst_breadth,analyst_breadth,value_capture_or_information_flow,equities,IBES/estimates|filings|transcripts|prices,curated_primary_literature,,COMPLETE,MAPPED_NOT_TESTED,NOT_STARTED,NOT_OPENED,NOT_STARTED,0.0,BLOCKED,Candidate hypothesis only until frozen OOS/lockbox and prospective evidence.,
CUR_EARNINGS_EXPECTATIONS_INFORMATION_EARNINGS_CALL_TONE,earnings_expectations_information,earnings_call_tone,earnings_call_tone,value_capture_or_information_flow,equities,IBES/estimates|filings|transcripts|prices,curated_primary_literature,,COMPLETE,MAPPED_NOT_TESTED,NOT_STARTED,NOT_OPENED,NOT_STARTED,0.0,BLOCKED,Candidate hypothesis only until frozen OOS/lockbox and prospective evidence.,
CUR_EARNINGS_EXPECTATIONS_INFORMATION_EARNINGS_CALL_TOPIC_SHIFT,earnings_expectations_information,earnings_call_topic_shift,earnings_call_topic_shift,value_capture_or_information_flow,equities,IBES/estimates|filings|transcripts|prices,curated_primary_literature,,COMPLETE,MAPPED_NOT_TESTED,NOT_STARTED,NOT_OPENED,NOT_STARTED,0.0,BLOCKED,Candidate hypothesis only until frozen OOS/lockbox and prospective evidence.,
CUR_EARNINGS_EXPECTATIONS_INFORMATION_MANAGEMENT_LANGUAGE_UNCERTAINTY,earnings_expectations_information,management_language_uncertainty,management_language_uncertainty,value_capture_or_information_flow,equities,IBES/estimates|filings|transcripts|prices,curated_primary_literature,,COMPLETE,MAPPED_NOT_TESTED,NOT_STARTED,NOT_OPENED,NOT_STARTED,0.0,BLOCKED,Candidate hypothesis only until frozen OOS/lockbox and prospective evidence.,
CUR_EARNINGS_EXPECTATIONS_INFORMATION_PEAD,earnings_expectations_information,PEAD,PEAD,value_capture_or_information_flow,equities,IBES/estimates|filings|transcripts|prices,curated_primary_literature,,COMPLETE,MAPPED_NOT_TESTED,NOT_STARTED,NOT_OPENED,NOT_STARTED,0.0,BLOCKED,Candidate hypothesis only until frozen OOS/lockbox and prospective evidence.,
CUR_EARNINGS_EXPECTATIONS_INFORMATION_PRE_ANNOUNCEMENT_DRIFT,earnings_expectations_information,pre_announcement_drift,pre_announcement_drift,value_capture_or_information_flow,equities,IBES/estimates|filings|transcripts|prices,curated_primary_literature,,COMPLETE,MAPPED_NOT_TESTED,NOT_STARTED,NOT_OPENED,NOT_STARTED,0.0,BLOCKED,Candidate hypothesis only until frozen OOS/lockbox and prospective evidence.,
CUR_EARNINGS_EXPECTATIONS_INFORMATION_POST_GUIDANCE_DRIFT,earnings_expectations_information,post_guidance_drift,post_guidance_drift,value_capture_or_information_flow,equities,IBES/estimates|filings|transcripts|prices,curated_primary_literature,,COMPLETE,MAPPED_NOT_TESTED,NOT_STARTED,NOT_OPENED,NOT_STARTED,0.0,BLOCKED,Candidate hypothesis only until frozen OOS/lockbox and prospective evidence.,
CUR_EARNINGS_EXPECTATIONS_INFORMATION_CONCURRENT_ANNOUNCEMENT_ATTENTION,earnings_expectations_information,concurrent_announcement_attention,concurrent_announcement_attention,value_capture_or_information_flow,equities,IBES/estimates|filings|transcripts|prices,curated_primary_literature,,COMPLETE,MAPPED_NOT_TESTED,NOT_STARTED,NOT_OPENED,NOT_STARTED,0.0,BLOCKED,Candidate hypothesis only until frozen OOS/lockbox and prospective evidence.,
CUR_EARNINGS_EXPECTATIONS_INFORMATION_LOW_EXPECTATION_HIGH_DELIVERY,earnings_expectations_information,low_expectation_high_delivery,low_expectation_high_delivery,value_capture_or_information_flow,equities,IBES/estimates|filings|transcripts|prices,curated_primary_literature,,COMPLETE,MAPPED_NOT_TESTED,NOT_STARTED,NOT_OPENED,NOT_STARTED,0.0,BLOCKED,Candidate hypothesis only until frozen OOS/lockbox and prospective evidence.,
CUR_EARNINGS_EXPECTATIONS_INFORMATION_REVISION_ACCELERATION,earnings_expectations_information,revision_acceleration,revision_acceleration,value_capture_or_information_flow,equities,IBES/estimates|filings|transcripts|prices,curated_primary_literature,,COMPLETE,MAPPED_NOT_TESTED,NOT_STARTED,NOT_OPENED,NOT_STARTED,0.0,BLOCKED,Candidate hypothesis only until frozen OOS/lockbox and prospective evidence.,
CUR_EARNINGS_EXPECTATIONS_INFORMATION_REVISION_PERSISTENCE,earnings_expectations_information,revision_persistence,revision_persistence,value_capture_or_information_flow,equities,IBES/estimates|filings|transcripts|prices,curated_primary_literature,,COMPLETE,MAPPED_NOT_TESTED,NOT_STARTED,NOT_OPENED,NOT_STARTED,0.0,BLOCKED,Candidate hypothesis only until frozen OOS/lockbox and prospective evidence.,
CUR_EARNINGS_EXPECTATIONS_INFORMATION_EARNINGS_QUALITY_X_SURPRISE,earnings_expectations_information,earnings_quality_x_surprise,earnings_quality_x_surprise,value_capture_or_information_flow,equities,IBES/estimates|filings|transcripts|prices,curated_primary_literature,,COMPLETE,MAPPED_NOT_TESTED,NOT_STARTED,NOT_OPENED,NOT_STARTED,0.0,BLOCKED,Candidate hypothesis only until frozen OOS/lockbox and prospective evidence.,
CUR_EARNINGS_EXPECTATIONS_INFORMATION_CAPACITY_BACKED_EARNINGS_INFLECTION,earnings_expectations_information,capacity_backed_earnings_inflection,capacity_backed_earnings_inflection,value_capture_or_information_flow,equities,IBES/estimates|filings|transcripts|prices,curated_primary_literature,,COMPLETE,MAPPED_NOT_TESTED,NOT_STARTED,NOT_OPENED,NOT_STARTED,0.0,BLOCKED,Candidate hypothesis only until frozen OOS/lockbox and prospective evidence.,
CUR_EARNINGS_EXPECTATIONS_INFORMATION_ORDER_BACKLOG_INFLECTION,earnings_expectations_information,order_backlog_inflection,order_backlog_inflection,value_capture_or_information_flow,equities,IBES/estimates|filings|transcripts|prices,curated_primary_literature,,COMPLETE,MAPPED_NOT_TESTED,NOT_STARTED,NOT_OPENED,NOT_STARTED,0.0,BLOCKED,Candidate hypothesis only until frozen OOS/lockbox and prospective evidence.,
CUR_EARNINGS_EXPECTATIONS_INFORMATION_BOOK_TO_BILL_INFLECTION,earnings_expectations_information,book_to_bill_inflection,book_to_bill_inflection,value_capture_or_information_flow,equities,IBES/estimates|filings|transcripts|prices,curated_primary_literature,,COMPLETE,MAPPED_NOT_TESTED,NOT_STARTED,NOT_OPENED,NOT_STARTED,0.0,BLOCKED,Candidate hypothesis only until frozen OOS/lockbox and prospective evidence.,
CUR_EARNINGS_EXPECTATIONS_INFORMATION_INVENTORY_REVENUE_DIVERGENCE,earnings_expectations_information,inventory_revenue_divergence,inventory_revenue_divergence,value_capture_or_information_flow,equities,IBES/estimates|filings|transcripts|prices,curated_primary_literature,,COMPLETE,MAPPED_NOT_TESTED,NOT_STARTED,NOT_OPENED,NOT_STARTED,0.0,BLOCKED,Candidate hypothesis only until frozen OOS/lockbox and prospective evidence.,
CUR_EARNINGS_EXPECTATIONS_INFORMATION_CASH_CONVERSION_INFLECTION,earnings_expectations_information,cash_conversion_inflection,cash_conversion_inflection,value_capture_or_information_flow,equities,IBES/estimates|filings|transcripts|prices,curated_primary_literature,,COMPLETE,MAPPED_NOT_TESTED,NOT_STARTED,NOT_OPENED,NOT_STARTED,0.0,BLOCKED,Candidate hypothesis only until frozen OOS/lockbox and prospective evidence.,
CUR_EARNINGS_EXPECTATIONS_INFORMATION_INSIDER_GUIDANCE_GAP,earnings_expectations_information,insider_guidance_gap,insider_guidance_gap,value_capture_or_information_flow,equities,IBES/estimates|filings|transcripts|prices,curated_primary_literature,,COMPLETE,MAPPED_NOT_TESTED,NOT_STARTED,NOT_OPENED,NOT_STARTED,0.0,BLOCKED,Candidate hypothesis only until frozen OOS/lockbox and prospective evidence.,
CUR_VOLATILITY_OPTIONS_DISTRIBUTION_VARIANCE_RISK_PREMIUM,volatility_options_distribution,variance_risk_premium,variance_risk_premium,range_timing_or_transmission,US_options|futures_options|crypto_options,option quotes|trades|OI|Greeks|underlying liquidity,curated_primary_literature,,COMPLETE,MAPPED_NOT_TESTED,NOT_STARTED,NOT_OPENED,NOT_STARTED,0.0,BLOCKED,Candidate hypothesis only until frozen OOS/lockbox and prospective evidence.,
CUR_VOLATILITY_OPTIONS_DISTRIBUTION_DOWNSIDE_VARIANCE_RISK_PREMIUM,volatility_options_distribution,downside_variance_risk_premium,downside_variance_risk_premium,range_timing_or_transmission,US_options|futures_options|crypto_options,option quotes|trades|OI|Greeks|underlying liquidity,curated_primary_literature,,COMPLETE,MAPPED_NOT_TESTED,NOT_STARTED,NOT_OPENED,NOT_STARTED,0.0,BLOCKED,Candidate hypothesis only until frozen OOS/lockbox and prospective evidence.,
CUR_VOLATILITY_OPTIONS_DISTRIBUTION_UPSIDE_VARIANCE_RISK_PREMIUM,volatility_options_distribution,upside_variance_risk_premium,upside_variance_risk_premium,range_timing_or_transmission,US_options|futures_options|crypto_options,option quotes|trades|OI|Greeks|underlying liquidity,curated_primary_literature,,COMPLETE,MAPPED_NOT_TESTED,NOT_STARTED,NOT_OPENED,NOT_STARTED,0.0,BLOCKED,Candidate hypothesis only until frozen OOS/lockbox and prospective evidence.,
CUR_VOLATILITY_OPTIONS_DISTRIBUTION_SVIX,volatility_options_distribution,SVIX,SVIX,range_timing_or_transmission,US_options|futures_options|crypto_options,option quotes|trades|OI|Greeks|underlying liquidity,curated_primary_literature,,COMPLETE,MAPPED_NOT_TESTED,NOT_STARTED,NOT_OPENED,NOT_STARTED,0.0,BLOCKED,Candidate hypothesis only until frozen OOS/lockbox and prospective evidence.,
CUR_VOLATILITY_OPTIONS_DISTRIBUTION_SKEW_RISK_PREMIUM,volatility_options_distribution,skew_risk_premium,skew_risk_premium,range_timing_or_transmission,US_options|futures_options|crypto_options,option quotes|trades|OI|Greeks|underlying liquidity,curated_primary_literature,,COMPLETE,MAPPED_NOT_TESTED,NOT_STARTED,NOT_OPENED,NOT_STARTED,0.0,BLOCKED,Candidate hypothesis only until frozen OOS/lockbox and prospective evidence.,
CUR_VOLATILITY_OPTIONS_DISTRIBUTION_VOL_OF_VOL_PREMIUM,volatility_options_distribution,vol_of_vol_premium,vol_of_vol_premium,range_timing_or_transmission,US_options|futures_options|crypto_options,option quotes|trades|OI|Greeks|underlying liquidity,curated_primary_literature,,COMPLETE,MAPPED_NOT_TESTED,NOT_STARTED,NOT_OPENED,NOT_STARTED,0.0,BLOCKED,Candidate hypothesis only until frozen OOS/lockbox and prospective evidence.,
CUR_VOLATILITY_OPTIONS_DISTRIBUTION_IMPLIED_CORRELATION,volatility_options_distribution,implied_correlation,implied_correlation,range_timing_or_transmission,US_options|futures_options|crypto_options,option quotes|trades|OI|Greeks|underlying liquidity,curated_primary_literature,,COMPLETE,MAPPED_NOT_TESTED,NOT_STARTED,NOT_OPENED,NOT_STARTED,0.0,BLOCKED,Candidate hypothesis only until frozen OOS/lockbox and prospective evidence.,
CUR_VOLATILITY_OPTIONS_DISTRIBUTION_DISPERSION_RISK_PREMIUM,volatility_options_distribution,dispersion_risk_premium,dispersion_risk_premium,range_timing_or_transmission,US_options|futures_options|crypto_options,option quotes|trades|OI|Greeks|underlying liquidity,curated_primary_literature,,COMPLETE,MAPPED_NOT_TESTED,NOT_STARTED,NOT_OPENED,NOT_STARTED,0.0,BLOCKED,Candidate hypothesis only until frozen OOS/lockbox and prospective evidence.,
CUR_VOLATILITY_OPTIONS_DISTRIBUTION_VARIANCE_TERM_STRUCTURE,volatility_options_distribution,variance_term_structure,variance_term_structure,range_timing_or_transmission,US_options|futures_options|crypto_options,option quotes|trades|OI|Greeks|underlying liquidity,curated_primary_literature,,COMPLETE,MAPPED_NOT_TESTED,NOT_STARTED,NOT_OPENED,NOT_STARTED,0.0,BLOCKED,Candidate hypothesis only until frozen OOS/lockbox and prospective evidence.,
CUR_VOLATILITY_OPTIONS_DISTRIBUTION_SKEW_TERM_STRUCTURE,volatility_options_distribution,skew_term_structure,skew_term_structure,range_timing_or_transmission,US_options|futures_options|crypto_options,option quotes|trades|OI|Greeks|underlying liquidity,curated_primary_literature,,COMPLETE,MAPPED_NOT_TESTED,NOT_STARTED,NOT_OPENED,NOT_STARTED,0.0,BLOCKED,Candidate hypothesis only until frozen OOS/lockbox and prospective evidence.,
CUR_VOLATILITY_OPTIONS_DISTRIBUTION_RISK_REVERSAL,volatility_options_distribution,risk_reversal,risk_reversal,range_timing_or_transmission,US_options|futures_options|crypto_options,option quotes|trades|OI|Greeks|underlying liquidity,curated_primary_literature,,COMPLETE,MAPPED_NOT_TESTED,NOT_STARTED,NOT_OPENED,NOT_STARTED,0.0,BLOCKED,Candidate hypothesis only until frozen OOS/lockbox and prospective evidence.,
CUR_VOLATILITY_OPTIONS_DISTRIBUTION_BUTTERFLY_CONVEXITY,volatility_options_distribution,butterfly_convexity,butterfly_convexity,range_timing_or_transmission,US_options|futures_options|crypto_options,option quotes|trades|OI|Greeks|underlying liquidity,curated_primary_literature,,COMPLETE,MAPPED_NOT_TESTED,NOT_STARTED,NOT_OPENED,NOT_STARTED,0.0,BLOCKED,Candidate hypothesis only until frozen OOS/lockbox and prospective evidence.,
CUR_VOLATILITY_OPTIONS_DISTRIBUTION_EVENT_VOLATILITY_PREMIUM,volatility_options_distribution,event_volatility_premium,event_volatility_premium,range_timing_or_transmission,US_options|futures_options|crypto_options,option quotes|trades|OI|Greeks|underlying liquidity,curated_primary_literature,,COMPLETE,MAPPED_NOT_TESTED,NOT_STARTED,NOT_OPENED,NOT_STARTED,0.0,BLOCKED,Candidate hypothesis only until frozen OOS/lockbox and prospective evidence.,
CUR_VOLATILITY_OPTIONS_DISTRIBUTION_JUMP_RISK_PREMIUM,volatility_options_distribution,jump_risk_premium,jump_risk_premium,range_timing_or_transmission,US_options|futures_options|crypto_options,option quotes|trades|OI|Greeks|underlying liquidity,curated_primary_literature,,COMPLETE,MAPPED_NOT_TESTED,NOT_STARTED,NOT_OPENED,NOT_STARTED,0.0,BLOCKED,Candidate hypothesis only until frozen OOS/lockbox and prospective evidence.,
CUR_VOLATILITY_OPTIONS_DISTRIBUTION_TAIL_PUT_DEMAND,volatility_options_distribution,tail_put_demand,tail_put_demand,range_timing_or_transmission,US_options|futures_options|crypto_options,option quotes|trades|OI|Greeks|underlying liquidity,curated_primary_literature,,COMPLETE,MAPPED_NOT_TESTED,NOT_STARTED,NOT_OPENED,NOT_STARTED,0.0,BLOCKED,Candidate hypothesis only until frozen OOS/lockbox and prospective evidence.,
CUR_VOLATILITY_OPTIONS_DISTRIBUTION_CALL_DEMAND,volatility_options_distribution,call_demand,call_demand,range_timing_or_transmission,US_options|futures_options|crypto_options,option quotes|trades|OI|Greeks|underlying liquidity,curated_primary_literature,,COMPLETE,MAPPED_NOT_TESTED,NOT_STARTED,NOT_OPENED,NOT_STARTED,0.0,BLOCKED,Candidate hypothesis only until frozen OOS/lockbox and prospective evidence.,
CUR_VOLATILITY_OPTIONS_DISTRIBUTION_OPTION_VOLUME_IMBALANCE,volatility_options_distribution,option_volume_imbalance,option_volume_imbalance,range_timing_or_transmission,US_options|futures_options|crypto_options,option quotes|trades|OI|Greeks|underlying liquidity,curated_primary_literature,,COMPLETE,MAPPED_NOT_TESTED,NOT_STARTED,NOT_OPENED,NOT_STARTED,0.0,BLOCKED,Candidate hypothesis only until frozen OOS/lockbox and prospective evidence.,
CUR_VOLATILITY_OPTIONS_DISTRIBUTION_SIGNED_DEALER_GAMMA,volatility_options_distribution,signed_dealer_gamma,signed_dealer_gamma,range_timing_or_transmission,US_options|futures_options|crypto_options,option quotes|trades|OI|Greeks|underlying liquidity,curated_primary_literature,,COMPLETE,MAPPED_NOT_TESTED,NOT_STARTED,NOT_OPENED,NOT_STARTED,0.0,BLOCKED,Candidate hypothesis only until frozen OOS/lockbox and prospective evidence.,
CUR_VOLATILITY_OPTIONS_DISTRIBUTION_SIGNED_DEALER_VANNA,volatility_options_distribution,signed_dealer_vanna,signed_dealer_vanna,range_timing_or_transmission,US_options|futures_options|crypto_options,option quotes|trades|OI|Greeks|underlying liquidity,curated_primary_literature,,COMPLETE,MAPPED_NOT_TESTED,NOT_STARTED,NOT_OPENED,NOT_STARTED,0.0,BLOCKED,Candidate hypothesis only until frozen OOS/lockbox and prospective evidence.,
CUR_VOLATILITY_OPTIONS_DISTRIBUTION_SIGNED_DEALER_CHARM,volatility_options_distribution,signed_dealer_charm,signed_dealer_charm,range_timing_or_transmission,US_options|futures_options|crypto_options,option quotes|trades|OI|Greeks|underlying liquidity,curated_primary_literature,,COMPLETE,MAPPED_NOT_TESTED,NOT_STARTED,NOT_OPENED,NOT_STARTED,0.0,BLOCKED,Candidate hypothesis only until frozen OOS/lockbox and prospective evidence.,
CUR_VOLATILITY_OPTIONS_DISTRIBUTION_LIQUIDITY_NORMALIZED_GAMMA,volatility_options_distribution,liquidity_normalized_gamma,liquidity_normalized_gamma,range_timing_or_transmission,US_options|futures_options|crypto_options,option quotes|trades|OI|Greeks|underlying liquidity,curated_primary_literature,,COMPLETE,MAPPED_NOT_TESTED,NOT_STARTED,NOT_OPENED,NOT_STARTED,0.0,BLOCKED,Candidate hypothesis only until frozen OOS/lockbox and prospective evidence.,
CUR_VOLATILITY_OPTIONS_DISTRIBUTION_PIN_BREAK_TOPOLOGY,volatility_options_distribution,pin_break_topology,pin_break_topology,range_timing_or_transmission,US_options|futures_options|crypto_options,option quotes|trades|OI|Greeks|underlying liquidity,curated_primary_literature,,COMPLETE,MAPPED_NOT_TESTED,NOT_STARTED,NOT_OPENED,NOT_STARTED,0.0,BLOCKED,Candidate hypothesis only until frozen OOS/lockbox and prospective evidence.,
CUR_VOLATILITY_OPTIONS_DISTRIBUTION_GAMMA_SCALPING_BREAKEVEN,volatility_options_distribution,gamma_scalping_breakeven,gamma_scalping_breakeven,range_timing_or_transmission,US_options|futures_options|crypto_options,option quotes|trades|OI|Greeks|underlying liquidity,curated_primary_literature,,COMPLETE,MAPPED_NOT_TESTED,NOT_STARTED,NOT_OPENED,NOT_STARTED,0.0,BLOCKED,Candidate hypothesis only until frozen OOS/lockbox and prospective evidence.,
CUR_VOLATILITY_OPTIONS_DISTRIBUTION_DELTA_HEDGED_OPTION_RETURN,volatility_options_distribution,delta_hedged_option_return,delta_hedged_option_return,range_timing_or_transmission,US_options|futures_options|crypto_options,option quotes|trades|OI|Greeks|underlying liquidity,curated_primary_literature,,COMPLETE,MAPPED_NOT_TESTED,NOT_STARTED,NOT_OPENED,NOT_STARTED,0.0,BLOCKED,Candidate hypothesis only until frozen OOS/lockbox and prospective evidence.,
CUR_VOLATILITY_OPTIONS_DISTRIBUTION_STRADDLE_IMPLIED_MOVE,volatility_options_distribution,straddle_implied_move,straddle_implied_move,range_timing_or_transmission,US_options|futures_options|crypto_options,option quotes|trades|OI|Greeks|underlying liquidity,curated_primary_literature,,COMPLETE,MAPPED_NOT_TESTED,NOT_STARTED,NOT_OPENED,NOT_STARTED,0.0,BLOCKED,Candidate hypothesis only until frozen OOS/lockbox and prospective evidence.,
CUR_VOLATILITY_OPTIONS_DISTRIBUTION_SURFACE_DISLOCATION,volatility_options_distribution,surface_dislocation,surface_dislocation,range_timing_or_transmission,US_options|futures_options|crypto_options,option quotes|trades|OI|Greeks|underlying liquidity,curated_primary_literature,,COMPLETE,MAPPED_NOT_TESTED,NOT_STARTED,NOT_OPENED,NOT_STARTED,0.0,BLOCKED,Candidate hypothesis only until frozen OOS/lockbox and prospective evidence.,
CUR_VOLATILITY_OPTIONS_DISTRIBUTION_LOCAL_VOL_SURFACE,volatility_options_distribution,local_vol_surface,local_vol_surface,range_timing_or_transmission,US_options|futures_options|crypto_options,option quotes|trades|OI|Greeks|underlying liquidity,curated_primary_literature,,COMPLETE,MAPPED_NOT_TESTED,NOT_STARTED,NOT_OPENED,NOT_STARTED,0.0,BLOCKED,Candidate hypothesis only until frozen OOS/lockbox and prospective evidence.,
CUR_VOLATILITY_OPTIONS_DISTRIBUTION_STOCHASTIC_VOLATILITY_STATE,volatility_options_distribution,stochastic_volatility_state,stochastic_volatility_state,range_timing_or_transmission,US_options|futures_options|crypto_options,option quotes|trades|OI|Greeks|underlying liquidity,curated_primary_literature,,COMPLETE,MAPPED_NOT_TESTED,NOT_STARTED,NOT_OPENED,NOT_STARTED,0.0,BLOCKED,Candidate hypothesis only until frozen OOS/lockbox and prospective evidence.,
CUR_VOLATILITY_OPTIONS_DISTRIBUTION_SABR_PARAMETERS,volatility_options_distribution,SABR_parameters,SABR_parameters,range_timing_or_transmission,US_options|futures_options|crypto_options,option quotes|trades|OI|Greeks|underlying liquidity,curated_primary_literature,,COMPLETE,MAPPED_NOT_TESTED,NOT_STARTED,NOT_OPENED,NOT_STARTED,0.0,BLOCKED,Candidate hypothesis only until frozen OOS/lockbox and prospective evidence.,
CUR_VOLATILITY_OPTIONS_DISTRIBUTION_HESTON_PARAMETERS,volatility_options_distribution,Heston_parameters,Heston_parameters,range_timing_or_transmission,US_options|futures_options|crypto_options,option quotes|trades|OI|Greeks|underlying liquidity,curated_primary_literature,,COMPLETE,MAPPED_NOT_TESTED,NOT_STARTED,NOT_OPENED,NOT_STARTED,0.0,BLOCKED,Candidate hypothesis only until frozen OOS/lockbox and prospective evidence.,
CUR_VOLATILITY_OPTIONS_DISTRIBUTION_VOLATILITY_OF_LIQUIDITY,volatility_options_distribution,volatility_of_liquidity,volatility_of_liquidity,range_timing_or_transmission,US_options|futures_options|crypto_options,option quotes|trades|OI|Greeks|underlying liquidity,curated_primary_literature,,COMPLETE,MAPPED_NOT_TESTED,NOT_STARTED,NOT_OPENED,NOT_STARTED,0.0,BLOCKED,Candidate hypothesis only until frozen OOS/lockbox and prospective evidence.,
CUR_VOLATILITY_OPTIONS_DISTRIBUTION_ZERO_DTE_INVENTORY,volatility_options_distribution,zero_DTE_inventory,zero_DTE_inventory,range_timing_or_transmission,US_options|futures_options|crypto_options,option quotes|trades|OI|Greeks|underlying liquidity,curated_primary_literature,,COMPLETE,MAPPED_NOT_TESTED,NOT_STARTED,NOT_OPENED,NOT_STARTED,0.0,BLOCKED,Candidate hypothesis only until frozen OOS/lockbox and prospective evidence.,
CUR_VOLATILITY_OPTIONS_DISTRIBUTION_EXPIRY_CONCENTRATION,volatility_options_distribution,expiry_concentration,expiry_concentration,range_timing_or_transmission,US_options|futures_options|crypto_options,option quotes|trades|OI|Greeks|underlying liquidity,curated_primary_literature,,COMPLETE,MAPPED_NOT_TESTED,NOT_STARTED,NOT_OPENED,NOT_STARTED,0.0,BLOCKED,Candidate hypothesis only until frozen OOS/lockbox and prospective evidence.,
CUR_VOLATILITY_OPTIONS_DISTRIBUTION_GROSS_OI_GEX_PLACEBO,volatility_options_distribution,gross_OI_GEX_placebo,gross_OI_GEX_placebo,range_timing_or_transmission,US_options|futures_options|crypto_options,option quotes|trades|OI|Greeks|underlying liquidity,curated_primary_literature,,COMPLETE,MAPPED_NOT_TESTED,NOT_STARTED,NOT_OPENED,NOT_STARTED,0.0,BLOCKED,Candidate hypothesis only until frozen OOS/lockbox and prospective evidence.,
CUR_VOLATILITY_OPTIONS_DISTRIBUTION_CALL_WALL_PLACEBO,volatility_options_distribution,call_wall_placebo,call_wall_placebo,range_timing_or_transmission,US_options|futures_options|crypto_options,option quotes|trades|OI|Greeks|underlying liquidity,curated_primary_literature,,COMPLETE,MAPPED_NOT_TESTED,NOT_STARTED,NOT_OPENED,NOT_STARTED,0.0,BLOCKED,Candidate hypothesis only until frozen OOS/lockbox and prospective evidence.,
CUR_VOLATILITY_OPTIONS_DISTRIBUTION_PUT_WALL_PLACEBO,volatility_options_distribution,put_wall_placebo,put_wall_placebo,range_timing_or_transmission,US_options|futures_options|crypto_options,option quotes|trades|OI|Greeks|underlying liquidity,curated_primary_literature,,COMPLETE,MAPPED_NOT_TESTED,NOT_STARTED,NOT_OPENED,NOT_STARTED,0.0,BLOCKED,Candidate hypothesis only until frozen OOS/lockbox and prospective evidence.,
CUR_VOLATILITY_OPTIONS_DISTRIBUTION_MAX_PAIN_PLACEBO,volatility_options_distribution,max_pain_placebo,max_pain_placebo,range_timing_or_transmission,US_options|futures_options|crypto_options,option quotes|trades|OI|Greeks|underlying liquidity,curated_primary_literature,,COMPLETE,MAPPED_NOT_TESTED,NOT_STARTED,NOT_OPENED,NOT_STARTED,0.0,BLOCKED,Candidate hypothesis only until frozen OOS/lockbox and prospective evidence.,
CUR_VOLATILITY_OPTIONS_DISTRIBUTION_IV_RANK_PLACEBO,volatility_options_distribution,IV_rank_placebo,IV_rank_placebo,range_timing_or_transmission,US_options|futures_options|crypto_options,option quotes|trades|OI|Greeks|underlying liquidity,curated_primary_literature,,COMPLETE,MAPPED_NOT_TESTED,NOT_STARTED,NOT_OPENED,NOT_STARTED,0.0,BLOCKED,Candidate hypothesis only until frozen OOS/lockbox and prospective evidence.,
CUR_VOLATILITY_OPTIONS_DISTRIBUTION_PUT_CALL_RATIO,volatility_options_distribution,put_call_ratio,put_call_ratio,range_timing_or_transmission,US_options|futures_options|crypto_options,option quotes|trades|OI|Greeks|underlying liquidity,curated_primary_literature,,COMPLETE,MAPPED_NOT_TESTED,NOT_STARTED,NOT_OPENED,NOT_STARTED,0.0,BLOCKED,Candidate hypothesis only until frozen OOS/lockbox and prospective evidence.,
CUR_VOLATILITY_OPTIONS_DISTRIBUTION_OPTION_OPEN_CLOSE_FLOW,volatility_options_distribution,option_open_close_flow,option_open_close_flow,range_timing_or_transmission,US_options|futures_options|crypto_options,option quotes|trades|OI|Greeks|underlying liquidity,curated_primary_literature,,COMPLETE,MAPPED_NOT_TESTED,NOT_STARTED,NOT_OPENED,NOT_STARTED,0.0,BLOCKED,Candidate hypothesis only until frozen OOS/lockbox and prospective evidence.,
CUR_VOLATILITY_OPTIONS_DISTRIBUTION_OPTION_TRADE_DIRECTION_FLOW,volatility_options_distribution,option_trade_direction_flow,option_trade_direction_flow,range_timing_or_transmission,US_options|futures_options|crypto_options,option quotes|trades|OI|Greeks|underlying liquidity,curated_primary_literature,,COMPLETE,MAPPED_NOT_TESTED,NOT_STARTED,NOT_OPENED,NOT_STARTED,0.0,BLOCKED,Candidate hypothesis only until frozen OOS/lockbox and prospective evidence.,
CUR_MICROSTRUCTURE_ORDER_FLOW_ORDER_BOOK_IMBALANCE,microstructure_order_flow,order_book_imbalance,order_book_imbalance,execution_or_short_horizon_flow,liquid_electronic_markets,tick trades|quotes|book|lending,curated_primary_literature,,COMPLETE,MAPPED_NOT_TESTED,NOT_STARTED,NOT_OPENED,NOT_STARTED,0.0,BLOCKED,Candidate hypothesis only until frozen OOS/lockbox and prospective evidence.,
CUR_MICROSTRUCTURE_ORDER_FLOW_MICROPRICE,microstructure_order_flow,microprice,microprice,execution_or_short_horizon_flow,liquid_electronic_markets,tick trades|quotes|book|lending,curated_primary_literature,,COMPLETE,MAPPED_NOT_TESTED,NOT_STARTED,NOT_OPENED,NOT_STARTED,0.0,BLOCKED,Candidate hypothesis only until frozen OOS/lockbox and prospective evidence.,
CUR_MICROSTRUCTURE_ORDER_FLOW_QUEUE_IMBALANCE,microstructure_order_flow,queue_imbalance,queue_imbalance,execution_or_short_horizon_flow,liquid_electronic_markets,tick trades|quotes|book|lending,curated_primary_literature,,COMPLETE,MAPPED_NOT_TESTED,NOT_STARTED,NOT_OPENED,NOT_STARTED,0.0,BLOCKED,Candidate hypothesis only until frozen OOS/lockbox and prospective evidence.,
CUR_MICROSTRUCTURE_ORDER_FLOW_SIGNED_TRADE_IMBALANCE,microstructure_order_flow,signed_trade_imbalance,signed_trade_imbalance,execution_or_short_horizon_flow,liquid_electronic_markets,tick trades|quotes|book|lending,curated_primary_literature,,COMPLETE,MAPPED_NOT_TESTED,NOT_STARTED,NOT_OPENED,NOT_STARTED,0.0,BLOCKED,Candidate hypothesis only until frozen OOS/lockbox and prospective evidence.,
CUR_MICROSTRUCTURE_ORDER_FLOW_KYLE_LAMBDA,microstructure_order_flow,Kyle_lambda,Kyle_lambda,execution_or_short_horizon_flow,liquid_electronic_markets,tick trades|quotes|book|lending,curated_primary_literature,,COMPLETE,MAPPED_NOT_TESTED,NOT_STARTED,NOT_OPENED,NOT_STARTED,0.0,BLOCKED,Candidate hypothesis only until frozen OOS/lockbox and prospective evidence.,
CUR_MICROSTRUCTURE_ORDER_FLOW_AMIHUD_ILLIQUIDITY,microstructure_order_flow,Amihud_illiquidity,Amihud_illiquidity,execution_or_short_horizon_flow,liquid_electronic_markets,tick trades|quotes|book|lending,curated_primary_literature,,COMPLETE,MAPPED_NOT_TESTED,NOT_STARTED,NOT_OPENED,NOT_STARTED,0.0,BLOCKED,Candidate hypothesis only until frozen OOS/lockbox and prospective evidence.,
CUR_MICROSTRUCTURE_ORDER_FLOW_EFFECTIVE_SPREAD,microstructure_order_flow,effective_spread,effective_spread,execution_or_short_horizon_flow,liquid_electronic_markets,tick trades|quotes|book|lending,curated_primary_literature,,COMPLETE,MAPPED_NOT_TESTED,NOT_STARTED,NOT_OPENED,NOT_STARTED,0.0,BLOCKED,Candidate hypothesis only until frozen OOS/lockbox and prospective evidence.,
CUR_MICROSTRUCTURE_ORDER_FLOW_REALIZED_SPREAD,microstructure_order_flow,realized_spread,realized_spread,execution_or_short_horizon_flow,liquid_electronic_markets,tick trades|quotes|book|lending,curated_primary_literature,,COMPLETE,MAPPED_NOT_TESTED,NOT_STARTED,NOT_OPENED,NOT_STARTED,0.0,BLOCKED,Candidate hypothesis only until frozen OOS/lockbox and prospective evidence.,
CUR_MICROSTRUCTURE_ORDER_FLOW_ADVERSE_SELECTION_COMPONENT,microstructure_order_flow,adverse_selection_component,adverse_selection_component,execution_or_short_horizon_flow,liquid_electronic_markets,tick trades|quotes|book|lending,curated_primary_literature,,COMPLETE,MAPPED_NOT_TESTED,NOT_STARTED,NOT_OPENED,NOT_STARTED,0.0,BLOCKED,Candidate hypothesis only until frozen OOS/lockbox and prospective evidence.,
CUR_MICROSTRUCTURE_ORDER_FLOW_VPIN,microstructure_order_flow,VPIN,VPIN,execution_or_short_horizon_flow,liquid_electronic_markets,tick trades|quotes|book|lending,curated_primary_literature,,COMPLETE,MAPPED_NOT_TESTED,NOT_STARTED,NOT_OPENED,NOT_STARTED,0.0,BLOCKED,Candidate hypothesis only until frozen OOS/lockbox and prospective evidence.,
CUR_MICROSTRUCTURE_ORDER_FLOW_VPIN_PLACEBO,microstructure_order_flow,VPIN_placebo,VPIN_placebo,execution_or_short_horizon_flow,liquid_electronic_markets,tick trades|quotes|book|lending,curated_primary_literature,,COMPLETE,MAPPED_NOT_TESTED,NOT_STARTED,NOT_OPENED,NOT_STARTED,0.0,BLOCKED,Candidate hypothesis only until frozen OOS/lockbox and prospective evidence.,
CUR_MICROSTRUCTURE_ORDER_FLOW_ORDER_FLOW_TOXICITY,microstructure_order_flow,order_flow_toxicity,order_flow_toxicity,execution_or_short_horizon_flow,liquid_electronic_markets,tick trades|quotes|book|lending,curated_primary_literature,,COMPLETE,MAPPED_NOT_TESTED,NOT_STARTED,NOT_OPENED,NOT_STARTED,0.0,BLOCKED,Candidate hypothesis only until frozen OOS/lockbox and prospective evidence.,
CUR_MICROSTRUCTURE_ORDER_FLOW_TRADE_SIZE_DISTRIBUTION,microstructure_order_flow,trade_size_distribution,trade_size_distribution,execution_or_short_horizon_flow,liquid_electronic_markets,tick trades|quotes|book|lending,curated_primary_literature,,COMPLETE,MAPPED_NOT_TESTED,NOT_STARTED,NOT_OPENED,NOT_STARTED,0.0,BLOCKED,Candidate hypothesis only until frozen OOS/lockbox and prospective evidence.,
CUR_MICROSTRUCTURE_ORDER_FLOW_HIDDEN_LIQUIDITY,microstructure_order_flow,hidden_liquidity,hidden_liquidity,execution_or_short_horizon_flow,liquid_electronic_markets,tick trades|quotes|book|lending,curated_primary_literature,,COMPLETE,MAPPED_NOT_TESTED,NOT_STARTED,NOT_OPENED,NOT_STARTED,0.0,BLOCKED,Candidate hypothesis only until frozen OOS/lockbox and prospective evidence.,
CUR_MICROSTRUCTURE_ORDER_FLOW_ICEBERG_DETECTION,microstructure_order_flow,iceberg_detection,iceberg_detection,execution_or_short_horizon_flow,liquid_electronic_markets,tick trades|quotes|book|lending,curated_primary_literature,,COMPLETE,MAPPED_NOT_TESTED,NOT_STARTED,NOT_OPENED,NOT_STARTED,0.0,BLOCKED,Candidate hypothesis only until frozen OOS/lockbox and prospective evidence.,
CUR_MICROSTRUCTURE_ORDER_FLOW_CANCEL_TO_TRADE_RATIO,microstructure_order_flow,cancel_to_trade_ratio,cancel_to_trade_ratio,execution_or_short_horizon_flow,liquid_electronic_markets,tick trades|quotes|book|lending,curated_primary_literature,,COMPLETE,MAPPED_NOT_TESTED,NOT_STARTED,NOT_OPENED,NOT_STARTED,0.0,BLOCKED,Candidate hypothesis only until frozen OOS/lockbox and prospective evidence.,
CUR_MICROSTRUCTURE_ORDER_FLOW_QUOTE_STUFFING_PROXY,microstructure_order_flow,quote_stuffing_proxy,quote_stuffing_proxy,execution_or_short_horizon_flow,liquid_electronic_markets,tick trades|quotes|book|lending,curated_primary_literature,,COMPLETE,MAPPED_NOT_TESTED,NOT_STARTED,NOT_OPENED,NOT_STARTED,0.0,BLOCKED,Candidate hypothesis only until frozen OOS/lockbox and prospective evidence.,
CUR_MICROSTRUCTURE_ORDER_FLOW_LATENCY_ARBITRAGE_PRESSURE,microstructure_order_flow,latency_arbitrage_pressure,latency_arbitrage_pressure,execution_or_short_horizon_flow,liquid_electronic_markets,tick trades|quotes|book|lending,curated_primary_literature,,COMPLETE,MAPPED_NOT_TESTED,NOT_STARTED,NOT_OPENED,NOT_STARTED,0.0,BLOCKED,Candidate hypothesis only until frozen OOS/lockbox and prospective evidence.,
CUR_MICROSTRUCTURE_ORDER_FLOW_CLOSING_AUCTION_IMBALANCE,microstructure_order_flow,closing_auction_imbalance,closing_auction_imbalance,execution_or_short_horizon_flow,liquid_electronic_markets,tick trades|quotes|book|lending,curated_primary_literature,,COMPLETE,MAPPED_NOT_TESTED,NOT_STARTED,NOT_OPENED,NOT_STARTED,0.0,BLOCKED,Candidate hypothesis only until frozen OOS/lockbox and prospective evidence.,
CUR_MICROSTRUCTURE_ORDER_FLOW_OPENING_AUCTION_IMBALANCE,microstructure_order_flow,opening_auction_imbalance,opening_auction_imbalance,execution_or_short_horizon_flow,liquid_electronic_markets,tick trades|quotes|book|lending,curated_primary_literature,,COMPLETE,MAPPED_NOT_TESTED,NOT_STARTED,NOT_OPENED,NOT_STARTED,0.0,BLOCKED,Candidate hypothesis only until frozen OOS/lockbox and prospective evidence.,
CUR_MICROSTRUCTURE_ORDER_FLOW_ETF_CREATION_REDEMPTION_FLOW,microstructure_order_flow,ETF_creation_redemption_flow,ETF_creation_redemption_flow,execution_or_short_horizon_flow,liquid_electronic_markets,tick trades|quotes|book|lending,curated_primary_literature,,COMPLETE,MAPPED_NOT_TESTED,NOT_STARTED,NOT_OPENED,NOT_STARTED,0.0,BLOCKED,Candidate hypothesis only until frozen OOS/lockbox and prospective evidence.,
CUR_MICROSTRUCTURE_ORDER_FLOW_DARK_POOL_SHARE,microstructure_order_flow,dark_pool_share,dark_pool_share,execution_or_short_horizon_flow,liquid_electronic_markets,tick trades|quotes|book|lending,curated_primary_literature,,COMPLETE,MAPPED_NOT_TESTED,NOT_STARTED,NOT_OPENED,NOT_STARTED,0.0,BLOCKED,Candidate hypothesis only until frozen OOS/lockbox and prospective evidence.,
CUR_MICROSTRUCTURE_ORDER_FLOW_ODD_LOT_INFORMATION,microstructure_order_flow,odd_lot_information,odd_lot_information,execution_or_short_horizon_flow,liquid_electronic_markets,tick trades|quotes|book|lending,curated_primary_literature,,COMPLETE,MAPPED_NOT_TESTED,NOT_STARTED,NOT_OPENED,NOT_STARTED,0.0,BLOCKED,Candidate hypothesis only until frozen OOS/lockbox and prospective evidence.,
CUR_MICROSTRUCTURE_ORDER_FLOW_BLOCK_TRADE_FOLLOW_THROUGH,microstructure_order_flow,block_trade_follow_through,block_trade_follow_through,execution_or_short_horizon_flow,liquid_electronic_markets,tick trades|quotes|book|lending,curated_primary_literature,,COMPLETE,MAPPED_NOT_TESTED,NOT_STARTED,NOT_OPENED,NOT_STARTED,0.0,BLOCKED,Candidate hypothesis only until frozen OOS/lockbox and prospective evidence.,
CUR_MICROSTRUCTURE_ORDER_FLOW_BROKER_INVENTORY,microstructure_order_flow,broker_inventory,broker_inventory,execution_or_short_horizon_flow,liquid_electronic_markets,tick trades|quotes|book|lending,curated_primary_literature,,COMPLETE,MAPPED_NOT_TESTED,NOT_STARTED,NOT_OPENED,NOT_STARTED,0.0,BLOCKED,Candidate hypothesis only until frozen OOS/lockbox and prospective evidence.,
CUR_MICROSTRUCTURE_ORDER_FLOW_DEALER_INVENTORY,microstructure_order_flow,dealer_inventory,dealer_inventory,execution_or_short_horizon_flow,liquid_electronic_markets,tick trades|quotes|book|lending,curated_primary_literature,,COMPLETE,MAPPED_NOT_TESTED,NOT_STARTED,NOT_OPENED,NOT_STARTED,0.0,BLOCKED,Candidate hypothesis only until frozen OOS/lockbox and prospective evidence.,
CUR_MICROSTRUCTURE_ORDER_FLOW_SHORT_SALE_VOLUME,microstructure_order_flow,short_sale_volume,short_sale_volume,execution_or_short_horizon_flow,liquid_electronic_markets,tick trades|quotes|book|lending,curated_primary_literature,,COMPLETE,MAPPED_NOT_TESTED,NOT_STARTED,NOT_OPENED,NOT_STARTED,0.0,BLOCKED,Candidate hypothesis only until frozen OOS/lockbox and prospective evidence.,
CUR_MICROSTRUCTURE_ORDER_FLOW_BORROW_FEE,microstructure_order_flow,borrow_fee,borrow_fee,execution_or_short_horizon_flow,liquid_electronic_markets,tick trades|quotes|book|lending,curated_primary_literature,,COMPLETE,MAPPED_NOT_TESTED,NOT_STARTED,NOT_OPENED,NOT_STARTED,0.0,BLOCKED,Candidate hypothesis only until frozen OOS/lockbox and prospective evidence.,
CUR_MICROSTRUCTURE_ORDER_FLOW_UTILIZATION,microstructure_order_flow,utilization,utilization,execution_or_short_horizon_flow,liquid_electronic_markets,tick trades|quotes|book|lending,curated_primary_literature,,COMPLETE,MAPPED_NOT_TESTED,NOT_STARTED,NOT_OPENED,NOT_STARTED,0.0,BLOCKED,Candidate hypothesis only until frozen OOS/lockbox and prospective evidence.,
CUR_MICROSTRUCTURE_ORDER_FLOW_LENDABLE_SUPPLY,microstructure_order_flow,lendable_supply,lendable_supply,execution_or_short_horizon_flow,liquid_electronic_markets,tick trades|quotes|book|lending,curated_primary_literature,,COMPLETE,MAPPED_NOT_TESTED,NOT_STARTED,NOT_OPENED,NOT_STARTED,0.0,BLOCKED,Candidate hypothesis only until frozen OOS/lockbox and prospective evidence.,
CUR_MICROSTRUCTURE_ORDER_FLOW_DAYS_TO_COVER,microstructure_order_flow,days_to_cover,days_to_cover,execution_or_short_horizon_flow,liquid_electronic_markets,tick trades|quotes|book|lending,curated_primary_literature,,COMPLETE,MAPPED_NOT_TESTED,NOT_STARTED,NOT_OPENED,NOT_STARTED,0.0,BLOCKED,Candidate hypothesis only until frozen OOS/lockbox and prospective evidence.,
CUR_MICROSTRUCTURE_ORDER_FLOW_FAIL_TO_DELIVER,microstructure_order_flow,fail_to_deliver,fail_to_deliver,execution_or_short_horizon_flow,liquid_electronic_markets,tick trades|quotes|book|lending,curated_primary_literature,,COMPLETE,MAPPED_NOT_TESTED,NOT_STARTED,NOT_OPENED,NOT_STARTED,0.0,BLOCKED,Candidate hypothesis only until frozen OOS/lockbox and prospective evidence.,
CUR_MICROSTRUCTURE_ORDER_FLOW_RETAIL_WHOLESALER_FLOW,microstructure_order_flow,retail_wholesaler_flow,retail_wholesaler_flow,execution_or_short_horizon_flow,liquid_electronic_markets,tick trades|quotes|book|lending,curated_primary_literature,,COMPLETE,MAPPED_NOT_TESTED,NOT_STARTED,NOT_OPENED,NOT_STARTED,0.0,BLOCKED,Candidate hypothesis only until frozen OOS/lockbox and prospective evidence.,
CUR_MICROSTRUCTURE_ORDER_FLOW_MARKET_MAKER_INTERNALIZATION,microstructure_order_flow,market_maker_internalization,market_maker_internalization,execution_or_short_horizon_flow,liquid_electronic_markets,tick trades|quotes|book|lending,curated_primary_literature,,COMPLETE,MAPPED_NOT_TESTED,NOT_STARTED,NOT_OPENED,NOT_STARTED,0.0,BLOCKED,Candidate hypothesis only until frozen OOS/lockbox and prospective evidence.,
CUR_MICROSTRUCTURE_ORDER_FLOW_PRICE_RESPONSE_ASYMMETRY,microstructure_order_flow,price_response_asymmetry,price_response_asymmetry,execution_or_short_horizon_flow,liquid_electronic_markets,tick trades|quotes|book|lending,curated_primary_literature,,COMPLETE,MAPPED_NOT_TESTED,NOT_STARTED,NOT_OPENED,NOT_STARTED,0.0,BLOCKED,Candidate hypothesis only until frozen OOS/lockbox and prospective evidence.,
CUR_MICROSTRUCTURE_ORDER_FLOW_LIQUIDITY_REPLENISHMENT,microstructure_order_flow,liquidity_replenishment,liquidity_replenishment,execution_or_short_horizon_flow,liquid_electronic_markets,tick trades|quotes|book|lending,curated_primary_literature,,COMPLETE,MAPPED_NOT_TESTED,NOT_STARTED,NOT_OPENED,NOT_STARTED,0.0,BLOCKED,Candidate hypothesis only until frozen OOS/lockbox and prospective evidence.,
CUR_MICROSTRUCTURE_ORDER_FLOW_ORDER_FLOW_PERSISTENCE,microstructure_order_flow,order_flow_persistence,order_flow_persistence,execution_or_short_horizon_flow,liquid_electronic_markets,tick trades|quotes|book|lending,curated_primary_literature,,COMPLETE,MAPPED_NOT_TESTED,NOT_STARTED,NOT_OPENED,NOT_STARTED,0.0,BLOCKED,Candidate hypothesis only until frozen OOS/lockbox and prospective evidence.,
CUR_MICROSTRUCTURE_ORDER_FLOW_VOLUME_SYNCHRONIZED_IMBALANCE,microstructure_order_flow,volume_synchronized_imbalance,volume_synchronized_imbalance,execution_or_short_horizon_flow,liquid_electronic_markets,tick trades|quotes|book|lending,curated_primary_literature,,COMPLETE,MAPPED_NOT_TESTED,NOT_STARTED,NOT_OPENED,NOT_STARTED,0.0,BLOCKED,Candidate hypothesis only until frozen OOS/lockbox and prospective evidence.,
CUR_MICROSTRUCTURE_ORDER_FLOW_LOB_RESILIENCE,microstructure_order_flow,LOB_resilience,LOB_resilience,execution_or_short_horizon_flow,liquid_electronic_markets,tick trades|quotes|book|lending,curated_primary_literature,,COMPLETE,MAPPED_NOT_TESTED,NOT_STARTED,NOT_OPENED,NOT_STARTED,0.0,BLOCKED,Candidate hypothesis only until frozen OOS/lockbox and prospective evidence.,
CUR_MICROSTRUCTURE_ORDER_FLOW_SPREAD_DEPTH_CONVEXITY,microstructure_order_flow,spread_depth_convexity,spread_depth_convexity,execution_or_short_horizon_flow,liquid_electronic_markets,tick trades|quotes|book|lending,curated_primary_literature,,COMPLETE,MAPPED_NOT_TESTED,NOT_STARTED,NOT_OPENED,NOT_STARTED,0.0,BLOCKED,Candidate hypothesis only until frozen OOS/lockbox and prospective evidence.,
CUR_COMMODITY_PHYSICAL_CURVE_INVENTORY_LEVEL,commodity_physical_curve,inventory_level,inventory_level,direction_range_or_value_capture,commodities,physical balances|futures curve|CFTC|freight|weather,curated_primary_literature,,COMPLETE,MAPPED_NOT_TESTED,NOT_STARTED,NOT_OPENED,NOT_STARTED,0.0,BLOCKED,Candidate hypothesis only until frozen OOS/lockbox and prospective evidence.,
CUR_COMMODITY_PHYSICAL_CURVE_INVENTORY_SURPRISE,commodity_physical_curve,inventory_surprise,inventory_surprise,direction_range_or_value_capture,commodities,physical balances|futures curve|CFTC|freight|weather,curated_primary_literature,,COMPLETE,MAPPED_NOT_TESTED,NOT_STARTED,NOT_OPENED,NOT_STARTED,0.0,BLOCKED,Candidate hypothesis only until frozen OOS/lockbox and prospective evidence.,
CUR_COMMODITY_PHYSICAL_CURVE_INVENTORY_DAYS_OF_SUPPLY,commodity_physical_curve,inventory_days_of_supply,inventory_days_of_supply,direction_range_or_value_capture,commodities,physical balances|futures curve|CFTC|freight|weather,curated_primary_literature,,COMPLETE,MAPPED_NOT_TESTED,NOT_STARTED,NOT_OPENED,NOT_STARTED,0.0,BLOCKED,Candidate hypothesis only until frozen OOS/lockbox and prospective evidence.,
CUR_COMMODITY_PHYSICAL_CURVE_CONVENIENCE_YIELD,commodity_physical_curve,convenience_yield,convenience_yield,direction_range_or_value_capture,commodities,physical balances|futures curve|CFTC|freight|weather,curated_primary_literature,,COMPLETE,MAPPED_NOT_TESTED,NOT_STARTED,NOT_OPENED,NOT_STARTED,0.0,BLOCKED,Candidate hypothesis only until frozen OOS/lockbox and prospective evidence.,
CUR_COMMODITY_PHYSICAL_CURVE_FUTURES_BASIS,commodity_physical_curve,futures_basis,futures_basis,direction_range_or_value_capture,commodities,physical balances|futures curve|CFTC|freight|weather,curated_primary_literature,,COMPLETE,MAPPED_NOT_TESTED,NOT_STARTED,NOT_OPENED,NOT_STARTED,0.0,BLOCKED,Candidate hypothesis only until frozen OOS/lockbox and prospective evidence.,
CUR_COMMODITY_PHYSICAL_CURVE_CURVE_SLOPE,commodity_physical_curve,curve_slope,curve_slope,direction_range_or_value_capture,commodities,physical balances|futures curve|CFTC|freight|weather,curated_primary_literature,,COMPLETE,MAPPED_NOT_TESTED,NOT_STARTED,NOT_OPENED,NOT_STARTED,0.0,BLOCKED,Candidate hypothesis only until frozen OOS/lockbox and prospective evidence.,
CUR_COMMODITY_PHYSICAL_CURVE_CURVE_CURVATURE,commodity_physical_curve,curve_curvature,curve_curvature,direction_range_or_value_capture,commodities,physical balances|futures curve|CFTC|freight|weather,curated_primary_literature,,COMPLETE,MAPPED_NOT_TESTED,NOT_STARTED,NOT_OPENED,NOT_STARTED,0.0,BLOCKED,Candidate hypothesis only until frozen OOS/lockbox and prospective evidence.,
CUR_COMMODITY_PHYSICAL_CURVE_BACKWARDATION_PERSISTENCE,commodity_physical_curve,backwardation_persistence,backwardation_persistence,direction_range_or_value_capture,commodities,physical balances|futures curve|CFTC|freight|weather,curated_primary_literature,,COMPLETE,MAPPED_NOT_TESTED,NOT_STARTED,NOT_OPENED,NOT_STARTED,0.0,BLOCKED,Candidate hypothesis only until frozen OOS/lockbox and prospective evidence.,
CUR_COMMODITY_PHYSICAL_CURVE_CONTANGO_STORAGE_ARBITRAGE,commodity_physical_curve,contango_storage_arbitrage,contango_storage_arbitrage,direction_range_or_value_capture,commodities,physical balances|futures curve|CFTC|freight|weather,curated_primary_literature,,COMPLETE,MAPPED_NOT_TESTED,NOT_STARTED,NOT_OPENED,NOT_STARTED,0.0,BLOCKED,Candidate hypothesis only until frozen OOS/lockbox and prospective evidence.,
CUR_COMMODITY_PHYSICAL_CURVE_PRODUCER_HEDGING_PRESSURE,commodity_physical_curve,producer_hedging_pressure,producer_hedging_pressure,direction_range_or_value_capture,commodities,physical balances|futures curve|CFTC|freight|weather,curated_primary_literature,,COMPLETE,MAPPED_NOT_TESTED,NOT_STARTED,NOT_OPENED,NOT_STARTED,0.0,BLOCKED,Candidate hypothesis only until frozen OOS/lockbox and prospective evidence.,
CUR_COMMODITY_PHYSICAL_CURVE_CONSUMER_HEDGING_PRESSURE,commodity_physical_curve,consumer_hedging_pressure,consumer_hedging_pressure,direction_range_or_value_capture,commodities,physical balances|futures curve|CFTC|freight|weather,curated_primary_literature,,COMPLETE,MAPPED_NOT_TESTED,NOT_STARTED,NOT_OPENED,NOT_STARTED,0.0,BLOCKED,Candidate hypothesis only until frozen OOS/lockbox and prospective evidence.,
CUR_COMMODITY_PHYSICAL_CURVE_MANAGED_MONEY_POSITIONING,commodity_physical_curve,managed_money_positioning,managed_money_positioning,direction_range_or_value_capture,commodities,physical balances|futures curve|CFTC|freight|weather,curated_primary_literature,,COMPLETE,MAPPED_NOT_TESTED,NOT_STARTED,NOT_OPENED,NOT_STARTED,0.0,BLOCKED,Candidate hypothesis only until frozen OOS/lockbox and prospective evidence.,
CUR_COMMODITY_PHYSICAL_CURVE_PHYSICAL_PREMIUM,commodity_physical_curve,physical_premium,physical_premium,direction_range_or_value_capture,commodities,physical balances|futures curve|CFTC|freight|weather,curated_primary_literature,,COMPLETE,MAPPED_NOT_TESTED,NOT_STARTED,NOT_OPENED,NOT_STARTED,0.0,BLOCKED,Candidate hypothesis only until frozen OOS/lockbox and prospective evidence.,
CUR_COMMODITY_PHYSICAL_CURVE_REGIONAL_BASIS,commodity_physical_curve,regional_basis,regional_basis,direction_range_or_value_capture,commodities,physical balances|futures curve|CFTC|freight|weather,curated_primary_literature,,COMPLETE,MAPPED_NOT_TESTED,NOT_STARTED,NOT_OPENED,NOT_STARTED,0.0,BLOCKED,Candidate hypothesis only until frozen OOS/lockbox and prospective evidence.,
CUR_COMMODITY_PHYSICAL_CURVE_TRANSPORT_BOTTLENECK,commodity_physical_curve,transport_bottleneck,transport_bottleneck,direction_range_or_value_capture,commodities,physical balances|futures curve|CFTC|freight|weather,curated_primary_literature,,COMPLETE,MAPPED_NOT_TESTED,NOT_STARTED,NOT_OPENED,NOT_STARTED,0.0,BLOCKED,Candidate hypothesis only until frozen OOS/lockbox and prospective evidence.,
CUR_COMMODITY_PHYSICAL_CURVE_STORAGE_CAPACITY_UTILIZATION,commodity_physical_curve,storage_capacity_utilization,storage_capacity_utilization,direction_range_or_value_capture,commodities,physical balances|futures curve|CFTC|freight|weather,curated_primary_literature,,COMPLETE,MAPPED_NOT_TESTED,NOT_STARTED,NOT_OPENED,NOT_STARTED,0.0,BLOCKED,Candidate hypothesis only until frozen OOS/lockbox and prospective evidence.,
CUR_COMMODITY_PHYSICAL_CURVE_REFINERY_UTILIZATION,commodity_physical_curve,refinery_utilization,refinery_utilization,direction_range_or_value_capture,commodities,physical balances|futures curve|CFTC|freight|weather,curated_primary_literature,,COMPLETE,MAPPED_NOT_TESTED,NOT_STARTED,NOT_OPENED,NOT_STARTED,0.0,BLOCKED,Candidate hypothesis only until frozen OOS/lockbox and prospective evidence.,
CUR_COMMODITY_PHYSICAL_CURVE_CRACK_SPREAD,commodity_physical_curve,crack_spread,crack_spread,direction_range_or_value_capture,commodities,physical balances|futures curve|CFTC|freight|weather,curated_primary_literature,,COMPLETE,MAPPED_NOT_TESTED,NOT_STARTED,NOT_OPENED,NOT_STARTED,0.0,BLOCKED,Candidate hypothesis only until frozen OOS/lockbox and prospective evidence.,
CUR_COMMODITY_PHYSICAL_CURVE_CALENDAR_SPREAD,commodity_physical_curve,calendar_spread,calendar_spread,direction_range_or_value_capture,commodities,physical balances|futures curve|CFTC|freight|weather,curated_primary_literature,,COMPLETE,MAPPED_NOT_TESTED,NOT_STARTED,NOT_OPENED,NOT_STARTED,0.0,BLOCKED,Candidate hypothesis only until frozen OOS/lockbox and prospective evidence.,
CUR_COMMODITY_PHYSICAL_CURVE_QUALITY_SPREAD,commodity_physical_curve,quality_spread,quality_spread,direction_range_or_value_capture,commodities,physical balances|futures curve|CFTC|freight|weather,curated_primary_literature,,COMPLETE,MAPPED_NOT_TESTED,NOT_STARTED,NOT_OPENED,NOT_STARTED,0.0,BLOCKED,Candidate hypothesis only until frozen OOS/lockbox and prospective evidence.,
CUR_COMMODITY_PHYSICAL_CURVE_FREIGHT_RATE,commodity_physical_curve,freight_rate,freight_rate,direction_range_or_value_capture,commodities,physical balances|futures curve|CFTC|freight|weather,curated_primary_literature,,COMPLETE,MAPPED_NOT_TESTED,NOT_STARTED,NOT_OPENED,NOT_STARTED,0.0,BLOCKED,Candidate hypothesis only until frozen OOS/lockbox and prospective evidence.,
CUR_COMMODITY_PHYSICAL_CURVE_WEATHER_DEMAND_SHOCK,commodity_physical_curve,weather_demand_shock,weather_demand_shock,direction_range_or_value_capture,commodities,physical balances|futures curve|CFTC|freight|weather,curated_primary_literature,,COMPLETE,MAPPED_NOT_TESTED,NOT_STARTED,NOT_OPENED,NOT_STARTED,0.0,BLOCKED,Candidate hypothesis only until frozen OOS/lockbox and prospective evidence.,
CUR_COMMODITY_PHYSICAL_CURVE_CROP_CONDITION,commodity_physical_curve,crop_condition,crop_condition,direction_range_or_value_capture,commodities,physical balances|futures curve|CFTC|freight|weather,curated_primary_literature,,COMPLETE,MAPPED_NOT_TESTED,NOT_STARTED,NOT_OPENED,NOT_STARTED,0.0,BLOCKED,Candidate hypothesis only until frozen OOS/lockbox and prospective evidence.,
CUR_COMMODITY_PHYSICAL_CURVE_PLANTING_PROGRESS,commodity_physical_curve,planting_progress,planting_progress,direction_range_or_value_capture,commodities,physical balances|futures curve|CFTC|freight|weather,curated_primary_literature,,COMPLETE,MAPPED_NOT_TESTED,NOT_STARTED,NOT_OPENED,NOT_STARTED,0.0,BLOCKED,Candidate hypothesis only until frozen OOS/lockbox and prospective evidence.,
CUR_COMMODITY_PHYSICAL_CURVE_HARVEST_PROGRESS,commodity_physical_curve,harvest_progress,harvest_progress,direction_range_or_value_capture,commodities,physical balances|futures curve|CFTC|freight|weather,curated_primary_literature,,COMPLETE,MAPPED_NOT_TESTED,NOT_STARTED,NOT_OPENED,NOT_STARTED,0.0,BLOCKED,Candidate hypothesis only until frozen OOS/lockbox and prospective evidence.,
CUR_COMMODITY_PHYSICAL_CURVE_MINE_SUPPLY_DISRUPTION,commodity_physical_curve,mine_supply_disruption,mine_supply_disruption,direction_range_or_value_capture,commodities,physical balances|futures curve|CFTC|freight|weather,curated_primary_literature,,COMPLETE,MAPPED_NOT_TESTED,NOT_STARTED,NOT_OPENED,NOT_STARTED,0.0,BLOCKED,Candidate hypothesis only until frozen OOS/lockbox and prospective evidence.,
CUR_COMMODITY_PHYSICAL_CURVE_OPEC_COMPLIANCE,commodity_physical_curve,OPEC_compliance,OPEC_compliance,direction_range_or_value_capture,commodities,physical balances|futures curve|CFTC|freight|weather,curated_primary_literature,,COMPLETE,MAPPED_NOT_TESTED,NOT_STARTED,NOT_OPENED,NOT_STARTED,0.0,BLOCKED,Candidate hypothesis only until frozen OOS/lockbox and prospective evidence.,
CUR_COMMODITY_PHYSICAL_CURVE_SPARE_CAPACITY,commodity_physical_curve,spare_capacity,spare_capacity,direction_range_or_value_capture,commodities,physical balances|futures curve|CFTC|freight|weather,curated_primary_literature,,COMPLETE,MAPPED_NOT_TESTED,NOT_STARTED,NOT_OPENED,NOT_STARTED,0.0,BLOCKED,Candidate hypothesis only until frozen OOS/lockbox and prospective evidence.,
CUR_COMMODITY_PHYSICAL_CURVE_RIG_COUNT,commodity_physical_curve,rig_count,rig_count,direction_range_or_value_capture,commodities,physical balances|futures curve|CFTC|freight|weather,curated_primary_literature,,COMPLETE,MAPPED_NOT_TESTED,NOT_STARTED,NOT_OPENED,NOT_STARTED,0.0,BLOCKED,Candidate hypothesis only until frozen OOS/lockbox and prospective evidence.,
CUR_COMMODITY_PHYSICAL_CURVE_DECLINE_RATE,commodity_physical_curve,decline_rate,decline_rate,direction_range_or_value_capture,commodities,physical balances|futures curve|CFTC|freight|weather,curated_primary_literature,,COMPLETE,MAPPED_NOT_TESTED,NOT_STARTED,NOT_OPENED,NOT_STARTED,0.0,BLOCKED,Candidate hypothesis only until frozen OOS/lockbox and prospective evidence.,
CUR_COMMODITY_PHYSICAL_CURVE_CAPEX_RESPONSE_LAG,commodity_physical_curve,capex_response_lag,capex_response_lag,direction_range_or_value_capture,commodities,physical balances|futures curve|CFTC|freight|weather,curated_primary_literature,,COMPLETE,MAPPED_NOT_TESTED,NOT_STARTED,NOT_OPENED,NOT_STARTED,0.0,BLOCKED,Candidate hypothesis only until frozen OOS/lockbox and prospective evidence.,
CUR_COMMODITY_PHYSICAL_CURVE_SUBSTITUTION_ELASTICITY,commodity_physical_curve,substitution_elasticity,substitution_elasticity,direction_range_or_value_capture,commodities,physical balances|futures curve|CFTC|freight|weather,curated_primary_literature,,COMPLETE,MAPPED_NOT_TESTED,NOT_STARTED,NOT_OPENED,NOT_STARTED,0.0,BLOCKED,Candidate hypothesis only until frozen OOS/lockbox and prospective evidence.,
CUR_COMMODITY_PHYSICAL_CURVE_RECYCLING_RESPONSE,commodity_physical_curve,recycling_response,recycling_response,direction_range_or_value_capture,commodities,physical balances|futures curve|CFTC|freight|weather,curated_primary_literature,,COMPLETE,MAPPED_NOT_TESTED,NOT_STARTED,NOT_OPENED,NOT_STARTED,0.0,BLOCKED,Candidate hypothesis only until frozen OOS/lockbox and prospective evidence.,
CUR_COMMODITY_PHYSICAL_CURVE_INVENTORY_FINANCING_COST,commodity_physical_curve,inventory_financing_cost,inventory_financing_cost,direction_range_or_value_capture,commodities,physical balances|futures curve|CFTC|freight|weather,curated_primary_literature,,COMPLETE,MAPPED_NOT_TESTED,NOT_STARTED,NOT_OPENED,NOT_STARTED,0.0,BLOCKED,Candidate hypothesis only until frozen OOS/lockbox and prospective evidence.,
CUR_COMMODITY_PHYSICAL_CURVE_COMMODITY_CURRENCY_FEEDBACK,commodity_physical_curve,commodity_currency_feedback,commodity_currency_feedback,direction_range_or_value_capture,commodities,physical balances|futures curve|CFTC|freight|weather,curated_primary_literature,,COMPLETE,MAPPED_NOT_TESTED,NOT_STARTED,NOT_OPENED,NOT_STARTED,0.0,BLOCKED,Candidate hypothesis only until frozen OOS/lockbox and prospective evidence.,
CUR_COMMODITY_PHYSICAL_CURVE_CHINA_IMPORT_DEMAND,commodity_physical_curve,China_import_demand,China_import_demand,direction_range_or_value_capture,commodities,physical balances|futures curve|CFTC|freight|weather,curated_primary_literature,,COMPLETE,MAPPED_NOT_TESTED,NOT_STARTED,NOT_OPENED,NOT_STARTED,0.0,BLOCKED,Candidate hypothesis only until frozen OOS/lockbox and prospective evidence.,
CUR_COMMODITY_PHYSICAL_CURVE_TRADE_FLOW_REROUTING,commodity_physical_curve,trade_flow_rerouting,trade_flow_rerouting,direction_range_or_value_capture,commodities,physical balances|futures curve|CFTC|freight|weather,curated_primary_literature,,COMPLETE,MAPPED_NOT_TESTED,NOT_STARTED,NOT_OPENED,NOT_STARTED,0.0,BLOCKED,Candidate hypothesis only until frozen OOS/lockbox and prospective evidence.,
CUR_COMMODITY_PHYSICAL_CURVE_SANCTIONS_SHIPPING_INSURANCE,commodity_physical_curve,sanctions_shipping_insurance,sanctions_shipping_insurance,direction_range_or_value_capture,commodities,physical balances|futures curve|CFTC|freight|weather,curated_primary_literature,,COMPLETE,MAPPED_NOT_TESTED,NOT_STARTED,NOT_OPENED,NOT_STARTED,0.0,BLOCKED,Candidate hypothesis only until frozen OOS/lockbox and prospective evidence.,
CUR_COMMODITY_PHYSICAL_CURVE_BASIS_X_MOMENTUM,commodity_physical_curve,basis_x_momentum,basis_x_momentum,direction_range_or_value_capture,commodities,physical balances|futures curve|CFTC|freight|weather,curated_primary_literature,,COMPLETE,MAPPED_NOT_TESTED,NOT_STARTED,NOT_OPENED,NOT_STARTED,0.0,BLOCKED,Candidate hypothesis only until frozen OOS/lockbox and prospective evidence.,
CUR_COMMODITY_PHYSICAL_CURVE_INVENTORY_X_CURVE,commodity_physical_curve,inventory_x_curve,inventory_x_curve,direction_range_or_value_capture,commodities,physical balances|futures curve|CFTC|freight|weather,curated_primary_literature,,COMPLETE,MAPPED_NOT_TESTED,NOT_STARTED,NOT_OPENED,NOT_STARTED,0.0,BLOCKED,Candidate hypothesis only until frozen OOS/lockbox and prospective evidence.,
CUR_COMMODITY_PHYSICAL_CURVE_CURVE_X_POSITIONING,commodity_physical_curve,curve_x_positioning,curve_x_positioning,direction_range_or_value_capture,commodities,physical balances|futures curve|CFTC|freight|weather,curated_primary_literature,,COMPLETE,MAPPED_NOT_TESTED,NOT_STARTED,NOT_OPENED,NOT_STARTED,0.0,BLOCKED,Candidate hypothesis only until frozen OOS/lockbox and prospective evidence.,
CUR_FX_CARRY_VALUE_GLOBAL_DOLLAR_NOMINAL_CARRY,fx_carry_value_global_dollar,nominal_carry,nominal_carry,direction_or_relative_value,FX,rates|spot/forward|macro balances|options|flows,curated_primary_literature,,COMPLETE,MAPPED_NOT_TESTED,NOT_STARTED,NOT_OPENED,NOT_STARTED,0.0,BLOCKED,Candidate hypothesis only until frozen OOS/lockbox and prospective evidence.,
CUR_FX_CARRY_VALUE_GLOBAL_DOLLAR_REAL_CARRY,fx_carry_value_global_dollar,real_carry,real_carry,direction_or_relative_value,FX,rates|spot/forward|macro balances|options|flows,curated_primary_literature,,COMPLETE,MAPPED_NOT_TESTED,NOT_STARTED,NOT_OPENED,NOT_STARTED,0.0,BLOCKED,Candidate hypothesis only until frozen OOS/lockbox and prospective evidence.,
CUR_FX_CARRY_VALUE_GLOBAL_DOLLAR_FORWARD_DISCOUNT,fx_carry_value_global_dollar,forward_discount,forward_discount,direction_or_relative_value,FX,rates|spot/forward|macro balances|options|flows,curated_primary_literature,,COMPLETE,MAPPED_NOT_TESTED,NOT_STARTED,NOT_OPENED,NOT_STARTED,0.0,BLOCKED,Candidate hypothesis only until frozen OOS/lockbox and prospective evidence.,
CUR_FX_CARRY_VALUE_GLOBAL_DOLLAR_PPP_VALUE,fx_carry_value_global_dollar,PPP_value,PPP_value,direction_or_relative_value,FX,rates|spot/forward|macro balances|options|flows,curated_primary_literature,,COMPLETE,MAPPED_NOT_TESTED,NOT_STARTED,NOT_OPENED,NOT_STARTED,0.0,BLOCKED,Candidate hypothesis only until frozen OOS/lockbox and prospective evidence.,
CUR_FX_CARRY_VALUE_GLOBAL_DOLLAR_BEER_VALUE,fx_carry_value_global_dollar,BEER_value,BEER_value,direction_or_relative_value,FX,rates|spot/forward|macro balances|options|flows,curated_primary_literature,,COMPLETE,MAPPED_NOT_TESTED,NOT_STARTED,NOT_OPENED,NOT_STARTED,0.0,BLOCKED,Candidate hypothesis only until frozen OOS/lockbox and prospective evidence.,
CUR_FX_CARRY_VALUE_GLOBAL_DOLLAR_FEER_VALUE,fx_carry_value_global_dollar,FEER_value,FEER_value,direction_or_relative_value,FX,rates|spot/forward|macro balances|options|flows,curated_primary_literature,,COMPLETE,MAPPED_NOT_TESTED,NOT_STARTED,NOT_OPENED,NOT_STARTED,0.0,BLOCKED,Candidate hypothesis only until frozen OOS/lockbox and prospective evidence.,
CUR_FX_CARRY_VALUE_GLOBAL_DOLLAR_REAL_EXCHANGE_RATE_GAP,fx_carry_value_global_dollar,real_exchange_rate_gap,real_exchange_rate_gap,direction_or_relative_value,FX,rates|spot/forward|macro balances|options|flows,curated_primary_literature,,COMPLETE,MAPPED_NOT_TESTED,NOT_STARTED,NOT_OPENED,NOT_STARTED,0.0,BLOCKED,Candidate hypothesis only until frozen OOS/lockbox and prospective evidence.,
CUR_FX_CARRY_VALUE_GLOBAL_DOLLAR_FX_MOMENTUM,fx_carry_value_global_dollar,FX_momentum,FX_momentum,direction_or_relative_value,FX,rates|spot/forward|macro balances|options|flows,curated_primary_literature,,COMPLETE,MAPPED_NOT_TESTED,NOT_STARTED,NOT_OPENED,NOT_STARTED,0.0,BLOCKED,Candidate hypothesis only until frozen OOS/lockbox and prospective evidence.,
CUR_FX_CARRY_VALUE_GLOBAL_DOLLAR_FX_REVERSAL,fx_carry_value_global_dollar,FX_reversal,FX_reversal,direction_or_relative_value,FX,rates|spot/forward|macro balances|options|flows,curated_primary_literature,,COMPLETE,MAPPED_NOT_TESTED,NOT_STARTED,NOT_OPENED,NOT_STARTED,0.0,BLOCKED,Candidate hypothesis only until frozen OOS/lockbox and prospective evidence.,
CUR_FX_CARRY_VALUE_GLOBAL_DOLLAR_DOLLAR_SMILE,fx_carry_value_global_dollar,dollar_smile,dollar_smile,direction_or_relative_value,FX,rates|spot/forward|macro balances|options|flows,curated_primary_literature,,COMPLETE,MAPPED_NOT_TESTED,NOT_STARTED,NOT_OPENED,NOT_STARTED,0.0,BLOCKED,Candidate hypothesis only until frozen OOS/lockbox and prospective evidence.,
CUR_FX_CARRY_VALUE_GLOBAL_DOLLAR_GLOBAL_DOLLAR_CYCLE,fx_carry_value_global_dollar,global_dollar_cycle,global_dollar_cycle,direction_or_relative_value,FX,rates|spot/forward|macro balances|options|flows,curated_primary_literature,,COMPLETE,MAPPED_NOT_TESTED,NOT_STARTED,NOT_OPENED,NOT_STARTED,0.0,BLOCKED,Candidate hypothesis only until frozen OOS/lockbox and prospective evidence.,
CUR_FX_CARRY_VALUE_GLOBAL_DOLLAR_CROSS_CURRENCY_BASIS,fx_carry_value_global_dollar,cross_currency_basis,cross_currency_basis,direction_or_relative_value,FX,rates|spot/forward|macro balances|options|flows,curated_primary_literature,,COMPLETE,MAPPED_NOT_TESTED,NOT_STARTED,NOT_OPENED,NOT_STARTED,0.0,BLOCKED,Candidate hypothesis only until frozen OOS/lockbox and prospective evidence.,
CUR_FX_CARRY_VALUE_GLOBAL_DOLLAR_RESERVE_ADEQUACY,fx_carry_value_global_dollar,reserve_adequacy,reserve_adequacy,direction_or_relative_value,FX,rates|spot/forward|macro balances|options|flows,curated_primary_literature,,COMPLETE,MAPPED_NOT_TESTED,NOT_STARTED,NOT_OPENED,NOT_STARTED,0.0,BLOCKED,Candidate hypothesis only until frozen OOS/lockbox and prospective evidence.,
CUR_FX_CARRY_VALUE_GLOBAL_DOLLAR_EXTERNAL_DEBT_CURRENCY_MISMATCH,fx_carry_value_global_dollar,external_debt_currency_mismatch,external_debt_currency_mismatch,direction_or_relative_value,FX,rates|spot/forward|macro balances|options|flows,curated_primary_literature,,COMPLETE,MAPPED_NOT_TESTED,NOT_STARTED,NOT_OPENED,NOT_STARTED,0.0,BLOCKED,Candidate hypothesis only until frozen OOS/lockbox and prospective evidence.,
CUR_FX_CARRY_VALUE_GLOBAL_DOLLAR_CURRENT_ACCOUNT,fx_carry_value_global_dollar,current_account,current_account,direction_or_relative_value,FX,rates|spot/forward|macro balances|options|flows,curated_primary_literature,,COMPLETE,MAPPED_NOT_TESTED,NOT_STARTED,NOT_OPENED,NOT_STARTED,0.0,BLOCKED,Candidate hypothesis only until frozen OOS/lockbox and prospective evidence.,
CUR_FX_CARRY_VALUE_GLOBAL_DOLLAR_TERMS_OF_TRADE,fx_carry_value_global_dollar,terms_of_trade,terms_of_trade,direction_or_relative_value,FX,rates|spot/forward|macro balances|options|flows,curated_primary_literature,,COMPLETE,MAPPED_NOT_TESTED,NOT_STARTED,NOT_OPENED,NOT_STARTED,0.0,BLOCKED,Candidate hypothesis only until frozen OOS/lockbox and prospective evidence.,
CUR_FX_CARRY_VALUE_GLOBAL_DOLLAR_INTERVENTION_CAPACITY,fx_carry_value_global_dollar,intervention_capacity,intervention_capacity,direction_or_relative_value,FX,rates|spot/forward|macro balances|options|flows,curated_primary_literature,,COMPLETE,MAPPED_NOT_TESTED,NOT_STARTED,NOT_OPENED,NOT_STARTED,0.0,BLOCKED,Candidate hypothesis only until frozen OOS/lockbox and prospective evidence.,
CUR_FX_CARRY_VALUE_GLOBAL_DOLLAR_RESERVE_CHANGE,fx_carry_value_global_dollar,reserve_change,reserve_change,direction_or_relative_value,FX,rates|spot/forward|macro balances|options|flows,curated_primary_literature,,COMPLETE,MAPPED_NOT_TESTED,NOT_STARTED,NOT_OPENED,NOT_STARTED,0.0,BLOCKED,Candidate hypothesis only until frozen OOS/lockbox and prospective evidence.,
CUR_FX_CARRY_VALUE_GLOBAL_DOLLAR_POLICY_SURPRISE,fx_carry_value_global_dollar,policy_surprise,policy_surprise,direction_or_relative_value,FX,rates|spot/forward|macro balances|options|flows,curated_primary_literature,,COMPLETE,MAPPED_NOT_TESTED,NOT_STARTED,NOT_OPENED,NOT_STARTED,0.0,BLOCKED,Candidate hypothesis only until frozen OOS/lockbox and prospective evidence.,
CUR_FX_CARRY_VALUE_GLOBAL_DOLLAR_RATE_PATH_REVISION,fx_carry_value_global_dollar,rate_path_revision,rate_path_revision,direction_or_relative_value,FX,rates|spot/forward|macro balances|options|flows,curated_primary_literature,,COMPLETE,MAPPED_NOT_TESTED,NOT_STARTED,NOT_OPENED,NOT_STARTED,0.0,BLOCKED,Candidate hypothesis only until frozen OOS/lockbox and prospective evidence.,
CUR_FX_CARRY_VALUE_GLOBAL_DOLLAR_RISK_REVERSAL,fx_carry_value_global_dollar,risk_reversal,risk_reversal,direction_or_relative_value,FX,rates|spot/forward|macro balances|options|flows,curated_primary_literature,,COMPLETE,MAPPED_NOT_TESTED,NOT_STARTED,NOT_OPENED,NOT_STARTED,0.0,BLOCKED,Candidate hypothesis only until frozen OOS/lockbox and prospective evidence.,
CUR_FX_CARRY_VALUE_GLOBAL_DOLLAR_VOL_SURFACE,fx_carry_value_global_dollar,vol_surface,vol_surface,direction_or_relative_value,FX,rates|spot/forward|macro balances|options|flows,curated_primary_literature,,COMPLETE,MAPPED_NOT_TESTED,NOT_STARTED,NOT_OPENED,NOT_STARTED,0.0,BLOCKED,Candidate hypothesis only until frozen OOS/lockbox and prospective evidence.,
CUR_FX_CARRY_VALUE_GLOBAL_DOLLAR_CARRY_X_GLOBAL_RISK,fx_carry_value_global_dollar,carry_x_global_risk,carry_x_global_risk,direction_or_relative_value,FX,rates|spot/forward|macro balances|options|flows,curated_primary_literature,,COMPLETE,MAPPED_NOT_TESTED,NOT_STARTED,NOT_OPENED,NOT_STARTED,0.0,BLOCKED,Candidate hypothesis only until frozen OOS/lockbox and prospective evidence.,
CUR_FX_CARRY_VALUE_GLOBAL_DOLLAR_CARRY_X_VALUE,fx_carry_value_global_dollar,carry_x_value,carry_x_value,direction_or_relative_value,FX,rates|spot/forward|macro balances|options|flows,curated_primary_literature,,COMPLETE,MAPPED_NOT_TESTED,NOT_STARTED,NOT_OPENED,NOT_STARTED,0.0,BLOCKED,Candidate hypothesis only until frozen OOS/lockbox and prospective evidence.,
CUR_FX_CARRY_VALUE_GLOBAL_DOLLAR_CARRY_X_MOMENTUM,fx_carry_value_global_dollar,carry_x_momentum,carry_x_momentum,direction_or_relative_value,FX,rates|spot/forward|macro balances|options|flows,curated_primary_literature,,COMPLETE,MAPPED_NOT_TESTED,NOT_STARTED,NOT_OPENED,NOT_STARTED,0.0,BLOCKED,Candidate hypothesis only until frozen OOS/lockbox and prospective evidence.,
CUR_FX_CARRY_VALUE_GLOBAL_DOLLAR_COMMODITY_CURRENCY,fx_carry_value_global_dollar,commodity_currency,commodity_currency,direction_or_relative_value,FX,rates|spot/forward|macro balances|options|flows,curated_primary_literature,,COMPLETE,MAPPED_NOT_TESTED,NOT_STARTED,NOT_OPENED,NOT_STARTED,0.0,BLOCKED,Candidate hypothesis only until frozen OOS/lockbox and prospective evidence.,
CUR_FX_CARRY_VALUE_GLOBAL_DOLLAR_CAPITAL_FLOW_PRESSURE,fx_carry_value_global_dollar,capital_flow_pressure,capital_flow_pressure,direction_or_relative_value,FX,rates|spot/forward|macro balances|options|flows,curated_primary_literature,,COMPLETE,MAPPED_NOT_TESTED,NOT_STARTED,NOT_OPENED,NOT_STARTED,0.0,BLOCKED,Candidate hypothesis only until frozen OOS/lockbox and prospective evidence.,
CUR_FX_CARRY_VALUE_GLOBAL_DOLLAR_BALANCE_OF_PAYMENTS_PRESSURE,fx_carry_value_global_dollar,balance_of_payments_pressure,balance_of_payments_pressure,direction_or_relative_value,FX,rates|spot/forward|macro balances|options|flows,curated_primary_literature,,COMPLETE,MAPPED_NOT_TESTED,NOT_STARTED,NOT_OPENED,NOT_STARTED,0.0,BLOCKED,Candidate hypothesis only until frozen OOS/lockbox and prospective evidence.,
CUR_FX_CARRY_VALUE_GLOBAL_DOLLAR_NDF_ONSHORE_BASIS,fx_carry_value_global_dollar,NDF_onshore_basis,NDF_onshore_basis,direction_or_relative_value,FX,rates|spot/forward|macro balances|options|flows,curated_primary_literature,,COMPLETE,MAPPED_NOT_TESTED,NOT_STARTED,NOT_OPENED,NOT_STARTED,0.0,BLOCKED,Candidate hypothesis only until frozen OOS/lockbox and prospective evidence.,
CUR_FX_CARRY_VALUE_GLOBAL_DOLLAR_FX_LIQUIDITY,fx_carry_value_global_dollar,FX_liquidity,FX_liquidity,direction_or_relative_value,FX,rates|spot/forward|macro balances|options|flows,curated_primary_literature,,COMPLETE,MAPPED_NOT_TESTED,NOT_STARTED,NOT_OPENED,NOT_STARTED,0.0,BLOCKED,Candidate hypothesis only until frozen OOS/lockbox and prospective evidence.,
CUR_FX_CARRY_VALUE_GLOBAL_DOLLAR_FIXING_PRESSURE,fx_carry_value_global_dollar,fixing_pressure,fixing_pressure,direction_or_relative_value,FX,rates|spot/forward|macro balances|options|flows,curated_primary_literature,,COMPLETE,MAPPED_NOT_TESTED,NOT_STARTED,NOT_OPENED,NOT_STARTED,0.0,BLOCKED,Candidate hypothesis only until frozen OOS/lockbox and prospective evidence.,
CUR_FX_CARRY_VALUE_GLOBAL_DOLLAR_MONTH_END_REBALANCE,fx_carry_value_global_dollar,month_end_rebalance,month_end_rebalance,direction_or_relative_value,FX,rates|spot/forward|macro balances|options|flows,curated_primary_literature,,COMPLETE,MAPPED_NOT_TESTED,NOT_STARTED,NOT_OPENED,NOT_STARTED,0.0,BLOCKED,Candidate hypothesis only until frozen OOS/lockbox and prospective evidence.,
CUR_FX_CARRY_VALUE_GLOBAL_DOLLAR_DEALER_POSITIONING,fx_carry_value_global_dollar,dealer_positioning,dealer_positioning,direction_or_relative_value,FX,rates|spot/forward|macro balances|options|flows,curated_primary_literature,,COMPLETE,MAPPED_NOT_TESTED,NOT_STARTED,NOT_OPENED,NOT_STARTED,0.0,BLOCKED,Candidate hypothesis only until frozen OOS/lockbox and prospective evidence.,
CUR_FX_CARRY_VALUE_GLOBAL_DOLLAR_CTA_POSITIONING,fx_carry_value_global_dollar,CTA_positioning,CTA_positioning,direction_or_relative_value,FX,rates|spot/forward|macro balances|options|flows,curated_primary_literature,,COMPLETE,MAPPED_NOT_TESTED,NOT_STARTED,NOT_OPENED,NOT_STARTED,0.0,BLOCKED,Candidate hypothesis only until frozen OOS/lockbox and prospective evidence.,
CUR_FX_CARRY_VALUE_GLOBAL_DOLLAR_PPP_PLACEBO_SHORT_HORIZON,fx_carry_value_global_dollar,PPP_placebo_short_horizon,PPP_placebo_short_horizon,direction_or_relative_value,FX,rates|spot/forward|macro balances|options|flows,curated_primary_literature,,COMPLETE,MAPPED_NOT_TESTED,NOT_STARTED,NOT_OPENED,NOT_STARTED,0.0,BLOCKED,Candidate hypothesis only until frozen OOS/lockbox and prospective evidence.,
CUR_CRYPTO_MARKET_STRUCTURE_STABLECOIN_SUPPLY_GROWTH,crypto_market_structure,stablecoin_supply_growth,stablecoin_supply_growth,direction_transmission_or_value_capture,crypto,onchain|exchange|derivatives|protocol fundamentals,curated_primary_literature,,COMPLETE,MAPPED_NOT_TESTED,NOT_STARTED,NOT_OPENED,NOT_STARTED,0.0,BLOCKED,Candidate hypothesis only until frozen OOS/lockbox and prospective evidence.,
CUR_CRYPTO_MARKET_STRUCTURE_STABLECOIN_NET_ISSUANCE,crypto_market_structure,stablecoin_net_issuance,stablecoin_net_issuance,direction_transmission_or_value_capture,crypto,onchain|exchange|derivatives|protocol fundamentals,curated_primary_literature,,COMPLETE,MAPPED_NOT_TESTED,NOT_STARTED,NOT_OPENED,NOT_STARTED,0.0,BLOCKED,Candidate hypothesis only until frozen OOS/lockbox and prospective evidence.,
CUR_CRYPTO_MARKET_STRUCTURE_STABLECOIN_EXCHANGE_FLOW,crypto_market_structure,stablecoin_exchange_flow,stablecoin_exchange_flow,direction_transmission_or_value_capture,crypto,onchain|exchange|derivatives|protocol fundamentals,curated_primary_literature,,COMPLETE,MAPPED_NOT_TESTED,NOT_STARTED,NOT_OPENED,NOT_STARTED,0.0,BLOCKED,Candidate hypothesis only until frozen OOS/lockbox and prospective evidence.,
CUR_CRYPTO_MARKET_STRUCTURE_PERP_FUNDING,crypto_market_structure,perp_funding,perp_funding,direction_transmission_or_value_capture,crypto,onchain|exchange|derivatives|protocol fundamentals,curated_primary_literature,,COMPLETE,MAPPED_NOT_TESTED,NOT_STARTED,NOT_OPENED,NOT_STARTED,0.0,BLOCKED,Candidate hypothesis only until frozen OOS/lockbox and prospective evidence.,
CUR_CRYPTO_MARKET_STRUCTURE_PERP_BASIS,crypto_market_structure,perp_basis,perp_basis,direction_transmission_or_value_capture,crypto,onchain|exchange|derivatives|protocol fundamentals,curated_primary_literature,,COMPLETE,MAPPED_NOT_TESTED,NOT_STARTED,NOT_OPENED,NOT_STARTED,0.0,BLOCKED,Candidate hypothesis only until frozen OOS/lockbox and prospective evidence.,
CUR_CRYPTO_MARKET_STRUCTURE_OPEN_INTEREST,crypto_market_structure,open_interest,open_interest,direction_transmission_or_value_capture,crypto,onchain|exchange|derivatives|protocol fundamentals,curated_primary_literature,,COMPLETE,MAPPED_NOT_TESTED,NOT_STARTED,NOT_OPENED,NOT_STARTED,0.0,BLOCKED,Candidate hypothesis only until frozen OOS/lockbox and prospective evidence.,
CUR_CRYPTO_MARKET_STRUCTURE_LIQUIDATION_DENSITY,crypto_market_structure,liquidation_density,liquidation_density,direction_transmission_or_value_capture,crypto,onchain|exchange|derivatives|protocol fundamentals,curated_primary_literature,,COMPLETE,MAPPED_NOT_TESTED,NOT_STARTED,NOT_OPENED,NOT_STARTED,0.0,BLOCKED,Candidate hypothesis only until frozen OOS/lockbox and prospective evidence.,
CUR_CRYPTO_MARKET_STRUCTURE_LIQUIDATION_CASCADE_RISK,crypto_market_structure,liquidation_cascade_risk,liquidation_cascade_risk,direction_transmission_or_value_capture,crypto,onchain|exchange|derivatives|protocol fundamentals,curated_primary_literature,,COMPLETE,MAPPED_NOT_TESTED,NOT_STARTED,NOT_OPENED,NOT_STARTED,0.0,BLOCKED,Candidate hypothesis only until frozen OOS/lockbox and prospective evidence.,
CUR_CRYPTO_MARKET_STRUCTURE_COLLATERAL_QUALITY,crypto_market_structure,collateral_quality,collateral_quality,direction_transmission_or_value_capture,crypto,onchain|exchange|derivatives|protocol fundamentals,curated_primary_literature,,COMPLETE,MAPPED_NOT_TESTED,NOT_STARTED,NOT_OPENED,NOT_STARTED,0.0,BLOCKED,Candidate hypothesis only until frozen OOS/lockbox and prospective evidence.,
CUR_CRYPTO_MARKET_STRUCTURE_EXCHANGE_RESERVE,crypto_market_structure,exchange_reserve,exchange_reserve,direction_transmission_or_value_capture,crypto,onchain|exchange|derivatives|protocol fundamentals,curated_primary_literature,,COMPLETE,MAPPED_NOT_TESTED,NOT_STARTED,NOT_OPENED,NOT_STARTED,0.0,BLOCKED,Candidate hypothesis only until frozen OOS/lockbox and prospective evidence.,
CUR_CRYPTO_MARKET_STRUCTURE_ETF_SPOT_FLOW,crypto_market_structure,ETF_spot_flow,ETF_spot_flow,direction_transmission_or_value_capture,crypto,onchain|exchange|derivatives|protocol fundamentals,curated_primary_literature,,COMPLETE,MAPPED_NOT_TESTED,NOT_STARTED,NOT_OPENED,NOT_STARTED,0.0,BLOCKED,Candidate hypothesis only until frozen OOS/lockbox and prospective evidence.,
CUR_CRYPTO_MARKET_STRUCTURE_ONCHAIN_ACTIVE_VALUE,crypto_market_structure,onchain_active_value,onchain_active_value,direction_transmission_or_value_capture,crypto,onchain|exchange|derivatives|protocol fundamentals,curated_primary_literature,,COMPLETE,MAPPED_NOT_TESTED,NOT_STARTED,NOT_OPENED,NOT_STARTED,0.0,BLOCKED,Candidate hypothesis only until frozen OOS/lockbox and prospective evidence.,
CUR_CRYPTO_MARKET_STRUCTURE_REALIZED_CAP,crypto_market_structure,realized_cap,realized_cap,direction_transmission_or_value_capture,crypto,onchain|exchange|derivatives|protocol fundamentals,curated_primary_literature,,COMPLETE,MAPPED_NOT_TESTED,NOT_STARTED,NOT_OPENED,NOT_STARTED,0.0,BLOCKED,Candidate hypothesis only until frozen OOS/lockbox and prospective evidence.,
CUR_CRYPTO_MARKET_STRUCTURE_MVRV,crypto_market_structure,MVRV,MVRV,direction_transmission_or_value_capture,crypto,onchain|exchange|derivatives|protocol fundamentals,curated_primary_literature,,COMPLETE,MAPPED_NOT_TESTED,NOT_STARTED,NOT_OPENED,NOT_STARTED,0.0,BLOCKED,Candidate hypothesis only until frozen OOS/lockbox and prospective evidence.,
CUR_CRYPTO_MARKET_STRUCTURE_SOPR,crypto_market_structure,SOPR,SOPR,direction_transmission_or_value_capture,crypto,onchain|exchange|derivatives|protocol fundamentals,curated_primary_literature,,COMPLETE,MAPPED_NOT_TESTED,NOT_STARTED,NOT_OPENED,NOT_STARTED,0.0,BLOCKED,Candidate hypothesis only until frozen OOS/lockbox and prospective evidence.,
CUR_CRYPTO_MARKET_STRUCTURE_SPENT_OUTPUT_AGE,crypto_market_structure,spent_output_age,spent_output_age,direction_transmission_or_value_capture,crypto,onchain|exchange|derivatives|protocol fundamentals,curated_primary_literature,,COMPLETE,MAPPED_NOT_TESTED,NOT_STARTED,NOT_OPENED,NOT_STARTED,0.0,BLOCKED,Candidate hypothesis only until frozen OOS/lockbox and prospective evidence.,
CUR_CRYPTO_MARKET_STRUCTURE_MINER_REVENUE_STRESS,crypto_market_structure,miner_revenue_stress,miner_revenue_stress,direction_transmission_or_value_capture,crypto,onchain|exchange|derivatives|protocol fundamentals,curated_primary_literature,,COMPLETE,MAPPED_NOT_TESTED,NOT_STARTED,NOT_OPENED,NOT_STARTED,0.0,BLOCKED,Candidate hypothesis only until frozen OOS/lockbox and prospective evidence.,
CUR_CRYPTO_MARKET_STRUCTURE_STAKING_UNLOCK,crypto_market_structure,staking_unlock,staking_unlock,direction_transmission_or_value_capture,crypto,onchain|exchange|derivatives|protocol fundamentals,curated_primary_literature,,COMPLETE,MAPPED_NOT_TESTED,NOT_STARTED,NOT_OPENED,NOT_STARTED,0.0,BLOCKED,Candidate hypothesis only until frozen OOS/lockbox and prospective evidence.,
CUR_CRYPTO_MARKET_STRUCTURE_TOKEN_EMISSION,crypto_market_structure,token_emission,token_emission,direction_transmission_or_value_capture,crypto,onchain|exchange|derivatives|protocol fundamentals,curated_primary_literature,,COMPLETE,MAPPED_NOT_TESTED,NOT_STARTED,NOT_OPENED,NOT_STARTED,0.0,BLOCKED,Candidate hypothesis only until frozen OOS/lockbox and prospective evidence.,
CUR_CRYPTO_MARKET_STRUCTURE_PROTOCOL_FEE_CAPTURE,crypto_market_structure,protocol_fee_capture,protocol_fee_capture,direction_transmission_or_value_capture,crypto,onchain|exchange|derivatives|protocol fundamentals,curated_primary_literature,,COMPLETE,MAPPED_NOT_TESTED,NOT_STARTED,NOT_OPENED,NOT_STARTED,0.0,BLOCKED,Candidate hypothesis only until frozen OOS/lockbox and prospective evidence.,
CUR_CRYPTO_MARKET_STRUCTURE_REAL_YIELD,crypto_market_structure,real_yield,real_yield,direction_transmission_or_value_capture,crypto,onchain|exchange|derivatives|protocol fundamentals,curated_primary_literature,,COMPLETE,MAPPED_NOT_TESTED,NOT_STARTED,NOT_OPENED,NOT_STARTED,0.0,BLOCKED,Candidate hypothesis only until frozen OOS/lockbox and prospective evidence.,
CUR_CRYPTO_MARKET_STRUCTURE_BRIDGE_FLOW,crypto_market_structure,bridge_flow,bridge_flow,direction_transmission_or_value_capture,crypto,onchain|exchange|derivatives|protocol fundamentals,curated_primary_literature,,COMPLETE,MAPPED_NOT_TESTED,NOT_STARTED,NOT_OPENED,NOT_STARTED,0.0,BLOCKED,Candidate hypothesis only until frozen OOS/lockbox and prospective evidence.,
CUR_CRYPTO_MARKET_STRUCTURE_CROSS_CHAIN_FLOW,crypto_market_structure,cross_chain_flow,cross_chain_flow,direction_transmission_or_value_capture,crypto,onchain|exchange|derivatives|protocol fundamentals,curated_primary_literature,,COMPLETE,MAPPED_NOT_TESTED,NOT_STARTED,NOT_OPENED,NOT_STARTED,0.0,BLOCKED,Candidate hypothesis only until frozen OOS/lockbox and prospective evidence.,
CUR_CRYPTO_MARKET_STRUCTURE_DEVELOPER_ACTIVITY,crypto_market_structure,developer_activity,developer_activity,direction_transmission_or_value_capture,crypto,onchain|exchange|derivatives|protocol fundamentals,curated_primary_literature,,COMPLETE,MAPPED_NOT_TESTED,NOT_STARTED,NOT_OPENED,NOT_STARTED,0.0,BLOCKED,Candidate hypothesis only until frozen OOS/lockbox and prospective evidence.,
CUR_CRYPTO_MARKET_STRUCTURE_GOVERNANCE_CAPTURE,crypto_market_structure,governance_capture,governance_capture,direction_transmission_or_value_capture,crypto,onchain|exchange|derivatives|protocol fundamentals,curated_primary_literature,,COMPLETE,MAPPED_NOT_TESTED,NOT_STARTED,NOT_OPENED,NOT_STARTED,0.0,BLOCKED,Candidate hypothesis only until frozen OOS/lockbox and prospective evidence.,
CUR_CRYPTO_MARKET_STRUCTURE_WHALE_CONCENTRATION,crypto_market_structure,whale_concentration,whale_concentration,direction_transmission_or_value_capture,crypto,onchain|exchange|derivatives|protocol fundamentals,curated_primary_literature,,COMPLETE,MAPPED_NOT_TESTED,NOT_STARTED,NOT_OPENED,NOT_STARTED,0.0,BLOCKED,Candidate hypothesis only until frozen OOS/lockbox and prospective evidence.,
CUR_CRYPTO_MARKET_STRUCTURE_HOLDER_COHORT_FLOW,crypto_market_structure,holder_cohort_flow,holder_cohort_flow,direction_transmission_or_value_capture,crypto,onchain|exchange|derivatives|protocol fundamentals,curated_primary_literature,,COMPLETE,MAPPED_NOT_TESTED,NOT_STARTED,NOT_OPENED,NOT_STARTED,0.0,BLOCKED,Candidate hypothesis only until frozen OOS/lockbox and prospective evidence.,
CUR_CRYPTO_MARKET_STRUCTURE_DEX_CEX_BASIS,crypto_market_structure,DEX_CEX_basis,DEX_CEX_basis,direction_transmission_or_value_capture,crypto,onchain|exchange|derivatives|protocol fundamentals,curated_primary_literature,,COMPLETE,MAPPED_NOT_TESTED,NOT_STARTED,NOT_OPENED,NOT_STARTED,0.0,BLOCKED,Candidate hypothesis only until frozen OOS/lockbox and prospective evidence.,
CUR_CRYPTO_MARKET_STRUCTURE_AMM_LIQUIDITY_DEPTH,crypto_market_structure,AMM_liquidity_depth,AMM_liquidity_depth,direction_transmission_or_value_capture,crypto,onchain|exchange|derivatives|protocol fundamentals,curated_primary_literature,,COMPLETE,MAPPED_NOT_TESTED,NOT_STARTED,NOT_OPENED,NOT_STARTED,0.0,BLOCKED,Candidate hypothesis only until frozen OOS/lockbox and prospective evidence.,
CUR_CRYPTO_MARKET_STRUCTURE_DLMM_FEE_TO_IL,crypto_market_structure,DLMM_fee_to_IL,DLMM_fee_to_IL,direction_transmission_or_value_capture,crypto,onchain|exchange|derivatives|protocol fundamentals,curated_primary_literature,,COMPLETE,MAPPED_NOT_TESTED,NOT_STARTED,NOT_OPENED,NOT_STARTED,0.0,BLOCKED,Candidate hypothesis only until frozen OOS/lockbox and prospective evidence.,
CUR_CRYPTO_MARKET_STRUCTURE_IMPERMANENT_LOSS_REGIME,crypto_market_structure,impermanent_loss_regime,impermanent_loss_regime,direction_transmission_or_value_capture,crypto,onchain|exchange|derivatives|protocol fundamentals,curated_primary_literature,,COMPLETE,MAPPED_NOT_TESTED,NOT_STARTED,NOT_OPENED,NOT_STARTED,0.0,BLOCKED,Candidate hypothesis only until frozen OOS/lockbox and prospective evidence.,
CUR_CRYPTO_MARKET_STRUCTURE_MEV_PRESSURE,crypto_market_structure,MEV_pressure,MEV_pressure,direction_transmission_or_value_capture,crypto,onchain|exchange|derivatives|protocol fundamentals,curated_primary_literature,,COMPLETE,MAPPED_NOT_TESTED,NOT_STARTED,NOT_OPENED,NOT_STARTED,0.0,BLOCKED,Candidate hypothesis only until frozen OOS/lockbox and prospective evidence.,
CUR_CRYPTO_MARKET_STRUCTURE_ORACLE_RISK,crypto_market_structure,oracle_risk,oracle_risk,direction_transmission_or_value_capture,crypto,onchain|exchange|derivatives|protocol fundamentals,curated_primary_literature,,COMPLETE,MAPPED_NOT_TESTED,NOT_STARTED,NOT_OPENED,NOT_STARTED,0.0,BLOCKED,Candidate hypothesis only until frozen OOS/lockbox and prospective evidence.,
CUR_CRYPTO_MARKET_STRUCTURE_SMART_CONTRACT_EXPLOIT_RISK,crypto_market_structure,smart_contract_exploit_risk,smart_contract_exploit_risk,direction_transmission_or_value_capture,crypto,onchain|exchange|derivatives|protocol fundamentals,curated_primary_literature,,COMPLETE,MAPPED_NOT_TESTED,NOT_STARTED,NOT_OPENED,NOT_STARTED,0.0,BLOCKED,Candidate hypothesis only until frozen OOS/lockbox and prospective evidence.,
CUR_CRYPTO_MARKET_STRUCTURE_VENUE_FRAGMENTATION,crypto_market_structure,venue_fragmentation,venue_fragmentation,direction_transmission_or_value_capture,crypto,onchain|exchange|derivatives|protocol fundamentals,curated_primary_literature,,COMPLETE,MAPPED_NOT_TESTED,NOT_STARTED,NOT_OPENED,NOT_STARTED,0.0,BLOCKED,Candidate hypothesis only until frozen OOS/lockbox and prospective evidence.,
CUR_CRYPTO_MARKET_STRUCTURE_FUNDING_X_LIQUIDATION,crypto_market_structure,funding_x_liquidation,funding_x_liquidation,direction_transmission_or_value_capture,crypto,onchain|exchange|derivatives|protocol fundamentals,curated_primary_literature,,COMPLETE,MAPPED_NOT_TESTED,NOT_STARTED,NOT_OPENED,NOT_STARTED,0.0,BLOCKED,Candidate hypothesis only until frozen OOS/lockbox and prospective evidence.,
CUR_CRYPTO_MARKET_STRUCTURE_BASIS_X_FLOW,crypto_market_structure,basis_x_flow,basis_x_flow,direction_transmission_or_value_capture,crypto,onchain|exchange|derivatives|protocol fundamentals,curated_primary_literature,,COMPLETE,MAPPED_NOT_TESTED,NOT_STARTED,NOT_OPENED,NOT_STARTED,0.0,BLOCKED,Candidate hypothesis only until frozen OOS/lockbox and prospective evidence.,
CUR_CRYPTO_MARKET_STRUCTURE_NARRATIVE_ATTENTION,crypto_market_structure,narrative_attention,narrative_attention,direction_transmission_or_value_capture,crypto,onchain|exchange|derivatives|protocol fundamentals,curated_primary_literature,,COMPLETE,MAPPED_NOT_TESTED,NOT_STARTED,NOT_OPENED,NOT_STARTED,0.0,BLOCKED,Candidate hypothesis only until frozen OOS/lockbox and prospective evidence.,
CUR_CRYPTO_MARKET_STRUCTURE_SOCIAL_VELOCITY,crypto_market_structure,social_velocity,social_velocity,direction_transmission_or_value_capture,crypto,onchain|exchange|derivatives|protocol fundamentals,curated_primary_literature,,COMPLETE,MAPPED_NOT_TESTED,NOT_STARTED,NOT_OPENED,NOT_STARTED,0.0,BLOCKED,Candidate hypothesis only until frozen OOS/lockbox and prospective evidence.,
CUR_CRYPTO_MARKET_STRUCTURE_TOKEN_UNLOCK_SUPPLY,crypto_market_structure,token_unlock_supply,token_unlock_supply,direction_transmission_or_value_capture,crypto,onchain|exchange|derivatives|protocol fundamentals,curated_primary_literature,,COMPLETE,MAPPED_NOT_TESTED,NOT_STARTED,NOT_OPENED,NOT_STARTED,0.0,BLOCKED,Candidate hypothesis only until frozen OOS/lockbox and prospective evidence.,
CUR_CRYPTO_MARKET_STRUCTURE_AIRDROP_FARMING_PRESSURE,crypto_market_structure,airdrop_farming_pressure,airdrop_farming_pressure,direction_transmission_or_value_capture,crypto,onchain|exchange|derivatives|protocol fundamentals,curated_primary_literature,,COMPLETE,MAPPED_NOT_TESTED,NOT_STARTED,NOT_OPENED,NOT_STARTED,0.0,BLOCKED,Candidate hypothesis only until frozen OOS/lockbox and prospective evidence.,
CUR_CRYPTO_MARKET_STRUCTURE_PROTOCOL_RESOURCE_BOTTLENECK,crypto_market_structure,protocol_resource_bottleneck,protocol_resource_bottleneck,direction_transmission_or_value_capture,crypto,onchain|exchange|derivatives|protocol fundamentals,curated_primary_literature,,COMPLETE,MAPPED_NOT_TESTED,NOT_STARTED,NOT_OPENED,NOT_STARTED,0.0,BLOCKED,Candidate hypothesis only until frozen OOS/lockbox and prospective evidence.,
CUR_CRYPTO_MARKET_STRUCTURE_SEQUENCER_VALUE_CAPTURE,crypto_market_structure,sequencer_value_capture,sequencer_value_capture,direction_transmission_or_value_capture,crypto,onchain|exchange|derivatives|protocol fundamentals,curated_primary_literature,,COMPLETE,MAPPED_NOT_TESTED,NOT_STARTED,NOT_OPENED,NOT_STARTED,0.0,BLOCKED,Candidate hypothesis only until frozen OOS/lockbox and prospective evidence.,
CUR_CRYPTO_MARKET_STRUCTURE_BLOBSPACE_DEMAND,crypto_market_structure,blobspace_demand,blobspace_demand,direction_transmission_or_value_capture,crypto,onchain|exchange|derivatives|protocol fundamentals,curated_primary_literature,,COMPLETE,MAPPED_NOT_TESTED,NOT_STARTED,NOT_OPENED,NOT_STARTED,0.0,BLOCKED,Candidate hypothesis only until frozen OOS/lockbox and prospective evidence.,
CUR_CRYPTO_MARKET_STRUCTURE_GAS_FEE_CONGESTION,crypto_market_structure,gas_fee_congestion,gas_fee_congestion,direction_transmission_or_value_capture,crypto,onchain|exchange|derivatives|protocol fundamentals,curated_primary_literature,,COMPLETE,MAPPED_NOT_TESTED,NOT_STARTED,NOT_OPENED,NOT_STARTED,0.0,BLOCKED,Candidate hypothesis only until frozen OOS/lockbox and prospective evidence.,
CUR_CRYPTO_MARKET_STRUCTURE_GROSS_OI_GEX_CRYPTO_PLACEBO,crypto_market_structure,gross_OI_GEX_crypto_placebo,gross_OI_GEX_crypto_placebo,direction_transmission_or_value_capture,crypto,onchain|exchange|derivatives|protocol fundamentals,curated_primary_literature,,COMPLETE,MAPPED_NOT_TESTED,NOT_STARTED,NOT_OPENED,NOT_STARTED,0.0,BLOCKED,Candidate hypothesis only until frozen OOS/lockbox and prospective evidence.,
CUR_SUPPLY_CHAIN_NETWORK_BOTTLENECK_INPUT_OUTPUT_CENTRALITY,supply_chain_network_bottleneck,input_output_centrality,input_output_centrality,transmission_or_value_capture,equities|commodities|macro,input-output tables|company supply chain|capacity|orders|shipping,curated_primary_literature,,COMPLETE,MAPPED_NOT_TESTED,NOT_STARTED,NOT_OPENED,NOT_STARTED,0.0,BLOCKED,Candidate hypothesis only until frozen OOS/lockbox and prospective evidence.,
CUR_SUPPLY_CHAIN_NETWORK_BOTTLENECK_SUPPLIER_CUSTOMER_RETURN_SPILLOVER,supply_chain_network_bottleneck,supplier_customer_return_spillover,supplier_customer_return_spillover,transmission_or_value_capture,equities|commodities|macro,input-output tables|company supply chain|capacity|orders|shipping,curated_primary_literature,,COMPLETE,MAPPED_NOT_TESTED,NOT_STARTED,NOT_OPENED,NOT_STARTED,0.0,BLOCKED,Candidate hypothesis only until frozen OOS/lockbox and prospective evidence.,
CUR_SUPPLY_CHAIN_NETWORK_BOTTLENECK_SINGLE_SOURCE_DEPENDENCY,supply_chain_network_bottleneck,single_source_dependency,single_source_dependency,transmission_or_value_capture,equities|commodities|macro,input-output tables|company supply chain|capacity|orders|shipping,curated_primary_literature,,COMPLETE,MAPPED_NOT_TESTED,NOT_STARTED,NOT_OPENED,NOT_STARTED,0.0,BLOCKED,Candidate hypothesis only until frozen OOS/lockbox and prospective evidence.,
CUR_SUPPLY_CHAIN_NETWORK_BOTTLENECK_QUALIFICATION_BOTTLENECK,supply_chain_network_bottleneck,qualification_bottleneck,qualification_bottleneck,transmission_or_value_capture,equities|commodities|macro,input-output tables|company supply chain|capacity|orders|shipping,curated_primary_literature,,COMPLETE,MAPPED_NOT_TESTED,NOT_STARTED,NOT_OPENED,NOT_STARTED,0.0,BLOCKED,Candidate hypothesis only until frozen OOS/lockbox and prospective evidence.,
CUR_SUPPLY_CHAIN_NETWORK_BOTTLENECK_LEAD_TIME_EXTENSION,supply_chain_network_bottleneck,lead_time_extension,lead_time_extension,transmission_or_value_capture,equities|commodities|macro,input-output tables|company supply chain|capacity|orders|shipping,curated_primary_literature,,COMPLETE,MAPPED_NOT_TESTED,NOT_STARTED,NOT_OPENED,NOT_STARTED,0.0,BLOCKED,Candidate hypothesis only until frozen OOS/lockbox and prospective evidence.,
CUR_SUPPLY_CHAIN_NETWORK_BOTTLENECK_CAPACITY_UTILIZATION,supply_chain_network_bottleneck,capacity_utilization,capacity_utilization,transmission_or_value_capture,equities|commodities|macro,input-output tables|company supply chain|capacity|orders|shipping,curated_primary_literature,,COMPLETE,MAPPED_NOT_TESTED,NOT_STARTED,NOT_OPENED,NOT_STARTED,0.0,BLOCKED,Candidate hypothesis only until frozen OOS/lockbox and prospective evidence.,
CUR_SUPPLY_CHAIN_NETWORK_BOTTLENECK_BOOK_TO_BILL,supply_chain_network_bottleneck,book_to_bill,book_to_bill,transmission_or_value_capture,equities|commodities|macro,input-output tables|company supply chain|capacity|orders|shipping,curated_primary_literature,,COMPLETE,MAPPED_NOT_TESTED,NOT_STARTED,NOT_OPENED,NOT_STARTED,0.0,BLOCKED,Candidate hypothesis only until frozen OOS/lockbox and prospective evidence.,
CUR_SUPPLY_CHAIN_NETWORK_BOTTLENECK_ORDER_BACKLOG,supply_chain_network_bottleneck,order_backlog,order_backlog,transmission_or_value_capture,equities|commodities|macro,input-output tables|company supply chain|capacity|orders|shipping,curated_primary_literature,,COMPLETE,MAPPED_NOT_TESTED,NOT_STARTED,NOT_OPENED,NOT_STARTED,0.0,BLOCKED,Candidate hypothesis only until frozen OOS/lockbox and prospective evidence.,
CUR_SUPPLY_CHAIN_NETWORK_BOTTLENECK_INVENTORY_BUFFER,supply_chain_network_bottleneck,inventory_buffer,inventory_buffer,transmission_or_value_capture,equities|commodities|macro,input-output tables|company supply chain|capacity|orders|shipping,curated_primary_literature,,COMPLETE,MAPPED_NOT_TESTED,NOT_STARTED,NOT_OPENED,NOT_STARTED,0.0,BLOCKED,Candidate hypothesis only until frozen OOS/lockbox and prospective evidence.,
CUR_SUPPLY_CHAIN_NETWORK_BOTTLENECK_SUBSTITUTION_ELASTICITY,supply_chain_network_bottleneck,substitution_elasticity,substitution_elasticity,transmission_or_value_capture,equities|commodities|macro,input-output tables|company supply chain|capacity|orders|shipping,curated_primary_literature,,COMPLETE,MAPPED_NOT_TESTED,NOT_STARTED,NOT_OPENED,NOT_STARTED,0.0,BLOCKED,Candidate hypothesis only until frozen OOS/lockbox and prospective evidence.,
CUR_SUPPLY_CHAIN_NETWORK_BOTTLENECK_PRICING_POWER,supply_chain_network_bottleneck,pricing_power,pricing_power,transmission_or_value_capture,equities|commodities|macro,input-output tables|company supply chain|capacity|orders|shipping,curated_primary_literature,,COMPLETE,MAPPED_NOT_TESTED,NOT_STARTED,NOT_OPENED,NOT_STARTED,0.0,BLOCKED,Candidate hypothesis only until frozen OOS/lockbox and prospective evidence.,
CUR_SUPPLY_CHAIN_NETWORK_BOTTLENECK_MARGIN_CAPTURE,supply_chain_network_bottleneck,margin_capture,margin_capture,transmission_or_value_capture,equities|commodities|macro,input-output tables|company supply chain|capacity|orders|shipping,curated_primary_literature,,COMPLETE,MAPPED_NOT_TESTED,NOT_STARTED,NOT_OPENED,NOT_STARTED,0.0,BLOCKED,Candidate hypothesis only until frozen OOS/lockbox and prospective evidence.,
CUR_SUPPLY_CHAIN_NETWORK_BOTTLENECK_TRANSPORT_NODE_CONGESTION,supply_chain_network_bottleneck,transport_node_congestion,transport_node_congestion,transmission_or_value_capture,equities|commodities|macro,input-output tables|company supply chain|capacity|orders|shipping,curated_primary_literature,,COMPLETE,MAPPED_NOT_TESTED,NOT_STARTED,NOT_OPENED,NOT_STARTED,0.0,BLOCKED,Candidate hypothesis only until frozen OOS/lockbox and prospective evidence.,
CUR_SUPPLY_CHAIN_NETWORK_BOTTLENECK_PORT_DWELL_TIME,supply_chain_network_bottleneck,port_dwell_time,port_dwell_time,transmission_or_value_capture,equities|commodities|macro,input-output tables|company supply chain|capacity|orders|shipping,curated_primary_literature,,COMPLETE,MAPPED_NOT_TESTED,NOT_STARTED,NOT_OPENED,NOT_STARTED,0.0,BLOCKED,Candidate hypothesis only until frozen OOS/lockbox and prospective evidence.,
CUR_SUPPLY_CHAIN_NETWORK_BOTTLENECK_FREIGHT_CAPACITY,supply_chain_network_bottleneck,freight_capacity,freight_capacity,transmission_or_value_capture,equities|commodities|macro,input-output tables|company supply chain|capacity|orders|shipping,curated_primary_literature,,COMPLETE,MAPPED_NOT_TESTED,NOT_STARTED,NOT_OPENED,NOT_STARTED,0.0,BLOCKED,Candidate hypothesis only until frozen OOS/lockbox and prospective evidence.,
CUR_SUPPLY_CHAIN_NETWORK_BOTTLENECK_SEMICONDUCTOR_NODE_CAPACITY,supply_chain_network_bottleneck,semiconductor_node_capacity,semiconductor_node_capacity,transmission_or_value_capture,equities|commodities|macro,input-output tables|company supply chain|capacity|orders|shipping,curated_primary_literature,,COMPLETE,MAPPED_NOT_TESTED,NOT_STARTED,NOT_OPENED,NOT_STARTED,0.0,BLOCKED,Candidate hypothesis only until frozen OOS/lockbox and prospective evidence.,
CUR_SUPPLY_CHAIN_NETWORK_BOTTLENECK_MEMORY_CYCLE,supply_chain_network_bottleneck,memory_cycle,memory_cycle,transmission_or_value_capture,equities|commodities|macro,input-output tables|company supply chain|capacity|orders|shipping,curated_primary_literature,,COMPLETE,MAPPED_NOT_TESTED,NOT_STARTED,NOT_OPENED,NOT_STARTED,0.0,BLOCKED,Candidate hypothesis only until frozen OOS/lockbox and prospective evidence.,
CUR_SUPPLY_CHAIN_NETWORK_BOTTLENECK_ADVANCED_PACKAGING_CAPACITY,supply_chain_network_bottleneck,advanced_packaging_capacity,advanced_packaging_capacity,transmission_or_value_capture,equities|commodities|macro,input-output tables|company supply chain|capacity|orders|shipping,curated_primary_literature,,COMPLETE,MAPPED_NOT_TESTED,NOT_STARTED,NOT_OPENED,NOT_STARTED,0.0,BLOCKED,Candidate hypothesis only until frozen OOS/lockbox and prospective evidence.,
CUR_SUPPLY_CHAIN_NETWORK_BOTTLENECK_POWER_GRID_INTERCONNECTION,supply_chain_network_bottleneck,power_grid_interconnection,power_grid_interconnection,transmission_or_value_capture,equities|commodities|macro,input-output tables|company supply chain|capacity|orders|shipping,curated_primary_literature,,COMPLETE,MAPPED_NOT_TESTED,NOT_STARTED,NOT_OPENED,NOT_STARTED,0.0,BLOCKED,Candidate hypothesis only until frozen OOS/lockbox and prospective evidence.,
CUR_SUPPLY_CHAIN_NETWORK_BOTTLENECK_TRANSFORMER_LEAD_TIME,supply_chain_network_bottleneck,transformer_lead_time,transformer_lead_time,transmission_or_value_capture,equities|commodities|macro,input-output tables|company supply chain|capacity|orders|shipping,curated_primary_literature,,COMPLETE,MAPPED_NOT_TESTED,NOT_STARTED,NOT_OPENED,NOT_STARTED,0.0,BLOCKED,Candidate hypothesis only until frozen OOS/lockbox and prospective evidence.,
CUR_SUPPLY_CHAIN_NETWORK_BOTTLENECK_DATA_CENTER_POWER_CONSTRAINT,supply_chain_network_bottleneck,data_center_power_constraint,data_center_power_constraint,transmission_or_value_capture,equities|commodities|macro,input-output tables|company supply chain|capacity|orders|shipping,curated_primary_literature,,COMPLETE,MAPPED_NOT_TESTED,NOT_STARTED,NOT_OPENED,NOT_STARTED,0.0,BLOCKED,Candidate hypothesis only until frozen OOS/lockbox and prospective evidence.,
CUR_SUPPLY_CHAIN_NETWORK_BOTTLENECK_CRITICAL_MINERAL_PROCESSING,supply_chain_network_bottleneck,critical_mineral_processing,critical_mineral_processing,transmission_or_value_capture,equities|commodities|macro,input-output tables|company supply chain|capacity|orders|shipping,curated_primary_literature,,COMPLETE,MAPPED_NOT_TESTED,NOT_STARTED,NOT_OPENED,NOT_STARTED,0.0,BLOCKED,Candidate hypothesis only until frozen OOS/lockbox and prospective evidence.,
CUR_SUPPLY_CHAIN_NETWORK_BOTTLENECK_REFINING_CONCENTRATION,supply_chain_network_bottleneck,refining_concentration,refining_concentration,transmission_or_value_capture,equities|commodities|macro,input-output tables|company supply chain|capacity|orders|shipping,curated_primary_literature,,COMPLETE,MAPPED_NOT_TESTED,NOT_STARTED,NOT_OPENED,NOT_STARTED,0.0,BLOCKED,Candidate hypothesis only until frozen OOS/lockbox and prospective evidence.,
CUR_SUPPLY_CHAIN_NETWORK_BOTTLENECK_SHIPPING_INSURANCE_CONSTRAINT,supply_chain_network_bottleneck,shipping_insurance_constraint,shipping_insurance_constraint,transmission_or_value_capture,equities|commodities|macro,input-output tables|company supply chain|capacity|orders|shipping,curated_primary_literature,,COMPLETE,MAPPED_NOT_TESTED,NOT_STARTED,NOT_OPENED,NOT_STARTED,0.0,BLOCKED,Candidate hypothesis only until frozen OOS/lockbox and prospective evidence.,
CUR_SUPPLY_CHAIN_NETWORK_BOTTLENECK_SANCTION_REROUTING,supply_chain_network_bottleneck,sanction_rerouting,sanction_rerouting,transmission_or_value_capture,equities|commodities|macro,input-output tables|company supply chain|capacity|orders|shipping,curated_primary_literature,,COMPLETE,MAPPED_NOT_TESTED,NOT_STARTED,NOT_OPENED,NOT_STARTED,0.0,BLOCKED,Candidate hypothesis only until frozen OOS/lockbox and prospective evidence.,
CUR_SUPPLY_CHAIN_NETWORK_BOTTLENECK_COMPONENT_SHORTAGE,supply_chain_network_bottleneck,component_shortage,component_shortage,transmission_or_value_capture,equities|commodities|macro,input-output tables|company supply chain|capacity|orders|shipping,curated_primary_literature,,COMPLETE,MAPPED_NOT_TESTED,NOT_STARTED,NOT_OPENED,NOT_STARTED,0.0,BLOCKED,Candidate hypothesis only until frozen OOS/lockbox and prospective evidence.,
CUR_SUPPLY_CHAIN_NETWORK_BOTTLENECK_SUPPLIER_FINANCIAL_DISTRESS,supply_chain_network_bottleneck,supplier_financial_distress,supplier_financial_distress,transmission_or_value_capture,equities|commodities|macro,input-output tables|company supply chain|capacity|orders|shipping,curated_primary_literature,,COMPLETE,MAPPED_NOT_TESTED,NOT_STARTED,NOT_OPENED,NOT_STARTED,0.0,BLOCKED,Candidate hypothesis only until frozen OOS/lockbox and prospective evidence.,
CUR_SUPPLY_CHAIN_NETWORK_BOTTLENECK_CUSTOMER_CONCENTRATION,supply_chain_network_bottleneck,customer_concentration,customer_concentration,transmission_or_value_capture,equities|commodities|macro,input-output tables|company supply chain|capacity|orders|shipping,curated_primary_literature,,COMPLETE,MAPPED_NOT_TESTED,NOT_STARTED,NOT_OPENED,NOT_STARTED,0.0,BLOCKED,Candidate hypothesis only until frozen OOS/lockbox and prospective evidence.,
CUR_SUPPLY_CHAIN_NETWORK_BOTTLENECK_NETWORK_SHOCK_PROPAGATION,supply_chain_network_bottleneck,network_shock_propagation,network_shock_propagation,transmission_or_value_capture,equities|commodities|macro,input-output tables|company supply chain|capacity|orders|shipping,curated_primary_literature,,COMPLETE,MAPPED_NOT_TESTED,NOT_STARTED,NOT_OPENED,NOT_STARTED,0.0,BLOCKED,Candidate hypothesis only until frozen OOS/lockbox and prospective evidence.,
CUR_SUPPLY_CHAIN_NETWORK_BOTTLENECK_NETWORK_COMMUNITY_ROTATION,supply_chain_network_bottleneck,network_community_rotation,network_community_rotation,transmission_or_value_capture,equities|commodities|macro,input-output tables|company supply chain|capacity|orders|shipping,curated_primary_literature,,COMPLETE,MAPPED_NOT_TESTED,NOT_STARTED,NOT_OPENED,NOT_STARTED,0.0,BLOCKED,Candidate hypothesis only until frozen OOS/lockbox and prospective evidence.,
CUR_SUPPLY_CHAIN_NETWORK_BOTTLENECK_PATENT_CHOKEPOINT,supply_chain_network_bottleneck,patent_chokepoint,patent_chokepoint,transmission_or_value_capture,equities|commodities|macro,input-output tables|company supply chain|capacity|orders|shipping,curated_primary_literature,,COMPLETE,MAPPED_NOT_TESTED,NOT_STARTED,NOT_OPENED,NOT_STARTED,0.0,BLOCKED,Candidate hypothesis only until frozen OOS/lockbox and prospective evidence.,
CUR_SUPPLY_CHAIN_NETWORK_BOTTLENECK_STANDARD_SETTING_CONTROL,supply_chain_network_bottleneck,standard_setting_control,standard_setting_control,transmission_or_value_capture,equities|commodities|macro,input-output tables|company supply chain|capacity|orders|shipping,curated_primary_literature,,COMPLETE,MAPPED_NOT_TESTED,NOT_STARTED,NOT_OPENED,NOT_STARTED,0.0,BLOCKED,Candidate hypothesis only until frozen OOS/lockbox and prospective evidence.,
CUR_SUPPLY_CHAIN_NETWORK_BOTTLENECK_LICENSE_ROYALTY_CAPTURE,supply_chain_network_bottleneck,license_royalty_capture,license_royalty_capture,transmission_or_value_capture,equities|commodities|macro,input-output tables|company supply chain|capacity|orders|shipping,curated_primary_literature,,COMPLETE,MAPPED_NOT_TESTED,NOT_STARTED,NOT_OPENED,NOT_STARTED,0.0,BLOCKED,Candidate hypothesis only until frozen OOS/lockbox and prospective evidence.,
CUR_SUPPLY_CHAIN_NETWORK_BOTTLENECK_REGULATORY_QUALIFICATION,supply_chain_network_bottleneck,regulatory_qualification,regulatory_qualification,transmission_or_value_capture,equities|commodities|macro,input-output tables|company supply chain|capacity|orders|shipping,curated_primary_literature,,COMPLETE,MAPPED_NOT_TESTED,NOT_STARTED,NOT_OPENED,NOT_STARTED,0.0,BLOCKED,Candidate hypothesis only until frozen OOS/lockbox and prospective evidence.,
CUR_SUPPLY_CHAIN_NETWORK_BOTTLENECK_CAPEX_RESPONSE_LAG,supply_chain_network_bottleneck,capex_response_lag,capex_response_lag,transmission_or_value_capture,equities|commodities|macro,input-output tables|company supply chain|capacity|orders|shipping,curated_primary_literature,,COMPLETE,MAPPED_NOT_TESTED,NOT_STARTED,NOT_OPENED,NOT_STARTED,0.0,BLOCKED,Candidate hypothesis only until frozen OOS/lockbox and prospective evidence.,
CUR_SUPPLY_CHAIN_NETWORK_BOTTLENECK_BOTTLENECK_RELEASE_INVALIDATION,supply_chain_network_bottleneck,bottleneck_release_invalidation,bottleneck_release_invalidation,transmission_or_value_capture,equities|commodities|macro,input-output tables|company supply chain|capacity|orders|shipping,curated_primary_literature,,COMPLETE,MAPPED_NOT_TESTED,NOT_STARTED,NOT_OPENED,NOT_STARTED,0.0,BLOCKED,Candidate hypothesis only until frozen OOS/lockbox and prospective evidence.,
CUR_IHSG_BROKER_CONTROLLER_STRUCTURE_FOREIGN_FLOW,ihsg_broker_controller_structure,foreign_flow,foreign_flow,flow_value_capture_or_execution,IHSG,broker summary|done detail|order book|IDX filings|macro,curated_primary_literature,,COMPLETE,MAPPED_NOT_TESTED,NOT_STARTED,NOT_OPENED,NOT_STARTED,0.0,BLOCKED,Candidate hypothesis only until frozen OOS/lockbox and prospective evidence.,
CUR_IHSG_BROKER_CONTROLLER_STRUCTURE_BROKER_ACCUMULATION_PERSISTENCE,ihsg_broker_controller_structure,broker_accumulation_persistence,broker_accumulation_persistence,flow_value_capture_or_execution,IHSG,broker summary|done detail|order book|IDX filings|macro,curated_primary_literature,,COMPLETE,MAPPED_NOT_TESTED,NOT_STARTED,NOT_OPENED,NOT_STARTED,0.0,BLOCKED,Candidate hypothesis only until frozen OOS/lockbox and prospective evidence.,
CUR_IHSG_BROKER_CONTROLLER_STRUCTURE_BROKER_COST_BASIS,ihsg_broker_controller_structure,broker_cost_basis,broker_cost_basis,flow_value_capture_or_execution,IHSG,broker summary|done detail|order book|IDX filings|macro,curated_primary_literature,,COMPLETE,MAPPED_NOT_TESTED,NOT_STARTED,NOT_OPENED,NOT_STARTED,0.0,BLOCKED,Candidate hypothesis only until frozen OOS/lockbox and prospective evidence.,
CUR_IHSG_BROKER_CONTROLLER_STRUCTURE_BROKER_CLUSTER_CONCENTRATION,ihsg_broker_controller_structure,broker_cluster_concentration,broker_cluster_concentration,flow_value_capture_or_execution,IHSG,broker summary|done detail|order book|IDX filings|macro,curated_primary_literature,,COMPLETE,MAPPED_NOT_TESTED,NOT_STARTED,NOT_OPENED,NOT_STARTED,0.0,BLOCKED,Candidate hypothesis only until frozen OOS/lockbox and prospective evidence.,
CUR_IHSG_BROKER_CONTROLLER_STRUCTURE_CONTROLLER_INVENTORY,ihsg_broker_controller_structure,controller_inventory,controller_inventory,flow_value_capture_or_execution,IHSG,broker summary|done detail|order book|IDX filings|macro,curated_primary_literature,,COMPLETE,MAPPED_NOT_TESTED,NOT_STARTED,NOT_OPENED,NOT_STARTED,0.0,BLOCKED,Candidate hypothesis only until frozen OOS/lockbox and prospective evidence.,
CUR_IHSG_BROKER_CONTROLLER_STRUCTURE_FREE_FLOAT_SCARCITY,ihsg_broker_controller_structure,free_float_scarcity,free_float_scarcity,flow_value_capture_or_execution,IHSG,broker summary|done detail|order book|IDX filings|macro,curated_primary_literature,,COMPLETE,MAPPED_NOT_TESTED,NOT_STARTED,NOT_OPENED,NOT_STARTED,0.0,BLOCKED,Candidate hypothesis only until frozen OOS/lockbox and prospective evidence.,
CUR_IHSG_BROKER_CONTROLLER_STRUCTURE_CROSSING_DETECTION,ihsg_broker_controller_structure,crossing_detection,crossing_detection,flow_value_capture_or_execution,IHSG,broker summary|done detail|order book|IDX filings|macro,curated_primary_literature,,COMPLETE,MAPPED_NOT_TESTED,NOT_STARTED,NOT_OPENED,NOT_STARTED,0.0,BLOCKED,Candidate hypothesis only until frozen OOS/lockbox and prospective evidence.,
CUR_IHSG_BROKER_CONTROLLER_STRUCTURE_FAKE_RETAIL_DETECTION,ihsg_broker_controller_structure,fake_retail_detection,fake_retail_detection,flow_value_capture_or_execution,IHSG,broker summary|done detail|order book|IDX filings|macro,curated_primary_literature,,COMPLETE,MAPPED_NOT_TESTED,NOT_STARTED,NOT_OPENED,NOT_STARTED,0.0,BLOCKED,Candidate hypothesis only until frozen OOS/lockbox and prospective evidence.,
CUR_IHSG_BROKER_CONTROLLER_STRUCTURE_DONE_DETAIL_LARGE_TRADE,ihsg_broker_controller_structure,done_detail_large_trade,done_detail_large_trade,flow_value_capture_or_execution,IHSG,broker summary|done detail|order book|IDX filings|macro,curated_primary_literature,,COMPLETE,MAPPED_NOT_TESTED,NOT_STARTED,NOT_OPENED,NOT_STARTED,0.0,BLOCKED,Candidate hypothesis only until frozen OOS/lockbox and prospective evidence.,
CUR_IHSG_BROKER_CONTROLLER_STRUCTURE_BIG_VOLUME_ROLL_UP,ihsg_broker_controller_structure,big_volume_roll_up,big_volume_roll_up,flow_value_capture_or_execution,IHSG,broker summary|done detail|order book|IDX filings|macro,curated_primary_literature,,COMPLETE,MAPPED_NOT_TESTED,NOT_STARTED,NOT_OPENED,NOT_STARTED,0.0,BLOCKED,Candidate hypothesis only until frozen OOS/lockbox and prospective evidence.,
CUR_IHSG_BROKER_CONTROLLER_STRUCTURE_BIG_VOLUME_ROLL_DOWN,ihsg_broker_controller_structure,big_volume_roll_down,big_volume_roll_down,flow_value_capture_or_execution,IHSG,broker summary|done detail|order book|IDX filings|macro,curated_primary_literature,,COMPLETE,MAPPED_NOT_TESTED,NOT_STARTED,NOT_OPENED,NOT_STARTED,0.0,BLOCKED,Candidate hypothesis only until frozen OOS/lockbox and prospective evidence.,
CUR_IHSG_BROKER_CONTROLLER_STRUCTURE_BID_OFFER_ABSORPTION,ihsg_broker_controller_structure,bid_offer_absorption,bid_offer_absorption,flow_value_capture_or_execution,IHSG,broker summary|done detail|order book|IDX filings|macro,curated_primary_literature,,COMPLETE,MAPPED_NOT_TESTED,NOT_STARTED,NOT_OPENED,NOT_STARTED,0.0,BLOCKED,Candidate hypothesis only until frozen OOS/lockbox and prospective evidence.,
CUR_IHSG_BROKER_CONTROLLER_STRUCTURE_OFFER_WALL_ABSORPTION,ihsg_broker_controller_structure,offer_wall_absorption,offer_wall_absorption,flow_value_capture_or_execution,IHSG,broker summary|done detail|order book|IDX filings|macro,curated_primary_literature,,COMPLETE,MAPPED_NOT_TESTED,NOT_STARTED,NOT_OPENED,NOT_STARTED,0.0,BLOCKED,Candidate hypothesis only until frozen OOS/lockbox and prospective evidence.,
CUR_IHSG_BROKER_CONTROLLER_STRUCTURE_BOS_CONFIRMATION,ihsg_broker_controller_structure,BOS_confirmation,BOS_confirmation,flow_value_capture_or_execution,IHSG,broker summary|done detail|order book|IDX filings|macro,curated_primary_literature,,COMPLETE,MAPPED_NOT_TESTED,NOT_STARTED,NOT_OPENED,NOT_STARTED,0.0,BLOCKED,Candidate hypothesis only until frozen OOS/lockbox and prospective evidence.,
CUR_IHSG_BROKER_CONTROLLER_STRUCTURE_FALSE_BREAKOUT,ihsg_broker_controller_structure,false_breakout,false_breakout,flow_value_capture_or_execution,IHSG,broker summary|done detail|order book|IDX filings|macro,curated_primary_literature,,COMPLETE,MAPPED_NOT_TESTED,NOT_STARTED,NOT_OPENED,NOT_STARTED,0.0,BLOCKED,Candidate hypothesis only until frozen OOS/lockbox and prospective evidence.,
CUR_IHSG_BROKER_CONTROLLER_STRUCTURE_AUCTION_IMBALANCE,ihsg_broker_controller_structure,auction_imbalance,auction_imbalance,flow_value_capture_or_execution,IHSG,broker summary|done detail|order book|IDX filings|macro,curated_primary_literature,,COMPLETE,MAPPED_NOT_TESTED,NOT_STARTED,NOT_OPENED,NOT_STARTED,0.0,BLOCKED,Candidate hypothesis only until frozen OOS/lockbox and prospective evidence.,
CUR_IHSG_BROKER_CONTROLLER_STRUCTURE_INDEX_REBALANCE_FLOW,ihsg_broker_controller_structure,index_rebalance_flow,index_rebalance_flow,flow_value_capture_or_execution,IHSG,broker summary|done detail|order book|IDX filings|macro,curated_primary_literature,,COMPLETE,MAPPED_NOT_TESTED,NOT_STARTED,NOT_OPENED,NOT_STARTED,0.0,BLOCKED,Candidate hypothesis only until frozen OOS/lockbox and prospective evidence.,
CUR_IHSG_BROKER_CONTROLLER_STRUCTURE_RIGHTS_ISSUE_OVERHANG,ihsg_broker_controller_structure,rights_issue_overhang,rights_issue_overhang,flow_value_capture_or_execution,IHSG,broker summary|done detail|order book|IDX filings|macro,curated_primary_literature,,COMPLETE,MAPPED_NOT_TESTED,NOT_STARTED,NOT_OPENED,NOT_STARTED,0.0,BLOCKED,Candidate hypothesis only until frozen OOS/lockbox and prospective evidence.,
CUR_IHSG_BROKER_CONTROLLER_STRUCTURE_PLACEMENT_OVERHANG,ihsg_broker_controller_structure,placement_overhang,placement_overhang,flow_value_capture_or_execution,IHSG,broker summary|done detail|order book|IDX filings|macro,curated_primary_literature,,COMPLETE,MAPPED_NOT_TESTED,NOT_STARTED,NOT_OPENED,NOT_STARTED,0.0,BLOCKED,Candidate hypothesis only until frozen OOS/lockbox and prospective evidence.,
CUR_IHSG_BROKER_CONTROLLER_STRUCTURE_PLEDGED_SHARE_RISK,ihsg_broker_controller_structure,pledged_share_risk,pledged_share_risk,flow_value_capture_or_execution,IHSG,broker summary|done detail|order book|IDX filings|macro,curated_primary_literature,,COMPLETE,MAPPED_NOT_TESTED,NOT_STARTED,NOT_OPENED,NOT_STARTED,0.0,BLOCKED,Candidate hypothesis only until frozen OOS/lockbox and prospective evidence.,
CUR_IHSG_BROKER_CONTROLLER_STRUCTURE_RELATED_PARTY_FLOW,ihsg_broker_controller_structure,related_party_flow,related_party_flow,flow_value_capture_or_execution,IHSG,broker summary|done detail|order book|IDX filings|macro,curated_primary_literature,,COMPLETE,MAPPED_NOT_TESTED,NOT_STARTED,NOT_OPENED,NOT_STARTED,0.0,BLOCKED,Candidate hypothesis only until frozen OOS/lockbox and prospective evidence.,
CUR_IHSG_BROKER_CONTROLLER_STRUCTURE_IMPORT_DEPENDENCY,ihsg_broker_controller_structure,import_dependency,import_dependency,flow_value_capture_or_execution,IHSG,broker summary|done detail|order book|IDX filings|macro,curated_primary_literature,,COMPLETE,MAPPED_NOT_TESTED,NOT_STARTED,NOT_OPENED,NOT_STARTED,0.0,BLOCKED,Candidate hypothesis only until frozen OOS/lockbox and prospective evidence.,
CUR_IHSG_BROKER_CONTROLLER_STRUCTURE_COMMODITY_BETA,ihsg_broker_controller_structure,commodity_beta,commodity_beta,flow_value_capture_or_execution,IHSG,broker summary|done detail|order book|IDX filings|macro,curated_primary_literature,,COMPLETE,MAPPED_NOT_TESTED,NOT_STARTED,NOT_OPENED,NOT_STARTED,0.0,BLOCKED,Candidate hypothesis only until frozen OOS/lockbox and prospective evidence.,
CUR_IHSG_BROKER_CONTROLLER_STRUCTURE_RUPIAH_SENSITIVITY,ihsg_broker_controller_structure,rupiah_sensitivity,rupiah_sensitivity,flow_value_capture_or_execution,IHSG,broker summary|done detail|order book|IDX filings|macro,curated_primary_literature,,COMPLETE,MAPPED_NOT_TESTED,NOT_STARTED,NOT_OPENED,NOT_STARTED,0.0,BLOCKED,Candidate hypothesis only until frozen OOS/lockbox and prospective evidence.,
CUR_IHSG_BROKER_CONTROLLER_STRUCTURE_DOMESTIC_LIQUIDITY,ihsg_broker_controller_structure,domestic_liquidity,domestic_liquidity,flow_value_capture_or_execution,IHSG,broker summary|done detail|order book|IDX filings|macro,curated_primary_literature,,COMPLETE,MAPPED_NOT_TESTED,NOT_STARTED,NOT_OPENED,NOT_STARTED,0.0,BLOCKED,Candidate hypothesis only until frozen OOS/lockbox and prospective evidence.,
CUR_IHSG_BROKER_CONTROLLER_STRUCTURE_MARGIN_FINANCING,ihsg_broker_controller_structure,margin_financing,margin_financing,flow_value_capture_or_execution,IHSG,broker summary|done detail|order book|IDX filings|macro,curated_primary_literature,,COMPLETE,MAPPED_NOT_TESTED,NOT_STARTED,NOT_OPENED,NOT_STARTED,0.0,BLOCKED,Candidate hypothesis only until frozen OOS/lockbox and prospective evidence.,
CUR_IHSG_BROKER_CONTROLLER_STRUCTURE_SHORT_SALE_CONSTRAINT,ihsg_broker_controller_structure,short_sale_constraint,short_sale_constraint,flow_value_capture_or_execution,IHSG,broker summary|done detail|order book|IDX filings|macro,curated_primary_literature,,COMPLETE,MAPPED_NOT_TESTED,NOT_STARTED,NOT_OPENED,NOT_STARTED,0.0,BLOCKED,Candidate hypothesis only until frozen OOS/lockbox and prospective evidence.,
CUR_IHSG_BROKER_CONTROLLER_STRUCTURE_WARRANT_DILUTION,ihsg_broker_controller_structure,warrant_dilution,warrant_dilution,flow_value_capture_or_execution,IHSG,broker summary|done detail|order book|IDX filings|macro,curated_primary_literature,,COMPLETE,MAPPED_NOT_TESTED,NOT_STARTED,NOT_OPENED,NOT_STARTED,0.0,BLOCKED,Candidate hypothesis only until frozen OOS/lockbox and prospective evidence.,
CUR_IHSG_BROKER_CONTROLLER_STRUCTURE_FREE_FLOAT_ADJUSTED_CAPACITY,ihsg_broker_controller_structure,free_float_adjusted_capacity,free_float_adjusted_capacity,flow_value_capture_or_execution,IHSG,broker summary|done detail|order book|IDX filings|macro,curated_primary_literature,,COMPLETE,MAPPED_NOT_TESTED,NOT_STARTED,NOT_OPENED,NOT_STARTED,0.0,BLOCKED,Candidate hypothesis only until frozen OOS/lockbox and prospective evidence.,
CUR_IHSG_BROKER_CONTROLLER_STRUCTURE_BROKER_ROTATION,ihsg_broker_controller_structure,broker_rotation,broker_rotation,flow_value_capture_or_execution,IHSG,broker summary|done detail|order book|IDX filings|macro,curated_primary_literature,,COMPLETE,MAPPED_NOT_TESTED,NOT_STARTED,NOT_OPENED,NOT_STARTED,0.0,BLOCKED,Candidate hypothesis only until frozen OOS/lockbox and prospective evidence.,
CUR_IHSG_BROKER_CONTROLLER_STRUCTURE_RETAIL_CROWDING,ihsg_broker_controller_structure,retail_crowding,retail_crowding,flow_value_capture_or_execution,IHSG,broker summary|done detail|order book|IDX filings|macro,curated_primary_literature,,COMPLETE,MAPPED_NOT_TESTED,NOT_STARTED,NOT_OPENED,NOT_STARTED,0.0,BLOCKED,Candidate hypothesis only until frozen OOS/lockbox and prospective evidence.,
CUR_IHSG_BROKER_CONTROLLER_STRUCTURE_SUSPENSION_REOPENING,ihsg_broker_controller_structure,suspension_reopening,suspension_reopening,flow_value_capture_or_execution,IHSG,broker summary|done detail|order book|IDX filings|macro,curated_primary_literature,,COMPLETE,MAPPED_NOT_TESTED,NOT_STARTED,NOT_OPENED,NOT_STARTED,0.0,BLOCKED,Candidate hypothesis only until frozen OOS/lockbox and prospective evidence.,
CUR_IHSG_BROKER_CONTROLLER_STRUCTURE_CORPORATE_ACTION_EVENT,ihsg_broker_controller_structure,corporate_action_event,corporate_action_event,flow_value_capture_or_execution,IHSG,broker summary|done detail|order book|IDX filings|macro,curated_primary_literature,,COMPLETE,MAPPED_NOT_TESTED,NOT_STARTED,NOT_OPENED,NOT_STARTED,0.0,BLOCKED,Candidate hypothesis only until frozen OOS/lockbox and prospective evidence.,
CUR_IHSG_BROKER_CONTROLLER_STRUCTURE_CONTROLLER_SUPPORT,ihsg_broker_controller_structure,controller_support,controller_support,flow_value_capture_or_execution,IHSG,broker summary|done detail|order book|IDX filings|macro,curated_primary_literature,,COMPLETE,MAPPED_NOT_TESTED,NOT_STARTED,NOT_OPENED,NOT_STARTED,0.0,BLOCKED,Candidate hypothesis only until frozen OOS/lockbox and prospective evidence.,
CUR_IHSG_BROKER_CONTROLLER_STRUCTURE_EARNINGS_REVISION_IHSG,ihsg_broker_controller_structure,earnings_revision_IHSG,earnings_revision_IHSG,flow_value_capture_or_execution,IHSG,broker summary|done detail|order book|IDX filings|macro,curated_primary_literature,,COMPLETE,MAPPED_NOT_TESTED,NOT_STARTED,NOT_OPENED,NOT_STARTED,0.0,BLOCKED,Candidate hypothesis only until frozen OOS/lockbox and prospective evidence.,
CUR_IHSG_BROKER_CONTROLLER_STRUCTURE_VALUATION_GAP_IHSG,ihsg_broker_controller_structure,valuation_gap_IHSG,valuation_gap_IHSG,flow_value_capture_or_execution,IHSG,broker summary|done detail|order book|IDX filings|macro,curated_primary_literature,,COMPLETE,MAPPED_NOT_TESTED,NOT_STARTED,NOT_OPENED,NOT_STARTED,0.0,BLOCKED,Candidate hypothesis only until frozen OOS/lockbox and prospective evidence.,
CUR_IHSG_BROKER_CONTROLLER_STRUCTURE_LIQUIDITY_ADJUSTED_MOMENTUM,ihsg_broker_controller_structure,liquidity_adjusted_momentum,liquidity_adjusted_momentum,flow_value_capture_or_execution,IHSG,broker summary|done detail|order book|IDX filings|macro,curated_primary_literature,,COMPLETE,MAPPED_NOT_TESTED,NOT_STARTED,NOT_OPENED,NOT_STARTED,0.0,BLOCKED,Candidate hypothesis only until frozen OOS/lockbox and prospective evidence.,
CUR_IHSG_BROKER_CONTROLLER_STRUCTURE_BROKER_FLOW_X_MACRO,ihsg_broker_controller_structure,broker_flow_x_macro,broker_flow_x_macro,flow_value_capture_or_execution,IHSG,broker summary|done detail|order book|IDX filings|macro,curated_primary_literature,,COMPLETE,MAPPED_NOT_TESTED,NOT_STARTED,NOT_OPENED,NOT_STARTED,0.0,BLOCKED,Candidate hypothesis only until frozen OOS/lockbox and prospective evidence.,
CUR_IHSG_BROKER_CONTROLLER_STRUCTURE_FULL_UNIVERSE_SURVIVORSHIP_GUARD,ihsg_broker_controller_structure,full_universe_survivorship_guard,full_universe_survivorship_guard,flow_value_capture_or_execution,IHSG,broker summary|done detail|order book|IDX filings|macro,curated_primary_literature,,COMPLETE,MAPPED_NOT_TESTED,NOT_STARTED,NOT_OPENED,NOT_STARTED,0.0,BLOCKED,Candidate hypothesis only until frozen OOS/lockbox and prospective evidence.,
CUR_EVENT_NEWS_SENTIMENT_MACRO_SURPRISE,event_news_sentiment,macro_surprise,macro_surprise,trigger_or_information_flow,all_markets,timestamped news|filings|events|attention,curated_primary_literature,,COMPLETE,MAPPED_NOT_TESTED,NOT_STARTED,NOT_OPENED,NOT_STARTED,0.0,BLOCKED,Candidate hypothesis only until frozen OOS/lockbox and prospective evidence.,
CUR_EVENT_NEWS_SENTIMENT_CENTRAL_BANK_TEXT_SURPRISE,event_news_sentiment,central_bank_text_surprise,central_bank_text_surprise,trigger_or_information_flow,all_markets,timestamped news|filings|events|attention,curated_primary_literature,,COMPLETE,MAPPED_NOT_TESTED,NOT_STARTED,NOT_OPENED,NOT_STARTED,0.0,BLOCKED,Candidate hypothesis only until frozen OOS/lockbox and prospective evidence.,
CUR_EVENT_NEWS_SENTIMENT_POLICY_PATH_SURPRISE,event_news_sentiment,policy_path_surprise,policy_path_surprise,trigger_or_information_flow,all_markets,timestamped news|filings|events|attention,curated_primary_literature,,COMPLETE,MAPPED_NOT_TESTED,NOT_STARTED,NOT_OPENED,NOT_STARTED,0.0,BLOCKED,Candidate hypothesis only until frozen OOS/lockbox and prospective evidence.,
CUR_EVENT_NEWS_SENTIMENT_GEOPOLITICAL_EVENT,event_news_sentiment,geopolitical_event,geopolitical_event,trigger_or_information_flow,all_markets,timestamped news|filings|events|attention,curated_primary_literature,,COMPLETE,MAPPED_NOT_TESTED,NOT_STARTED,NOT_OPENED,NOT_STARTED,0.0,BLOCKED,Candidate hypothesis only until frozen OOS/lockbox and prospective evidence.,
CUR_EVENT_NEWS_SENTIMENT_EARNINGS_NEWS,event_news_sentiment,earnings_news,earnings_news,trigger_or_information_flow,all_markets,timestamped news|filings|events|attention,curated_primary_literature,,COMPLETE,MAPPED_NOT_TESTED,NOT_STARTED,NOT_OPENED,NOT_STARTED,0.0,BLOCKED,Candidate hypothesis only until frozen OOS/lockbox and prospective evidence.,
CUR_EVENT_NEWS_SENTIMENT_FILING_EVENT,event_news_sentiment,filing_event,filing_event,trigger_or_information_flow,all_markets,timestamped news|filings|events|attention,curated_primary_literature,,COMPLETE,MAPPED_NOT_TESTED,NOT_STARTED,NOT_OPENED,NOT_STARTED,0.0,BLOCKED,Candidate hypothesis only until frozen OOS/lockbox and prospective evidence.,
CUR_EVENT_NEWS_SENTIMENT_INSIDER_PURCHASE,event_news_sentiment,insider_purchase,insider_purchase,trigger_or_information_flow,all_markets,timestamped news|filings|events|attention,curated_primary_literature,,COMPLETE,MAPPED_NOT_TESTED,NOT_STARTED,NOT_OPENED,NOT_STARTED,0.0,BLOCKED,Candidate hypothesis only until frozen OOS/lockbox and prospective evidence.,
CUR_EVENT_NEWS_SENTIMENT_INSIDER_SALE,event_news_sentiment,insider_sale,insider_sale,trigger_or_information_flow,all_markets,timestamped news|filings|events|attention,curated_primary_literature,,COMPLETE,MAPPED_NOT_TESTED,NOT_STARTED,NOT_OPENED,NOT_STARTED,0.0,BLOCKED,Candidate hypothesis only until frozen OOS/lockbox and prospective evidence.,
CUR_EVENT_NEWS_SENTIMENT_ACTIVIST_ENTRY,event_news_sentiment,activist_entry,activist_entry,trigger_or_information_flow,all_markets,timestamped news|filings|events|attention,curated_primary_literature,,COMPLETE,MAPPED_NOT_TESTED,NOT_STARTED,NOT_OPENED,NOT_STARTED,0.0,BLOCKED,Candidate hypothesis only until frozen OOS/lockbox and prospective evidence.,
CUR_EVENT_NEWS_SENTIMENT_13F_CHANGE,event_news_sentiment,13F_change,13F_change,trigger_or_information_flow,all_markets,timestamped news|filings|events|attention,curated_primary_literature,,COMPLETE,MAPPED_NOT_TESTED,NOT_STARTED,NOT_OPENED,NOT_STARTED,0.0,BLOCKED,Candidate hypothesis only until frozen OOS/lockbox and prospective evidence.,
CUR_EVENT_NEWS_SENTIMENT_BUYBACK_ANNOUNCEMENT,event_news_sentiment,buyback_announcement,buyback_announcement,trigger_or_information_flow,all_markets,timestamped news|filings|events|attention,curated_primary_literature,,COMPLETE,MAPPED_NOT_TESTED,NOT_STARTED,NOT_OPENED,NOT_STARTED,0.0,BLOCKED,Candidate hypothesis only until frozen OOS/lockbox and prospective evidence.,
CUR_EVENT_NEWS_SENTIMENT_ISSUANCE_ANNOUNCEMENT,event_news_sentiment,issuance_announcement,issuance_announcement,trigger_or_information_flow,all_markets,timestamped news|filings|events|attention,curated_primary_literature,,COMPLETE,MAPPED_NOT_TESTED,NOT_STARTED,NOT_OPENED,NOT_STARTED,0.0,BLOCKED,Candidate hypothesis only until frozen OOS/lockbox and prospective evidence.,
CUR_EVENT_NEWS_SENTIMENT_M_AND_A_PROBABILITY,event_news_sentiment,M_and_A_probability,M_and_A_probability,trigger_or_information_flow,all_markets,timestamped news|filings|events|attention,curated_primary_literature,,COMPLETE,MAPPED_NOT_TESTED,NOT_STARTED,NOT_OPENED,NOT_STARTED,0.0,BLOCKED,Candidate hypothesis only until frozen OOS/lockbox and prospective evidence.,
CUR_EVENT_NEWS_SENTIMENT_REGULATORY_APPROVAL,event_news_sentiment,regulatory_approval,regulatory_approval,trigger_or_information_flow,all_markets,timestamped news|filings|events|attention,curated_primary_literature,,COMPLETE,MAPPED_NOT_TESTED,NOT_STARTED,NOT_OPENED,NOT_STARTED,0.0,BLOCKED,Candidate hypothesis only until frozen OOS/lockbox and prospective evidence.,
CUR_EVENT_NEWS_SENTIMENT_CLINICAL_TRIAL_READOUT,event_news_sentiment,clinical_trial_readout,clinical_trial_readout,trigger_or_information_flow,all_markets,timestamped news|filings|events|attention,curated_primary_literature,,COMPLETE,MAPPED_NOT_TESTED,NOT_STARTED,NOT_OPENED,NOT_STARTED,0.0,BLOCKED,Candidate hypothesis only until frozen OOS/lockbox and prospective evidence.,
CUR_EVENT_NEWS_SENTIMENT_PATENT_RULING,event_news_sentiment,patent_ruling,patent_ruling,trigger_or_information_flow,all_markets,timestamped news|filings|events|attention,curated_primary_literature,,COMPLETE,MAPPED_NOT_TESTED,NOT_STARTED,NOT_OPENED,NOT_STARTED,0.0,BLOCKED,Candidate hypothesis only until frozen OOS/lockbox and prospective evidence.,
CUR_EVENT_NEWS_SENTIMENT_LITIGATION_EVENT,event_news_sentiment,litigation_event,litigation_event,trigger_or_information_flow,all_markets,timestamped news|filings|events|attention,curated_primary_literature,,COMPLETE,MAPPED_NOT_TESTED,NOT_STARTED,NOT_OPENED,NOT_STARTED,0.0,BLOCKED,Candidate hypothesis only until frozen OOS/lockbox and prospective evidence.,
CUR_EVENT_NEWS_SENTIMENT_SUPPLY_DISRUPTION_NEWS,event_news_sentiment,supply_disruption_news,supply_disruption_news,trigger_or_information_flow,all_markets,timestamped news|filings|events|attention,curated_primary_literature,,COMPLETE,MAPPED_NOT_TESTED,NOT_STARTED,NOT_OPENED,NOT_STARTED,0.0,BLOCKED,Candidate hypothesis only until frozen OOS/lockbox and prospective evidence.,
CUR_EVENT_NEWS_SENTIMENT_MANAGEMENT_CHANGE,event_news_sentiment,management_change,management_change,trigger_or_information_flow,all_markets,timestamped news|filings|events|attention,curated_primary_literature,,COMPLETE,MAPPED_NOT_TESTED,NOT_STARTED,NOT_OPENED,NOT_STARTED,0.0,BLOCKED,Candidate hypothesis only until frozen OOS/lockbox and prospective evidence.,
CUR_EVENT_NEWS_SENTIMENT_NEWS_SENTIMENT,event_news_sentiment,news_sentiment,news_sentiment,trigger_or_information_flow,all_markets,timestamped news|filings|events|attention,curated_primary_literature,,COMPLETE,MAPPED_NOT_TESTED,NOT_STARTED,NOT_OPENED,NOT_STARTED,0.0,BLOCKED,Candidate hypothesis only until frozen OOS/lockbox and prospective evidence.,
CUR_EVENT_NEWS_SENTIMENT_NEWS_NOVELTY,event_news_sentiment,news_novelty,news_novelty,trigger_or_information_flow,all_markets,timestamped news|filings|events|attention,curated_primary_literature,,COMPLETE,MAPPED_NOT_TESTED,NOT_STARTED,NOT_OPENED,NOT_STARTED,0.0,BLOCKED,Candidate hypothesis only until frozen OOS/lockbox and prospective evidence.,
CUR_EVENT_NEWS_SENTIMENT_NEWS_VOLUME,event_news_sentiment,news_volume,news_volume,trigger_or_information_flow,all_markets,timestamped news|filings|events|attention,curated_primary_literature,,COMPLETE,MAPPED_NOT_TESTED,NOT_STARTED,NOT_OPENED,NOT_STARTED,0.0,BLOCKED,Candidate hypothesis only until frozen OOS/lockbox and prospective evidence.,
CUR_EVENT_NEWS_SENTIMENT_ATTENTION_SPIKE,event_news_sentiment,attention_spike,attention_spike,trigger_or_information_flow,all_markets,timestamped news|filings|events|attention,curated_primary_literature,,COMPLETE,MAPPED_NOT_TESTED,NOT_STARTED,NOT_OPENED,NOT_STARTED,0.0,BLOCKED,Candidate hypothesis only until frozen OOS/lockbox and prospective evidence.,
CUR_EVENT_NEWS_SENTIMENT_GOOGLE_TRENDS,event_news_sentiment,Google_trends,Google_trends,trigger_or_information_flow,all_markets,timestamped news|filings|events|attention,curated_primary_literature,,COMPLETE,MAPPED_NOT_TESTED,NOT_STARTED,NOT_OPENED,NOT_STARTED,0.0,BLOCKED,Candidate hypothesis only until frozen OOS/lockbox and prospective evidence.,
CUR_EVENT_NEWS_SENTIMENT_WIKIPEDIA_ATTENTION,event_news_sentiment,Wikipedia_attention,Wikipedia_attention,trigger_or_information_flow,all_markets,timestamped news|filings|events|attention,curated_primary_literature,,COMPLETE,MAPPED_NOT_TESTED,NOT_STARTED,NOT_OPENED,NOT_STARTED,0.0,BLOCKED,Candidate hypothesis only until frozen OOS/lockbox and prospective evidence.,
CUR_EVENT_NEWS_SENTIMENT_SOCIAL_SENTIMENT,event_news_sentiment,social_sentiment,social_sentiment,trigger_or_information_flow,all_markets,timestamped news|filings|events|attention,curated_primary_literature,,COMPLETE,MAPPED_NOT_TESTED,NOT_STARTED,NOT_OPENED,NOT_STARTED,0.0,BLOCKED,Candidate hypothesis only until frozen OOS/lockbox and prospective evidence.,
CUR_EVENT_NEWS_SENTIMENT_SOCIAL_DISAGREEMENT,event_news_sentiment,social_disagreement,social_disagreement,trigger_or_information_flow,all_markets,timestamped news|filings|events|attention,curated_primary_literature,,COMPLETE,MAPPED_NOT_TESTED,NOT_STARTED,NOT_OPENED,NOT_STARTED,0.0,BLOCKED,Candidate hypothesis only until frozen OOS/lockbox and prospective evidence.,
CUR_EVENT_NEWS_SENTIMENT_NARRATIVE_COHERENCE,event_news_sentiment,narrative_coherence,narrative_coherence,trigger_or_information_flow,all_markets,timestamped news|filings|events|attention,curated_primary_literature,,COMPLETE,MAPPED_NOT_TESTED,NOT_STARTED,NOT_OPENED,NOT_STARTED,0.0,BLOCKED,Candidate hypothesis only until frozen OOS/lockbox and prospective evidence.,
CUR_EVENT_NEWS_SENTIMENT_RUMOR_CONFIRMATION,event_news_sentiment,rumor_confirmation,rumor_confirmation,trigger_or_information_flow,all_markets,timestamped news|filings|events|attention,curated_primary_literature,,COMPLETE,MAPPED_NOT_TESTED,NOT_STARTED,NOT_OPENED,NOT_STARTED,0.0,BLOCKED,Candidate hypothesis only until frozen OOS/lockbox and prospective evidence.,
CUR_EVENT_NEWS_SENTIMENT_EVENT_STUDY_DRIFT,event_news_sentiment,event_study_drift,event_study_drift,trigger_or_information_flow,all_markets,timestamped news|filings|events|attention,curated_primary_literature,,COMPLETE,MAPPED_NOT_TESTED,NOT_STARTED,NOT_OPENED,NOT_STARTED,0.0,BLOCKED,Candidate hypothesis only until frozen OOS/lockbox and prospective evidence.,
CUR_EVENT_NEWS_SENTIMENT_OVERNIGHT_NEWS_GAP,event_news_sentiment,overnight_news_gap,overnight_news_gap,trigger_or_information_flow,all_markets,timestamped news|filings|events|attention,curated_primary_literature,,COMPLETE,MAPPED_NOT_TESTED,NOT_STARTED,NOT_OPENED,NOT_STARTED,0.0,BLOCKED,Candidate hypothesis only until frozen OOS/lockbox and prospective evidence.,
CUR_EVENT_NEWS_SENTIMENT_ANALYST_DAY_EVENT,event_news_sentiment,analyst_day_event,analyst_day_event,trigger_or_information_flow,all_markets,timestamped news|filings|events|attention,curated_primary_literature,,COMPLETE,MAPPED_NOT_TESTED,NOT_STARTED,NOT_OPENED,NOT_STARTED,0.0,BLOCKED,Candidate hypothesis only until frozen OOS/lockbox and prospective evidence.,
CUR_EVENT_NEWS_SENTIMENT_INVESTOR_DAY_EVENT,event_news_sentiment,investor_day_event,investor_day_event,trigger_or_information_flow,all_markets,timestamped news|filings|events|attention,curated_primary_literature,,COMPLETE,MAPPED_NOT_TESTED,NOT_STARTED,NOT_OPENED,NOT_STARTED,0.0,BLOCKED,Candidate hypothesis only until frozen OOS/lockbox and prospective evidence.,
CUR_EVENT_NEWS_SENTIMENT_PRODUCT_LAUNCH,event_news_sentiment,product_launch,product_launch,trigger_or_information_flow,all_markets,timestamped news|filings|events|attention,curated_primary_literature,,COMPLETE,MAPPED_NOT_TESTED,NOT_STARTED,NOT_OPENED,NOT_STARTED,0.0,BLOCKED,Candidate hypothesis only until frozen OOS/lockbox and prospective evidence.,
CUR_EVENT_NEWS_SENTIMENT_GOVERNMENT_CONTRACT,event_news_sentiment,government_contract,government_contract,trigger_or_information_flow,all_markets,timestamped news|filings|events|attention,curated_primary_literature,,COMPLETE,MAPPED_NOT_TESTED,NOT_STARTED,NOT_OPENED,NOT_STARTED,0.0,BLOCKED,Candidate hypothesis only until frozen OOS/lockbox and prospective evidence.,
CUR_EVENT_NEWS_SENTIMENT_CONTRACT_BACKLOG_ANNOUNCEMENT,event_news_sentiment,contract_backlog_announcement,contract_backlog_announcement,trigger_or_information_flow,all_markets,timestamped news|filings|events|attention,curated_primary_literature,,COMPLETE,MAPPED_NOT_TESTED,NOT_STARTED,NOT_OPENED,NOT_STARTED,0.0,BLOCKED,Candidate hypothesis only until frozen OOS/lockbox and prospective evidence.,
CUR_EVENT_NEWS_SENTIMENT_HEADLINE_SENTIMENT_PLACEBO,event_news_sentiment,headline_sentiment_placebo,headline_sentiment_placebo,trigger_or_information_flow,all_markets,timestamped news|filings|events|attention,curated_primary_literature,,COMPLETE,MAPPED_NOT_TESTED,NOT_STARTED,NOT_OPENED,NOT_STARTED,0.0,BLOCKED,Candidate hypothesis only until frozen OOS/lockbox and prospective evidence.,
CUR_STATISTICAL_COMPLEX_SYSTEMS_CHALLENGERS_MARKOV_SWITCHING,statistical_complex_systems_challengers,Markov_switching,Markov_switching,challenger_model_or_regime_detection,all_markets,prices|macro|flows|network,broad_hypothesis_sweep,,COMPLETE,MAPPED_NOT_TESTED,NOT_STARTED,NOT_OPENED,NOT_STARTED,0.0,BLOCKED,Candidate hypothesis only until frozen OOS/lockbox and prospective evidence.,
CUR_STATISTICAL_COMPLEX_SYSTEMS_CHALLENGERS_HIDDEN_MARKOV_MODEL,statistical_complex_systems_challengers,hidden_Markov_model,hidden_Markov_model,challenger_model_or_regime_detection,all_markets,prices|macro|flows|network,broad_hypothesis_sweep,,COMPLETE,MAPPED_NOT_TESTED,NOT_STARTED,NOT_OPENED,NOT_STARTED,0.0,BLOCKED,Candidate hypothesis only until frozen OOS/lockbox and prospective evidence.,
CUR_STATISTICAL_COMPLEX_SYSTEMS_CHALLENGERS_THRESHOLD_AUTOREGRESSION,statistical_complex_systems_challengers,threshold_autoregression,threshold_autoregression,challenger_model_or_regime_detection,all_markets,prices|macro|flows|network,broad_hypothesis_sweep,,COMPLETE,MAPPED_NOT_TESTED,NOT_STARTED,NOT_OPENED,NOT_STARTED,0.0,BLOCKED,Candidate hypothesis only until frozen OOS/lockbox and prospective evidence.,
CUR_STATISTICAL_COMPLEX_SYSTEMS_CHALLENGERS_SMOOTH_TRANSITION_REGRESSION,statistical_complex_systems_challengers,smooth_transition_regression,smooth_transition_regression,challenger_model_or_regime_detection,all_markets,prices|macro|flows|network,broad_hypothesis_sweep,,COMPLETE,MAPPED_NOT_TESTED,NOT_STARTED,NOT_OPENED,NOT_STARTED,0.0,BLOCKED,Candidate hypothesis only until frozen OOS/lockbox and prospective evidence.,
CUR_STATISTICAL_COMPLEX_SYSTEMS_CHALLENGERS_CUSP_CATASTROPHE,statistical_complex_systems_challengers,cusp_catastrophe,cusp_catastrophe,challenger_model_or_regime_detection,all_markets,prices|macro|flows|network,broad_hypothesis_sweep,,COMPLETE,MAPPED_NOT_TESTED,NOT_STARTED,NOT_OPENED,NOT_STARTED,0.0,BLOCKED,Candidate hypothesis only until frozen OOS/lockbox and prospective evidence.,
CUR_STATISTICAL_COMPLEX_SYSTEMS_CHALLENGERS_LPPLS,statistical_complex_systems_challengers,LPPLS,LPPLS,challenger_model_or_regime_detection,all_markets,prices|macro|flows|network,broad_hypothesis_sweep,,COMPLETE,MAPPED_NOT_TESTED,NOT_STARTED,NOT_OPENED,NOT_STARTED,0.0,BLOCKED,Candidate hypothesis only until frozen OOS/lockbox and prospective evidence.,
CUR_STATISTICAL_COMPLEX_SYSTEMS_CHALLENGERS_CRITICAL_SLOWING_DOWN,statistical_complex_systems_challengers,critical_slowing_down,critical_slowing_down,challenger_model_or_regime_detection,all_markets,prices|macro|flows|network,broad_hypothesis_sweep,,COMPLETE,MAPPED_NOT_TESTED,NOT_STARTED,NOT_OPENED,NOT_STARTED,0.0,BLOCKED,Candidate hypothesis only until frozen OOS/lockbox and prospective evidence.,
CUR_STATISTICAL_COMPLEX_SYSTEMS_CHALLENGERS_VARIANCE_AUTOCORRELATION_EARLY_WARNING,statistical_complex_systems_challengers,variance_autocorrelation_early_warning,variance_autocorrelation_early_warning,challenger_model_or_regime_detection,all_markets,prices|macro|flows|network,broad_hypothesis_sweep,,COMPLETE,MAPPED_NOT_TESTED,NOT_STARTED,NOT_OPENED,NOT_STARTED,0.0,BLOCKED,Candidate hypothesis only until frozen OOS/lockbox and prospective evidence.,
CUR_STATISTICAL_COMPLEX_SYSTEMS_CHALLENGERS_FLICKERING,statistical_complex_systems_challengers,flickering,flickering,challenger_model_or_regime_detection,all_markets,prices|macro|flows|network,broad_hypothesis_sweep,,COMPLETE,MAPPED_NOT_TESTED,NOT_STARTED,NOT_OPENED,NOT_STARTED,0.0,BLOCKED,Candidate hypothesis only until frozen OOS/lockbox and prospective evidence.,
CUR_STATISTICAL_COMPLEX_SYSTEMS_CHALLENGERS_TOPOLOGICAL_DATA_ANALYSIS,statistical_complex_systems_challengers,topological_data_analysis,topological_data_analysis,challenger_model_or_regime_detection,all_markets,prices|macro|flows|network,broad_hypothesis_sweep,,COMPLETE,MAPPED_NOT_TESTED,NOT_STARTED,NOT_OPENED,NOT_STARTED,0.0,BLOCKED,Candidate hypothesis only until frozen OOS/lockbox and prospective evidence.,
CUR_STATISTICAL_COMPLEX_SYSTEMS_CHALLENGERS_PERSISTENT_HOMOLOGY,statistical_complex_systems_challengers,persistent_homology,persistent_homology,challenger_model_or_regime_detection,all_markets,prices|macro|flows|network,broad_hypothesis_sweep,,COMPLETE,MAPPED_NOT_TESTED,NOT_STARTED,NOT_OPENED,NOT_STARTED,0.0,BLOCKED,Candidate hypothesis only until frozen OOS/lockbox and prospective evidence.,
CUR_STATISTICAL_COMPLEX_SYSTEMS_CHALLENGERS_RECURRENCE_QUANTIFICATION,statistical_complex_systems_challengers,recurrence_quantification,recurrence_quantification,challenger_model_or_regime_detection,all_markets,prices|macro|flows|network,broad_hypothesis_sweep,,COMPLETE,MAPPED_NOT_TESTED,NOT_STARTED,NOT_OPENED,NOT_STARTED,0.0,BLOCKED,Candidate hypothesis only until frozen OOS/lockbox and prospective evidence.,
CUR_STATISTICAL_COMPLEX_SYSTEMS_CHALLENGERS_MULTIFRACTAL_SPECTRUM,statistical_complex_systems_challengers,multifractal_spectrum,multifractal_spectrum,challenger_model_or_regime_detection,all_markets,prices|macro|flows|network,broad_hypothesis_sweep,,COMPLETE,MAPPED_NOT_TESTED,NOT_STARTED,NOT_OPENED,NOT_STARTED,0.0,BLOCKED,Candidate hypothesis only until frozen OOS/lockbox and prospective evidence.,
CUR_STATISTICAL_COMPLEX_SYSTEMS_CHALLENGERS_HURST_REGIME,statistical_complex_systems_challengers,Hurst_regime,Hurst_regime,challenger_model_or_regime_detection,all_markets,prices|macro|flows|network,broad_hypothesis_sweep,,COMPLETE,MAPPED_NOT_TESTED,NOT_STARTED,NOT_OPENED,NOT_STARTED,0.0,BLOCKED,Candidate hypothesis only until frozen OOS/lockbox and prospective evidence.,
CUR_STATISTICAL_COMPLEX_SYSTEMS_CHALLENGERS_ENTROPY_REGIME,statistical_complex_systems_challengers,entropy_regime,entropy_regime,challenger_model_or_regime_detection,all_markets,prices|macro|flows|network,broad_hypothesis_sweep,,COMPLETE,MAPPED_NOT_TESTED,NOT_STARTED,NOT_OPENED,NOT_STARTED,0.0,BLOCKED,Candidate hypothesis only until frozen OOS/lockbox and prospective evidence.,
CUR_STATISTICAL_COMPLEX_SYSTEMS_CHALLENGERS_TRANSFER_ENTROPY,statistical_complex_systems_challengers,transfer_entropy,transfer_entropy,challenger_model_or_regime_detection,all_markets,prices|macro|flows|network,broad_hypothesis_sweep,,COMPLETE,MAPPED_NOT_TESTED,NOT_STARTED,NOT_OPENED,NOT_STARTED,0.0,BLOCKED,Candidate hypothesis only until frozen OOS/lockbox and prospective evidence.,
CUR_STATISTICAL_COMPLEX_SYSTEMS_CHALLENGERS_GRANGER_NETWORK,statistical_complex_systems_challengers,Granger_network,Granger_network,challenger_model_or_regime_detection,all_markets,prices|macro|flows|network,broad_hypothesis_sweep,,COMPLETE,MAPPED_NOT_TESTED,NOT_STARTED,NOT_OPENED,NOT_STARTED,0.0,BLOCKED,Candidate hypothesis only until frozen OOS/lockbox and prospective evidence.,
CUR_STATISTICAL_COMPLEX_SYSTEMS_CHALLENGERS_PCMCI_CAUSAL_GRAPH,statistical_complex_systems_challengers,PCMCI_causal_graph,PCMCI_causal_graph,challenger_model_or_regime_detection,all_markets,prices|macro|flows|network,broad_hypothesis_sweep,,COMPLETE,MAPPED_NOT_TESTED,NOT_STARTED,NOT_OPENED,NOT_STARTED,0.0,BLOCKED,Candidate hypothesis only until frozen OOS/lockbox and prospective evidence.,
CUR_STATISTICAL_COMPLEX_SYSTEMS_CHALLENGERS_DYNAMIC_FACTOR_MODEL,statistical_complex_systems_challengers,dynamic_factor_model,dynamic_factor_model,challenger_model_or_regime_detection,all_markets,prices|macro|flows|network,broad_hypothesis_sweep,,COMPLETE,MAPPED_NOT_TESTED,NOT_STARTED,NOT_OPENED,NOT_STARTED,0.0,BLOCKED,Candidate hypothesis only until frozen OOS/lockbox and prospective evidence.,
CUR_STATISTICAL_COMPLEX_SYSTEMS_CHALLENGERS_RANDOM_MATRIX_EIGENVALUE,statistical_complex_systems_challengers,random_matrix_eigenvalue,random_matrix_eigenvalue,challenger_model_or_regime_detection,all_markets,prices|macro|flows|network,broad_hypothesis_sweep,,COMPLETE,MAPPED_NOT_TESTED,NOT_STARTED,NOT_OPENED,NOT_STARTED,0.0,BLOCKED,Candidate hypothesis only until frozen OOS/lockbox and prospective evidence.,
CUR_STATISTICAL_COMPLEX_SYSTEMS_CHALLENGERS_CORRELATION_NETWORK_FRAGILITY,statistical_complex_systems_challengers,correlation_network_fragility,correlation_network_fragility,challenger_model_or_regime_detection,all_markets,prices|macro|flows|network,broad_hypothesis_sweep,,COMPLETE,MAPPED_NOT_TESTED,NOT_STARTED,NOT_OPENED,NOT_STARTED,0.0,BLOCKED,Candidate hypothesis only until frozen OOS/lockbox and prospective evidence.,
CUR_STATISTICAL_COMPLEX_SYSTEMS_CHALLENGERS_MINIMUM_SPANNING_TREE,statistical_complex_systems_challengers,minimum_spanning_tree,minimum_spanning_tree,challenger_model_or_regime_detection,all_markets,prices|macro|flows|network,broad_hypothesis_sweep,,COMPLETE,MAPPED_NOT_TESTED,NOT_STARTED,NOT_OPENED,NOT_STARTED,0.0,BLOCKED,Candidate hypothesis only until frozen OOS/lockbox and prospective evidence.,
CUR_STATISTICAL_COMPLEX_SYSTEMS_CHALLENGERS_CHANGE_POINT_DETECTION,statistical_complex_systems_challengers,change_point_detection,change_point_detection,challenger_model_or_regime_detection,all_markets,prices|macro|flows|network,broad_hypothesis_sweep,,COMPLETE,MAPPED_NOT_TESTED,NOT_STARTED,NOT_OPENED,NOT_STARTED,0.0,BLOCKED,Candidate hypothesis only until frozen OOS/lockbox and prospective evidence.,
CUR_STATISTICAL_COMPLEX_SYSTEMS_CHALLENGERS_BAYESIAN_ONLINE_CHANGE_POINT,statistical_complex_systems_challengers,Bayesian_online_change_point,Bayesian_online_change_point,challenger_model_or_regime_detection,all_markets,prices|macro|flows|network,broad_hypothesis_sweep,,COMPLETE,MAPPED_NOT_TESTED,NOT_STARTED,NOT_OPENED,NOT_STARTED,0.0,BLOCKED,Candidate hypothesis only until frozen OOS/lockbox and prospective evidence.,
CUR_STATISTICAL_COMPLEX_SYSTEMS_CHALLENGERS_MATRIX_PROFILE_ANOMALY,statistical_complex_systems_challengers,matrix_profile_anomaly,matrix_profile_anomaly,challenger_model_or_regime_detection,all_markets,prices|macro|flows|network,broad_hypothesis_sweep,,COMPLETE,MAPPED_NOT_TESTED,NOT_STARTED,NOT_OPENED,NOT_STARTED,0.0,BLOCKED,Candidate hypothesis only until frozen OOS/lockbox and prospective evidence.,
CUR_STATISTICAL_COMPLEX_SYSTEMS_CHALLENGERS_AUTOENCODER_ANOMALY,statistical_complex_systems_challengers,autoencoder_anomaly,autoencoder_anomaly,challenger_model_or_regime_detection,all_markets,prices|macro|flows|network,broad_hypothesis_sweep,,COMPLETE,MAPPED_NOT_TESTED,NOT_STARTED,NOT_OPENED,NOT_STARTED,0.0,BLOCKED,Candidate hypothesis only until frozen OOS/lockbox and prospective evidence.,
CUR_STATISTICAL_COMPLEX_SYSTEMS_CHALLENGERS_ISOLATION_FOREST,statistical_complex_systems_challengers,isolation_forest,isolation_forest,challenger_model_or_regime_detection,all_markets,prices|macro|flows|network,broad_hypothesis_sweep,,COMPLETE,MAPPED_NOT_TESTED,NOT_STARTED,NOT_OPENED,NOT_STARTED,0.0,BLOCKED,Candidate hypothesis only until frozen OOS/lockbox and prospective evidence.,
CUR_STATISTICAL_COMPLEX_SYSTEMS_CHALLENGERS_ONE_CLASS_SVM,statistical_complex_systems_challengers,one_class_SVM,one_class_SVM,challenger_model_or_regime_detection,all_markets,prices|macro|flows|network,broad_hypothesis_sweep,,COMPLETE,MAPPED_NOT_TESTED,NOT_STARTED,NOT_OPENED,NOT_STARTED,0.0,BLOCKED,Candidate hypothesis only until frozen OOS/lockbox and prospective evidence.,
CUR_STATISTICAL_COMPLEX_SYSTEMS_CHALLENGERS_RESERVOIR_COMPUTING,statistical_complex_systems_challengers,reservoir_computing,reservoir_computing,challenger_model_or_regime_detection,all_markets,prices|macro|flows|network,broad_hypothesis_sweep,,COMPLETE,MAPPED_NOT_TESTED,NOT_STARTED,NOT_OPENED,NOT_STARTED,0.0,BLOCKED,Candidate hypothesis only until frozen OOS/lockbox and prospective evidence.,
CUR_STATISTICAL_COMPLEX_SYSTEMS_CHALLENGERS_GAUSSIAN_PROCESS,statistical_complex_systems_challengers,Gaussian_process,Gaussian_process,challenger_model_or_regime_detection,all_markets,prices|macro|flows|network,broad_hypothesis_sweep,,COMPLETE,MAPPED_NOT_TESTED,NOT_STARTED,NOT_OPENED,NOT_STARTED,0.0,BLOCKED,Candidate hypothesis only until frozen OOS/lockbox and prospective evidence.,
CUR_STATISTICAL_COMPLEX_SYSTEMS_CHALLENGERS_NEURAL_SDE,statistical_complex_systems_challengers,neural_SDE,neural_SDE,challenger_model_or_regime_detection,all_markets,prices|macro|flows|network,broad_hypothesis_sweep,,COMPLETE,MAPPED_NOT_TESTED,NOT_STARTED,NOT_OPENED,NOT_STARTED,0.0,BLOCKED,Candidate hypothesis only until frozen OOS/lockbox and prospective evidence.,
CUR_STATISTICAL_COMPLEX_SYSTEMS_CHALLENGERS_ROUGH_VOLATILITY,statistical_complex_systems_challengers,rough_volatility,rough_volatility,challenger_model_or_regime_detection,all_markets,prices|macro|flows|network,broad_hypothesis_sweep,,COMPLETE,MAPPED_NOT_TESTED,NOT_STARTED,NOT_OPENED,NOT_STARTED,0.0,BLOCKED,Candidate hypothesis only until frozen OOS/lockbox and prospective evidence.,
CUR_STATISTICAL_COMPLEX_SYSTEMS_CHALLENGERS_HAWKES_PROCESS,statistical_complex_systems_challengers,Hawkes_process,Hawkes_process,challenger_model_or_regime_detection,all_markets,prices|macro|flows|network,broad_hypothesis_sweep,,COMPLETE,MAPPED_NOT_TESTED,NOT_STARTED,NOT_OPENED,NOT_STARTED,0.0,BLOCKED,Candidate hypothesis only until frozen OOS/lockbox and prospective evidence.,
CUR_STATISTICAL_COMPLEX_SYSTEMS_CHALLENGERS_SELF_EXCITING_JUMP,statistical_complex_systems_challengers,self_exciting_jump,self_exciting_jump,challenger_model_or_regime_detection,all_markets,prices|macro|flows|network,broad_hypothesis_sweep,,COMPLETE,MAPPED_NOT_TESTED,NOT_STARTED,NOT_OPENED,NOT_STARTED,0.0,BLOCKED,Candidate hypothesis only until frozen OOS/lockbox and prospective evidence.,
CUR_STATISTICAL_COMPLEX_SYSTEMS_CHALLENGERS_AGENT_BASED_MARKET,statistical_complex_systems_challengers,agent_based_market,agent_based_market,challenger_model_or_regime_detection,all_markets,prices|macro|flows|network,broad_hypothesis_sweep,,COMPLETE,MAPPED_NOT_TESTED,NOT_STARTED,NOT_OPENED,NOT_STARTED,0.0,BLOCKED,Candidate hypothesis only until frozen OOS/lockbox and prospective evidence.,
CUR_STATISTICAL_COMPLEX_SYSTEMS_CHALLENGERS_ISING_MARKET,statistical_complex_systems_challengers,Ising_market,Ising_market,challenger_model_or_regime_detection,all_markets,prices|macro|flows|network,broad_hypothesis_sweep,,COMPLETE,MAPPED_NOT_TESTED,NOT_STARTED,NOT_OPENED,NOT_STARTED,0.0,BLOCKED,Candidate hypothesis only until frozen OOS/lockbox and prospective evidence.,
CUR_STATISTICAL_COMPLEX_SYSTEMS_CHALLENGERS_PERCOLATION_MARKET,statistical_complex_systems_challengers,percolation_market,percolation_market,challenger_model_or_regime_detection,all_markets,prices|macro|flows|network,broad_hypothesis_sweep,,COMPLETE,MAPPED_NOT_TESTED,NOT_STARTED,NOT_OPENED,NOT_STARTED,0.0,BLOCKED,Candidate hypothesis only until frozen OOS/lockbox and prospective evidence.,
CUR_STATISTICAL_COMPLEX_SYSTEMS_CHALLENGERS_SANDPILE_SOC,statistical_complex_systems_challengers,sandpile_SOC,sandpile_SOC,challenger_model_or_regime_detection,all_markets,prices|macro|flows|network,broad_hypothesis_sweep,,COMPLETE,MAPPED_NOT_TESTED,NOT_STARTED,NOT_OPENED,NOT_STARTED,0.0,BLOCKED,Candidate hypothesis only until frozen OOS/lockbox and prospective evidence.,
CUR_STATISTICAL_COMPLEX_SYSTEMS_CHALLENGERS_RENORMALIZATION_SCALING,statistical_complex_systems_challengers,renormalization_scaling,renormalization_scaling,challenger_model_or_regime_detection,all_markets,prices|macro|flows|network,broad_hypothesis_sweep,,COMPLETE,MAPPED_NOT_TESTED,NOT_STARTED,NOT_OPENED,NOT_STARTED,0.0,BLOCKED,Candidate hypothesis only until frozen OOS/lockbox and prospective evidence.,
CUR_STATISTICAL_COMPLEX_SYSTEMS_CHALLENGERS_WAVELET_COHERENCE,statistical_complex_systems_challengers,wavelet_coherence,wavelet_coherence,challenger_model_or_regime_detection,all_markets,prices|macro|flows|network,broad_hypothesis_sweep,,COMPLETE,MAPPED_NOT_TESTED,NOT_STARTED,NOT_OPENED,NOT_STARTED,0.0,BLOCKED,Candidate hypothesis only until frozen OOS/lockbox and prospective evidence.,
CUR_STATISTICAL_COMPLEX_SYSTEMS_CHALLENGERS_SPECTRAL_CYCLE,statistical_complex_systems_challengers,spectral_cycle,spectral_cycle,challenger_model_or_regime_detection,all_markets,prices|macro|flows|network,broad_hypothesis_sweep,,COMPLETE,MAPPED_NOT_TESTED,NOT_STARTED,NOT_OPENED,NOT_STARTED,0.0,BLOCKED,Candidate hypothesis only until frozen OOS/lockbox and prospective evidence.,
CUR_STATISTICAL_COMPLEX_SYSTEMS_CHALLENGERS_SSA_CYCLE,statistical_complex_systems_challengers,SSA_cycle,SSA_cycle,challenger_model_or_regime_detection,all_markets,prices|macro|flows|network,broad_hypothesis_sweep,,COMPLETE,MAPPED_NOT_TESTED,NOT_STARTED,NOT_OPENED,NOT_STARTED,0.0,BLOCKED,Candidate hypothesis only until frozen OOS/lockbox and prospective evidence.,
CUR_STATISTICAL_COMPLEX_SYSTEMS_CHALLENGERS_FOURIER_CYCLE_PLACEBO,statistical_complex_systems_challengers,Fourier_cycle_placebo,Fourier_cycle_placebo,challenger_model_or_regime_detection,all_markets,prices|macro|flows|network,broad_hypothesis_sweep,,COMPLETE,MAPPED_NOT_TESTED,NOT_STARTED,NOT_OPENED,NOT_STARTED,0.0,BLOCKED,Candidate hypothesis only until frozen OOS/lockbox and prospective evidence.,
CUR_STATISTICAL_COMPLEX_SYSTEMS_CHALLENGERS_ASTROLOGY_CYCLE_PLACEBO,statistical_complex_systems_challengers,astrology_cycle_placebo,astrology_cycle_placebo,challenger_model_or_regime_detection,all_markets,prices|macro|flows|network,broad_hypothesis_sweep,,COMPLETE,MAPPED_NOT_TESTED,NOT_STARTED,NOT_OPENED,NOT_STARTED,0.0,BLOCKED,Candidate hypothesis only until frozen OOS/lockbox and prospective evidence.,
CUR_PORTFOLIO_CONSTRUCTION_RISK_PREMIA_BETTING_AGAINST_BETA,portfolio_construction_risk_premia,betting_against_beta,betting_against_beta,allocation_or_direction,multi_asset|equities,factor returns|prices|costs|capacity,curated_primary_literature,,COMPLETE,MAPPED_NOT_TESTED,NOT_STARTED,NOT_OPENED,NOT_STARTED,0.0,BLOCKED,Candidate hypothesis only until frozen OOS/lockbox and prospective evidence.,
CUR_PORTFOLIO_CONSTRUCTION_RISK_PREMIA_QUALITY_MINUS_JUNK,portfolio_construction_risk_premia,quality_minus_junk,quality_minus_junk,allocation_or_direction,multi_asset|equities,factor returns|prices|costs|capacity,curated_primary_literature,,COMPLETE,MAPPED_NOT_TESTED,NOT_STARTED,NOT_OPENED,NOT_STARTED,0.0,BLOCKED,Candidate hypothesis only until frozen OOS/lockbox and prospective evidence.,
CUR_PORTFOLIO_CONSTRUCTION_RISK_PREMIA_VALUE_EVERYWHERE,portfolio_construction_risk_premia,value_everywhere,value_everywhere,allocation_or_direction,multi_asset|equities,factor returns|prices|costs|capacity,curated_primary_literature,,COMPLETE,MAPPED_NOT_TESTED,NOT_STARTED,NOT_OPENED,NOT_STARTED,0.0,BLOCKED,Candidate hypothesis only until frozen OOS/lockbox and prospective evidence.,
CUR_PORTFOLIO_CONSTRUCTION_RISK_PREMIA_MOMENTUM_EVERYWHERE,portfolio_construction_risk_premia,momentum_everywhere,momentum_everywhere,allocation_or_direction,multi_asset|equities,factor returns|prices|costs|capacity,curated_primary_literature,,COMPLETE,MAPPED_NOT_TESTED,NOT_STARTED,NOT_OPENED,NOT_STARTED,0.0,BLOCKED,Candidate hypothesis only until frozen OOS/lockbox and prospective evidence.,
CUR_PORTFOLIO_CONSTRUCTION_RISK_PREMIA_CARRY_EVERYWHERE,portfolio_construction_risk_premia,carry_everywhere,carry_everywhere,allocation_or_direction,multi_asset|equities,factor returns|prices|costs|capacity,curated_primary_literature,,COMPLETE,MAPPED_NOT_TESTED,NOT_STARTED,NOT_OPENED,NOT_STARTED,0.0,BLOCKED,Candidate hypothesis only until frozen OOS/lockbox and prospective evidence.,
CUR_PORTFOLIO_CONSTRUCTION_RISK_PREMIA_DEFENSIVE_EQUITY,portfolio_construction_risk_premia,defensive_equity,defensive_equity,allocation_or_direction,multi_asset|equities,factor returns|prices|costs|capacity,curated_primary_literature,,COMPLETE,MAPPED_NOT_TESTED,NOT_STARTED,NOT_OPENED,NOT_STARTED,0.0,BLOCKED,Candidate hypothesis only until frozen OOS/lockbox and prospective evidence.,
CUR_PORTFOLIO_CONSTRUCTION_RISK_PREMIA_MINIMUM_VARIANCE,portfolio_construction_risk_premia,minimum_variance,minimum_variance,allocation_or_direction,multi_asset|equities,factor returns|prices|costs|capacity,curated_primary_literature,,COMPLETE,MAPPED_NOT_TESTED,NOT_STARTED,NOT_OPENED,NOT_STARTED,0.0,BLOCKED,Candidate hypothesis only until frozen OOS/lockbox and prospective evidence.,
CUR_PORTFOLIO_CONSTRUCTION_RISK_PREMIA_RISK_PARITY,portfolio_construction_risk_premia,risk_parity,risk_parity,allocation_or_direction,multi_asset|equities,factor returns|prices|costs|capacity,curated_primary_literature,,COMPLETE,MAPPED_NOT_TESTED,NOT_STARTED,NOT_OPENED,NOT_STARTED,0.0,BLOCKED,Candidate hypothesis only until frozen OOS/lockbox and prospective evidence.,
CUR_PORTFOLIO_CONSTRUCTION_RISK_PREMIA_EQUAL_RISK_CONTRIBUTION,portfolio_construction_risk_premia,equal_risk_contribution,equal_risk_contribution,allocation_or_direction,multi_asset|equities,factor returns|prices|costs|capacity,curated_primary_literature,,COMPLETE,MAPPED_NOT_TESTED,NOT_STARTED,NOT_OPENED,NOT_STARTED,0.0,BLOCKED,Candidate hypothesis only until frozen OOS/lockbox and prospective evidence.,
CUR_PORTFOLIO_CONSTRUCTION_RISK_PREMIA_MAXIMUM_DIVERSIFICATION,portfolio_construction_risk_premia,maximum_diversification,maximum_diversification,allocation_or_direction,multi_asset|equities,factor returns|prices|costs|capacity,curated_primary_literature,,COMPLETE,MAPPED_NOT_TESTED,NOT_STARTED,NOT_OPENED,NOT_STARTED,0.0,BLOCKED,Candidate hypothesis only until frozen OOS/lockbox and prospective evidence.,
CUR_PORTFOLIO_CONSTRUCTION_RISK_PREMIA_VOLATILITY_TARGETING,portfolio_construction_risk_premia,volatility_targeting,volatility_targeting,allocation_or_direction,multi_asset|equities,factor returns|prices|costs|capacity,curated_primary_literature,,COMPLETE,MAPPED_NOT_TESTED,NOT_STARTED,NOT_OPENED,NOT_STARTED,0.0,BLOCKED,Candidate hypothesis only until frozen OOS/lockbox and prospective evidence.,
CUR_PORTFOLIO_CONSTRUCTION_RISK_PREMIA_TREND_RISK_CONTROL,portfolio_construction_risk_premia,trend_risk_control,trend_risk_control,allocation_or_direction,multi_asset|equities,factor returns|prices|costs|capacity,curated_primary_literature,,COMPLETE,MAPPED_NOT_TESTED,NOT_STARTED,NOT_OPENED,NOT_STARTED,0.0,BLOCKED,Candidate hypothesis only until frozen OOS/lockbox and prospective evidence.,
CUR_PORTFOLIO_CONSTRUCTION_RISK_PREMIA_FACTOR_TIMING,portfolio_construction_risk_premia,factor_timing,factor_timing,allocation_or_direction,multi_asset|equities,factor returns|prices|costs|capacity,curated_primary_literature,,COMPLETE,MAPPED_NOT_TESTED,NOT_STARTED,NOT_OPENED,NOT_STARTED,0.0,BLOCKED,Candidate hypothesis only until frozen OOS/lockbox and prospective evidence.,
CUR_PORTFOLIO_CONSTRUCTION_RISK_PREMIA_FACTOR_MOMENTUM,portfolio_construction_risk_premia,factor_momentum,factor_momentum,allocation_or_direction,multi_asset|equities,factor returns|prices|costs|capacity,curated_primary_literature,,COMPLETE,MAPPED_NOT_TESTED,NOT_STARTED,NOT_OPENED,NOT_STARTED,0.0,BLOCKED,Candidate hypothesis only until frozen OOS/lockbox and prospective evidence.,
CUR_PORTFOLIO_CONSTRUCTION_RISK_PREMIA_FACTOR_VALUE,portfolio_construction_risk_premia,factor_value,factor_value,allocation_or_direction,multi_asset|equities,factor returns|prices|costs|capacity,curated_primary_literature,,COMPLETE,MAPPED_NOT_TESTED,NOT_STARTED,NOT_OPENED,NOT_STARTED,0.0,BLOCKED,Candidate hypothesis only until frozen OOS/lockbox and prospective evidence.,
CUR_PORTFOLIO_CONSTRUCTION_RISK_PREMIA_FACTOR_CARRY,portfolio_construction_risk_premia,factor_carry,factor_carry,allocation_or_direction,multi_asset|equities,factor returns|prices|costs|capacity,curated_primary_literature,,COMPLETE,MAPPED_NOT_TESTED,NOT_STARTED,NOT_OPENED,NOT_STARTED,0.0,BLOCKED,Candidate hypothesis only until frozen OOS/lockbox and prospective evidence.,
CUR_PORTFOLIO_CONSTRUCTION_RISK_PREMIA_FACTOR_CROWDING,portfolio_construction_risk_premia,factor_crowding,factor_crowding,allocation_or_direction,multi_asset|equities,factor returns|prices|costs|capacity,curated_primary_literature,,COMPLETE,MAPPED_NOT_TESTED,NOT_STARTED,NOT_OPENED,NOT_STARTED,0.0,BLOCKED,Candidate hypothesis only until frozen OOS/lockbox and prospective evidence.,
CUR_PORTFOLIO_CONSTRUCTION_RISK_PREMIA_FACTOR_DISPERSION,portfolio_construction_risk_premia,factor_dispersion,factor_dispersion,allocation_or_direction,multi_asset|equities,factor returns|prices|costs|capacity,curated_primary_literature,,COMPLETE,MAPPED_NOT_TESTED,NOT_STARTED,NOT_OPENED,NOT_STARTED,0.0,BLOCKED,Candidate hypothesis only until frozen OOS/lockbox and prospective evidence.,
CUR_PORTFOLIO_CONSTRUCTION_RISK_PREMIA_FACTOR_CRASH_RISK,portfolio_construction_risk_premia,factor_crash_risk,factor_crash_risk,allocation_or_direction,multi_asset|equities,factor returns|prices|costs|capacity,curated_primary_literature,,COMPLETE,MAPPED_NOT_TESTED,NOT_STARTED,NOT_OPENED,NOT_STARTED,0.0,BLOCKED,Candidate hypothesis only until frozen OOS/lockbox and prospective evidence.,
CUR_PORTFOLIO_CONSTRUCTION_RISK_PREMIA_RESIDUAL_FACTOR,portfolio_construction_risk_premia,residual_factor,residual_factor,allocation_or_direction,multi_asset|equities,factor returns|prices|costs|capacity,curated_primary_literature,,COMPLETE,MAPPED_NOT_TESTED,NOT_STARTED,NOT_OPENED,NOT_STARTED,0.0,BLOCKED,Candidate hypothesis only until frozen OOS/lockbox and prospective evidence.,
CUR_PORTFOLIO_CONSTRUCTION_RISK_PREMIA_INDUSTRY_NEUTRAL_FACTOR,portfolio_construction_risk_premia,industry_neutral_factor,industry_neutral_factor,allocation_or_direction,multi_asset|equities,factor returns|prices|costs|capacity,curated_primary_literature,,COMPLETE,MAPPED_NOT_TESTED,NOT_STARTED,NOT_OPENED,NOT_STARTED,0.0,BLOCKED,Candidate hypothesis only until frozen OOS/lockbox and prospective evidence.,
CUR_PORTFOLIO_CONSTRUCTION_RISK_PREMIA_COUNTRY_NEUTRAL_FACTOR,portfolio_construction_risk_premia,country_neutral_factor,country_neutral_factor,allocation_or_direction,multi_asset|equities,factor returns|prices|costs|capacity,curated_primary_literature,,COMPLETE,MAPPED_NOT_TESTED,NOT_STARTED,NOT_OPENED,NOT_STARTED,0.0,BLOCKED,Candidate hypothesis only until frozen OOS/lockbox and prospective evidence.,
CUR_PORTFOLIO_CONSTRUCTION_RISK_PREMIA_CAPACITY_ADJUSTED_FACTOR,portfolio_construction_risk_premia,capacity_adjusted_factor,capacity_adjusted_factor,allocation_or_direction,multi_asset|equities,factor returns|prices|costs|capacity,curated_primary_literature,,COMPLETE,MAPPED_NOT_TESTED,NOT_STARTED,NOT_OPENED,NOT_STARTED,0.0,BLOCKED,Candidate hypothesis only until frozen OOS/lockbox and prospective evidence.,
CUR_PORTFOLIO_CONSTRUCTION_RISK_PREMIA_LIQUIDITY_ADJUSTED_FACTOR,portfolio_construction_risk_premia,liquidity_adjusted_factor,liquidity_adjusted_factor,allocation_or_direction,multi_asset|equities,factor returns|prices|costs|capacity,curated_primary_literature,,COMPLETE,MAPPED_NOT_TESTED,NOT_STARTED,NOT_OPENED,NOT_STARTED,0.0,BLOCKED,Candidate hypothesis only until frozen OOS/lockbox and prospective evidence.,
CUR_PORTFOLIO_CONSTRUCTION_RISK_PREMIA_TRANSACTION_COST_AWARE_FACTOR,portfolio_construction_risk_premia,transaction_cost_aware_factor,transaction_cost_aware_factor,allocation_or_direction,multi_asset|equities,factor returns|prices|costs|capacity,curated_primary_literature,,COMPLETE,MAPPED_NOT_TESTED,NOT_STARTED,NOT_OPENED,NOT_STARTED,0.0,BLOCKED,Candidate hypothesis only until frozen OOS/lockbox and prospective evidence.,
CUR_PORTFOLIO_CONSTRUCTION_RISK_PREMIA_TAX_AWARE_FACTOR,portfolio_construction_risk_premia,tax_aware_factor,tax_aware_factor,allocation_or_direction,multi_asset|equities,factor returns|prices|costs|capacity,curated_primary_literature,,COMPLETE,MAPPED_NOT_TESTED,NOT_STARTED,NOT_OPENED,NOT_STARTED,0.0,BLOCKED,Candidate hypothesis only until frozen OOS/lockbox and prospective evidence.,
CUR_PORTFOLIO_CONSTRUCTION_RISK_PREMIA_DRAWDOWN_CONTROL,portfolio_construction_risk_premia,drawdown_control,drawdown_control,allocation_or_direction,multi_asset|equities,factor returns|prices|costs|capacity,curated_primary_literature,,COMPLETE,MAPPED_NOT_TESTED,NOT_STARTED,NOT_OPENED,NOT_STARTED,0.0,BLOCKED,Candidate hypothesis only until frozen OOS/lockbox and prospective evidence.,
CUR_PORTFOLIO_CONSTRUCTION_RISK_PREMIA_KELLY_FRACTION,portfolio_construction_risk_premia,Kelly_fraction,Kelly_fraction,allocation_or_direction,multi_asset|equities,factor returns|prices|costs|capacity,curated_primary_literature,,COMPLETE,MAPPED_NOT_TESTED,NOT_STARTED,NOT_OPENED,NOT_STARTED,0.0,BLOCKED,Candidate hypothesis only until frozen OOS/lockbox and prospective evidence.,
CUR_PORTFOLIO_CONSTRUCTION_RISK_PREMIA_CVAR_ALLOCATION,portfolio_construction_risk_premia,CVaR_allocation,CVaR_allocation,allocation_or_direction,multi_asset|equities,factor returns|prices|costs|capacity,curated_primary_literature,,COMPLETE,MAPPED_NOT_TESTED,NOT_STARTED,NOT_OPENED,NOT_STARTED,0.0,BLOCKED,Candidate hypothesis only until frozen OOS/lockbox and prospective evidence.,
CUR_PORTFOLIO_CONSTRUCTION_RISK_PREMIA_ROBUST_OPTIMIZATION,portfolio_construction_risk_premia,robust_optimization,robust_optimization,allocation_or_direction,multi_asset|equities,factor returns|prices|costs|capacity,curated_primary_literature,,COMPLETE,MAPPED_NOT_TESTED,NOT_STARTED,NOT_OPENED,NOT_STARTED,0.0,BLOCKED,Candidate hypothesis only until frozen OOS/lockbox and prospective evidence.,
CUR_PORTFOLIO_CONSTRUCTION_RISK_PREMIA_BLACK_LITTERMAN,portfolio_construction_risk_premia,Black_Litterman,Black_Litterman,allocation_or_direction,multi_asset|equities,factor returns|prices|costs|capacity,curated_primary_literature,,COMPLETE,MAPPED_NOT_TESTED,NOT_STARTED,NOT_OPENED,NOT_STARTED,0.0,BLOCKED,Candidate hypothesis only until frozen OOS/lockbox and prospective evidence.,
CUR_PORTFOLIO_CONSTRUCTION_RISK_PREMIA_HIERARCHICAL_RISK_PARITY,portfolio_construction_risk_premia,hierarchical_risk_parity,hierarchical_risk_parity,allocation_or_direction,multi_asset|equities,factor returns|prices|costs|capacity,curated_primary_literature,,COMPLETE,MAPPED_NOT_TESTED,NOT_STARTED,NOT_OPENED,NOT_STARTED,0.0,BLOCKED,Candidate hypothesis only until frozen OOS/lockbox and prospective evidence.,
CUR_PORTFOLIO_CONSTRUCTION_RISK_PREMIA_NETWORK_DIVERSIFICATION,portfolio_construction_risk_premia,network_diversification,network_diversification,allocation_or_direction,multi_asset|equities,factor returns|prices|costs|capacity,curated_primary_literature,,COMPLETE,MAPPED_NOT_TESTED,NOT_STARTED,NOT_OPENED,NOT_STARTED,0.0,BLOCKED,Candidate hypothesis only until frozen OOS/lockbox and prospective evidence.,
CUR_PORTFOLIO_CONSTRUCTION_RISK_PREMIA_REGIME_CONDITIONAL_ALLOCATION,portfolio_construction_risk_premia,regime_conditional_allocation,regime_conditional_allocation,allocation_or_direction,multi_asset|equities,factor returns|prices|costs|capacity,curated_primary_literature,,COMPLETE,MAPPED_NOT_TESTED,NOT_STARTED,NOT_OPENED,NOT_STARTED,0.0,BLOCKED,Candidate hypothesis only until frozen OOS/lockbox and prospective evidence.,
CUR_PORTFOLIO_CONSTRUCTION_RISK_PREMIA_EQUAL_WEIGHT_BASELINE,portfolio_construction_risk_premia,equal_weight_baseline,equal_weight_baseline,allocation_or_direction,multi_asset|equities,factor returns|prices|costs|capacity,curated_primary_literature,,COMPLETE,MAPPED_NOT_TESTED,NOT_STARTED,NOT_OPENED,NOT_STARTED,0.0,BLOCKED,Candidate hypothesis only until frozen OOS/lockbox and prospective evidence.,
