candidate_id,factor_a,sign_a,factor_b,sign_b,n_validation,n_falsification,validation_mean,validation_nw_t,falsification_mean,falsification_nw_t,winsorized_falsification_mean,winsorized_falsification_nw_t,after_25bps,after_50bps,after_100bps,positive_years,early_2020_2022_mean,late_2023_2024_mean,rolling24_positive_share,drop_best_month_after_25bps,constituent_corr_falsification,pair_t_increment_validation,pair_t_increment_falsification,pair_max_drawdown,best_constituent_max_drawdown,drawdown_increment,passes_strict_robustness
IO_ShortInterest::+1::Price::-1,IO_ShortInterest,1,Price,-1,120,60,0.028875972887300535,5.0085161457449034,0.05841009535856977,2.363081033521547,0.040588575865602584,3.008189044628769,0.05591009535856977,0.053410095358569776,0.04841009535856977,5,0.043943971447944215,0.08010928122450812,1.0,0.03251906386860687,-0.40413499134150804,0.38328875068235924,0.32489638688810984,-0.5797230762959058,-0.7136035160510585,0.13388043975515274,True
IO_ShortInterest::+1::zerotrade1M::+1,IO_ShortInterest,1,zerotrade1M,1,120,60,0.027750344259656248,4.933768876773171,0.05631533368495245,2.2223225612688062,0.04147661930318563,3.096040292392304,0.05381533368495245,0.051315333684952454,0.04631533368495245,5,0.04499143361123921,0.07330118379552229,1.0,0.02955870283194578,-0.38719012399747055,0.3085414817106269,0.184137914635369,-0.5823553804518454,-0.6087104510994198,0.026355070647574363,True
IO_ShortInterest::+1::zerotrade6M::+1,IO_ShortInterest,1,zerotrade6M,1,120,60,0.027120154428410845,4.857995362880465,0.05563628230942617,2.241699995880053,0.04175710510218386,3.1511786408035105,0.053136282309426165,0.05063628230942617,0.045636282309426165,5,0.0453638632483861,0.07104491090098623,1.0,0.02898063928935606,-0.37044950970884216,0.23276796781792086,0.20351534924661596,-0.5830146051440854,-0.6433990440859243,0.06038443894183887,True
IO_ShortInterest::+1::zerotrade12M::+1,IO_ShortInterest,1,zerotrade12M,1,120,60,0.02737926884932469,4.764604239486282,0.05540864717034764,2.2013451397224646,0.0410103680669972,2.998163396608878,0.052908647170347635,0.05040864717034764,0.045408647170347635,5,0.04383182204915828,0.07277388485213164,1.0,0.028742892682414513,-0.3695434033885259,0.13937684442373754,0.16316049308902736,-0.5851868424834181,-0.6449797847841985,0.05979294230078036,True
Mom12mOffSeason::+1::XFIN::+1,Mom12mOffSeason,1,XFIN,1,120,60,0.012242288066801428,4.382057727771625,0.020643266023718347,2.2843919248960454,0.023510050868677634,2.810211183171764,0.01814326602371835,0.015643266023718346,0.010643266023718347,4,0.02430756221136114,0.015146821742254152,1.0,0.0161612068533356,0.39185183241272126,0.9051248212443235,0.18732046837249028,-0.29982729978178024,-0.3617934634050174,0.06196616362323715,True
Mom12mOffSeason::+1::NetPayoutYield::+1,Mom12mOffSeason,1,NetPayoutYield,1,120,60,0.01341883738238315,4.1437933763355455,0.020380598702450913,2.2184722031609145,0.02223764933674769,2.5951327567918425,0.017880598702450914,0.015380598702450912,0.010380598702450913,4,0.024775548615758255,0.013788173832489892,1.0,0.01576335866578581,0.34266464581685524,0.6668604698082441,0.1575887237081628,-0.29372991825392414,-0.3647671097600953,0.07103719150617116,True
ExchSwitch::+1::NetPayoutYield::+1,ExchSwitch,1,NetPayoutYield,1,120,60,0.009131592415816592,4.189720558961377,0.017784436559743537,3.0696293077843912,0.015515772700327553,3.163943466312136,0.015284436559743536,0.012784436559743536,0.007784436559743537,4,0.023270072020411953,0.009555983368740922,1.0,0.01331145107977433,-0.18409777296199487,1.0211806300605897,1.1086699706717065,-0.12325690234526898,-0.2790412512214139,0.1557843488761449,True
FirmAgeMom::+1::XFIN::+1,FirmAgeMom,1,XFIN,1,120,60,0.009132887872965251,4.4455573035478615,0.017598161921600852,2.4685286936355566,0.01617968782074331,2.765891172218889,0.015098161921600852,0.012598161921600851,0.007598161921600852,4,0.02251122297630925,0.01022857033953826,1.0,0.012727112459270707,0.21614882757037565,0.9981151449888537,0.3714572371120015,-0.12364174652320747,-0.28419164423615384,0.16054989771294637,True
FirmAgeMom::+1::NetPayoutYield::+1,FirmAgeMom,1,NetPayoutYield,1,120,60,0.010309437188546978,4.320956750544215,0.01733549460033341,2.405933860445472,0.015421429082980324,2.6410207355737043,0.014835494600333411,0.01233549460033341,0.007335494600333411,4,0.022979209380706363,0.008869922429774002,1.0,0.012166053247861033,0.21485986033832494,0.8735145919852072,0.4449745233327871,-0.12641898461383105,-0.28419164423615384,0.1577726596223228,True
NetPayoutYield::+1::STreversal::+1,NetPayoutYield,1,STreversal,1,120,60,0.007275847285620918,3.6895227365518135,0.01727149569316152,4.526030834103845,0.015097357865960375,3.876574795411017,0.014771495693161519,0.012271495693161518,0.007271495693161519,5,0.01702014714260917,0.01764851851899006,1.0,0.012825440121062761,-0.44753493429861874,0.5209828076510261,2.5650714969911603,-0.1185924667744428,-0.24370173468835687,0.12510926791391408,True
RIO_Volatility::+1::roaq::+1,RIO_Volatility,1,roaq,1,120,60,0.009732112770698726,4.177985075896381,0.017041000618661272,2.8684663070538376,0.015786190008789006,2.927441633753885,0.014541000618661272,0.012041000618661271,0.007041000618661272,4,0.0187641091213022,0.014456337864699867,1.0,0.013128644641178916,-0.22995358629558232,0.5752574398232677,0.3387004982922406,-0.11636255473172297,-0.12849324057888156,0.012130685847158595,True
AssetGrowth::+1::NetPayoutYield::+1,AssetGrowth,1,NetPayoutYield,1,120,60,0.007018000710409462,3.7680596038786978,0.01683182690342729,2.6484302814061773,0.01374376335526825,2.8105128766475582,0.014331826903427288,0.011831826903427288,0.006831826903427289,4,0.021661243983800375,0.00958770128286767,1.0,0.012722357976977856,-0.2220648313094591,0.5995196749779104,0.6874709442934925,-0.1310606021456111,-0.19051869273206856,0.05945809058645746,True
DelEqu::+1::NetPayoutYield::+1,DelEqu,1,NetPayoutYield,1,120,60,0.00603114390926586,3.6803451360756947,0.016176036472474266,2.455337243087057,0.012941087442743785,2.493133277316243,0.013676036472474265,0.011176036472474265,0.006176036472474266,4,0.020711086984476955,0.009373460704470222,1.0,0.012119846495020004,-0.18082139266538844,0.5118052071749073,0.49437790597437203,-0.17953704855553376,-0.19492412555707672,0.01538707700154296,True
REV6::+1::XFIN::+1,REV6,1,XFIN,1,120,60,0.007163479233531548,5.229732529608291,0.01600154881413023,2.385493962905853,0.015369995909421917,2.834054265369739,0.013501548814130229,0.011001548814130228,0.006001548814130229,4,0.017788318909352795,0.013321393671296394,1.0,0.012131870252780827,0.09011233969725285,1.849944503983565,0.28842250638229805,-0.22363887953970318,-0.22600479745198376,0.0023659179122805796,True
NetPayoutYield::+1::REV6::+1,NetPayoutYield,1,REV6,1,120,60,0.008340028549113275,4.668048868713082,0.015738881492862795,2.3324473167152213,0.012748805450649362,2.40117002939876,0.013238881492862795,0.010738881492862794,0.005738881492862795,4,0.0182563053137499,0.011962745761532135,1.0,0.011570811041371153,0.00862863715106652,1.4995089398122943,0.37148797960253654,-0.21846672534525557,-0.22600479745198376,0.007538072106728189,True
AccrualsBM::+1::Mom12m::+1,AccrualsBM,1,Mom12m,1,120,60,0.007997194692083542,4.425529377820687,0.015480695765309598,2.0719450724933517,0.011200654881849853,2.0375943659673075,0.012980695765309597,0.010480695765309599,0.005480695765309598,4,0.017211701792172903,0.012884186725014637,1.0,0.011016919223550421,-0.41021965078342904,0.7902691331052676,0.49742882332094185,-0.2167759340483869,-0.3942749921188745,0.1774990580704876,True
AgeIPO::+1::XFIN::+1,AgeIPO,1,XFIN,1,120,60,0.010125130760759616,4.004893185053525,0.014995211869645492,2.357680933607907,0.014551982150566262,2.4880821302210308,0.012495211869645492,0.009995211869645491,0.004995211869645492,4,0.0049012527777484525,0.03013615050749105,1.0,0.011196977292723086,-0.39761781724566886,0.6251051594287995,0.2606094770843521,-0.20271096792946752,-0.3617934634050174,0.15908249547554987,True
AgeIPO::+1::NetPayoutYield::+1,AgeIPO,1,NetPayoutYield,1,120,60,0.011301680076341343,4.171486532828529,0.014732544548378057,2.3305660215177597,0.013793144936775519,2.3306270806626235,0.012232544548378056,0.009732544548378057,0.0047325445483780565,4,0.005369239182145562,0.02877750259772679,1.0,0.010799129105173296,-0.38743974082657073,0.9289117088794971,0.36960668440507494,-0.20923096536899655,-0.3647671097600953,0.15553614439109875,True
FirmAgeMom::+1::cfp::+1,FirmAgeMom,1,cfp,1,120,60,0.0076494702689792774,4.599836077975166,0.014601692716460161,2.0142041711488443,0.013563691549611435,2.4333429208090225,0.012101692716460161,0.00960169271646016,0.004601692716460161,4,0.02069543937541967,0.005461072728020894,1.0,0.009716504551273349,0.22825153125325737,1.1523939194161579,0.5434591760115028,-0.14143851043666444,-0.28419164423615384,0.1427531337994894,True
Mom12mOffSeason::+1::STreversal::+1,Mom12mOffSeason,1,STreversal,1,120,60,0.009185158638134018,3.8473887276592076,0.014393533413515784,4.2485023139349405,0.013730081143830588,4.28148811025988,0.011893533413515784,0.009393533413515783,0.004393533413515784,5,0.018523886001846304,0.008198004531019992,1.0,0.01030165946831626,-0.6765547016813414,0.3704558211319062,2.1876188344821887,-0.07933431428214799,-0.24370173468835687,0.1643674204062089,True
ExchSwitch::+1::Mom12m::+1,ExchSwitch,1,Mom12m,1,120,60,0.009565162602129496,4.645968548799877,0.01435736732736542,2.9804562419853307,0.016496973355687637,3.8744168989625987,0.01185736732736542,0.009357367327365421,0.00435736732736542,4,0.016449662636061554,0.011218924364321215,1.0,0.01057036732325062,-0.31540322944798277,1.0107083040844582,1.2256693387661561,-0.14927852808084296,-0.2790412512214139,0.1297627231405709,True
Mom12m::+1::STreversal::+1,Mom12m,1,STreversal,1,120,60,0.0077094174719338215,4.02815542531887,0.013844426460783404,2.8311714506176298,0.014712917086375399,3.2144401804708553,0.011344426460783404,0.008844426460783403,0.0038444264607834042,5,0.010199737758258767,0.01931145951457035,1.0,0.010165384675919547,-0.6791219018625552,0.39289518060345063,1.4320651406719058,-0.1720840193577382,-0.24370173468835687,0.07161771533061867,True
RIO_Volatility::+1::ShareIss5Y::+1,RIO_Volatility,1,ShareIss5Y,1,120,60,0.00977687287554733,4.265236520580295,0.01381232337196186,2.8235574293586305,0.01310708144966572,2.7956407863625428,0.01131232337196186,0.008812323371961861,0.00381232337196186,4,0.015204412224661531,0.011724190092912359,1.0,0.009797384345282165,-0.08758129714274966,0.6625088845071816,0.29379162059703345,-0.11506580071647299,-0.12849324057888156,0.013427439862408574,True
ExchSwitch::+1::ShareIss1Y::+1,ExchSwitch,1,ShareIss1Y,1,120,60,0.0074952207583995605,4.18298965883597,0.0138122796267792,2.8599360499223603,0.0114626735248344,3.1456494704119664,0.0113122796267792,0.0088122796267792,0.0038122796267791997,5,0.020767433781096932,0.0033795483953026084,1.0,0.009500991715703407,-0.15744895387965244,0.8029972329790733,1.1051491467031858,-0.0878950398625431,-0.2790412512214139,0.19114621135887078,True
OrderBacklogChg::+1::RIO_Volatility::+1,OrderBacklogChg,1,RIO_Volatility,1,120,60,0.007469992751556007,3.8523447100538095,0.013405139585351255,4.460025003711157,0.012299854710991466,4.433036491381459,0.010905139585351255,0.008405139585351256,0.003405139585351255,5,0.01134156307087154,0.016500504357070827,1.0,0.009734867672534274,-0.10167947196422535,0.249617073980696,1.9302591949495596,-0.07323766570409407,-0.12849324057888156,0.055255574874787494,True
ExchSwitch::+1::RIO_Volatility::+1,ExchSwitch,1,RIO_Volatility,1,120,60,0.009121628146773924,4.322443097554482,0.013382699404850434,2.678576331096132,0.01200572429100286,2.751656393337309,0.010882699404850434,0.008382699404850435,0.003382699404850434,4,0.0218851968778201,0.000628953195395944,1.0,0.008948605830377737,0.11800386966080488,0.7197154614813681,0.14881052233453484,-0.10838288594031553,-0.12849324057888156,0.02011035463856603,True
MomOffSeason06YrPlus::+1::XFIN::+1,MomOffSeason06YrPlus,1,XFIN,1,120,60,0.007357634167010951,4.138559220707717,0.013238821456744005,2.4961021151638234,0.012338396952365377,2.463957820825066,0.010738821456744005,0.008238821456744004,0.003238821456744005,4,0.015955774835016215,0.00916339138933569,1.0,0.009640228896282677,-0.2508345344008756,0.758771195082991,0.3990306586402683,-0.09242368901833997,-0.3324094310756598,0.23998574205731982,True
ExchSwitch::+1::NetEquityFinance::+1,ExchSwitch,1,NetEquityFinance,1,120,60,0.008132898862160749,4.34324271055338,0.013170720390434616,2.576896777068447,0.011506098307135447,3.0224621129910645,0.010670720390434615,0.008170720390434615,0.0031707203904346153,4,0.016837529036087817,0.007670507421954818,1.0,0.008896870593907575,-0.14390463755380015,1.035203466610052,0.8221098738492725,-0.1348695128574653,-0.2790412512214139,0.1441717383639486,True
IndRetBig::+1::XFIN::+1,IndRetBig,1,XFIN,1,120,60,0.007554393463612992,4.38825092204966,0.013019413285922406,2.3449291769888303,0.013583373698799547,2.932116502524888,0.010519413285922406,0.008019413285922407,0.003019413285922406,4,0.011433674444190425,0.015398021548520378,1.0,0.009407410298074468,-0.06078374460139728,1.008462896424934,0.2478577204652752,-0.13697742199902174,-0.20020555933170836,0.06322813733268662,True
MomOffSeason06YrPlus::+1::NetPayoutYield::+1,MomOffSeason06YrPlus,1,NetPayoutYield,1,120,60,0.008534183482592677,3.4546365932826673,0.01297615413547657,2.2998841237012435,0.011494968213395473,2.2762051982645604,0.010476154135476569,0.00797615413547657,0.002976154135476569,4,0.016423761239413328,0.0078047434795714314,1.0,0.009317338448341367,-0.3504815305911291,0.28609666438187986,0.33892478658855874,-0.11473795651780183,-0.3324094310756598,0.21767147455785796,True
AgeIPO::+1::roaq::+1,AgeIPO,1,roaq,1,120,60,0.009534231086212689,3.7947732839848403,0.012916721339835773,2.245484421299549,0.013022365013560931,2.3528701936137937,0.010416721339835773,0.007916721339835772,0.002916721339835773,4,0.0022464136895185057,0.02892218281531168,1.0,0.009131601151467706,-0.41124818764858917,0.5521984600358087,0.43974421468971725,-0.21575055236133744,-0.4166215913699822,0.20087103900864478,True
NetPayoutYield::+1::TotalAccruals::+1,NetPayoutYield,1,TotalAccruals,1,120,60,0.0055469346896955245,3.426811893761102,0.012787198615509117,2.8870152330429573,0.010748206299938093,2.8595431432284584,0.010287198615509117,0.007787198615509117,0.002787198615509117,4,0.01568198845763321,0.008445013852322969,1.0,0.009143450121782361,-0.6180263988623294,0.25827196486031445,0.9260558959302725,-0.12808607529945715,-0.32291261273186234,0.1948265374324052,True
IndRetBig::+1::NetPayoutYield::+1,IndRetBig,1,NetPayoutYield,1,120,60,0.00873094277919472,4.114940374184355,0.012756745964654969,2.2670464045594456,0.01288367659686752,2.6605969305306636,0.010256745964654968,0.0077567459646549685,0.0027567459646549684,4,0.011901660848587537,0.014039373638756117,1.0,0.008947382394311776,-0.1174742686304223,0.9464004452835679,0.30608706744676084,-0.13356077890021234,-0.20020555933170836,0.06664478043149602,True
ExchSwitch::+1::ShareIss5Y::+1,ExchSwitch,1,ShareIss5Y,1,120,60,0.007408903530536539,4.369397016134162,0.012739936104501854,3.4906259170756475,0.011522788679761262,4.200364365104934,0.010239936104501853,0.0077399361045018536,0.0027399361045018535,5,0.016587549631144227,0.006968515814538297,1.0,0.008546337746833894,-0.17039056319421444,1.118382738675273,1.735839013856473,-0.07373468713760056,-0.2790412512214139,0.20530656408381331,True
NetPayoutYield::+1::fgr5yrLag::-1,NetPayoutYield,1,fgr5yrLag,-1,120,60,0.0054320031181423235,3.49727710769802,0.012715395309948476,2.4744248600572454,0.008070310731910238,2.1072988326129054,0.010215395309948475,0.007715395309948476,0.0027153953099484755,4,0.010187106884188482,0.016507827948588464,1.0,0.008817605522670982,-0.4147999164840728,0.3287371787972324,0.5134655229445606,-0.14544330109646963,-0.2847972872616592,0.13935398616518957,True
NetEquityFinance::+1::STreversal::+1,NetEquityFinance,1,STreversal,1,120,60,0.006277153731965074,3.4844520745183916,0.012657779523852601,3.617461103468227,0.01182703265671131,4.139017649510308,0.0101577795238526,0.007657779523852601,0.002657779523852601,5,0.010587604158285026,0.015763042572203952,1.0,0.008578679180539405,-0.5159564609766348,0.17641283057506385,2.218354793522503,-0.1097833855286311,-0.24370173468835687,0.13391834915972578,True
RIO_Volatility::+1::ShortInterest::+1,RIO_Volatility,1,ShortInterest,1,120,60,0.01022496609372802,5.58101523345137,0.012347592612500274,3.27979301253047,0.01237847718305408,3.8966352386128675,0.009847592612500273,0.007347592612500274,0.0023475926125002735,5,0.015648863331436693,0.007395686534095644,1.0,0.008732428708041662,-0.15530344284377576,0.6659018547655595,0.7500272037688731,-0.09528060118815751,-0.12849324057888156,0.03321263939072405,True
FirmAgeMom::+1::ShareIss5Y::+1,FirmAgeMom,1,ShareIss5Y,1,120,60,0.008586748303266922,4.261434487244074,0.012290994145091733,2.257356658889963,0.011006159345017237,2.3934052370002514,0.009790994145091733,0.007290994145091733,0.002290994145091733,5,0.016296686991438637,0.0062824548755713765,1.0,0.007565061591298786,0.12690245719738324,0.8139923286850661,0.6093789723424246,-0.09253704331533075,-0.28419164423615384,0.1916546009208231,True
ChEQ::+1::ShareIss5Y::+1,ChEQ,1,ShareIss5Y,1,120,60,0.004375868387694303,4.245235925978439,0.012276231253503916,3.075440803089374,0.009039879466616586,3.675207818623895,0.009776231253503916,0.007276231253503916,0.002276231253503916,4,0.014819823060344097,0.008460843543243635,1.0,0.00850298539091347,-0.3716708940477861,0.9942216485195501,0.8554719448868653,-0.07657582476162239,-0.15337417977904044,0.07679835501741805,True
AssetGrowth::+1::NetEquityFinance::+1,AssetGrowth,1,NetEquityFinance,1,120,60,0.006019307156753617,3.745946999894668,0.012218110734118366,2.097002922025488,0.009806552404513091,2.2220569661463845,0.009718110734118365,0.007218110734118366,0.0022181107341183656,4,0.015228700999476229,0.00770222533608157,1.0,0.008196732407779645,-0.25930959421303923,0.43790775595134024,0.2823108303028832,-0.14794919338388723,-0.19051869273206856,0.04256949934818133,True
MomOffSeason16YrPlus::+1::NetPayoutYield::+1,MomOffSeason16YrPlus,1,NetPayoutYield,1,120,60,0.00707227950388874,3.468530845656104,0.01200030764194336,2.3985740502101804,0.011226562480086322,2.630562027641596,0.009500307641943359,0.0070003076419433595,0.0020003076419433594,4,0.011951901121589037,0.012072917422474851,1.0,0.008072358162536875,-0.32915623280241085,0.29999091675531675,0.43761471309749567,-0.1766531130448563,-0.26896971247600643,0.09231659943115011,True
AgeIPO::+1::Mom12mOffSeason::+1,AgeIPO,1,Mom12mOffSeason,1,120,60,0.013210991428854447,5.199815117717392,0.011854582268732317,2.911705104693838,0.01082278430815269,2.6445467354089036,0.009354582268732316,0.0068545822687323165,0.0018545822687323164,4,0.006872978041382708,0.019326988609756724,1.0,0.007778041092496265,-0.5249707200578531,1.722882211190091,0.8508216252410863,-0.13925539366273842,-0.3721013160203742,0.2328459223576358,True
AssetGrowth::+1::ShareIss5Y::+1,AssetGrowth,1,ShareIss5Y,1,120,60,0.005295311825129408,4.003787248275009,0.011787326448185607,2.8296970796696286,0.008268002350592146,3.4607681480876056,0.009287326448185607,0.006787326448185607,0.0017873264481856072,4,0.014978721594532646,0.007000233728665047,1.0,0.00812136632041561,-0.30869684888668464,0.7527729708161206,1.0150049879470235,-0.06346352147178236,-0.19051869273206856,0.1270551712602862,True
AgeIPO::+1::Mom6m::+1,AgeIPO,1,Mom6m,1,120,60,0.009019201937159238,4.1118514843277,0.011381687378345799,2.19836038982133,0.009588229259812921,2.1668654180041305,0.008881687378345798,0.006381687378345799,0.0013816873783457986,4,0.003370824128274399,0.023397982253452895,1.0,0.006967799984510562,-0.4278505065053967,0.8692766603786688,0.3173316612246593,-0.13328305550187936,-0.31631717940857196,0.1830341239066926,True
REV6::+1::RIO_Volatility::+1,REV6,1,RIO_Volatility,1,120,60,0.008330064280070607,4.0707068102969055,0.011337144337969693,3.0878291595369336,0.011409539604638903,3.1854836458933904,0.008837144337969692,0.0063371443379696924,0.0013371443379696923,5,0.01687143017115805,0.003035715588187158,1.0,0.007694774228629747,0.04614478402289889,0.467979174223792,0.5580633507753365,-0.08910149138351042,-0.12849324057888156,0.03939174919537114,True
NetPayoutYield::+1::tang::+1,NetPayoutYield,1,tang,1,120,60,0.005196206882242991,3.298201177930785,0.01120865535644862,2.886246244601119,0.010668915968705459,3.0510110854401633,0.00870865535644862,0.00620865535644862,0.00120865535644862,4,0.008851721447137119,0.014744056220415871,1.0,0.007580997983217572,-0.7809065942780575,0.12966124902999754,0.925286907488434,-0.11332032425899241,-0.3647671097600953,0.2514467855011029,True
RIO_MB::+1::XFIN::+1,RIO_MB,1,XFIN,1,120,60,0.0058299828062566734,3.827148110966731,0.011188081603367438,2.1279404063142917,0.011191383120365293,2.6562413598401795,0.008688081603367438,0.006188081603367438,0.0011880816033674382,4,0.012216667687332091,0.009645202477420463,1.0,0.007416289549236756,-0.290361209451393,0.4473600853420052,0.03086894979073662,-0.10731824495148923,-0.2956117583427653,0.1882935133912761,True
IntanEP::+1::Mom12mOffSeason::+1,IntanEP,1,Mom12mOffSeason,1,120,60,0.008544163175060184,4.126761950072469,0.011175343004759647,2.1268202263462417,0.012550419653941556,2.6634985894617174,0.008675343004759646,0.0061753430047596465,0.0011753430047596464,4,0.017793206995037374,0.0012485470193430625,1.0,0.007228400747605454,-0.369480027421181,0.6498290435451675,0.06593674689348994,-0.17875120996000804,-0.19774541911856958,0.018994209158561537,True
DelEqu::+1::ShareIss5Y::+1,DelEqu,1,ShareIss5Y,1,120,60,0.004308455023985806,4.332393355702906,0.011131536017232577,2.6996054853525573,0.00877984687860075,3.3658096379609224,0.008631536017232577,0.006131536017232577,0.0011315360172325772,4,0.01402856459520923,0.0067859931502675976,1.0,0.007421499435468893,-0.36510476723610535,1.0813790782440171,1.0516277988050187,-0.09535279490648896,-0.19492412555707672,0.09957133065058776,True
SurpriseRD::+1::XFIN::+1,SurpriseRD,1,XFIN,1,120,60,0.004665561874747231,4.261153094026976,0.011083743655696882,2.5349911313141473,0.010644813520792959,2.632202521637685,0.008583743655696882,0.006083743655696882,0.001083743655696882,4,0.010425035189619007,0.012071806354813691,1.0,0.007737838399294292,-0.753739664324173,0.8813650684022498,0.43791967479059224,-0.128930380215867,-0.29443816772559483,0.16550778750972783,True
NetPayoutYield::+1::RIO_MB::+1,NetPayoutYield,1,RIO_MB,1,120,60,0.007006532121838399,3.370233999088687,0.010925414282100004,2.016987145045291,0.009467537486817399,2.066320634219626,0.008425414282100004,0.005925414282100004,0.0009254142821000042,4,0.012684654091729204,0.008286554567656203,1.0,0.006961040725274896,-0.31199808347758373,0.20169407018789975,0.05602780793260642,-0.15677656669946072,-0.2956117583427653,0.1388351916433046,True
FR::-1::ShareIss5Y::+1,FR,-1,ShareIss5Y,1,120,60,0.0044735703611477875,4.011916487709692,0.010867099037792092,3.0337132037396977,0.00946596126569324,3.630853110910584,0.008367099037792092,0.005867099037792092,0.000867099037792092,5,0.011053400145235561,0.010587647376626888,1.0,0.007415098630818547,-0.4771561586403412,0.7609022102508027,1.385735517192159,-0.11065041074825488,-0.21660414479291867,0.1059537340446638,True
NetPayoutYield::+1::SurpriseRD::+1,NetPayoutYield,1,SurpriseRD,1,120,60,0.005842111190328955,3.6058145148797967,0.010821076334429445,2.367936018947512,0.008737718699355851,2.1727531382963545,0.008321076334429444,0.005821076334429445,0.0008210763344294447,4,0.01089302159401612,0.010713158445049433,1.0,0.007205902713620368,-0.7482919984643391,0.43727458597900926,0.40697668183482705,-0.13237753333269864,-0.29443816772559483,0.1620606343928962,True
AgeIPO::+1::ShareIss1Y::+1,AgeIPO,1,ShareIss1Y,1,120,60,0.009665308418924313,4.213038407362222,0.010760387615413713,2.0845091304704155,0.010765716131602956,2.4500809681714615,0.008260387615413712,0.005760387615413713,0.0007603876154137126,4,0.0028666009428305384,0.02260106762428848,1.0,0.0069863105925407325,-0.4824367723099359,0.8330459815053257,0.5506896979336386,-0.20994624671205275,-0.3744590646532229,0.16451281794117012,True
InvGrowth::+1::RIO_Volatility::+1,InvGrowth,1,RIO_Volatility,1,120,60,0.0069237522655138505,3.930441516746997,0.010618502348807717,2.9116541749114164,0.010200445473656556,3.1978360480628742,0.008118502348807717,0.005618502348807717,0.000618502348807717,4,0.015945030446063827,0.0026287102029235545,1.0,0.006979478505018505,-0.023104035629286764,0.3277138806738833,0.38188836614981936,-0.10167063784645713,-0.12372281096018611,0.02205217311372898,True
BPEBM::+1::XFIN::+1,BPEBM,1,XFIN,1,120,60,0.004814118765574451,4.283467138663321,0.010602128957262447,2.331747839568539,0.010059624069348344,2.454756354355404,0.008102128957262447,0.005602128957262447,0.0006021289572624468,4,0.009019865267780987,0.01297552449148464,1.0,0.007248995063241569,-0.7371725426801575,0.9036791130385948,0.23467638304498406,-0.14104442915258264,-0.30663277300419733,0.1655883438516147,True
OrderBacklog::-1::RIO_Volatility::+1,OrderBacklog,-1,RIO_Volatility,1,120,60,0.005239413461615333,3.720189209272721,0.01056389588632523,2.7528981965856216,0.009477103952947288,2.6893373254996877,0.00806389588632523,0.00556389588632523,0.0005638958863252302,5,0.010746900922907492,0.010289388331451838,1.0,0.007073206682754414,-0.04524090076092401,0.11746157319960737,0.22313238782402456,-0.06426379405077587,-0.11729369066315776,0.05302989661238189,True
GP::+1::RIO_Disp::+1,GP,1,RIO_Disp,1,120,60,0.0054969786768815886,3.2272383074649786,0.010267901794549148,4.162785513402788,0.009040088249058878,4.682088729733453,0.007767901794549148,0.005267901794549148,0.0002679017945491479,5,0.010130959107188186,0.010473315825590593,1.0,0.006659550982077151,-0.327299020341249,0.38782968825670894,1.8580520776735243,-0.09465947854927192,-0.12076620385009429,0.026106725300822364,True
NOA::+1::XFIN::+1,NOA,1,XFIN,1,120,60,0.006010508964623779,3.8340980297777274,0.010163751721986986,2.9645525851299883,0.010137260237123151,3.2999785002805764,0.007663751721986986,0.005163751721986986,0.000163751721986986,4,0.011823211154542029,0.007674562573154416,1.0,0.00675326469709157,-0.6673658552444395,0.4543100041530015,0.8674811286064332,-0.09593109774374498,-0.3617934634050174,0.2658623656612724,True
ChTax::+1::RIO_Volatility::+1,ChTax,1,RIO_Volatility,1,120,60,0.007545489923956078,4.091433758832592,0.010150604631902338,3.601228926776546,0.009966472323803661,3.5938042047698193,0.007650604631902338,0.005150604631902338,0.0001506046319023381,5,0.01283492352193672,0.006124126296850767,1.0,0.006193986148149849,0.05072132347296951,0.4887061227594782,1.071463118014949,-0.05696777289340116,-0.12849324057888156,0.0715254676854804,True
DebtIssuance::+1::NetPayoutYield::+1,DebtIssuance,1,NetPayoutYield,1,120,60,0.005971571927099293,3.37769351462407,0.010039800907157575,2.3397991158176494,0.009051840621156677,2.2484418426253003,0.007539800907157574,0.005039800907157574,3.980090715757431e-05,4,0.010149169582129084,0.009875747894700316,1.0,0.006566871532525394,-0.7709887294395585,0.20915358572328246,0.37883977870496466,-0.14387614797600534,-0.3647671097600953,0.22089096178408996,True
IO_ShortInterest::+1::MomVol::+1,IO_ShortInterest,1,MomVol,1,120,60,0.026320577263400993,4.246470420355015,0.08190052960336433,2.976915270631051,0.06120945786129739,4.391657969379579,0.07940052960336433,0.07690052960336433,0.07190052960336434,5,0.07587807659766432,0.09093420911191431,1.0,0.05181968261195061,0.09504467877644997,-0.378756974707529,-1.8294400167856741,-0.4873709946101503,-0.24850027777777806,-0.23887071683237227,False
IO_ShortInterest::+1::OScore::+1,IO_ShortInterest,1,OScore,1,120,60,0.027276218622157077,4.296903802422548,0.07236560184262035,2.5681890117651083,0.05178530064506939,3.5369160214435245,0.06986560184262035,0.06736560184262035,0.06236560184262035,5,0.05374363826425163,0.10029854721017344,1.0,0.04494896747593496,-0.08578746608343334,-0.3283235926399959,-0.3852754202062676,-0.534794927659203,-0.2673415444971853,-0.2674533831620177,False
IO_ShortInterest::+1::XFIN::+1,IO_ShortInterest,1,XFIN,1,120,60,0.029240004798890336,5.250816467616215,0.07020891441945863,2.5936613589053246,0.05135753148360576,3.8364754997558923,0.06770891441945863,0.06520891441945863,0.06020891441945863,5,0.058159736430212626,0.08828268140332758,1.0,0.04286006948639636,-0.2427942960754839,0.6255890725536704,0.4965899023817695,-0.5445435788705684,-0.3617934634050174,-0.18275011546555098,False
IO_ShortInterest::+1::NetPayoutYield::+1,IO_ShortInterest,1,NetPayoutYield,1,120,60,0.030416554114472066,5.415919647669676,0.06994624709819117,2.521744569007851,0.047150754053362325,3.6197168615732145,0.06744624709819116,0.06494624709819116,0.059946247098191165,5,0.05862772283460974,0.08692403349356331,1.0,0.04241747212933844,-0.21196796019381123,0.7906922526071316,0.4835599223744138,-0.5296396411126045,-0.3647671097600953,-0.16487253135250923,False
IO_ShortInterest::+1::roaq::+1,IO_ShortInterest,1,roaq,1,120,60,0.028649105124343408,5.034115216659335,0.0681304238896489,2.613352972832401,0.0482535170851991,3.6368923058433853,0.0656304238896489,0.0631304238896489,0.058130423889648904,5,0.05550489734198269,0.0870687137111482,1.0,0.04097490418198497,-0.2627984426079936,0.4088878215967906,0.575168326198964,-0.5458269735422111,-0.4166215913699822,-0.12920538217222888,False
IO_ShortInterest::+1::SP::+1,IO_ShortInterest,1,SP,1,120,60,0.02636811411370318,5.020160126222026,0.06790249811488924,2.2612725715884516,0.042421659859944075,3.3556417893238977,0.06540249811488924,0.06290249811488924,0.05790249811488924,5,0.060591381962547444,0.07886917234340197,1.0,0.03906936427543272,0.08324243263444525,0.39493273115948213,0.2230879249550144,-0.5266571423594115,-0.23188336869851744,-0.2947737736608941,False
IO_ShortInterest::+1::cfp::+1,IO_ShortInterest,1,cfp,1,120,60,0.027756587194904363,5.076946300740163,0.06721244521431792,2.3943296093337256,0.04426503129692031,3.5318802212974907,0.06471244521431792,0.06221244521431792,0.05721244521431792,5,0.056343952829323064,0.08351518379181021,1.0,0.03979669969105837,-0.23210836469441157,0.45171890567761874,0.3561449627002884,-0.5351383401556187,-0.4003546389705578,-0.1347837011850609,False
IO_ShortInterest::+1::Mom12mOffSeason::+1,IO_ShortInterest,1,Mom12mOffSeason,1,120,60,0.03232586546698516,5.685592155709456,0.06706828481854545,2.529338340932545,0.05104868561905998,3.5612743450325386,0.06456828481854544,0.06206828481854545,0.057068284818545444,5,0.0601314616938469,0.07747351950559325,1.0,0.03775276090719477,-0.043108595785587754,1.0603647606469115,0.4684548614797932,-0.4946924511875771,-0.3721013160203742,-0.12259113516720288,False
IO_ShortInterest::+1::Mom6m::+1,IO_ShortInterest,1,Mom6m,1,120,60,0.028134075975289958,4.879980771825481,0.06659538992815892,2.435654790132504,0.04797623443437534,3.2895579622324878,0.06409538992815891,0.06159538992815892,0.056595389928158914,5,0.05662930778073859,0.08154451314928941,1.0,0.03877639306835037,-0.271681009005938,0.2547533767629364,0.3974701434990666,-0.5139415995582735,-0.31631717940857196,-0.1976244201497015,False
IO_ShortInterest::+1::Mom12m::+1,IO_ShortInterest,1,Mom12m,1,120,60,0.03085012430078497,5.301348646610506,0.06651917786581305,2.5916108564845506,0.04896891070556597,3.328487816122907,0.06401917786581304,0.06151917786581305,0.05651917786581304,5,0.05180731345025934,0.08858697448914361,1.0,0.0383545867876472,-0.11753611114869607,0.6761212515479622,0.5534262098511133,-0.5197018982359123,-0.5058994668951793,-0.013802431340733001,False
EarnSupBig::+1::IO_ShortInterest::+1,EarnSupBig,1,IO_ShortInterest,1,120,60,0.02477537775017602,4.51872438751278,0.0663655475582796,2.354630447035382,0.043424172070009266,3.338871016272688,0.0638655475582796,0.0613655475582796,0.0563655475582796,5,0.056850681331536666,0.08063784689839401,1.0,0.036649487548851674,0.27153737922134386,-0.10650300754976438,-1.168786142850089,-0.5667401710311704,-0.11003796414435207,-0.4567022068868183,False
IO_ShortInterest::+1::ShareIss1Y::+1,IO_ShortInterest,1,ShareIss1Y,1,120,60,0.028780182457055034,5.255286726663363,0.06597409016522683,2.4470271414541096,0.044598661371790714,3.5265130260884323,0.06347409016522683,0.060974090165226834,0.05597409016522683,5,0.05612508459529472,0.080747598520125,1.0,0.03875482947208537,-0.2910419212921425,0.630059331600819,0.40884249482067236,-0.5539917845984044,-0.3744590646532229,-0.1795327199451815,False
IO_ShortInterest::+1::RDIPO::+1,IO_ShortInterest,1,RDIPO,1,120,60,0.02520983194584542,4.446409586650737,0.06576908359768302,2.259373279827777,0.0393090556356167,2.8969348578900216,0.06326908359768302,0.06076908359768302,0.05576908359768302,5,0.05531293976860964,0.08145329934129307,1.0,0.037144290776964475,-0.02884723992002959,-0.17881780841180728,-1.3335898442355578,-0.5376573332579271,-0.18144660470390428,-0.3562107285540228,False
GP::+1::IO_ShortInterest::+1,GP,1,IO_ShortInterest,1,120,60,0.026906165431227938,5.198228826816924,0.06572863608437021,2.4510850277299774,0.041919477274484154,3.190003452166905,0.06322863608437021,0.060728636084370215,0.05572863608437021,5,0.05324556646995804,0.08445324050598844,1.0,0.03829802539211303,-0.29096158151608237,0.5730014317543795,0.14635159200071346,-0.5540361819029476,-0.32953630914272924,-0.22449987276021832,False
IO_ShortInterest::+1::MomOffSeason::+1,IO_ShortInterest,1,MomOffSeason,1,120,60,0.021701003730236274,3.9119049775649906,0.06568477606948932,2.106721889038066,0.03488133307811466,2.8573486097069956,0.06318477606948932,0.06068477606948932,0.055684776069489315,5,0.05955953759183081,0.07487263378597706,0.972972972972973,0.0347293047509932,0.400317442275205,-0.7133224174975537,0.06853724240462888,-0.5443292918351663,-0.2969474168618548,-0.24738187497331154,False
AccrualsBM::+1::IO_ShortInterest::+1,AccrualsBM,1,IO_ShortInterest,1,120,60,0.026470652590372654,4.844269210949157,0.06559545111378225,2.295668025593855,0.03518160651741486,3.069117623515211,0.06309545111378224,0.06059545111378225,0.055595451113782245,5,0.059388024254611954,0.07490659140253769,1.0,0.036975178426158405,-0.11347076023234387,0.2190418158866132,0.25748337896041784,-0.4991503076814413,-0.3942749921188745,-0.1048753155625668,False
BM::+1::IO_ShortInterest::+1,BM,1,IO_ShortInterest,1,120,60,0.021016331766134287,3.791384770426391,0.06556658304238816,2.165051941303079,0.030610169462133022,2.5446864784188508,0.06306658304238816,0.06056658304238816,0.05556658304238816,5,0.05927303124745368,0.07500691073478988,1.0,0.036489098231561046,0.08862504683083487,-0.8338426246361532,0.12686729466964186,-0.5190604122578841,-0.16612619073394508,-0.35293422152393905,False
IO_ShortInterest::+1::RIO_Volatility::+1,IO_ShortInterest,1,RIO_Volatility,1,120,60,0.030406589845429398,6.392435206037017,0.06554450994329808,2.1933872032865906,0.04182866250796744,3.187285639119083,0.06304450994329808,0.06054450994329808,0.05554450994329808,5,0.0572428476920179,0.07799700332021835,1.0,0.035591288146255465,0.504596847151284,1.7672078109744724,-0.3363786054750064,-0.5625761915098271,-0.12849324057888156,-0.4340829509309455,False
IO_ShortInterest::+1::Mom6mJunk::+1,IO_ShortInterest,1,Mom6mJunk,1,120,60,0.02652784983952285,4.708634789851376,0.06539807517837103,2.2063597352162634,0.042880215010309405,3.1622267857061757,0.06289807517837102,0.06039807517837103,0.055398075178371024,5,0.05941702388730773,0.074369652114966,1.0,0.033527981592161964,0.3693825983836082,0.08340739478883208,0.16817508858282615,-0.4922593992224682,-0.2646795210764801,-0.22757987814598812,False
IO_ShortInterest::+1::NetEquityFinance::+1,IO_ShortInterest,1,NetEquityFinance,1,120,60,0.02941786056081622,5.347434655948322,0.06533253092888226,2.4230164284952758,0.045461294330943376,3.412471111608807,0.06283253092888226,0.060332530928882265,0.05533253092888226,5,0.05219517985028561,0.08503855754677721,1.0,0.03832038944391693,-0.3017218922037866,0.7222072608857779,0.38483178186183853,-0.5525644283042814,-0.49555370972244683,-0.057010718581834596,False
FEPS::+1::IO_ShortInterest::+1,FEPS,1,IO_ShortInterest,1,120,60,0.026395357556440593,4.449932338453835,0.06502909020195753,2.4063711469214133,0.04639434189941073,3.3418989586789047,0.06252909020195753,0.060029090201957534,0.05502909020195753,5,0.05455484836419401,0.08074045295860283,1.0,0.0367990730739821,-0.034256804835631226,-0.17529505660870903,0.36818650028797606,-0.5463474739563787,-0.31468623924353933,-0.2316612347128394,False
IO_ShortInterest::+1::ShareIss5Y::+1,IO_ShortInterest,1,ShareIss5Y,1,120,60,0.028693865229192015,5.273479790768067,0.0649017466429495,2.410976259514221,0.042689582654267554,3.352539109236799,0.06240174664294949,0.0599017466429495,0.054901746642949494,5,0.051945200445342024,0.08433656593936072,1.0,0.03752437479064104,-0.2745110332884968,0.6482523957055228,0.3727916128807838,-0.5526266936441812,-0.3581377279449851,-0.19448896569919605,False
IO_ShortInterest::+1::MomRev::+1,IO_ShortInterest,1,MomRev,1,120,60,0.024231722448052294,4.55756956695331,0.06465773366655721,2.071316909464488,0.0409861942952265,3.0158226566016415,0.062157733666557205,0.05965773366655721,0.054657733666557205,5,0.06507208543585213,0.06403620601261488,1.0,0.03389453056010433,0.24628962033737833,-0.06765782810923415,0.03313226283105086,-0.5298283416299328,-0.5318764809173873,0.002048139287454509,False
IO_ShortInterest::+1::OrderBacklogChg::+1,IO_ShortInterest,1,OrderBacklogChg,1,120,60,0.026386985105200687,4.793937801849514,0.0644945628563389,2.2808381602337118,0.04631120892471803,3.294157629091166,0.06199456285633889,0.059494562856338896,0.05449456285633889,4,0.04808235129155203,0.08911288020351915,0.9459459459459459,0.036114661846260214,-0.0343550726516646,0.16871040678696936,0.23846387593452034,-0.5731595947356167,-0.16270689900190738,-0.41045269573370935,False
ExchSwitch::+1::IO_ShortInterest::+1,ExchSwitch,1,IO_ShortInterest,1,120,60,0.028038620500418603,4.767801311680552,0.06447212267583806,2.1750566823539703,0.04054847720519756,2.998097236683474,0.06197212267583806,0.05947212267583806,0.05447212267583806,5,0.05862598509850056,0.07324132904184427,1.0,0.035010982817294166,0.10497043258827479,0.14257391661800778,0.13687203572053308,-0.5497984348837813,-0.2790412512214139,-0.27075718366236745,False
FirmAgeMom::+1::IO_ShortInterest::+1,FirmAgeMom,1,IO_ShortInterest,1,120,60,0.029216465273148993,5.454149932938034,0.06402318071642794,2.2648922295917435,0.043850006360948816,3.240352656222954,0.06152318071642794,0.059023180716427946,0.05402318071642794,5,0.058335122458795005,0.07255526810287735,1.0,0.0350622817720565,0.03977092418160082,0.8289225378754894,0.2267075829583063,-0.5483031617733948,-0.28419164423615384,-0.26411151753724094,False
ChEQ::+1::IO_ShortInterest::+1,ChEQ,1,IO_ShortInterest,1,120,60,0.025005585357576368,4.69886611105338,0.06400841782484011,2.1462659438940417,0.0376721931826602,3.0074839740252637,0.06150841782484011,0.05900841782484011,0.05400841782484011,5,0.05685825852770046,0.07473365677054962,1.0,0.03401104378555952,0.41224173636138006,0.07363871599083538,-0.0737029143084671,-0.5446650026023134,-0.15337417977904044,-0.391290822823273,False
DivOmit::+1::IO_ShortInterest::+1,DivOmit,1,IO_ShortInterest,1,120,60,0.029500936649380124,4.206547161014743,0.06396424213442571,2.1784353820108877,0.03970725660772925,2.7232137525035087,0.06146424213442571,0.058964242134425714,0.05396424213442571,4,0.05086947751360004,0.08360638906566421,0.8918918918918919,0.03479448949914896,-0.12089150897644775,-0.41868023404780086,0.14025073537745048,-0.5807861733592562,-0.2652493169781539,-0.3155368563811023,False
IO_ShortInterest::+1::STreversal::+1,IO_ShortInterest,1,STreversal,1,120,60,0.026182875370222933,4.565263007654909,0.06395918180925604,2.147384696354211,0.031159826858162945,2.4726311434499695,0.06145918180925604,0.058959181809256044,0.05395918180925604,4,0.0523760602206978,0.08133386419209342,0.9459459459459459,0.03486658125055314,0.1697841602410279,-0.05996438740763477,0.10920004972077368,-0.6151422587321943,-0.24370173468835687,-0.37144052404383743,False
IO_ShortInterest::+1::IntMom::+1,IO_ShortInterest,1,IntMom,1,120,60,0.027915543177983244,4.6064593733958565,0.06393311988155576,2.4492798538184313,0.0431437611823533,2.8246790406636033,0.06143311988155575,0.05893311988155576,0.053933119881555754,5,0.04784032230980795,0.08807231623917748,0.972972972972973,0.034768150622371194,0.041781936149190665,-0.018768021666687673,0.41109520718499404,-0.5757038424272902,-0.5448259689631824,-0.030877873464107863,False
EarningsStreak::+1::IO_ShortInterest::+1,EarningsStreak,1,IO_ShortInterest,1,120,60,0.026672282930977596,5.072388913937905,0.06369277466221236,2.278938658290665,0.03889159598193567,3.115390280693166,0.06119277466221236,0.058692774662212364,0.05369277466221236,5,0.0534633666883884,0.07903688662294828,1.0,0.035188529131347075,-0.05947472835574826,0.4471615188753608,-0.3683193590690581,-0.5460351461485412,-0.09272648657973837,-0.45330865956880284,False
AssetGrowth::+1::IO_ShortInterest::+1,AssetGrowth,1,IO_ShortInterest,1,120,60,0.02592502879501147,4.7433648403828625,0.06351951301952183,2.150351290037823,0.03820591862980014,3.0898157842252965,0.061019513019521826,0.05851951301952183,0.053519513019521826,5,0.05701715706188902,0.07327304695597102,1.0,0.033296561653470565,0.3811640972248522,0.11813744532031834,0.11216664340438598,-0.5643489414492382,-0.19051869273206856,-0.37383024871716963,False
IO_ShortInterest::+1::ShortInterest::+1,IO_ShortInterest,1,ShortInterest,1,120,60,0.029141958447372704,5.377041789514037,0.06343701588348791,2.307313347640574,0.04564625913869376,3.341876346072959,0.060937015883487905,0.05843701588348791,0.053437015883487905,5,0.052389651552117195,0.08000806238054399,1.0,0.035509260283973026,-0.22181685331897416,0.4619284108282269,0.2691287010071366,-0.5499831426033911,-0.2661638891763044,-0.2838192534270867,False
IO_ShortInterest::+1::sfe::+1,IO_ShortInterest,1,sfe,1,120,60,0.026436976408715493,4.30463612103727,0.06334074799389852,2.2557928579006146,0.043072841405529784,3.106343002180112,0.06084074799389852,0.058340747993898524,0.05334074799389852,5,0.05315272018886301,0.07862278970145183,1.0,0.03627223242317365,-0.22981355769967532,-0.3205912740252739,0.21760821126717733,-0.5460905729543555,-0.47805178001023685,-0.06803879294411863,False
IO_ShortInterest::+1::Leverage::+1,IO_ShortInterest,1,Leverage,1,120,60,0.024787423724081346,4.790831188026368,0.06325086403222764,2.124537769942628,0.03945404443826595,3.163041880150657,0.06075086403222764,0.058250864032227644,0.05325086403222764,5,0.05647709476478952,0.07341151793338484,1.0,0.034520381193907046,0.032578851778422326,0.16560379296382344,0.08635312330919076,-0.5421280173638423,-0.3131002843015712,-0.2290277330622711,False
BMdec::+1::IO_ShortInterest::+1,BMdec,1,IO_ShortInterest,1,120,60,0.023871495440018382,4.4935807204817175,0.06319292078612003,2.153336215387465,0.03652565113291161,2.812067121258874,0.06069292078612003,0.05819292078612003,0.05319292078612003,5,0.05374489318746535,0.07736496218410206,1.0,0.03405281303437984,0.1694575842990554,-0.13164667458082668,0.11515156875402788,-0.5338327271879502,-0.12849022793960285,-0.4053424992483473,False
AM::+1::IO_ShortInterest::+1,AM,1,IO_ShortInterest,1,120,60,0.024618573670075923,4.719103396795352,0.06312995887726115,2.1224171779984884,0.03722487437409112,2.9709433054698255,0.06062995887726115,0.058129958877261155,0.05312995887726115,5,0.0559847460078631,0.07384777818135825,1.0,0.03436978863183864,0.06723552426301052,0.09387600173280752,0.08423253136505116,-0.5395919088049475,-0.31606294962866965,-0.2235289591762778,False
IO_ShortInterest::+1::Spinoff::-1,IO_ShortInterest,1,Spinoff,-1,120,60,0.023758150179408515,4.54438721887711,0.06308184815367679,2.255387765885878,0.03942148435275836,2.98873201729479,0.06058184815367679,0.05808184815367679,0.05308184815367679,5,0.05190698723893574,0.0798441395257884,1.0,0.03436067072287438,-0.044699480018413014,-0.08084017618543449,0.21720311925244085,-0.5556294007711595,-0.18723441679865716,-0.36839498397250237,False
IO_ShortInterest::+1::PriceDelayRsq::-1,IO_ShortInterest,1,PriceDelayRsq,-1,120,56,0.025148071875178077,4.420740845698391,0.06303653114675355,2.1740940653283096,0.03631004687759012,2.62697632493028,0.060536531146753544,0.05803653114675355,0.053036531146753545,5,0.04556670593837196,0.09448221652184038,1.0,0.03424441922502527,-0.4367855686478731,-0.20448654936415345,0.22071191755430575,-0.5575358568579822,-0.36684637566082845,-0.1906894811971538,False
IO_ShortInterest::+1::NetDebtPrice::-1,IO_ShortInterest,1,NetDebtPrice,-1,120,60,0.022166772366346968,4.1336880520032215,0.06300241024473124,2.185277097724877,0.035405100991350476,2.9849558704512513,0.06050241024473124,0.058002410244731246,0.05300241024473124,5,0.05613513307621719,0.07330332599750232,1.0,0.03517939869373264,-0.20002548006236837,-0.4915393430593227,0.14709245109143998,-0.5265726727841125,-0.27263849046782496,-0.2539341823162875,False
IO_ShortInterest::+1::ResidualMomentum::+1,IO_ShortInterest,1,ResidualMomentum,1,120,60,0.024963200419184036,4.6187998079701975,0.06298731261925915,2.1510728877779375,0.038743436851881426,2.8795992617928055,0.060487312619259145,0.05798731261925915,0.052987312619259146,5,0.0537911219513406,0.07678159862113697,0.9459459459459459,0.03324036089425595,0.2580345335219214,-0.006427587092346698,-0.807116413401781,-0.5550450274037066,-0.10603358367343452,-0.44901144373027213,False
IO_ShortInterest::+1::PayoutYield::+1,IO_ShortInterest,1,PayoutYield,1,120,60,0.02278064151040137,4.281495319685249,0.06297527316479784,2.0810082220786743,0.034640548484741004,2.7122184231467448,0.06047527316479784,0.05797527316479784,0.05297527316479784,5,0.05567339261041774,0.07392809399636799,1.0,0.03246093620303397,0.44046568560740273,-0.3437320753772948,0.04282357544523707,-0.536684169804052,-0.12720577787908305,-0.40947839192496893,False
DelEqu::+1::IO_ShortInterest::+1,DelEqu,1,IO_ShortInterest,1,120,60,0.024938171993867875,4.638731869127502,0.06286372258856879,2.104258574144999,0.03674255855604354,2.973904630360015,0.060363722588568786,0.05786372258856879,0.052863722588568786,5,0.0560670000625656,0.07305880637757357,1.0,0.03271162024959423,0.4272611903329938,0.013504474064958139,0.0660739275115616,-0.5505197662320425,-0.19492412555707672,-0.35559564067496574,False
BetaTailRisk::+1::IO_ShortInterest::+1,BetaTailRisk,1,IO_ShortInterest,1,120,60,0.02384111361709214,4.235568190497028,0.06283824344931023,2.115094807415531,0.033907163974708755,2.636040254161643,0.06033824344931023,0.05783824344931023,0.05283824344931023,5,0.051106210394158365,0.08043629303203799,0.9459459459459459,0.03460513173357956,0.0009768329686418884,-0.3896592045655165,-0.367248598651714,-0.5754874218703341,-0.12622569556584373,-0.44926172630449035,False
Herf::-1::IO_ShortInterest::+1,Herf,-1,IO_ShortInterest,1,120,60,0.025027332881232493,4.489689423341631,0.06266245448438386,2.2421561483333763,0.03943809568770562,3.0902405638883663,0.06016245448438386,0.05766245448438386,0.05266245448438386,5,0.051274283891421614,0.07974471037382723,1.0,0.03451006334795606,-0.17368357281832927,-0.13553797172091286,0.20397150169993905,-0.5523918516364583,-0.2313224094862899,-0.3210694421501684,False
IO_ShortInterest::+1::betaVIX::+1,IO_ShortInterest,1,betaVIX,1,120,60,0.023084414568198555,4.140338205899158,0.06257735878735064,2.157792367249733,0.03741862749517488,2.7102767845139226,0.06007735878735064,0.057577358787350645,0.05257735878735064,5,0.05230909552373141,0.07797975368277944,0.9459459459459459,0.03412458996783858,-0.0549347420693519,-0.4848891891633862,0.11960772061629577,-0.6093474703692914,-0.1909471079277576,-0.4184003624415338,False
IO_ShortInterest::+1::REV6::+1,IO_ShortInterest,1,REV6,1,120,60,0.027247056633715287,5.048272753269722,0.062426567608957324,2.299890199112498,0.04230307198874445,3.2326645946133254,0.05992656760895732,0.05742656760895733,0.05242656760895732,5,0.05361221839183854,0.0756480914346355,1.0,0.03375715121554617,-0.09277909292219687,0.4230453582071778,0.2617055524790608,-0.5315790550360726,-0.22600479745198376,-0.30557425758408885,False
DelBreadth::+1::IO_ShortInterest::+1,DelBreadth,1,IO_ShortInterest,1,120,60,0.02541693770684504,4.715141671355734,0.06239621573805806,2.270427768638545,0.041654832696339454,3.031664513433697,0.059896215738058055,0.05739621573805806,0.052396215738058055,5,0.05239324819622505,0.07740066705080756,0.918918918918919,0.03373939229439064,-0.15330179360900126,0.08991427629318949,0.23224312200510777,-0.535836809585198,-0.2122879768231154,-0.32354883276208257,False
Coskewness::+1::IO_ShortInterest::+1,Coskewness,1,IO_ShortInterest,1,120,60,0.024513442604178124,4.499608415779375,0.06237051522317993,2.1209933654008184,0.037553140415166365,2.8242647538373435,0.059870515223179925,0.05737051522317993,0.052370515223179925,5,0.050144934877317554,0.08070888574197348,0.9459459459459459,0.03404730811715254,-0.145528720448394,-0.12561897928316945,-0.11183903004391471,-0.5753244761423864,-0.09240411439920004,-0.4829203617431863,False
IO_ShortInterest::+1::PriceDelaySlope::-1,IO_ShortInterest,1,PriceDelaySlope,-1,120,56,0.02473973098659305,4.372886788751637,0.06218244174725052,2.0300589436828043,0.0326684259212857,2.3475838977152876,0.05968244174725052,0.057182441747250526,0.05218244174725052,4,0.04712374001103209,0.08928810487244368,0.9393939393939394,0.03218875062273997,-0.2065364791468353,-0.2523406063109075,0.07667679590880039,-0.5535593522347939,-0.1491901784378714,-0.4043691737969225,False
CashProd::+1::IO_ShortInterest::+1,CashProd,1,IO_ShortInterest,1,120,60,0.024270623840786813,4.62764262100291,0.0621368516182573,2.1161383474755784,0.033909973619104875,2.78629994545555,0.0596368516182573,0.0571368516182573,0.0521368516182573,5,0.05341106082199017,0.07522553781265802,1.0,0.03356086175417001,0.03667678735613446,0.002415225940366028,0.07795370084214115,-0.5392972021504574,-0.2030775863512948,-0.3362196157991626,False
IO_ShortInterest::+1::RD::-1,IO_ShortInterest,1,RD,-1,120,60,0.023776458009477107,4.252365433561183,0.062107283593627154,2.2352023241274632,0.037515298984767145,2.9575593410994636,0.05960728359362715,0.057107283593627156,0.05210728359362715,5,0.049060872242689096,0.08167690062003423,1.0,0.03441273723867926,-0.17016274163872935,-0.3728619615013615,0.197017677494026,-0.5611498331676832,-0.3810399336924556,-0.1801098994752276,False
HerfBE::-1::IO_ShortInterest::+1,HerfBE,-1,IO_ShortInterest,1,120,60,0.02501895623211626,4.531231874674865,0.062104428428515455,2.212271191676138,0.03729793249989368,3.017116886437988,0.05960442842851545,0.05710442842851546,0.052104428428515454,5,0.051151937121409946,0.07853316538917371,1.0,0.0336738225183476,-0.10002411425747443,-0.09399552038767922,0.1740865450427007,-0.5490064818450915,-0.1617940885415845,-0.387212393303507,False
IO_ShortInterest::+1::PriceDelayTstat::-1,IO_ShortInterest,1,PriceDelayTstat,-1,120,56,0.024745031452529678,4.375311272763173,0.0620469592082805,2.0299836326480367,0.03267590843132234,2.3514453519470675,0.0595469592082805,0.057046959208280505,0.0520469592082805,4,0.04699876906081895,0.08913370147371133,0.9393939393939394,0.032038375014976174,-0.195622801210188,-0.24991612229937132,0.07660148487403284,-0.5538102055140789,-0.14801538456456498,-0.4057948209495139,False
Cash::-1::IO_ShortInterest::+1,Cash,-1,IO_ShortInterest,1,120,60,0.024017327369357466,4.296306825631938,0.062022789777318704,2.219091736083301,0.03958337445540495,3.1555509753756144,0.0595227897773187,0.05702278977731871,0.0520227897773187,5,0.05485744612597445,0.07277080525433507,1.0,0.03399331418930181,-0.12693812951155653,-0.3289205694306059,0.1809070894498639,-0.5452070055251883,-0.393607611047056,-0.1515993944781323,False
IO_ShortInterest::+1::PctTotAcc::+1,IO_ShortInterest,1,PctTotAcc,1,120,60,0.025307582013047274,4.977574230260955,0.06202016321261715,2.1434801599455917,0.03822362617743475,3.1031883601390353,0.05952016321261715,0.05702016321261715,0.05202016321261715,5,0.05360231401415978,0.07464693701030321,0.972972972972973,0.032598780829256026,0.3442613765112045,0.3523468351984107,0.10529551331215448,-0.5493670002529728,-0.1296887484741076,-0.4196782517788652,False
IO_ShortInterest::+1::OperProfRD::+1,IO_ShortInterest,1,OperProfRD,1,120,60,0.028829278116313934,5.0835218054886235,0.06191375662424839,2.273891726737955,0.03993969949549102,2.804524851269473,0.05941375662424839,0.05691375662424839,0.05191375662424839,4,0.04807826133623374,0.08266699955627037,1.0,0.033607377406660685,-0.17285513249870357,0.4582944104260793,0.2357070801045178,-0.5446878986321121,-0.3511156802316264,-0.19357221840048566,False
BookLeverage::-1::IO_ShortInterest::+1,BookLeverage,-1,IO_ShortInterest,1,120,60,0.025804043842881007,5.011365327439345,0.061861516372174484,2.1862037974997888,0.04059907495924672,3.2139329741035048,0.05936151637217448,0.056861516372174487,0.05186151637217448,5,0.05133347145093921,0.07765358375402738,1.0,0.0339657440739266,-0.2422767695409756,0.3861379323768004,0.14801915086635153,-0.5478016867045206,-0.3077749488941952,-0.24002673781032535,False
IO_ShortInterest::+1::sinAlgo::-1,IO_ShortInterest,1,sinAlgo,-1,120,60,0.02350883560377543,4.370091514172293,0.06177023875016019,2.2301753613387842,0.039190537825773065,2.8348705433835564,0.05927023875016019,0.05677023875016019,0.05177023875016019,5,0.04687869813744157,0.08410754966923811,0.918918918918919,0.0322383591942024,0.2707312508106487,-0.2551358808902515,0.191990714705347,-0.5572562477391325,-0.2837860255575534,-0.2734702221815791,False
IO_ShortInterest::+1::InvGrowth::+1,IO_ShortInterest,1,InvGrowth,1,120,60,0.02584074461915853,4.920537559317855,0.06170792561979535,2.1459961872626945,0.037807400994796736,2.837518471990944,0.05920792561979535,0.05670792561979535,0.05170792561979535,5,0.052685818666744315,0.0752410860493719,0.9459459459459459,0.03304185549193494,-0.05019386610784681,0.2953101642553104,-0.019899377806680274,-0.5476325832691646,-0.12372281096018611,-0.4239097723089785,False
IO_ShortInterest::+1::IndIPO::+1,IO_ShortInterest,1,IndIPO,1,120,60,0.02575412742924086,4.634175294062563,0.06170420703921529,2.1271236559894557,0.03874208112440146,2.8587662488933003,0.059204207039215286,0.05670420703921529,0.051704207039215286,5,0.050909749750251754,0.07789589297266059,0.9459459459459459,0.0327694645162796,0.15814859160778724,0.008947899000018467,0.0889390093560185,-0.538052729234862,-0.1233822558593729,-0.4146704733754891,False
HerfAsset::-1::IO_ShortInterest::+1,HerfAsset,-1,IO_ShortInterest,1,120,60,0.025305866502726624,4.550083663160078,0.06165991055598348,2.2251780830105043,0.03758536693843422,3.0338540941471104,0.05915991055598348,0.05665991055598348,0.05165991055598348,5,0.05022915850773943,0.07880603862834952,1.0,0.0336680539891972,-0.2328103527287313,-0.07514373190246637,0.1869934363770671,-0.5526189443377105,-0.23562259576106515,-0.3169963485766454,False
IO_ShortInterest::+1::OrderBacklog::-1,IO_ShortInterest,1,OrderBacklog,-1,120,60,0.024156405815260018,4.353009387454287,0.061653319157312855,2.1005083798111084,0.03825690071838873,2.7038842702199553,0.05915331915731285,0.05665331915731286,0.05165331915731285,4,0.04748768914358799,0.08290176417790017,0.8918918918918919,0.033135583669670836,-0.14042232131696764,-0.27221800760825765,0.06232373317767115,-0.5999128454553838,-0.11729369066315776,-0.48261915479222606,False
IO_ShortInterest::+1::OperProf::+1,IO_ShortInterest,1,OperProf,1,120,60,0.026070895576741256,4.974362389606891,0.06162746094874627,2.210545863934306,0.03915110900605744,3.128420477618676,0.05912746094874627,0.056627460948746274,0.05162746094874627,5,0.0515485863649297,0.07674577282447109,1.0,0.033532215152825076,-0.15257097203089712,0.3491349945443467,0.17236121730086884,-0.5550269801300751,-0.20883476108138066,-0.34619221904869446,False
IO_ShortInterest::+1::RIO_Turnover::+1,IO_ShortInterest,1,RIO_Turnover,1,120,60,0.02801275863714681,5.477376240357418,0.06161818168665011,2.1017114689858767,0.03877374160788383,2.8335734403690838,0.05911818168665011,0.056618181686650115,0.05161818168665011,5,0.052102618546211545,0.07589152639730794,0.9459459459459459,0.03182398075588089,0.5561075461926657,0.8521488452948738,0.06352682235243945,-0.5692456104037834,-0.11422904831598801,-0.4550165620877954,False
AnalystValue::+1::IO_ShortInterest::+1,AnalystValue,1,IO_ShortInterest,1,120,60,0.0252895424906898,4.428383843689036,0.06155850640822861,2.231546091082172,0.04006742135651706,3.27558837779219,0.05905850640822861,0.05655850640822861,0.05155850640822861,5,0.05203098009291292,0.07584979588120212,1.0,0.03366173316021848,-0.06951596114350435,-0.19684355137350806,0.1933614444487346,-0.5695387468863652,-0.34522505197447273,-0.22431369491189246,False
IO_ShortInterest::+1::hire::+1,IO_ShortInterest,1,hire,1,120,60,0.025380944545863832,4.60583322181439,0.0615322228567531,2.079820815615956,0.03713025365024027,2.908980299059772,0.059032222856753094,0.0565322228567531,0.051532222856753095,5,0.053687938358897576,0.0732986496035364,0.9459459459459459,0.032160551281943256,0.20401879278887863,-0.019394173248154623,0.04163616898251865,-0.5511514792717662,-0.11540187888427711,-0.4357496003874891,False
IO_ShortInterest::+1::PS::-1,IO_ShortInterest,1,PS,-1,120,60,0.021899790613203005,3.293396752255141,0.06142197217294559,2.03648564040819,0.030755080003333272,2.31879387558774,0.058921972172945584,0.05642197217294559,0.051421972172945585,5,0.05173619184495162,0.07595064266493655,0.972972972972973,0.03178060176741344,0.13748643166225055,-1.3318306428074034,-0.0016990062252473237,-0.5649948590328764,-0.398837719506805,-0.16615713952607136,False
IO_ShortInterest::+1::grcapx::+1,IO_ShortInterest,1,grcapx,1,120,60,0.025076983458716437,4.756959891538417,0.06142039573649797,2.0905050740421145,0.03606233908900764,2.78872742907918,0.05892039573649797,0.05642039573649797,0.05142039573649797,5,0.05153117183278447,0.07625423159206825,0.9459459459459459,0.03214638059542117,0.22218318058002667,0.13173249647587237,-0.29221463107157764,-0.5576918074132824,-0.07187514701842235,-0.48581666039486004,False
IO_ShortInterest::+1::IntanCFP::+1,IO_ShortInterest,1,IntanCFP,1,120,60,0.025126987884342266,4.784983159300924,0.061416731460332406,2.0517195268101633,0.034202223451544014,2.7772531085278915,0.058916731460332404,0.05641673146033241,0.051416731460332404,5,0.05343317357144074,0.07339206829366988,0.972972972972973,0.03310510487678096,-0.020423301962326137,0.15975576423837978,0.013534880176726105,-0.5441335748875632,-0.18240423711376108,-0.3617293377738021,False
IO_ShortInterest::+1::ShareRepurchase::+1,IO_ShortInterest,1,ShareRepurchase,1,120,60,0.026558318775999606,4.946008276012684,0.061335358309305,2.209836732292803,0.03765388637205048,3.0025393398605154,0.058835358309304996,0.056335358309305,0.051335358309304996,5,0.049664538759837534,0.07884158763350617,1.0,0.03345385202166579,-0.30609320739006085,0.32078088095013957,0.17165208565936574,-0.554318817379474,-0.24154135171613456,-0.3127774656633394,False
EntMult::+1::IO_ShortInterest::+1,EntMult,1,IO_ShortInterest,1,120,60,0.024958436424170484,4.689698166266658,0.06124243257650876,2.0132862410326786,0.03351969293871225,2.6295325865464694,0.058742432576508755,0.05624243257650876,0.051242432576508755,5,0.05401234522910645,0.07208756359761223,0.972972972972973,0.03168345474015174,0.2034213511141743,0.06447077120411393,-0.024898405600758622,-0.5307027856564137,-0.224811863093354,-0.3058909225630597,False
ChTax::+1::IO_ShortInterest::+1,ChTax,1,IO_ShortInterest,1,120,60,0.02646248227760076,4.955018285142039,0.06124002790288996,2.227678614957329,0.037937634679766484,2.9252985014784594,0.05874002790288996,0.05624002790288996,0.05124002790288996,5,0.049575711742617205,0.0787365021432991,0.9459459459459459,0.032256363135066274,0.14007006039026365,0.3297908900794946,0.18949396832389187,-0.5461898537233949,-0.1681627194147931,-0.3780271343086018,False
IO_ShortInterest::+1::RIO_Disp::+1,IO_ShortInterest,1,RIO_Disp,1,120,60,0.02791439544472773,5.432243703047317,0.06117319892446464,2.0493396981641254,0.035670458179086914,2.7469235578133695,0.05867319892446464,0.056173198924464644,0.05117319892446464,4,0.0508690285499285,0.07662945448626883,0.9459459459459459,0.03171884950583039,0.5121190140429793,0.8070163079847728,0.011155051530688187,-0.5881793535629898,-0.12076620385009429,-0.4674131497128955,False
IO_ShortInterest::+1::VolumeTrend::+1,IO_ShortInterest,1,VolumeTrend,1,120,60,0.027039969280370234,5.0382852009104,0.06115885170964324,2.2051411668042156,0.03879241584940115,3.081505983202667,0.05865885170964324,0.05615885170964324,0.05115885170964324,5,0.05033741666115044,0.07739100428238244,1.0,0.032943317523264626,-0.2826014259578823,-0.0011295436768810063,0.16695652017077833,-0.5533762670673825,-0.17644365893092429,-0.37693260813645824,False
EBM::+1::IO_ShortInterest::+1,EBM,1,IO_ShortInterest,1,120,60,0.025316149983140877,5.045247956733657,0.061067386563328045,2.064671393610862,0.03415924592443917,2.6670776953061743,0.05856738656332804,0.05606738656332805,0.05106738656332804,4,0.05003371506380152,0.07761789381261784,0.9459459459459459,0.03175230445648684,0.5041120617103597,0.42002056167111235,0.02648674697742459,-0.5753122943976406,-0.05533675590017395,-0.5199755384974667,False
IO_ShortInterest::+1::TrendFactor::+1,IO_ShortInterest,1,TrendFactor,1,120,60,0.024629877655081407,4.265716283440822,0.06104786365516272,2.1388414545591723,0.03327727671392677,2.827057621547719,0.058547863655162714,0.05604786365516272,0.051047863655162715,5,0.05283156789308732,0.07337230729827582,0.9459459459459459,0.032142363565421175,0.006300554559872822,-0.359511111621722,0.10065680792573506,-0.5640777310437046,-0.21146596876712798,-0.35261176227657665,False
DelCOA::+1::IO_ShortInterest::+1,DelCOA,1,IO_ShortInterest,1,120,60,0.02524699162112508,4.66120726069784,0.06104641387496059,2.1320344164712512,0.03629101932101971,2.8879707265199537,0.05854641387496059,0.05604641387496059,0.05104641387496059,5,0.053072800963497896,0.07300683324215461,0.9459459459459459,0.03207618093162884,0.09427246639349876,0.03597986563529609,0.09384976983781401,-0.5479158997331239,-0.14760703489207583,-0.4003088648410481,False
BidAskSpread::-1::IO_ShortInterest::+1,BidAskSpread,-1,IO_ShortInterest,1,120,60,0.027007436209135847,4.405979626177108,0.06096686219024875,2.536616422235165,0.043971498694749894,3.231704870051777,0.05846686219024875,0.05596686219024875,0.05096686219024875,5,0.04802817551730048,0.0803748921996712,1.0,0.03484560856219271,-0.3985418343040363,-0.2192477688854364,0.4984317756017278,-0.5685461692380622,-0.7190831493152392,0.15053698007717697,False
IO_ShortInterest::+1::IntanBM::+1,IO_ShortInterest,1,IntanBM,1,120,60,0.02434578838763771,4.611848375102066,0.06093987937818532,2.0175830227812916,0.032402442177197455,2.655897980020854,0.058439879378185317,0.05593987937818532,0.05093987937818532,5,0.05325090652462451,0.07247333865852655,0.972972972972973,0.03206128080156794,0.12145784245333043,-0.013379019960478189,-0.02060162385214559,-0.5515342046357099,-0.20548749802363653,-0.3460467066120734,False
IO_ShortInterest::+1::ShareVol::-1,IO_ShortInterest,1,ShareVol,-1,120,60,0.022635536221689435,4.317709045417899,0.06090156476354828,2.0328071376787444,0.03140483861072858,2.4035382021445186,0.058401564763548276,0.05590156476354828,0.050901564763548277,5,0.04955667217315088,0.0779189036491444,0.8918918918918919,0.03193351323737636,0.11518401445699315,-0.30751834964464564,-0.0053775089546928,-0.5803829034162526,-0.14159026790272466,-0.438792635513528,False
IO_ShortInterest::+1::MRreversal::+1,IO_ShortInterest,1,MRreversal,1,120,60,0.021733770866861284,4.117415077167383,0.060823145110268845,2.0158423570816972,0.03336015203364689,2.6638603803288796,0.05832314511026884,0.05582314511026885,0.05082314511026884,5,0.05365175449314656,0.07158023103595228,0.9459459459459459,0.030534588705927544,0.3220958339716053,-0.5078123178951612,-0.022342289551740002,-0.5648601812296298,-0.38320769556939005,-0.18165248566023973,False
CustomerMomentum::+1::IO_ShortInterest::+1,CustomerMomentum,1,IO_ShortInterest,1,120,60,0.026304883768347054,4.778384197864319,0.06078985370805512,2.1458357696459824,0.03373341489397839,2.8512687079257066,0.05828985370805512,0.05578985370805512,0.05078985370805512,5,0.054071975843109334,0.07086667050547382,0.972972972972973,0.031899279392591774,-0.07758584333639683,0.15315680280177446,0.1076511230125452,-0.5643608918080841,-0.23778967790897398,-0.32657121389911015,False
IO_ShortInterest::+1::RDcap::-1,IO_ShortInterest,1,RDcap,-1,120,60,0.024582109386267006,4.620822941259662,0.06076053343396105,2.245133589669577,0.03724710776927188,3.0992223985633167,0.05826053343396105,0.055760533433961056,0.05076053343396105,5,0.05059232649380425,0.0760128438441963,1.0,0.03327691895909213,-0.3402633452769474,-0.004404453802882458,0.20694894303613998,-0.531953407968862,-0.4141456961100647,-0.11780771185879735,False
IO_ShortInterest::+1::IntanEP::+1,IO_ShortInterest,1,IntanEP,1,120,60,0.0255418799071491,4.897836295323468,0.060740991400499926,2.012134462279086,0.03417573193141169,2.711840321204741,0.058240991400499924,0.05574099140049993,0.050740991400499924,5,0.05164538121388887,0.07438440668041649,0.9459459459459459,0.03164588516938382,0.19392551369572603,0.27260890026092355,-0.026050184354351025,-0.5479372420384636,-0.19774541911856958,-0.35019182291989404,False
IO_ShortInterest::+1::grcapx3y::+1,IO_ShortInterest,1,grcapx3y,1,120,60,0.024691482976114565,4.738999530798735,0.060720396153541474,2.025102895724113,0.03482362533678971,2.6486003806520624,0.05822039615354147,0.05572039615354148,0.05072039615354147,5,0.05118514705396879,0.07502326980290051,0.918918918918919,0.030772332394763433,0.46060120706489405,0.11377213573619116,-0.013081750909324175,-0.573225235914658,-0.055383547561936086,-0.5178416883527219,False
IO_ShortInterest::+1::Tax::+1,IO_ShortInterest,1,Tax,1,120,60,0.025888953406788127,4.847303932691259,0.06069653703033159,2.096371789754594,0.03522807113036711,2.6391281280487995,0.05819653703033159,0.055696537030331596,0.05069653703033159,4,0.04960744324459296,0.0773301777089395,0.9459459459459459,0.03191635364969663,0.1299151681941425,0.22207653762871438,0.058187143121156915,-0.5769921679732977,-0.08408770445399338,-0.4929044635193043,False
IO_ShortInterest::+1::NetDebtFinance::+1,IO_ShortInterest,1,NetDebtFinance,1,120,60,0.025804275431231018,4.939912406437619,0.06069030997248242,2.135582493494714,0.03723562048313623,2.933527580696619,0.05819030997248242,0.05569030997248242,0.05069030997248242,5,0.049391034905862684,0.07763922257241207,0.9459459459459459,0.032139349266128554,-0.11744122551256171,0.314685011375075,0.09739784686127662,-0.5547969864943729,-0.11515020080373872,-0.4396467856906342,False
IO_ShortInterest::+1::MomSeason::-1,IO_ShortInterest,1,MomSeason,-1,120,60,0.02363502206158397,4.304452908907694,0.060660570289280756,2.0229716416821417,0.030759037370025596,2.3171594780030675,0.058160570289280754,0.05566057028928076,0.050660570289280754,5,0.04899780447635519,0.07815471900866909,0.9459459459459459,0.03076087840524538,0.06051169069661818,-0.3207744861548498,-0.015213004951295517,-0.5519420966996986,-0.2782745618246997,-0.27366753487499895,False
IO_ShortInterest::+1::NumEarnIncrease::+1,IO_ShortInterest,1,NumEarnIncrease,1,120,60,0.025953705590310953,4.7787625780794105,0.06060398629738144,2.1934508477620787,0.037371486018068854,2.983081504198491,0.058103986297381435,0.05560398629738144,0.050603986297381436,5,0.050257127216030734,0.0761242749194075,0.972972972972973,0.031816286268457804,0.0023125563934494587,0.1535351830168663,0.15526620112864142,-0.5518642740780153,-0.12742863956665718,-0.42443563451135813,False
IO_ShortInterest::+1::RoE::+1,IO_ShortInterest,1,RoE,1,120,60,0.0252519344838371,4.590627982319592,0.060591815832271606,2.1933478922422176,0.038443162867840865,2.9782060868979703,0.058091815832271604,0.05559181583227161,0.050591815832271604,5,0.05004614581686215,0.0764103208553858,1.0,0.032462091895104676,-0.17598929215770534,-0.03459941274295186,0.15516324560878036,-0.5522481223039397,-0.19725902543813056,-0.35498909686580915,False
GrLTNOA::-1::IO_ShortInterest::+1,GrLTNOA,-1,IO_ShortInterest,1,120,60,0.024454604342983424,4.603316245730218,0.06055082183770789,2.1099842371807314,0.036482167175642746,2.719514249589596,0.058050821837707885,0.05555082183770789,0.050550821837707885,4,0.04903659894112989,0.07782215618257489,0.918918918918919,0.03172803445300188,0.11828459581784487,-0.021911149332326296,-1.5299709390725633,-0.5822541602260283,-0.04996190194512762,-0.5322922582809007,False
DelNetFin::-1::IO_ShortInterest::+1,DelNetFin,-1,IO_ShortInterest,1,120,60,0.02368661592266537,4.464033323995655,0.060473801584966055,2.0433051624709693,0.03364027342412642,2.489176143997236,0.05797380158496605,0.05547380158496606,0.05047380158496605,4,0.04911971251810264,0.07750493518526118,0.8918918918918919,0.03103476238014698,0.5076695272643752,-0.16119407106688932,0.005120515837532036,-0.6000423079399216,-0.10308693046668538,-0.49695537747323626,False
EarningsConsistency::+1::IO_ShortInterest::+1,EarningsConsistency,1,IO_ShortInterest,1,120,60,0.02634991459818128,4.513132445323833,0.060365571998762434,2.184542136217546,0.037470830771225115,2.867755695983307,0.05786557199876243,0.055365571998762436,0.05036557199876243,5,0.04723292199481634,0.08006454700468162,0.9459459459459459,0.03261819766627449,-0.4666588312642987,-0.11209494973871159,0.14635748958410888,-0.5622488333631505,-0.21479854339110083,-0.34745028997204963,False
DelLTI::+1::IO_ShortInterest::+1,DelLTI,1,IO_ShortInterest,1,120,60,0.024709429117188417,4.56346007336952,0.06033679025160286,2.0658416016468513,0.03414642164773666,2.6174693526057955,0.057836790251602856,0.05533679025160286,0.050336790251602856,4,0.04860434327150682,0.0779354607217469,0.918918918918919,0.03124224292334762,0.3463086650906868,-0.0617673216930239,-0.22945597835349663,-0.5823984884950905,-0.03450914970981267,-0.5478893387852778,False
EarningsSurprise::+1::IO_ShortInterest::+1,EarningsSurprise,1,IO_ShortInterest,1,120,60,0.024908490896005827,4.650898759370557,0.0602678672016278,2.1893965415735592,0.03686919137765798,2.8609591120849944,0.0577678672016278,0.0552678672016278,0.0502678672016278,5,0.04973267285180901,0.07607065872635597,0.9459459459459459,0.031351731045302006,0.0537897096156788,0.02567136430801309,0.151211894940122,-0.5362278304896733,-0.15464626292371553,-0.38158156756595774,False
IO_ShortInterest::+1::Recomm_ShortInterest::+1,IO_ShortInterest,1,Recomm_ShortInterest,1,120,60,0.026770910279276538,4.811836681219768,0.060257536604161686,2.1934061034190537,0.03896912937819678,3.205295085767249,0.057757536604161684,0.05525753660416169,0.050257536604161684,5,0.04995564157459757,0.07571037914850785,1.0,0.032083792274077864,-0.13740046723576907,0.18660928615722394,0.1552214567856165,-0.5507396444763977,-0.42416067104501654,-0.12657897343138114,False
CredRatDG::-1::IO_ShortInterest::+1,CredRatDG,-1,IO_ShortInterest,1,120,60,0.022307628264380455,4.134840911568925,0.06023250210259919,2.0291559560269845,0.02772474042069988,2.280893446711377,0.05773250210259919,0.055232502102599196,0.05023250210259919,4,0.049450610398145606,0.07640533965927955,0.9459459459459459,0.031584714141774654,0.068252545421148,-0.49038648349361935,-0.009028690606452727,-0.5515538336318122,-0.18294805871649555,-0.36860577491531665,False
High52::+1::IO_ShortInterest::+1,High52,1,IO_ShortInterest,1,120,60,0.026258465591960864,4.67634695863162,0.060188126402158496,2.3316167237913605,0.04316514429202863,3.1523062280102017,0.05768812640215849,0.0551881264021585,0.050188126402158494,5,0.04932639954952812,0.07648071668110407,1.0,0.03225494794470601,-0.25581051734556903,0.051119563569075765,0.2934320771579233,-0.5605743719421072,-0.44636777999744326,-0.11420659194466398,False
BetaLiquidityPS::-1::IO_ShortInterest::+1,BetaLiquidityPS,-1,IO_ShortInterest,1,120,60,0.025818685684485126,4.971844349355043,0.06018220186422327,2.0972629078185774,0.036006087878674854,2.8093560748560695,0.057682201864223265,0.05518220186422327,0.050182201864223265,5,0.0501235578640837,0.07527016786443262,1.0,0.03120247503851879,0.14930220292122165,0.3466169542924984,0.059078261185140146,-0.5617979402737744,-0.2572163615200642,-0.30458157875371017,False
IO_ShortInterest::+1::MomSeason06YrPlus::-1,IO_ShortInterest,1,MomSeason06YrPlus,-1,120,60,0.024478604626887855,4.898973777695146,0.06014371674306397,2.1142268160687236,0.036164538282627,2.5574887528730734,0.05764371674306397,0.055143716743063974,0.05014371674306397,4,0.0463289878840637,0.0808658100315644,0.8918918918918919,0.0312535264945354,-0.13782237425742477,0.2737463826326021,0.07604216943528641,-0.6006378154958205,-0.28192429255911067,-0.31871352293670985,False
DelCOL::+1::IO_ShortInterest::+1,DelCOL,1,IO_ShortInterest,1,120,60,0.02513797846085919,4.501577717103196,0.060133978386450945,2.0576386248321152,0.035696774327378195,2.6682119609818993,0.05763397838645094,0.05513397838645095,0.05013397838645094,5,0.05000720818154785,0.07532413369380558,0.9459459459459459,0.03113566949645342,0.21956850277800855,-0.12364967795934856,0.019453978198678,-0.5653275725580258,-0.09329112169477727,-0.4720364508632485,False
ChInv::+1::IO_ShortInterest::+1,ChInv,1,IO_ShortInterest,1,120,60,0.025979113379220247,4.972942727847398,0.06012745984502556,2.0798428566974323,0.03695660588310897,2.861869542980435,0.057627459845025555,0.05512745984502556,0.050127459845025556,5,0.05184617072135403,0.07254939353053284,0.9459459459459459,0.031287243872754694,-0.042670669237682375,0.3477153327848539,0.04165821006399506,-0.5522810327221749,-0.1749701381083706,-0.3773108946138043,False
CBOperProf::+1::IO_ShortInterest::+1,CBOperProf,1,IO_ShortInterest,1,120,60,0.027538920509480754,5.097855286758762,0.06011542352482262,2.2152033485593736,0.037015376837897886,2.666587142045894,0.057615423524822615,0.05511542352482262,0.050115423524822615,4,0.04766812936432527,0.07878636476556865,0.9459459459459459,0.03193096590209104,-0.23260557744709645,0.47262789169621744,0.17701870192593638,-0.5624132098015149,-0.3293814096706663,-0.23303180013084857,False
CompEquIss::+1::IO_ShortInterest::+1,CompEquIss,1,IO_ShortInterest,1,120,60,0.026098031462694952,4.949501677392208,0.06007900056238415,2.144358481443665,0.03576759472952378,2.654725554914938,0.057579000562384144,0.05507900056238415,0.050079000562384145,4,0.047422357287452914,0.07906396547478099,0.8918918918918919,0.03200307305617641,-0.27020576525077467,0.3242742823296636,0.10617383481022769,-0.5960125836426811,-0.16668585690942028,-0.4293267267332608,False
ChNAnalyst::+1::IO_ShortInterest::+1,ChNAnalyst,1,IO_ShortInterest,1,120,60,0.025362771482582955,4.714256989034168,0.060059404163286506,2.054600054159774,0.0348556025611648,2.5550814420648815,0.057559404163286504,0.05505940416328651,0.050059404163286504,5,0.047001703815405915,0.07964595468510739,0.918918918918919,0.03136898390739442,-0.04781233344564512,0.08902959397162391,0.016415407526336967,-0.5880680853613495,-0.16735772365828805,-0.4207103617030614,False
IO_ShortInterest::+1::NOA::-1,IO_ShortInterest,1,NOA,-1,120,60,0.023229495834266558,3.907980654462921,0.06004516269747162,2.127425797350308,0.035197298438392095,2.6204192264130968,0.05754516269747162,0.055045162697471624,0.05004516269747162,4,0.04633652527567061,0.08060811883017316,1.0,0.03222325655942044,-0.1596488071722055,-0.7172467405996232,0.08924115071687089,-0.5436267345011679,-0.27222649565231105,-0.2714002388488569,False
IO_ShortInterest::+1::PctAcc::+1,IO_ShortInterest,1,PctAcc,1,120,60,0.02550797640122291,4.554653464185373,0.06002500598430831,2.0862641789488743,0.035666524829271004,2.7682501342230053,0.057525005984308306,0.05502500598430831,0.050025005984308306,5,0.05038919671256708,0.07447871989192019,0.972972972972973,0.03099959913961439,0.09971105186432754,-0.07057393087717134,0.048079532315437046,-0.54615409215796,-0.08596891417244934,-0.4601851779855106,False
IO_ShortInterest::+1::MaxRet::+1,IO_ShortInterest,1,MaxRet,1,120,60,0.02599717206305345,4.381113148963195,0.05997470722613673,2.2361221910205744,0.04329817887064154,3.173883350609776,0.05747470722613673,0.05497470722613673,0.04997470722613673,5,0.052988392488649644,0.07045417933236733,1.0,0.032091037916354134,-0.1753437266937369,-0.2441142460993495,0.19793754438713718,-0.5761719046404814,-0.47006543354638386,-0.10610647109409754,False
IO_ShortInterest::+1::RevenueSurprise::+1,IO_ShortInterest,1,RevenueSurprise,1,120,60,0.027125007807656757,4.96459737841875,0.059965040636956256,2.226556027173205,0.03780900529405705,3.0526708535694054,0.057465040636956254,0.05496504063695626,0.049965040636956254,5,0.04958149733486341,0.07554035559009552,0.972972972972973,0.031063117551202255,0.055356765359608234,0.33936998335620583,0.18837138053976776,-0.5567527783758452,-0.21822149851150685,-0.3385312798643384,False
DivInit::+1::IO_ShortInterest::+1,DivInit,1,IO_ShortInterest,1,120,60,0.026322152992755997,4.833818403435942,0.05993752669191243,2.1463593014389777,0.03685806929884619,2.90876205411264,0.057437526691912426,0.05493752669191243,0.049937526691912426,5,0.04714194413436669,0.07913090052823102,0.972972972972973,0.031854542761815145,-0.13691122130091704,0.20859100837339817,0.10817465480554045,-0.5501126185610277,-0.3230376945734902,-0.22707492398753748,False
ChangeInRecommendation::+1::IO_ShortInterest::+1,ChangeInRecommendation,1,IO_ShortInterest,1,120,60,0.025874445885542743,4.827264820418757,0.05993712954107331,2.127786253947414,0.03464551195405373,2.7887079167019055,0.05743712954107331,0.05493712954107331,0.04993712954107331,5,0.05018760365511935,0.07456141837000424,0.9459459459459459,0.03132992404498209,-0.15063905637464664,0.20203742535621316,0.08960160731397693,-0.5531057898006206,-0.10716596280677848,-0.44593982699384216,False
GrSaleToGrInv::-1::IO_ShortInterest::+1,GrSaleToGrInv,-1,IO_ShortInterest,1,120,60,0.02502880311617174,4.892680055561586,0.05993156962688918,2.1077522559249116,0.03498024324186175,2.7457012048407994,0.05743156962688918,0.054931569626889186,0.04993156962688918,5,0.04932170126310277,0.07584637217256879,0.9459459459459459,0.031139950530980166,0.12241257299489348,0.2674526604990417,0.06956760929147432,-0.5732242264540262,-0.12567179622842717,-0.447552430225599,False
DebtIssuance::-1::IO_ShortInterest::+1,DebtIssuance,-1,IO_ShortInterest,1,120,60,0.02444498218737277,4.4908260917251255,0.05990644619103359,2.114320049884418,0.03539906917564527,2.82414989540338,0.057406446191033585,0.05490644619103359,0.049906446191033585,5,0.04847855325248066,0.077048285598863,0.972972972972973,0.031913714317912484,-0.2902969764143431,-0.13440130333741873,0.0761354032509809,-0.5509638398688201,-0.1657249594695327,-0.38523888039928744,False
IO_ShortInterest::+1::Investment::+1,IO_ShortInterest,1,Investment,1,120,60,0.02513094626299853,4.585567177202176,0.05987512566131295,2.0266973615655366,0.0347200646703319,2.6400664722411062,0.05737512566131295,0.05487512566131295,0.04987512566131295,5,0.050528271022471455,0.07389540761957519,0.8918918918918919,0.030774190478612965,0.18096363465329754,-0.03966021786036844,-0.011487285067900643,-0.5989090400300237,-0.2173781288864991,-0.38153091114352455,False
IO_ShortInterest::+1::realestate::-1,IO_ShortInterest,1,realestate,-1,120,60,0.023452886213984028,4.158714805990863,0.05987467392373973,2.1059129288346012,0.03695682186637591,2.934325072428767,0.057374673923739725,0.05487467392373973,0.049874673923739725,5,0.0521039945258236,0.07153069302061393,0.972972972972973,0.031186546687404153,0.029458749897940464,-0.466512589071681,0.067728282201164,-0.5638452062823232,-0.1758972354275441,-0.38794797085477906,False
IO_ShortInterest::+1::ReturnSkew3F::+1,IO_ShortInterest,1,ReturnSkew3F,1,120,60,0.025127362461040772,4.63030247471534,0.05983590906968116,2.173852217005447,0.03694846179331013,2.864813362520942,0.05733590906968116,0.054835909069681166,0.04983590906968116,5,0.04715059963097995,0.07886387322773296,0.9459459459459459,0.032014210605130045,-0.4842614577443087,0.005075079652796077,0.13566757037200983,-0.551834377131591,-0.21721767235633394,-0.33461670477525707,False
IO_ShortInterest::+1::MomSeason16YrPlus::+1,IO_ShortInterest,1,MomSeason16YrPlus,1,120,60,0.027070262478611322,5.1820123288630136,0.059816573200896735,2.127197239535547,0.03707337995622249,2.9171371710013574,0.05731657320089673,0.05481657320089674,0.04981657320089673,5,0.04901953879618721,0.07601212480796103,0.9459459459459459,0.03136868780122365,-0.02799444985532233,0.5567849338004693,0.08901259290210994,-0.5585726006102525,-0.13741901465530604,-0.42115358595494645,False
CF::+1::IO_ShortInterest::+1,CF,1,IO_ShortInterest,1,120,60,0.026859807141647082,4.988991872105715,0.05981281950042953,2.1227325414091296,0.033378454397781136,2.465261948585597,0.057312819500429525,0.05481281950042953,0.049812819500429525,5,0.04499139730098667,0.08204495279959385,1.0,0.03310425785534728,-0.3437221477686362,0.36376447704317094,0.08454789477569236,-0.5028881361901556,-0.4797089823660178,-0.02317915382413782,False
IO_ShortInterest::+1::MomSeasonShort::+1,IO_ShortInterest,1,MomSeasonShort,1,120,60,0.02583802363479922,4.469014308094753,0.05980121350962838,2.181227256890715,0.04007289134584411,2.9394931028903897,0.05730121350962838,0.05480121350962838,0.04980121350962838,5,0.04782861333086444,0.0777601137777743,0.918918918918919,0.03184715010353433,-0.24971985278772976,-0.15621308696779135,0.14304261025727794,-0.5721809721867909,-0.3029825255698928,-0.26919844661689807,False
DivYieldST::+1::IO_ShortInterest::+1,DivYieldST,1,IO_ShortInterest,1,120,60,0.025798595166339363,4.848855922280652,0.059754549661141056,2.098787435848828,0.034492050473737955,2.6278415665649,0.05725454966114105,0.05475454966114106,0.049754549661141054,5,0.0483560436835582,0.07685230862751534,0.9459459459459459,0.03104264887281365,0.09583665289069544,0.223628527218108,0.06060278921539064,-0.5759986665108823,-0.08524033007804277,-0.4907583364328395,False
IO_ShortInterest::+1::dNoa::+1,IO_ShortInterest,1,dNoa,1,120,60,0.025536810677534084,4.811401191361108,0.05972785266473067,2.0954888799009566,0.03567592160215998,2.8871026535212465,0.05722785266473067,0.054727852664730674,0.04972785266473067,5,0.051018837618659496,0.07279137523383744,0.9459459459459459,0.03059814858388463,0.03958268151806986,0.18617379629856412,0.05730423326751932,-0.5598953101600643,-0.14821086763207625,-0.4116844425279881,False
IO_ShortInterest::+1::IndMom::+1,IO_ShortInterest,1,IndMom,1,120,60,0.023695969531738026,4.43781822576744,0.05966650658828562,2.1204972473099164,0.03700273882664948,2.8503398636904187,0.05716650658828562,0.054666506588285625,0.04966650658828562,4,0.050225951489182796,0.07382733923693985,0.918918918918919,0.030786887062272023,0.000619463657049341,-0.18740916929510387,0.08231260067647916,-0.5651750232187361,-0.17652360520723331,-0.3886514180115028,False
IO_ShortInterest::+1::MomOffSeason06YrPlus::+1,IO_ShortInterest,1,MomOffSeason06YrPlus,1,120,60,0.02744121156719469,5.423565069985119,0.0596638402515711,2.0051684904044498,0.039027943451202515,2.6119915378007805,0.0571638402515711,0.0546638402515711,0.0496638402515711,5,0.05177967431750197,0.07149008915267478,0.918918918918919,0.030155120406848143,0.22024516227196794,0.7983376749225748,-0.03301615622898746,-0.5829616750838136,-0.3324094310756598,-0.2505522440081538,False
BPEBM::-1::IO_ShortInterest::+1,BPEBM,-1,IO_ShortInterest,1,120,60,0.02442588603331589,4.4597514233062965,0.05960678546219616,2.10896856093604,0.03610691638904911,2.81375944473867,0.05710678546219616,0.05460678546219616,0.04960678546219616,5,0.04913987116243166,0.07530715691184293,0.972972972972973,0.03119915373589933,-0.1699668158936768,-0.16547597175624773,0.07078391430260256,-0.5437113757202736,-0.1442979379047432,-0.3994134378155304,False
AnnouncementReturn::+1::IO_ShortInterest::+1,AnnouncementReturn,1,IO_ShortInterest,1,120,60,0.028239895774503403,5.364146177028676,0.05959626208326726,2.0823589002627387,0.037157425349906084,2.7021175986080435,0.057096262083267256,0.05459626208326726,0.049596262083267256,4,0.048607088220461836,0.07608002287747538,0.9459459459459459,0.031315486339842616,-0.2787455937349058,-0.5578083316644493,0.044174253629301496,-0.5538523924711092,-0.08711006684180322,-0.46674232562930595,False
FirmAge::-1::IO_ShortInterest::+1,FirmAge,-1,IO_ShortInterest,1,120,60,0.026029629484705788,4.771270730848772,0.05959375902188812,2.1605330879429974,0.038987497748382845,3.004004655835827,0.05709375902188812,0.05459375902188812,0.04959375902188812,5,0.04999214540630885,0.07399617944525703,1.0,0.03128609699485047,-0.14054668964922282,0.14604333578622786,0.12234844130956013,-0.5529204785688742,-0.3295277556319828,-0.22339272293689139,False
ConvDebt::+1::IO_ShortInterest::+1,ConvDebt,1,IO_ShortInterest,1,120,60,0.02688331906330737,5.1122605248486135,0.059567833475859484,2.098906495906113,0.03760151706598395,2.832280451293971,0.05706783347585948,0.05456783347585949,0.04956783347585948,5,0.04848349082656221,0.0761943474498054,0.9459459459459459,0.031145683435734952,-0.18132052352118277,0.4870331297860693,0.060721849272675765,-0.5596004940795611,-0.12215019917123804,-0.4374502949083231,False
ChNWC::+1::IO_ShortInterest::+1,ChNWC,1,IO_ShortInterest,1,120,60,0.02440980407748,4.572831822318414,0.0594895622171905,2.0853551619597304,0.03496563332546992,2.7249277687636018,0.056989562217190495,0.0544895622171905,0.049489562217190496,5,0.04980873837548485,0.07401079797974898,0.9459459459459459,0.030804488192551004,-0.055580643488277334,-0.05239557274413009,0.04717051532629313,-0.5660418949280734,-0.07608448656164779,-0.48995740836642565,False
IO_ShortInterest::+1::IndRetBig::+1,IO_ShortInterest,1,IndRetBig,1,120,60,0.02763797086379673,4.902014500330835,0.059444432080749496,2.0582803755003987,0.037967580357280276,2.634285316808626,0.056944432080749494,0.0544444320807495,0.049444432080749494,5,0.04725757392667619,0.07772471931185947,0.8918918918918919,0.031025024787600306,-0.02490557390501518,0.27678710526829065,0.020095728866961426,-0.6163188207738746,-0.20020555933170836,-0.4161132614421662,False
IO_ShortInterest::+1::UpRecomm::+1,IO_ShortInterest,1,UpRecomm,1,120,60,0.025545106540360175,4.78466655268488,0.05943755882320416,2.091132331509557,0.034081742155894955,2.676941516853208,0.05693755882320416,0.05443755882320416,0.04943755882320416,5,0.048766646173736806,0.0754439277974052,0.9459459459459459,0.030714969832218702,-0.09167027871681707,0.15943915762233551,0.052947684876119894,-0.5685696248161453,-0.08719824529108089,-0.48137137952506437,False
IO_ShortInterest::+1::fgr5yrLag::-1,IO_ShortInterest,1,fgr5yrLag,-1,120,60,0.024339031202744336,4.522472309376566,0.059403081426043,2.0711036183433222,0.03317041477928001,2.3900445334573823,0.056903081426043,0.054403081426043005,0.049403081426043,4,0.04554301996227712,0.08019317362169182,0.8918918918918919,0.030544598000724583,0.14725049262963846,-0.10275508568597846,0.032918971709885,-0.6012464607273359,-0.2847972872616592,-0.3164491734656767,False
IO_ShortInterest::+1::MeanRankRevGrowth::+1,IO_ShortInterest,1,MeanRankRevGrowth,1,120,60,0.025143295632650865,5.0503354785901715,0.059398871248630726,2.0288485219881656,0.03304097821955389,2.4877014356401386,0.056898871248630724,0.05439887124863073,0.049398871248630724,4,0.04667677622488796,0.07848201378424487,0.8918918918918919,0.03042300860375145,0.12185237543980627,0.4251080835276273,-0.00933612464527167,-0.6005670993287783,-0.11529683982673855,-0.4852702595020397,False
IO_ShortInterest::+1::ReturnSkew::+1,IO_ShortInterest,1,ReturnSkew,1,120,60,0.025933882160534993,4.711481085165903,0.05938984836951336,2.1669340448947545,0.03702869180632076,2.844656879014818,0.05688984836951336,0.05438984836951336,0.04938984836951336,5,0.047173787610336214,0.07771393950827912,0.972972972972973,0.03147101550794465,-0.3238299231080532,0.0862536901033586,0.12874939826131726,-0.5539916169975706,-0.27186774866222474,-0.28212386833534586,False
ConsRecomm::+1::IO_ShortInterest::+1,ConsRecomm,1,IO_ShortInterest,1,120,60,0.023722644947914717,4.492990061280388,0.05934820245392138,2.037182212237328,0.037318759700544095,2.7168311629288624,0.05684820245392138,0.054348202453921385,0.04934820245392138,4,0.05122612825407356,0.07153131375369311,0.9459459459459459,0.03057136697511265,-0.029186506628061378,-0.13223733378215652,-0.001002434396109031,-0.5938399728310491,-0.3110437758752257,-0.28279619695582336,False
ChAssetTurnover::+1::IO_ShortInterest::+1,ChAssetTurnover,1,IO_ShortInterest,1,120,60,0.024442169214980488,4.7758605257428695,0.05933773841666149,2.0456592999549454,0.03439621188728357,2.6635945491180513,0.05683773841666149,0.054337738416661494,0.04933773841666149,4,0.04780244168225319,0.07664068351827392,0.918918918918919,0.030192211879470087,0.2879214883501773,0.15063313068032524,0.007474653321508207,-0.5743870294997082,-0.06055920338207188,-0.5138278261176363,False
IO_ShortInterest::+1::RDAbility::+1,IO_ShortInterest,1,RDAbility,1,120,60,0.025365584026603147,4.790747625464347,0.05932721168457267,2.030625294542688,0.03682778414579477,2.729213911662314,0.056827211684572665,0.05432721168457267,0.049327211684572665,4,0.049863567461297185,0.07352267801948593,0.9459459459459459,0.03037551583360117,0.0979896745322344,0.16552023040180242,-0.007559352090749094,-0.5775004990468502,-0.163885918610709,-0.4136145804361412,False
CompositeDebtIssuance::+1::IO_ShortInterest::+1,CompositeDebtIssuance,1,IO_ShortInterest,1,120,60,0.025682783479241713,4.916645877120464,0.05931628452902327,2.101074926633983,0.035727819521364015,2.7974008007158773,0.056816284529023264,0.05431628452902327,0.049316284529023265,5,0.049212779734580936,0.07447154172068675,0.9459459459459459,0.03094983779740056,-0.2690569202441436,0.29141848205792,0.06289028000054575,-0.5463548779718239,-0.11963752930464011,-0.4267173486671838,False
ChNNCOA::-1::IO_ShortInterest::+1,ChNNCOA,-1,IO_ShortInterest,1,120,60,0.024831030881975535,4.495634433661192,0.059245904601070556,2.0563532822922443,0.0343205141058695,2.53087610233167,0.056745904601070554,0.05424590460107056,0.049245904601070555,4,0.04648013886205275,0.07839455320959728,0.8918918918918919,0.030638988064195394,-0.0234122601076068,-0.129592961401352,0.01816863565880711,-0.596942397119401,-0.09063680282980946,-0.5063055942895915,False
ForecastDispersion::+1::IO_ShortInterest::+1,ForecastDispersion,1,IO_ShortInterest,1,120,60,0.02882939556105111,5.176039221432502,0.05917993116916936,2.243355671715938,0.040443702342272944,3.152288138599621,0.056679931169169355,0.05417993116916936,0.049179931169169355,5,0.04865637188795088,0.07496527009099711,1.0,0.03111824485080097,-0.20925217663236273,0.5508118263699577,0.20517102508250096,-0.5754327730298734,-0.43472599329004213,-0.14070677973983126,False
AbnormalAccruals::+1::IO_ShortInterest::+1,AbnormalAccruals,1,IO_ShortInterest,1,120,60,0.023616461720728066,4.256087963420894,0.05916865474894928,2.054299257888549,0.031171913567999185,2.5270368809856447,0.056668654748949276,0.05416865474894928,0.04916865474894928,4,0.05061022148297463,0.07200630464791125,0.9459459459459459,0.02996570839308268,0.09562356066949831,-0.3691394316416501,0.01611461125511182,-0.5722104824730533,-0.1952893033926596,-0.3769211790803937,False
IO_ShortInterest::+1::SurpriseRD::-1,IO_ShortInterest,1,SurpriseRD,-1,120,60,0.024574442924143108,4.526087940549107,0.05912517076376174,2.0882220367645945,0.03472734388344555,2.7559592500718226,0.05662517076376174,0.05412517076376174,0.04912517076376174,5,0.04773470124059362,0.07621087504851388,0.9459459459459459,0.030842783406297845,-0.21439509995241016,-0.09913945451343764,0.05003739013115727,-0.5519018042311798,-0.1752096979886555,-0.37669210624252436,False
IO_ShortInterest::+1::iomom_cust::-1,IO_ShortInterest,1,iomom_cust,-1,120,60,0.02391476802674554,4.484628316891243,0.05908875273249316,2.0653531407435834,0.03618341016256675,2.909054531277754,0.056588752732493156,0.05408875273249316,0.049088752732493156,4,0.049638489560242575,0.07326414749086903,0.9459459459459459,0.02990119188599857,0.11328789062897475,-0.14059907817130135,0.027168494110146213,-0.5671449449695449,-0.3082491437324778,-0.2588958012370671,False
AnalystRevision::+1::IO_ShortInterest::+1,AnalystRevision,1,IO_ShortInterest,1,120,60,0.02538029781195453,4.793763787593216,0.05905774179727667,2.068678001624627,0.035104649025673104,2.65863887544849,0.05655774179727667,0.054057741797276675,0.04905774179727667,4,0.046528291819431966,0.07785191676404375,0.8918918918918919,0.03039134710197974,-0.14512864413057913,0.16853639253067154,0.03049335499118966,-0.5872481074411381,-0.08391992331738263,-0.5033281841237555,False
ChInvIA::-1::IO_ShortInterest::+1,ChInvIA,-1,IO_ShortInterest,1,120,60,0.025567068177198074,4.675084000322667,0.059039359885716534,2.142354469919008,0.03616613040973359,2.8945179688935214,0.05653935988571653,0.05403935988571654,0.04903935988571653,5,0.04797927859523559,0.07562948182143794,0.972972972972973,0.030873261480903625,-0.33330842494218166,0.04985660526012303,0.10416982328557056,-0.5522494955039887,-0.2395306362411468,-0.31271885926284193,False
BrandInvest::-1::IO_ShortInterest::+1,BrandInvest,-1,IO_ShortInterest,1,120,60,0.026630128115215108,4.661365207126363,0.059035751643609316,2.231047340876714,0.03773627983447674,2.8808081847288314,0.056535751643609314,0.05403575164360932,0.049035751643609314,5,0.04260724225310077,0.08367851572937209,1.0,0.03214121574925422,-0.3617949492205898,0.03613781206381894,0.19286269424327696,-0.5729289413541561,-0.5528010614352584,-0.02012787991889764,False
ChForecastAccrual::+1::IO_ShortInterest::+1,ChForecastAccrual,1,IO_ShortInterest,1,120,60,0.024638447828340636,4.610361345586515,0.05903183097331773,2.0998433757657473,0.03449705247232278,2.7597409733260165,0.05653183097331773,0.054031830973317735,0.04903183097331773,5,0.048573157157232726,0.07471984169744526,0.918918918918919,0.02998822551554833,0.30113854837880555,-0.014866049476029097,0.061658729132310075,-0.5670011814187108,-0.11810303689334312,-0.4488981445253677,False
IO_ShortInterest::+1::RIO_MB::-1,IO_ShortInterest,1,RIO_MB,-1,120,60,0.023410021992633662,4.047027759122657,0.059020832816091176,2.1007330895881497,0.03344013766198976,2.5805562568379976,0.056520832816091174,0.05402083281609118,0.049020832816091174,4,0.04594306874288054,0.07863747892590711,0.9459459459459459,0.030377854542326523,-0.06469342790671785,-0.5781996359398871,0.06254844295471251,-0.5742571453508643,-0.2444949385255597,-0.32976220682530455,False
IO_ShortInterest::+1::InvestPPEInv::-1,IO_ShortInterest,1,InvestPPEInv,-1,120,60,0.02294639686533927,4.218408427118871,0.05900402751040356,2.066956898847868,0.032443592724617255,2.4893606422321146,0.05650402751040356,0.05400402751040356,0.04900402751040356,4,0.04713365333738305,0.07680958876993431,0.918918918918919,0.03050688889888475,-0.11308765659071748,-0.4068189679436731,0.028772252214430694,-0.5736899927116432,-0.05640983485334594,-0.5172801578582973,False
DownRecomm::+1::IO_ShortInterest::+1,DownRecomm,1,IO_ShortInterest,1,120,60,0.025363825703400057,4.733643347196694,0.0589854420752472,2.0708269566173874,0.03446606855711036,2.6434444976852745,0.0564854420752472,0.053985442075247206,0.0489854420752472,4,0.04785772560077466,0.07567701678695597,0.9459459459459459,0.03041222870339526,-0.12303972204844532,0.10841595213415012,0.032642309983950124,-0.5788950766586904,-0.07222084180607868,-0.5066742348526118,False
CoskewACX::+1::IO_ShortInterest::+1,CoskewACX,1,IO_ShortInterest,1,120,60,0.025360211869538813,4.810840855467951,0.058957653765188286,2.0708857484762406,0.03749454676303758,2.91338995886135,0.056457653765188284,0.05395765376518829,0.048957653765188285,5,0.049922497728519456,0.07251038782019152,0.8918918918918919,0.03108898016482808,-0.25099990989541293,0.18561346040540716,0.03270110184280339,-0.5888472749687408,-0.24377777397408884,-0.34506950099465195,False
IO_ShortInterest::+1::MomOffSeason11YrPlus::-1,IO_ShortInterest,1,MomOffSeason11YrPlus,-1,120,60,0.024556475728842727,4.902469097381405,0.05894264349545188,2.0474053703851727,0.033868260632176135,2.5115372052762424,0.056442643495451875,0.05394264349545188,0.048942643495451875,4,0.04674563826863275,0.07723815133568056,0.8918918918918919,0.03019378664910519,0.042908078645763806,0.2772417023188609,0.009220723751735438,-0.5880566179165643,-0.18746321110786857,-0.4005934068086957,False
IO_ShortInterest::+1::MomSeason11YrPlus::+1,IO_ShortInterest,1,MomSeason11YrPlus,1,120,60,0.02560569192886688,4.790447301261764,0.05892955962995716,2.077152689380211,0.034619174341988815,2.7184428996435503,0.05642955962995716,0.053929559629957165,0.04892955962995716,5,0.05012608050344692,0.07213477831972254,0.9459459459459459,0.029891965633987685,0.19456807656143998,0.1652199061992201,0.03896804274677379,-0.5427067172818926,-0.19714235714842498,-0.3455643601334676,False
DivSeason::+1::IO_ShortInterest::+1,DivSeason,1,IO_ShortInterest,1,120,60,0.02514212335926936,4.786115113152341,0.058926668250959394,2.0545763203727456,0.0345913556686983,2.6247553075390493,0.05642666825095939,0.053926668250959396,0.04892666825095939,4,0.04728336225035759,0.07639162725186209,0.8918918918918919,0.0301781994668374,-0.06930774315275562,0.16088771808979718,0.016391673739308388,-0.5820041254638293,-0.03493083057105306,-0.5470732948927762,False
EquityDuration::-1::IO_ShortInterest::+1,EquityDuration,-1,IO_ShortInterest,1,120,60,0.02515554788237042,4.4800400107940845,0.05891159058297316,2.082359211968722,0.03386380701689165,2.473594906962489,0.05641159058297316,0.053911590582973165,0.04891159058297316,4,0.04774680144840031,0.07565877428483245,0.8918918918918919,0.029801713294843307,0.06116796576038015,-0.14518738426845967,0.04417456533528474,-0.6301152841959949,-0.4117176093431937,-0.21839767485280126,False
IO_ShortInterest::+1::Size::-1,IO_ShortInterest,1,Size,-1,120,60,0.026748007279330265,4.75127373768639,0.05889234441152556,2.1878660632659668,0.036512360707279604,2.833486680545516,0.05639234441152556,0.053892344411525565,0.04889234441152556,5,0.04490774932145306,0.0798692370466343,0.972972972972973,0.03156110932284746,-0.3855535891175114,0.1260463426238454,0.14968141663252954,-0.5682294423569475,-0.37246993478633716,-0.19575950757061034,False
IO_ShortInterest::+1::VolMkt::+1,IO_ShortInterest,1,VolMkt,1,120,60,0.027090600252371547,5.201405578026992,0.05885974684292039,2.167232763826883,0.03922450974807911,3.0156758314477297,0.05635974684292039,0.05385974684292039,0.04885974684292039,5,0.048422857885051934,0.07451508027972309,0.972972972972973,0.030647409816800423,-0.27469381606434984,0.5761781829644477,0.12904811719344567,-0.5543814676901047,-0.26209289266798774,-0.2922885750221169,False
IO_ShortInterest::+1::retConglomerate::+1,IO_ShortInterest,1,retConglomerate,1,120,60,0.026102850591457914,4.806346173038075,0.05885249832606088,2.0922922760954847,0.035294515343648906,2.5985308810507606,0.05635249832606088,0.053852498326060885,0.04885249832606088,4,0.04858928763672696,0.07424731436006175,0.918918918918919,0.030504155890349164,-0.26669833217514305,0.18111877797553078,0.0541076294620475,-0.5603553023985074,-0.20846136805120696,-0.35189393434730043,False
GrAdExp::+1::IO_ShortInterest::+1,GrAdExp,1,IO_ShortInterest,1,120,60,0.026174608221638244,4.541000431308021,0.05884223729693137,2.061421040201284,0.03641372909547387,2.7963025293301396,0.056342237296931365,0.05384223729693137,0.048842237296931365,5,0.047103742743535126,0.07644997912702574,0.9459459459459459,0.029998714583583653,-0.030719829657211144,-0.08422696375452343,0.02323639356784657,-0.5623727661925673,-0.1961347699049032,-0.36623799628766407,False
IO_ShortInterest::+1::IdioVolAHT::+1,IO_ShortInterest,1,IdioVolAHT,1,120,60,0.02576666897072549,4.259214759301491,0.058809658246446725,2.2863843790346987,0.04352232636075677,3.1999063500703584,0.05630965824644672,0.05380965824644673,0.04880965824644672,5,0.04751803319010526,0.07574709583095895,1.0,0.03148384477593231,-0.24125283695109725,-0.36601263576105314,0.24819973240126147,-0.5765812283930958,-0.5578476286317979,-0.018733599761297848,False
IO_ShortInterest::+1::PredictedFE::-1,IO_ShortInterest,1,PredictedFE,-1,120,60,0.024463128387275084,4.535835104187676,0.058763847614763845,2.152634745673768,0.03403421199547218,2.611591554963925,0.05626384761476384,0.05376384761476385,0.04876384761476384,5,0.047840585784633405,0.0751487403599595,0.918918918918919,0.029828243005826104,-0.02760682052446825,-0.08939229087486833,0.11445009904033077,-0.5681000818166827,-0.23703412400587753,-0.33106595781080517,False
IO_ShortInterest::+1::Illiquidity::-1,IO_ShortInterest,1,Illiquidity,-1,120,60,0.02511981346095172,4.676844963576552,0.05874273684825003,2.0740203615778197,0.033487063048375836,2.6243348748428375,0.05624273684825003,0.05374273684825003,0.04874273684825003,4,0.047562691202909714,0.07551280531626052,0.8918918918918919,0.03033698425760035,-0.10275705747920247,0.05161756851400767,0.035835714944382424,-0.5884703448556872,-0.07693573000651621,-0.511534614849171,False
IO_ShortInterest::+1::tang::-1,IO_ShortInterest,1,tang,-1,120,60,0.02522034723222907,4.532348254778476,0.05873759174174256,2.111283943601142,0.03861359001008619,2.9266084229074334,0.05623759174174256,0.053737591741742564,0.04873759174174256,5,0.04977600138747261,0.07217997727314744,1.0,0.03076489818973287,-0.17978204737524503,-0.09287914028406785,0.07309929696770467,-0.5499141175018039,-0.28111683082924477,-0.2687972866725591,False
GrSaleToGrOverhead::+1::IO_ShortInterest::+1,GrSaleToGrOverhead,1,IO_ShortInterest,1,120,60,0.023833856661072596,4.492354620843584,0.05873169856538299,2.0503752349294317,0.03241176298901144,2.4273864950619424,0.05623169856538299,0.05373169856538299,0.04873169856538299,4,0.04475770869334991,0.07969268337343265,0.8918918918918919,0.030285434301550198,-0.07352622702775989,-0.13287277421895993,0.012190588295994509,-0.6039516445265407,-0.2103527421009047,-0.393598902425636,False
DolVol::+1::IO_ShortInterest::+1,DolVol,1,IO_ShortInterest,1,120,60,0.024385679837317955,4.665598493875449,0.05869989437981875,2.043517609043906,0.03532394504929055,2.6695645224346656,0.056199894379818746,0.05369989437981875,0.048699894379818746,4,0.04894343568117977,0.07333458242777723,0.918918918918919,0.029786250092998807,0.0752275156101337,0.040371098812904904,0.005332962410468767,-0.594953947134982,-0.2379165804296246,-0.35703736670535735,False
IO_ShortInterest::+1::iomom_supp::-1,IO_ShortInterest,1,iomom_supp,-1,120,60,0.024230245556097527,4.250817085101996,0.058697875773655726,2.0759776201000717,0.03861651045758867,2.7951059753108427,0.056197875773655724,0.05369787577365573,0.048697875773655724,4,0.046653764891592044,0.07676404209675124,0.8918918918918919,0.030451517270746135,-0.1524037745021187,-0.374410309960548,0.03779297346663446,-0.5890936699322038,-0.1800871318671332,-0.4090065380650706,False
IO_ShortInterest::+1::MS::+1,IO_ShortInterest,1,MS,1,120,60,0.027707947962651393,5.090355129896086,0.05864415286421998,2.233259289579994,0.03639633883294737,2.839970505184609,0.056144152864219976,0.05364415286421998,0.048644152864219976,4,0.04782100267133894,0.07487887815354154,0.972972972972973,0.03139431342580026,-0.5129766733220614,0.4651277348335414,0.19507464294655685,-0.548475226076048,-0.32497674656352304,-0.223498479512525,False
AOP::+1::IO_ShortInterest::+1,AOP,1,IO_ShortInterest,1,120,60,0.024409720875945562,4.718962327988187,0.05841420369289323,2.013386553594866,0.035132099836736944,2.651792871384417,0.055914203692893225,0.05341420369289323,0.048414203692893225,5,0.0478345933360916,0.07428361922809566,0.9459459459459459,0.029810407746239494,-0.12068423766352417,0.09373493292564294,-0.024798093038571167,-0.57875810142615,-0.11180330327671884,-0.4669547981494312,False
IO_ShortInterest::+1::IdioVol3F::+1,IO_ShortInterest,1,IdioVol3F,1,120,60,0.027050419691413086,4.918545073037301,0.058398970946143755,2.2494181216203906,0.04012183247939567,3.2367694528985633,0.05589897094614375,0.05339897094614376,0.04839897094614375,5,0.05097503880519769,0.06953486915756285,1.0,0.030629300580395525,-0.257458512941784,0.2933176779747564,0.21123347498695333,-0.5637467072962667,-0.48753808125755227,-0.07620862603871448,False
CitationsRD::-1::IO_ShortInterest::+1,CitationsRD,-1,IO_ShortInterest,1,120,60,0.02452795191003488,4.795481045488968,0.05839159894108067,2.0020495445641573,0.0356081831245366,2.4742933195727295,0.055891598941080665,0.05339159894108067,0.048391598941080666,4,0.04603507677390218,0.0769263821918484,0.8918918918918919,0.029274194810515842,0.14482833392475733,0.1702536504264236,-0.036135102069279945,-0.6234180214848648,-0.3182686445393579,-0.3051493769455069,False
DelFINL::+1::IO_ShortInterest::+1,DelFINL,1,IO_ShortInterest,1,120,60,0.025747155744284253,4.848606092202439,0.058367109483330085,2.087486090886763,0.03469266744343427,2.774754353910688,0.05586710948333008,0.05336710948333009,0.04836710948333008,5,0.04745187836940553,0.07473995615421691,0.9459459459459459,0.03009696143108356,-0.35101207115828503,0.22337869713989456,0.04930144425332594,-0.560764846642841,-0.14123410997106434,-0.41953073667177665,False
DelDRC::+1::IO_ShortInterest::+1,DelDRC,1,IO_ShortInterest,1,120,60,0.02533800982626091,4.648986973468739,0.05836115169924668,2.0937771424593214,0.034598451808396914,2.6321238547696373,0.05586115169924668,0.053361151699246684,0.04836115169924668,4,0.04501569171230032,0.0783793416796662,0.8918918918918919,0.030333833445271036,-0.29260989244863683,0.023759578406195025,0.055592495825884214,-0.575978979121458,-0.21583703363618578,-0.36014194548527223,False
Accruals::+1::IO_ShortInterest::+1,Accruals,1,IO_ShortInterest,1,120,60,0.023978914590708653,4.417695099874317,0.05835934784399643,2.0395568681255614,0.031992775497411,2.552490415968295,0.055859347843996425,0.05335934784399643,0.048359347843996425,5,0.04995913078812815,0.07095967342779885,0.9459459459459459,0.029673241298147596,-0.149726856792604,-0.20753229518822724,0.001372221492124126,-0.5645864477395641,-0.2070377881548383,-0.3575486595847258,False
ExclExp::-1::IO_ShortInterest::+1,ExclExp,-1,IO_ShortInterest,1,120,60,0.02401326200959358,4.415143870354511,0.05832914112751094,2.0454334302471144,0.03367054028886211,2.609598981617743,0.05582914112751094,0.05332914112751094,0.04832914112751094,4,0.047003519608010746,0.07531757340676125,0.8918918918918919,0.030068684430030985,-0.46548137217213575,-0.2100835247080335,0.007248783613677201,-0.5881691173065522,-0.08483699164365399,-0.5033321256628982,False
ExclExp::+1::IO_ShortInterest::+1,ExclExp,1,IO_ShortInterest,1,120,60,0.025310320189480495,4.797648563751867,0.058304792086774755,2.029461002349915,0.034156029126569225,2.5440056261902653,0.05580479208677475,0.05330479208677476,0.04830479208677475,4,0.04698011630468764,0.07529180575990545,0.8918918918918919,0.029084980703140927,0.46548137217213575,0.1724211686893229,-0.008723644283522347,-0.587709344161321,-0.1043096583012455,-0.48339968586007553,False
IO_ShortInterest::+1::VarCF::+1,IO_ShortInterest,1,VarCF,1,120,60,0.02815940403857048,4.583985920689292,0.058278724698068364,2.3544638849328163,0.04067830496551119,2.96611554237689,0.05577872469806836,0.053278724698068367,0.04827872469806836,5,0.04181446932489495,0.08297510775782846,1.0,0.03232381933210619,-0.4710026963377143,-0.041241474373252096,0.3162792382993791,-0.5807479589741568,-0.6793195204373603,0.09857156146320356,False
Accruals::-1::IO_ShortInterest::+1,Accruals,-1,IO_ShortInterest,1,120,60,0.025344667608365422,4.726278006829087,0.058274585370289275,2.0327057509357425,0.03554942059187816,2.5861668956805817,0.05577458537028927,0.05327458537028928,0.04827458537028927,4,0.04402450512457025,0.07964970573886782,0.8918918918918919,0.029480423835024316,0.149726856792604,0.10105061176654306,-0.0054788956976947745,-0.6106290479264247,-0.23143603290074444,-0.37919301502568026,False
CitationsRD::+1::IO_ShortInterest::+1,CitationsRD,1,IO_ShortInterest,1,120,60,0.0247956302890392,4.3944429997351735,0.05824233427320503,2.0649742879117996,0.03409186285938051,2.6777161414916653,0.055742334273205026,0.05324233427320503,0.048242334273205026,5,0.047948559138796205,0.07368299697481828,0.972972972972973,0.02987947032265607,-0.14482833392475733,-0.23078439532737072,0.026789641278362364,-0.5626827435178774,-0.18001876114389392,-0.38266398237398347,False
AOP::-1::IO_ShortInterest::+1,AOP,-1,IO_ShortInterest,1,120,60,0.024913861323128516,4.464720397290534,0.058219729521392476,2.058467667097481,0.03302183008812748,2.535416586183126,0.05571972952139247,0.05321972952139248,0.048219729521392474,4,0.0461490425766068,0.076325759938571,0.8918918918918919,0.029343257386932418,0.12068423766352417,-0.1605069977720106,0.020283020464043844,-0.5976814261499153,-0.18870770740596854,-0.4089737187439467,False
IO_ShortInterest::+1::RDS::-1,IO_ShortInterest,1,RDS,-1,120,60,0.025497734487277695,4.596808720104772,0.05805273435401717,2.1223951469726345,0.03651014273208282,2.7334017066864305,0.05555273435401717,0.053052734354017174,0.04805273435401717,4,0.04443293715279533,0.07848243015584992,0.918918918918919,0.030370259364989997,-0.5138588956961083,-0.028418674957772616,0.0842105003391973,-0.5744243535389946,-0.27254132468727865,-0.3018830288517159,False
IO_ShortInterest::+1::MomOffSeason16YrPlus::-1,IO_ShortInterest,1,MomOffSeason16YrPlus,-1,120,60,0.02334427461058332,4.4449689744803305,0.05794593945624781,2.089325491967318,0.03363123301789895,2.6303652125730417,0.05544593945624781,0.052945939456247815,0.04794593945624781,5,0.04667582171302072,0.07485111607108848,0.9459459459459459,0.03040864974276918,-0.36591918787957883,-0.18025842058221375,0.05114084533388086,-0.555464663914098,-0.1948818179692593,-0.3605828459448387,False
DolVol::-1::IO_ShortInterest::+1,DolVol,-1,IO_ShortInterest,1,120,60,0.024937902361756123,4.505161736498844,0.057934038834466954,2.026906206810227,0.03235475989935661,2.435086670932868,0.05543403883446695,0.05293403883446696,0.04793403883446695,4,0.04504020023151863,0.07727479673888944,0.8918918918918919,0.029367415040173112,-0.0752275156101337,-0.12006565856369988,-0.011278439823210196,-0.581970513327802,-0.18791554055939674,-0.3940549727684053,False
GrSaleToGrOverhead::-1::IO_ShortInterest::+1,GrSaleToGrOverhead,-1,IO_ShortInterest,1,120,60,0.02548972553800148,4.67878045717433,0.0579022346489027,2.018392996949571,0.03509864897727286,2.6842528723800627,0.0554022346489027,0.0529022346489027,0.0479022346489027,5,0.04922592721934847,0.07091669579323402,0.9459459459459459,0.028868230831621714,0.07352622702775989,0.0535530621117859,-0.019791649683866375,-0.5721493175279989,-0.2504151507678264,-0.3217341667601725,False
IO_ShortInterest::+1::OrgCap::-1,IO_ShortInterest,1,OrgCap,-1,120,60,0.023810222650414638,4.45069882581777,0.057902219566173176,2.092131657711013,0.032698754157703,2.7752902512432622,0.05540221956617317,0.05290221956617318,0.047902219566173174,5,0.04867661741932436,0.07174062278644643,0.972972972972973,0.029404035545618,-0.13925111084752825,-0.17452856924477445,0.05394701107757571,-0.5587610806433043,-0.21736388924073458,-0.34139719140256974,False
IO_ShortInterest::+1::Illiquidity::+1,IO_ShortInterest,1,Illiquidity,1,120,60,0.024203768738122352,4.517887452315069,0.05789119636603567,2.0016074684755423,0.03399168281749862,2.513512594561264,0.05539119636603567,0.052891196366035675,0.04789119636603567,4,0.04642094470978867,0.07509657385040616,0.8918918918918919,0.028816680875571554,0.10275705747920247,-0.10733994274747527,-0.03657717815789496,-0.5882323584952729,-0.10059594457669752,-0.4876364139185754,False
GrAdExp::-1::IO_ShortInterest::+1,GrAdExp,-1,IO_ShortInterest,1,120,60,0.02314897397743583,4.637642689274756,0.05779169591735435,2.0012998757063998,0.03191508119801531,2.3780342715971208,0.05529169591735435,0.05279169591735435,0.04779169591735435,4,0.04687989316916327,0.07415940003964093,0.8918918918918919,0.02915495054958826,0.030719829657211144,0.01241529421221177,-0.03688477092703746,-0.6231314239498411,-0.26857938658083413,-0.354552037369007,False
DivSeason::-1::IO_ShortInterest::+1,DivSeason,-1,IO_ShortInterest,1,120,60,0.024181458839804715,4.46423371355378,0.05770726496332631,2.0213472050788757,0.03330990996820647,2.5455853880358843,0.05520726496332631,0.05270726496332631,0.04770726496332631,4,0.04670027366234079,0.07421775191480458,0.8918918918918919,0.02897546566633451,0.06930774315275562,-0.16099368150876447,-0.016837441554561572,-0.5935014548151136,-0.0996716356170736,-0.49382981919804003,False
IO_ShortInterest::+1::MomOffSeason11YrPlus::+1,IO_ShortInterest,1,MomOffSeason11YrPlus,1,120,60,0.024767106470231344,4.267810382448663,0.05769128971883384,2.0227181911291323,0.0353744498623867,2.592671556392807,0.05519128971883384,0.05269128971883384,0.04769128971883384,4,0.04723799764406564,0.07337122783098611,0.9459459459459459,0.02895987848406673,-0.042908078645763806,-0.35741701261388137,-0.015466455504304921,-0.5886821506774125,-0.22778908091264616,-0.3608930697647663,False
DownRecomm::-1::IO_ShortInterest::+1,DownRecomm,-1,IO_ShortInterest,1,120,60,0.02395975649567402,4.503799829192669,0.05764849113903851,2.0045006038044373,0.03302915853466276,2.4929646832182257,0.05514849113903851,0.052648491139038515,0.04764849113903851,4,0.04612591031192372,0.0749323623797107,0.8918918918918919,0.02874143642977665,0.12303972204844532,-0.12142756586987513,-0.03368404282899995,-0.5967680162577205,-0.11726458514414184,-0.4795034311135786,False
IO_ShortInterest::+1::InvestPPEInv::+1,IO_ShortInterest,1,InvestPPEInv,1,120,60,0.0263771853337348,4.997817642224532,0.05762990570388215,2.008020858289574,0.0351140638024657,2.64747199807439,0.05512990570388215,0.05262990570388215,0.04762990570388215,4,0.04684998257531535,0.07379979039673236,0.8918918918918919,0.028646776234287154,0.11308765659071748,0.3725902471619875,-0.03016378834386302,-0.6019026395028716,-0.14576157191040506,-0.45614106759246653,False
AnalystRevision::-1::IO_ShortInterest::+1,AnalystRevision,-1,IO_ShortInterest,1,120,60,0.023943284387119547,4.414287757873366,0.05757619141700903,2.0060667196037523,0.032242542686796875,2.463620455208577,0.05507619141700903,0.05257619141700903,0.04757619141700903,5,0.04745534409326645,0.07275746240262292,0.8918918918918919,0.028762318031192165,0.14512864413057913,-0.21093963718917852,-0.03211792702968497,-0.588625771084359,-0.1377917833594875,-0.4508339877248715,False
AbnormalAccruals::-1::IO_ShortInterest::+1,AbnormalAccruals,-1,IO_ShortInterest,1,120,60,0.02570712047834601,4.883415539969212,0.05746527846533644,2.0153919584646873,0.03544191047506663,2.5671372688496823,0.054965278465336435,0.05246527846533644,0.047465278465336436,4,0.04337341442972376,0.07860307451875544,0.8918918918918919,0.029187956740089224,-0.09562356066949831,0.25818814490666764,-0.02279268816874991,-0.6036865280978037,-0.2537199281590148,-0.34996659993878887,False
IO_ShortInterest::+1::OPLeverage::-1,IO_ShortInterest,1,OPLeverage,-1,120,60,0.02458167407171489,4.58648724234046,0.05741631120005429,2.1333762919319406,0.03856168287600375,2.933139061148024,0.05491631120005429,0.05241631120005429,0.04741631120005429,5,0.04345437059639032,0.07835922210555021,0.972972972972973,0.03011214802865216,-0.4169937731682385,-0.03874015272208453,0.09519164529850332,-0.5584833547692775,-0.47914553649210667,-0.07933781827717079,False
ChNNCOA::+1::IO_ShortInterest::+1,ChNNCOA,1,IO_ShortInterest,1,120,60,0.02449255131709854,4.724284421979287,0.057388028613215146,2.017871784316039,0.033609289238757896,2.6464393324717954,0.054888028613215144,0.05238802861321515,0.047388028613215144,5,0.04750349705064564,0.0722148259570694,0.8918918918918919,0.02851467706897652,0.0234122601076068,0.09905702691674279,-0.02031286231739804,-0.5789008870761607,-0.1549786767551391,-0.4239222103210216,False
IO_ShortInterest::+1::RDAbility::-1,IO_ShortInterest,1,RDAbility,-1,120,60,0.02395799817247093,4.320278066038051,0.05730672152971302,2.036568276847484,0.031968337227491574,2.4390823406911246,0.05480672152971302,0.052306721529713024,0.04730672152971302,4,0.04412006845140121,0.07708670114718075,0.8918918918918919,0.028778149299570736,-0.0979896745322344,-0.30494932902449357,-0.0016163697859532533,-0.5995770324176537,-0.3159629389612211,-0.2836140934564326,False
ChAssetTurnover::-1::IO_ShortInterest::+1,ChAssetTurnover,-1,IO_ShortInterest,1,120,60,0.024881412984093586,4.464975405350395,0.05729619479762423,2.0280974680137764,0.03345070013868465,2.503984083578842,0.05479619479762423,0.052296194797624235,0.04729619479762423,4,0.0461811942304452,0.07396869564839276,0.8918918918918919,0.028961453253701832,-0.2879214883501773,-0.16025198971214927,-0.010087178619660797,-0.6012353999307285,-0.20540916396507747,-0.39582623596565103,False
ConsRecomm::-1::IO_ShortInterest::+1,ConsRecomm,-1,IO_ShortInterest,1,120,60,0.02560093725115936,4.4259744879122955,0.057285730760364334,2.021700216388679,0.030809488150385315,2.372238293314218,0.05478573076036433,0.052285730760364336,0.04728573076036433,4,0.042757507658624835,0.07907806541297357,0.8918918918918919,0.02858229815805926,0.029186506628061378,-0.19925290715024868,-0.016484430244758208,-0.5844232557840929,-0.3389711179334355,-0.24545213785065745,False
IO_ShortInterest::+1::MeanRankRevGrowth::-1,IO_ShortInterest,1,MeanRankRevGrowth,-1,120,60,0.024180286566423206,4.140018760659757,0.05723506196565498,2.0436604874824194,0.03681133172865807,2.712053865668606,0.05473506196565498,0.052235061965654986,0.04723506196565498,4,0.04730685968781043,0.0721273653824218,0.9459459459459459,0.028730656529420473,-0.12185237543980627,-0.4852086344027873,0.005475840848982116,-0.5754085050410416,-0.20488323125151264,-0.37052527378952893,False
IO_ShortInterest::+1::IndRetBig::-1,IO_ShortInterest,1,IndRetBig,-1,120,60,0.021685611335277348,4.09950971942767,0.05718950113353621,2.0062298128128524,0.030319393187660828,2.4693562151604405,0.054689501133536204,0.05218950113353621,0.047189501133536205,4,0.0467260619860222,0.0728846598548072,0.8918918918918919,0.028128640345571602,0.02490557390501518,-0.5257176756348745,-0.03195483382058484,-0.5600564434617459,-0.2376382620494234,-0.3224181814123225,False
IO_ShortInterest::+1::TotalAccruals::-1,IO_ShortInterest,1,TotalAccruals,-1,120,60,0.024869619424776536,4.417140308541116,0.057159048482682065,2.0923515073750996,0.033922530218700106,2.582927875052316,0.05465904848268206,0.05215904848268207,0.04715904848268206,4,0.04294573437697654,0.07847901964124035,0.9459459459459459,0.02987421061690713,-0.4598017289514635,-0.20808708652142816,0.054166860741662326,-0.5649884217383256,-0.3292992687571228,-0.23568915298120285,False
IO_ShortInterest::+1::MomOffSeason06YrPlus::-1,IO_ShortInterest,1,MomOffSeason06YrPlus,-1,120,60,0.021882370631879387,3.6782448440717523,0.0569700929627146,2.0568602930526576,0.029055251304368222,2.3678867496929223,0.0544700929627146,0.051970092962714605,0.0469700929627146,4,0.04220396159519642,0.07911929001399189,0.8918918918918919,0.02899854472632377,-0.22024516227196794,-0.9469825509907919,0.01867564641922037,-0.5967079759467293,-0.45882857663217025,-0.13787939931455906,False
IO_ShortInterest::+1::Investment::-1,IO_ShortInterest,1,Investment,-1,120,60,0.024192635936075547,4.554036577873493,0.05675880755297275,2.0368424949502755,0.03282755565582758,2.4493452724008518,0.05425880755297275,0.051758807552972755,0.04675880755297275,4,0.04345536489022693,0.07671397154709149,0.8918918918918919,0.02837947465455895,-0.18096363465329754,-0.07119081718905118,-0.001342151683161763,-0.5958420888603712,-0.31645005908320123,-0.2793920297771699,False
IO_ShortInterest::+1::LRreversal::-1,IO_ShortInterest,1,LRreversal,-1,120,60,0.02692407619979494,4.596671345916461,0.05671053438707282,2.164289493193203,0.03538227732421624,2.5557469378824473,0.054210534387072816,0.05171053438707282,0.046710534387072816,4,0.03845145488219227,0.08409915364439362,0.918918918918919,0.030391987770708843,-0.444588089538375,-0.028556049146082785,0.12610484655976562,-0.5826858589706158,-0.592594778845593,0.009908919874977218,False
EarningsForecastDisparity::+1::IO_ShortInterest::+1,EarningsForecastDisparity,1,IO_ShortInterest,1,120,60,0.026737441723120838,4.942031161540035,0.056696705659204434,2.082299727062579,0.03732320625728929,2.8049527342645595,0.05419670565920443,0.05169670565920444,0.04669670565920443,5,0.04456812559712031,0.07488957575233061,0.9459459459459459,0.02774959764150106,0.05352753127690353,0.31680376647749053,0.044115080429141695,-0.5508776316811007,-0.3310635057897179,-0.21981412589138283,False
BetaFP::-1::IO_ShortInterest::+1,BetaFP,-1,IO_ShortInterest,1,120,60,0.02729247487590756,4.482636004780897,0.056614722923799835,2.24574205801379,0.041745926263637385,2.9936246551418844,0.05411472292379983,0.05161472292379984,0.04661472292379983,5,0.04558788368490771,0.07315498178213801,0.972972972972973,0.028174540217674772,-0.12463477486371707,-0.14259139028164736,0.20755741138035289,-0.5780235043950338,-0.6444121688502509,0.06638866445521707,False
ChNAnalyst::-1::IO_ShortInterest::+1,ChNAnalyst,-1,IO_ShortInterest,1,120,60,0.023960810716491122,4.4128491614132175,0.0565745290509992,2.0078612885893867,0.032184020947417576,2.4809128619597485,0.0540745290509992,0.051574529050999206,0.0465745290509992,4,0.04698193209729248,0.07096342448155929,0.8918918918918919,0.027784681225777486,0.04781233344564512,-0.21237823364932673,-0.030323358044050508,-0.588830862533823,-0.3760374453490847,-0.21279341718473832,False
DelCOL::-1::IO_ShortInterest::+1,DelCOL,-1,IO_ShortInterest,1,120,60,0.024185603738214885,4.683972064607056,0.05649995482783477,2.01360084924328,0.0325279834499192,2.496085362316852,0.05399995482783477,0.051499954827834774,0.04649995482783477,4,0.04397642773115054,0.07528524547286108,0.8918918918918919,0.028017995636718484,-0.21956850277800855,0.058744669544512185,-0.024583797390157258,-0.6105373420715182,-0.28716072313079466,-0.32337661894072356,False
IO_ShortInterest::+1::std_turn::+1,IO_ShortInterest,1,std_turn,1,120,60,0.027346199501110297,4.4868541658642425,0.05647643563236412,2.266904946813266,0.04522809062484163,3.143291662496629,0.053976435632364116,0.05147643563236412,0.046476435632364116,5,0.043912997963162975,0.07532159213616584,1.0,0.029374049569804984,-0.248869453641635,-0.13837322919830175,0.22872030017982858,-0.584522094789028,-0.6964219344755023,0.11189983968647432,False
CredRatDG::+1::IO_ShortInterest::+1,CredRatDG,1,IO_ShortInterest,1,120,60,0.027015953934693616,4.902723327607571,0.05640143111168651,2.0321505875379717,0.03809463737916048,2.606282448802775,0.05390143111168651,0.05140143111168651,0.04640143111168651,4,0.04453302551455277,0.07420403950738712,0.8918918918918919,0.027568950991397258,-0.068252545421148,0.277495932545027,-0.006034059095465505,-0.6227460830024723,-0.46046624834533145,-0.1622798346571408,False
AdExp::-1::IO_ShortInterest::+1,AdExp,-1,IO_ShortInterest,1,120,60,0.025151502028420078,4.293140366022221,0.05630808683943629,2.184757678301763,0.038191713613607556,2.829274177196655,0.05380808683943629,0.051308086839436294,0.04630808683943629,5,0.04146025228464928,0.07857983867161682,0.8918918918918919,0.02899893946366801,-0.38277626232908024,-0.3320870290403235,0.1465730316683258,-0.5695436812604854,-0.5664901561090672,-0.0030535251514182127,False
DelLTI::-1::IO_ShortInterest::+1,DelLTI,-1,IO_ShortInterest,1,120,60,0.024614153081885658,4.6549331232082345,0.05629714296268285,2.0082775429357835,0.0337548439891681,2.549896618870389,0.05379714296268285,0.051297142962682854,0.04629714296268285,4,0.04537929264119157,0.07267391844491977,0.8918918918918919,0.027911422209824285,-0.3463086650906868,0.02970572814569028,-0.029907103697653703,-0.5934169762547656,-0.23046042455625082,-0.3629565516985148,False
DelNetFin::+1::IO_ShortInterest::+1,DelNetFin,1,IO_ShortInterest,1,120,60,0.02563696627640871,4.7292379500178985,0.056160131629319654,2.0284425518482294,0.0340006123151423,2.654241814647012,0.05366013162931965,0.051160131629319656,0.04616013162931965,5,0.044863923394595745,0.07310444398140549,0.8918918918918919,0.028118902753024935,-0.5076695272643752,0.10401055495535427,-0.009742094785207822,-0.575547664142884,-0.2928900307811557,-0.28265763336172833,False
IO_ShortInterest::+1::MomSeason::+1,IO_ShortInterest,1,MomSeason,1,120,60,0.02568856013749011,4.678523910723393,0.055973362925004946,2.006874719852864,0.037820153541143,2.6341700102076198,0.053473362925004944,0.05097336292500495,0.045973362925004944,4,0.04498583143634319,0.07245466015799758,0.8918918918918919,0.028392786727926535,-0.06051169069661818,0.0532965156608487,-0.03130992678057343,-0.6513611520952178,-0.5227275987755798,-0.128633553319638,False
IO_ShortInterest::+1::grcapx3y::-1,IO_ShortInterest,1,grcapx3y,-1,120,60,0.024632099222959513,4.429677026471635,0.05591353706074422,2.0497372265182943,0.033362904409661345,2.5254494977176773,0.05341353706074422,0.050913537060744224,0.04591353706074422,4,0.04279848885872958,0.07558610936376617,0.8918918918918919,0.02838133273840848,-0.46060120706489405,-0.1955503685909088,0.011552579884857028,-0.6026791343228536,-0.32129901388308035,-0.28138012043977323,False
IO_ShortInterest::+1::IntanEP::-1,IO_ShortInterest,1,IntanEP,-1,120,60,0.023781702291924986,4.246411823540423,0.05589294181378578,2.0429985226323497,0.03342771321310903,2.323277961746386,0.05339294181378578,0.050892941813785786,0.04589294181378578,4,0.042338254698809516,0.07622497248625018,0.8918918918918919,0.02750777996378809,-0.19392551369572603,-0.37881557152212153,0.004813875998912476,-0.6336779815979303,-0.4735962924580779,-0.16008168913985243,False
IO_ShortInterest::+1::MRreversal::-1,IO_ShortInterest,1,MRreversal,-1,120,60,0.027589811332212794,4.921640860100654,0.05581078810401686,2.0318362590520094,0.034461879846939554,2.4790619860261227,0.053310788104016855,0.05081078810401686,0.045810788104016856,4,0.040331881419551824,0.07902914813071442,0.8918918918918919,0.028619076427244376,-0.3220958339716053,0.2964134650381096,-0.006348387581427861,-0.6166501908781886,-0.493813514246943,-0.12283667663124564,False
IO_ShortInterest::+1::ShareVol::+1,IO_ShortInterest,1,ShareVol,1,120,60,0.026688045977384632,4.698517520322954,0.0557323684507374,2.0366469021505114,0.0359024038684449,2.6677718834967568,0.0532323684507374,0.050732368450737406,0.0457323684507374,4,0.044426963739547506,0.07269047551752228,0.8918918918918919,0.02722015189579555,-0.11518401445699315,0.07329012526041012,-0.0015377444829258735,-0.5968069102227926,-0.4117558911698683,-0.18505101905292431,False
IO_ShortInterest::+1::RealizedVol::+1,IO_ShortInterest,1,RealizedVol,1,120,60,0.02582685878371235,4.567207403729408,0.05569450376907146,2.147782602437508,0.04083739284326106,3.121425884295457,0.053194503769071456,0.05069450376907146,0.04569450376907146,5,0.05207164061061889,0.06112879850675031,1.0,0.028100640658705295,-0.2111802727869285,-0.05801999133313629,0.10959795580407095,-0.5729058921241832,-0.5610712850944283,-0.011834607029754918,False
IO_ShortInterest::+1::IntanBM::-1,IO_ShortInterest,1,IntanBM,-1,120,60,0.024977793811436368,4.421210078689372,0.05569405383610037,2.0361027680959176,0.03544137194084292,2.382723050380484,0.05319405383610037,0.05069405383610037,0.04569405383610037,4,0.040732729388073874,0.07813604050814012,0.8918918918918919,0.027092384331603964,-0.12145784245333043,-0.20401731637317244,-0.0020818785375196214,-0.6428563381899463,-0.5410293932121507,-0.10182694497779554,False
IO_ShortInterest::+1::VolSD::+1,IO_ShortInterest,1,VolSD,1,120,60,0.02540931307940948,4.520823080296695,0.05560184001807375,2.0871085150744872,0.03783262466236163,2.689803358596663,0.05310184001807375,0.05060184001807375,0.04560184001807375,4,0.042959413894204074,0.07456547920387825,0.8918918918918919,0.02778848496111058,-0.3153717982297272,-0.10440431476584955,0.04892386844105001,-0.5917501343161797,-0.4672526130031549,-0.12449752131302483,False
EBM::-1::IO_ShortInterest::+1,EBM,-1,IO_ShortInterest,1,120,60,0.024007432215933197,4.197588089811986,0.05556654665095766,2.0074650757968406,0.03336046380989761,2.4643141472870767,0.053066546650957655,0.05056654665095766,0.045566546650957655,4,0.043949920848896866,0.07299148535404884,0.8918918918918919,0.027401360676685062,-0.5041120617103597,-0.42763930525055827,-0.0307195708365966,-0.6002343269644326,-0.34465864258159207,-0.2555756843828405,False
IO_ShortInterest::+1::RIO_Disp::-1,IO_ShortInterest,1,RIO_Disp,-1,120,60,0.02140918675434635,3.7223780622092373,0.055460734289821054,2.0225579959550464,0.03182460309178262,2.4041889764012616,0.05296073428982105,0.050460734289821056,0.04546073428982105,4,0.04311460736276987,0.07397992468039784,0.8918918918918919,0.027434815627341517,-0.5121190140429793,-0.9028493328533069,-0.015626650678390863,-0.5890105469624423,-0.36380253782246297,-0.2252080091399793,False
EntMult::-1::IO_ShortInterest::+1,EntMult,-1,IO_ShortInterest,1,120,60,0.024365145774903597,4.347199411610345,0.055391500637776946,2.0206701779933502,0.03525255337298667,2.3673873684044646,0.05289150063777694,0.05039150063777695,0.045391500637776944,4,0.03997129068359194,0.07852181556905444,0.8918918918918919,0.027470210393020167,-0.2034213511141743,-0.2780279834521995,-0.01751446864008699,-0.6698745325185005,-0.5881992633221842,-0.08167526919631629,False
EP::-1::IO_ShortInterest::+1,EP,-1,IO_ShortInterest,1,120,60,0.025047306841766297,4.380140564606752,0.05521966682454275,2.0817055225778267,0.03526745135479712,2.552511951062916,0.052719666824542745,0.05021966682454275,0.045219666824542745,4,0.04165030500123611,0.07557370955950271,0.8918918918918919,0.02676228466570484,-0.21051054729908017,-0.24508683045579183,0.04352087594438947,-0.6175157124973105,-0.5711618660113537,-0.04635384648595686,False
FR::+1::IO_ShortInterest::+1,FR,1,IO_ShortInterest,1,120,60,0.024220294868044223,4.327413666464583,0.0540346476051574,2.1445314931100143,0.0358964198694125,2.767897666020838,0.0515346476051574,0.049034647605157404,0.0440346476051574,5,0.040891800300106466,0.0737489185627338,0.918918918918919,0.02644398128068131,-0.37403317280428094,-0.2978137285979612,0.1063468464765771,-0.5744745628910561,-0.5870297694972155,0.012555206606159386,False
Beta::-1::IO_ShortInterest::+1,Beta,-1,IO_ShortInterest,1,120,60,0.02439104989867135,4.210833431778223,0.053115455412298236,2.160233069334796,0.03871234249682053,2.7792218730293587,0.050615455412298234,0.04811545541229824,0.043115455412298234,5,0.040745380440759905,0.07167056786960573,0.918918918918919,0.025641716720324618,-0.297363049692129,-0.4143939632843212,0.12204842270135874,-0.5732232007897136,-0.727752424960713,0.15452922417099946,False
IO_ShortInterest::+1::IntanSP::-1,IO_ShortInterest,1,IntanSP,-1,120,60,0.02601363308923521,4.313819333295591,0.05291283630099602,2.0781736590856807,0.03294732619373581,2.377252127644029,0.050412836300996015,0.04791283630099602,0.042912836300996016,4,0.03622168436958311,0.07794956419811543,0.8918918918918919,0.02632234310775894,-0.4506444310528625,-0.31140806176695346,0.03998901245224351,-0.5956199564055823,-0.6735085870648334,0.07788863065925111,False
Frontier::-1::IO_ShortInterest::+1,Frontier,-1,IO_ShortInterest,1,120,60,0.024297155009245064,4.147840807702483,0.05174926848573393,2.0155847804870226,0.03714095766703792,2.4404211930820514,0.04924926848573393,0.046749268485733936,0.04174926848573393,5,0.0339606069520538,0.07843226078625416,0.8918918918918919,0.025495708030800292,-0.3389948277273043,-0.4773865873600611,-0.022599866146414627,-0.6344158383427331,-0.749614784932986,0.11519894659025287,False
RIO_Volatility::+1::XFIN::+1,RIO_Volatility,1,XFIN,1,120,60,0.01032301244524566,4.613715089678644,0.01911949114847098,2.796919211865405,0.016870954766230895,2.7233672397674797,0.016619491148470982,0.01411949114847098,0.00911949114847098,4,0.021418948209532145,0.015670305556879243,1.0,0.015017746502184461,-0.12185747625447564,1.0109874536055306,0.2671534031038081,-0.1407333779200991,-0.12849324057888156,-0.012240137341217538,False
GP::+1::NetPayoutYield::+1,GP,1,NetPayoutYield,1,120,60,0.007999137346625922,3.132376397603906,0.019040949968275687,2.653321605824079,0.014186188802250083,2.8225392302082377,0.016540949968275688,0.014040949968275686,0.009040949968275687,4,0.017889653391869417,0.020767894832885082,1.0,0.014660309265363254,0.4077190587540892,-0.036163531296881324,0.348588170094815,-0.2403414930671841,-0.32953630914272924,0.08919481607554514,False
NetPayoutYield::+1::RIO_Volatility::+1,NetPayoutYield,1,RIO_Volatility,1,120,60,0.011499561760827386,4.108824637053355,0.018856823827203547,2.603002759738063,0.017119927503801043,2.5668192473773863,0.016356823827203548,0.013856823827203546,0.008856823827203547,4,0.02188693461392925,0.014311657647114983,1.0,0.014562497678222599,-0.09680754294874899,0.5060970009802417,0.0732369509764661,-0.19731233451048247,-0.12849324057888156,-0.0688190939316009,False
DivOmit::+1::XFIN::+1,DivOmit,1,XFIN,1,120,60,0.009417359249196384,2.738761960185336,0.017539223339598623,3.9689467825095526,0.017990377032755002,4.062355970138794,0.015039223339598623,0.012539223339598622,0.007539223339598623,4,0.015045578031114294,0.021279691302325116,1.0,0.01372576101034178,-0.4319232022972298,-0.64102606543939,1.8718753259859975,-0.11096295310763282,-0.2652493169781539,0.15428636387052108,False
DivOmit::+1::NetPayoutYield::+1,DivOmit,1,NetPayoutYield,1,120,60,0.01059390856477811,2.7849829256899183,0.017276556018331186,3.544013971114532,0.01757420863602915,3.5942884266952375,0.014776556018331185,0.012276556018331185,0.0072765560183311855,4,0.015513564435511405,0.01992104339256086,1.0,0.013139902786501607,-0.378009033683598,-0.38355700321086905,1.5830546340018472,-0.146034413466821,-0.2652493169781539,0.1192149035113329,False
EarningsStreak::+1::XFIN::+1,EarningsStreak,1,XFIN,1,120,60,0.006588705530793855,4.527056336334275,0.017267755867385253,2.4581831575549544,0.014918428567447095,2.579069850554445,0.014767755867385253,0.012267755867385252,0.007267755867385253,4,0.01763946720590264,0.016710188859609176,1.0,0.013373485314526997,0.4396154772893919,-0.09594422622259824,-0.1890748598047689,-0.2013612764666236,-0.09272648657973837,-0.10863478988688524,False
ShortInterest::+1::XFIN::+1,ShortInterest,1,XFIN,1,120,60,0.00905838104718896,5.064858320447874,0.017011997088660812,2.2010071032584326,0.018170381695557417,2.9336588770469993,0.014511997088660812,0.012011997088660811,0.007011997088660812,4,0.016565752069631436,0.01768136461720488,1.0,0.012789521920051198,0.40913723885603476,0.1497449417620631,0.10393564673487754,-0.28461465586593215,-0.2661638891763044,-0.01845076668962775,False
EarningsStreak::+1::NetPayoutYield::+1,EarningsStreak,1,NetPayoutYield,1,120,60,0.00776525484637558,3.8890340389737186,0.017005088546117816,2.4041959225146767,0.012272682760782446,2.2017779376874467,0.014505088546117815,0.012005088546117815,0.0070050885461178155,4,0.018107453610299758,0.015351540949844915,1.0,0.012918236490565133,0.35621655297873983,-0.7339665235831547,-0.2430620948450466,-0.1982028042424917,-0.09272648657973837,-0.10547631766275334,False
NetPayoutYield::+1::ShortInterest::+1,NetPayoutYield,1,ShortInterest,1,120,60,0.010234930362770686,5.03424696864317,0.016749329767393382,2.143332347729674,0.016413747127634097,2.560869796054501,0.014249329767393381,0.01174932976739338,0.006749329767393382,4,0.01703373847402855,0.01632271670744062,1.0,0.012228462708641526,0.35360390901427025,0.11913358995735912,0.18237301061698918,-0.28232544114492275,-0.2661638891763044,-0.01616155196861835,False
RIO_Volatility::+1::cfp::+1,RIO_Volatility,1,cfp,1,120,60,0.008839594841259683,4.179691507949782,0.016123021943330283,2.1478463470560025,0.01690242718547871,2.5771689358531997,0.013623021943330283,0.011123021943330282,0.006123021943330283,4,0.01960316460864256,0.010902807945361878,1.0,0.012280168392352941,-0.09111294963646029,0.5769638718766683,-0.38191946170559454,-0.19723778684363236,-0.12849324057888156,-0.0687445462647508,False
AccrualsBM::+1::Mom12mOffSeason::+1,AccrualsBM,1,Mom12mOffSeason,1,120,60,0.009472935858283741,3.90474218423148,0.01602980271804198,2.640976623393631,0.015749980682318622,2.874075335665667,0.013529802718041979,0.011029802718041978,0.006029802718041979,3,0.02553585003576045,0.0017707317414642747,1.0,0.01138898548173563,-0.4166715589383465,0.42780927770417865,0.5800931439408794,-0.1419023179275558,-0.3721013160203742,0.2301989980928184,False
Mom12mOffSeason::+1::RIO_Volatility::+1,Mom12mOffSeason,1,RIO_Volatility,1,120,60,0.013408873113340486,4.206315445578677,0.015978861547557805,2.954103379678643,0.01672357404318898,3.203930417009947,0.013478861547557805,0.010978861547557804,0.005978861547557805,4,0.023390673473166403,0.004861143659144915,1.0,0.01169038392027833,0.013917334901952193,0.6035878095055636,0.42433757091704605,-0.16102344880077135,-0.12849324057888156,-0.03253020822188979,False
Mom12m::+1::RIO_Volatility::+1,Mom12m,1,RIO_Volatility,1,120,60,0.01193313194714029,4.648653183352943,0.015429754594825422,2.2033222390147156,0.017105573197447103,2.559789023606934,0.012929754594825421,0.010429754594825421,0.005429754594825422,4,0.015066525229578857,0.01597459864269528,1.0,0.011397271268852746,-0.019888427738965552,1.0133929386375238,-0.3264435697468815,-0.16764955696629213,-0.12849324057888156,-0.03915631638741057,False
Mom12mOffSeason::+1::ShareIss5Y::+1,Mom12mOffSeason,1,ShareIss5Y,1,120,60,0.011696148497103098,3.9378445858104887,0.015336098247209225,2.0335743634104753,0.018960319996540555,2.820456648188002,0.012836098247209224,0.010336098247209224,0.0053360982472092245,4,0.018093026226490526,0.011200706278287271,1.0,0.01117044964317766,0.4094029980941947,0.4609116792831873,-0.027309116042276482,-0.31851677525500566,-0.3581377279449851,0.03962095268997945,False
RIO_Turnover::+1::XFIN::+1,RIO_Turnover,1,XFIN,1,120,60,0.007929181236963071,4.578776232773776,0.015193162891823027,2.5055496754866438,0.013691210594410416,2.5606114780218023,0.012693162891823026,0.010193162891823027,0.005193162891823026,4,0.016278719063725813,0.013564828633968845,1.0,0.011154187468817755,-0.07244009073857562,1.1989882071490499,0.40847821896308867,-0.12175491997032006,-0.11422904831598801,-0.00752587165433205,False
GP::+1::ShareIss1Y::+1,GP,1,ShareIss1Y,1,120,60,0.006362765689208891,3.0574035238006845,0.015068793035311345,2.2689217326180673,0.011573434763787586,3.230051422332586,0.012568793035311344,0.010068793035311344,0.005068793035311344,4,0.015387015152554393,0.01459145985944677,1.0,0.010875497016398245,0.46735251234878683,-0.32258890205621205,-0.035811703111196636,-0.2712618195368809,-0.32953630914272924,0.058274489605848356,False
NetPayoutYield::+1::RIO_Turnover::+1,NetPayoutYield,1,RIO_Turnover,1,120,60,0.009105730552544796,3.927845418610683,0.014930495570555586,2.3587355273263557,0.013335284529965064,2.340776407365597,0.012430495570555585,0.009930495570555586,0.004930495570555585,4,0.01674670546812292,0.012206180724204587,1.0,0.010698938644855896,-0.07715625539640704,0.7593054897098956,0.39777619021367094,-0.15789715818754135,-0.11422904831598801,-0.04366810987155334,False
RIO_Volatility::+1::ShareIss1Y::+1,RIO_Volatility,1,ShareIss1Y,1,120,60,0.00986319010341035,4.574681032284888,0.014884666894239208,2.3637644822521806,0.01328272251052942,2.3162422182119116,0.012384666894239208,0.009884666894239207,0.004884666894239208,4,0.019384296374614227,0.00813522267367667,1.0,0.010752038314151677,-0.055879980856349556,0.9719533962117741,-0.16600132650941646,-0.13708717236432932,-0.12849324057888156,-0.008593931785447761,False
ChTax::+1::XFIN::+1,ChTax,1,XFIN,1,120,60,0.0063789048774170205,4.527641915779207,0.01481500910806288,2.284751138537347,0.014243179494260174,2.5618473008858302,0.01231500910806288,0.009815009108062881,0.00481500910806288,4,0.013751812260131464,0.016409804379960004,1.0,0.010993125720463825,0.19257438692608128,1.1478538901544812,0.18767968201379182,-0.2204891884287027,-0.1681627194147931,-0.05232646901390958,False
RIO_Disp::+1::XFIN::+1,RIO_Disp,1,XFIN,1,120,60,0.00783081804454399,4.243645611014588,0.014748180129637552,2.757456079126749,0.013311291354325953,2.74935090923075,0.012248180129637552,0.009748180129637553,0.004748180129637552,4,0.015045129067442764,0.01430275672292973,1.0,0.010919510050103439,-0.17340607053560644,0.8638575853898622,0.660384622603194,-0.1216520132399167,-0.12076620385009429,-0.0008858093898224118,False
GP::+1::RIO_Volatility::+1,GP,1,RIO_Volatility,1,120,60,0.007989173077583256,3.3307929677739465,0.014639212813382579,5.490759580638482,0.014103224091655596,6.194957619097639,0.012139212813382578,0.009639212813382578,0.0046392128133825785,5,0.01650477824927756,0.011840864659540104,1.0,0.010637538226679955,-0.30447804838703246,-0.271934668299167,2.960993771876885,-0.08706437130941047,-0.12849324057888156,0.04142886926947109,False
ChTax::+1::NetPayoutYield::+1,ChTax,1,NetPayoutYield,1,120,60,0.007555454192998745,4.010361209273985,0.01455234178679544,2.240151585122605,0.0127739799309577,2.2705971667916267,0.012052341786795439,0.00955234178679544,0.004552341786795439,4,0.01421979866452857,0.015051156470195745,1.0,0.010576760932429976,0.1470144159085808,0.8418212803731979,0.27919224800992026,-0.21823269979728288,-0.1681627194147931,-0.050069980382489776,False
AccrualsBM::+1::RIO_Volatility::+1,AccrualsBM,1,RIO_Volatility,1,120,60,0.0075536602367279725,3.0466410235195345,0.014506027842794613,2.3500350617578554,0.01191596487738497,2.3809376339654675,0.012006027842794613,0.009506027842794612,0.004506027842794613,4,0.022647236033931446,0.002294215556089364,1.0,0.009651978244707952,0.03328864221885524,-0.556086612553579,-0.1797307470037417,-0.19715439345913777,-0.12849324057888156,-0.0686611528802562,False
NetPayoutYield::+1::RIO_Disp::+1,NetPayoutYield,1,RIO_Disp,1,120,60,0.009007367360125714,4.016150097417573,0.014485512808370116,2.5522109084493123,0.01264634840061195,2.4472419514366126,0.011985512808370116,0.009485512808370115,0.004485512808370116,4,0.015513115471839875,0.01294410881316547,1.0,0.010464261226141578,-0.15559865702962344,0.8476101685167858,0.5912515713366275,-0.1849307980122925,-0.12076620385009429,-0.06416459416219822,False
EBM::+1::NetPayoutYield::+1,EBM,1,NetPayoutYield,1,120,60,0.006409121898538868,3.336419611574722,0.014379700447233518,2.277211357367075,0.012547417205356735,2.2002135799107094,0.011879700447233518,0.009379700447233519,0.004379700447233518,4,0.014677801985712882,0.013932548139514472,1.0,0.010507117396602554,-0.10335987961110274,0.16787968267393483,0.24931548166066575,-0.20218122710285535,-0.05533675590017395,-0.1468444712026814,False
NetEquityFinance::+1::RIO_Volatility::+1,NetEquityFinance,1,RIO_Volatility,1,120,60,0.010500868207171542,4.377812912392149,0.014243107657894622,2.160954266272538,0.012366263183067164,2.0286120060758654,0.011743107657894622,0.009243107657894621,0.004243107657894622,4,0.015454391629605114,0.01242618170032888,1.0,0.010147917192355846,-0.17055015422975073,0.7750852763190355,-0.368811542489059,-0.18655569729302113,-0.12849324057888156,-0.058062456714139565,False
GP::+1::ShareIss5Y::+1,GP,1,ShareIss5Y,1,120,60,0.00627644846134587,2.8009757215319575,0.013996449513034,2.3240986970059914,0.011191221793283471,3.2483083906811223,0.011496449513034,0.008996449513034,0.003996449513034,4,0.011207131002601694,0.01818042727868246,1.0,0.009911125965622063,0.5321019645599874,-0.4500385559269313,0.01936526127672744,-0.28148238224312294,-0.32953630914272924,0.0480539268996063,False
AssetGrowth::+1::Mom12mOffSeason::+1,AssetGrowth,1,Mom12mOffSeason,1,120,60,0.008927312062922564,3.652626221975776,0.013953864623781552,2.7608270164324487,0.015230630074838679,2.9801299656776155,0.011453864623781552,0.008953864623781553,0.003953864623781552,4,0.023164982843037515,0.00013718729489760212,1.0,0.009395657427493414,0.18119992337985852,0.17569331544847477,0.6999435369796969,-0.1953931737693051,-0.19051869273206856,-0.004874481037236533,False
Mom12mOffSeason::+1::ShortInterest::+1,Mom12mOffSeason,1,ShortInterest,1,120,60,0.012144241715283789,4.7205185003902885,0.013871367487747635,2.284185144149234,0.019161746361254162,3.9800174472950585,0.011371367487747634,0.008871367487747635,0.0038713674877476345,4,0.01853747733326569,0.006872202719470554,1.0,0.009791754478275535,0.34145021561083005,-0.19459487829552202,0.22330166469648205,-0.2807603348359021,-0.2661638891763044,-0.014596445659597723,False
ChangeInRecommendation::+1::XFIN::+1,ChangeInRecommendation,1,XFIN,1,120,60,0.005790868485359005,4.400211835989239,0.01351211074624622,2.297074439879702,0.012881358288121822,2.6197360041718554,0.01101211074624622,0.008512110746246221,0.00351211074624622,4,0.0143637041726336,0.012234720606665144,1.0,0.009850191772057449,0.17713495262648413,1.0204238103645134,0.20000298335614675,-0.2041839500262238,-0.10716596280677848,-0.09701798721944532,False
ChInv::+1::NetPayoutYield::+1,ChInv,1,NetPayoutYield,1,120,60,0.007072085294618234,3.926974058646127,0.013439773728931018,2.2071022733506696,0.01267055265670242,2.4671139821074406,0.010939773728931018,0.008439773728931017,0.003439773728931018,4,0.016490257643265383,0.00886404785742948,1.0,0.00940520805740962,0.17709144867545396,0.7584341297453396,0.24614293623798478,-0.18508709542372603,-0.1749701381083706,-0.010116957315355446,False
AssetGrowth::+1::Mom12m::+1,AssetGrowth,1,Mom12m,1,120,60,0.007451570896722366,4.073017748431742,0.013404757671049171,2.25175609521459,0.012434613199003564,2.6129618527355767,0.01090475767104917,0.00840475767104917,0.0034047576710491707,4,0.014840834599449971,0.011250642278447964,1.0,0.009277467511259114,-0.09413563251182869,0.4377575037163224,0.4370640034919848,-0.1948956816497841,-0.19051869273206856,-0.004376988917715541,False
ChEQ::+1::ShareIss1Y::+1,ChEQ,1,ShareIss1Y,1,120,60,0.004462185615557325,3.8597273687639797,0.013348574775781259,2.4553134361052633,0.009375941339028424,2.507944882297184,0.010848574775781258,0.00834857477578126,0.0033485747757812587,3,0.0189997072102968,0.004871876124007947,1.0,0.00945763935978298,-0.25992354302782095,0.4797349429070832,0.23534457790275454,-0.09857091374585769,-0.15337417977904044,0.05480326603318275,False
DivOmit::+1::ShareIss1Y::+1,DivOmit,1,ShareIss1Y,1,120,60,0.008957536907361079,2.605223490677927,0.013304399085366847,3.222493864771735,0.014094497706665684,3.367493741712421,0.010804399085366847,0.008304399085366846,0.003304399085366847,5,0.013010926196196383,0.013744608419122548,1.0,0.009255388855307255,-0.4240757936824426,-0.7747689351789697,1.439094191531325,-0.11636777101966966,-0.2652493169781539,0.14888154595848424,False
ChangeInRecommendation::+1::NetPayoutYield::+1,ChangeInRecommendation,1,NetPayoutYield,1,120,60,0.0069674178009407305,3.9479001466941344,0.013249443424978781,2.167945135416718,0.01109224676107204,2.130779640283145,0.01074944342497878,0.00824944342497878,0.0032494434249787808,4,0.014831690577030713,0.010876072696900883,1.0,0.009394942948095586,0.11362595818549709,0.779360217793347,0.20698579830403308,-0.20154231756324492,-0.10716596280677848,-0.09437635475646644,False
Investment::+1::NetPayoutYield::+1,Investment,1,NetPayoutYield,1,120,60,0.006223918178396516,3.7199276508872776,0.013187439545218425,2.3226623167222935,0.009360210021420883,1.9697716039377704,0.010687439545218424,0.008187439545218424,0.0031874395452184245,4,0.015172357944382812,0.010210061946471841,1.0,0.008454046050021508,0.0821855337015529,0.5513877219864902,0.36170297960960873,-0.18670721200532414,-0.2173781288864991,0.03067091688117496,False
DivYieldST::+1::NetPayoutYield::+1,DivYieldST,1,NetPayoutYield,1,120,60,0.006891567081737352,3.4800026813210003,0.013066863545046527,2.143003067730449,0.011205213277765915,2.2357061181133364,0.010566863545046526,0.008066863545046526,0.0030668635450465265,4,0.013000130605469555,0.013166962954411983,1.0,0.009198108359607287,0.0944572554689264,0.31146275242021293,0.18204373061776424,-0.18927234618119804,-0.08524033007804277,-0.10403201610315527,False
NetPayoutYield::+1::dNoa::+1,NetPayoutYield,1,dNoa,1,120,60,0.006629782592932067,3.5648841568081133,0.013040166548636146,2.100998061117429,0.010882400604223125,2.1447018251927985,0.010540166548636145,0.008040166548636145,0.0030401665486361456,4,0.015662924540570847,0.009106029560734091,1.0,0.009094007265614896,-0.07733087854326802,0.39634422790732593,0.14003872400474426,-0.18116660416256247,-0.14821086763207625,-0.032955736530486224,False
EarningsStreak::+1::ShareIss1Y::+1,EarningsStreak,1,ShareIss1Y,1,120,60,0.006128883188958548,4.410026554639045,0.01303293161315348,2.0670315091823186,0.009455865387176682,2.187329961766945,0.01053293161315348,0.00803293161315348,0.0030329316131534802,4,0.015604815370984734,0.009175105976406603,1.0,0.009107777126494214,0.4250257122346558,-0.21297400791782817,-0.5802265081774047,-0.2103364591637631,-0.09272648657973837,-0.11760997258402472,False
FirmAgeMom::+1::RIO_Volatility::+1,FirmAgeMom,1,RIO_Volatility,1,120,60,0.010299472919504308,4.477584672825919,0.012933757445440314,2.5568396259449253,0.012103771305833042,2.5591050672451847,0.010433757445440313,0.007933757445440313,0.0029337574454403135,4,0.021594334238114504,-5.7107743570975734e-05,0.972972972972973,0.008800065452326623,-0.11128370385227156,0.8748570367528052,0.02707381718332824,-0.08525029123402839,-0.12849324057888156,0.04324294934485318,False
ChEQ::+1::RIO_Volatility::+1,ChEQ,1,RIO_Volatility,1,120,60,0.00608859300393169,3.33614218453062,0.012918994553852491,2.6823259513479094,0.010622467545452648,2.779344224860317,0.01041899455385249,0.00791899455385249,0.002918994553852491,4,0.020117470307019974,0.0021212809241012826,1.0,0.007948666798643096,0.3360965004554129,-0.2665854515424937,0.15256014258631234,-0.09926525928041896,-0.12849324057888156,0.029227981298462602,False
DivOmit::+1::RIO_Volatility::+1,DivOmit,1,RIO_Volatility,1,120,60,0.010583944295735441,2.9108935583566904,0.012874818863438085,3.383098601378581,0.013284823127783453,3.6148258618555973,0.010374818863438084,0.007874818863438084,0.0028748188634380844,5,0.014128689292919553,0.010994013219215884,1.0,0.008732112512232533,-0.030543861107952205,-0.6918340777164231,0.853332792616984,-0.08603758522176397,-0.12849324057888156,0.042455655357117594,False
AssetGrowth::+1::ShareIss1Y::+1,AssetGrowth,1,ShareIss1Y,1,120,60,0.005381629052992429,3.6084938712637054,0.012859669970462954,2.3185426773524727,0.008975134136734095,2.40766483624781,0.010359669970462953,0.007859669970462953,0.0028596699704629535,3,0.019158605744485344,0.0034112663094293585,1.0,0.008957747645291838,-0.22462785820753275,0.22850144540680883,0.5038505856298676,-0.09574459640859057,-0.19051869273206856,0.094774096323478,False
EarningsStreak::+1::GP::+1,EarningsStreak,1,GP,1,120,60,0.004254866163131453,2.9913053167833756,0.012787477532296854,2.790667871682004,0.011119362953766825,4.60133552308129,0.010287477532296854,0.007787477532296854,0.002787477532296854,5,0.012725297245648063,0.01288074796227004,1.0,0.008850882011200345,0.47906594959962706,-1.6316952457734977,0.1434098543222806,-0.2035459171325703,-0.09272648657973837,-0.11081943055283194,False
NetPayoutYield::+1::UpRecomm::+1,NetPayoutYield,1,UpRecomm,1,120,60,0.006638078455758156,3.630245536647621,0.012749872707109635,2.071148235479966,0.010816489808175112,1.9781520328421112,0.010249872707109635,0.007749872707109635,0.002749872707109635,4,0.013410733095648164,0.011758582124301845,1.0,0.00881730644814924,0.17391113467593036,0.46170560774683356,0.11018889836728141,-0.2129169918520717,-0.08719824529108089,-0.1257187465609908,False
ChEQ::+1::NetEquityFinance::+1,ChEQ,1,NetEquityFinance,1,120,60,0.005099863719318513,3.9595807920890462,0.012707015539436673,2.191657878505843,0.010034314517282575,2.2568761464307228,0.010207015539436672,0.007707015539436673,0.0027070155394366725,4,0.015069802465287684,0.009162835150660157,1.0,0.008745861285485088,-0.3110682981335553,0.6515415481457185,-0.02831097969666585,-0.14996511400620793,-0.15337417977904044,0.003409065772832509,False
DivOmit::+1::NetEquityFinance::+1,DivOmit,1,NetEquityFinance,1,120,60,0.009595215011122265,2.6565970297295154,0.012662839849022261,2.6527186619249057,0.013502764932544252,2.925064666064216,0.01016283984902226,0.007662839849022261,0.0026628398490222607,4,0.009081021451187265,0.01803556744577476,0.972972972972973,0.008670688890688411,-0.36743311272185564,-0.6514422142138123,0.8693189886844954,-0.19675210068338733,-0.2652493169781539,0.06849721629476657,False
EarningsStreak::+1::RIO_Volatility::+1,EarningsStreak,1,RIO_Volatility,1,120,60,0.007755290577332914,4.191458874673563,0.012603351391224716,3.5178524221458627,0.011719834556705612,3.540542332402152,0.010103351391224716,0.007603351391224716,0.002603351391224716,5,0.016722578467707902,0.006424510776499939,1.0,0.008907956946108775,0.073442150002976,-0.4315416878833105,0.8705944047861394,-0.05242463550229326,-0.09272648657973837,0.040301851077445106,False
GP::+1::ShortInterest::+1,GP,1,ShortInterest,1,120,60,0.00672454167952656,4.091247092295839,0.012531718753572408,2.4865201365752965,0.012619708199443662,3.772207768736677,0.010031718753572408,0.007531718753572408,0.002531718753572408,4,0.011651582109376857,0.01385192371986574,1.0,0.008675353773133233,0.37778653624884384,-0.823866286389972,0.18178670084603255,-0.22006533563098907,-0.2661638891763044,0.046098553545315335,False
AssetGrowth::+1::RIO_Volatility::+1,AssetGrowth,1,RIO_Volatility,1,120,60,0.007008036441366795,3.278968301241247,0.012430089748534188,2.577602920283256,0.009997500868705276,2.62072687848455,0.009930089748534187,0.007430089748534188,0.0024300897485341876,4,0.02027636884120852,0.0006606711095226958,1.0,0.00723418466655412,0.2415882120637609,-0.3237593348318666,0.047837111521658926,-0.10549339855458295,-0.12849324057888156,0.02299984202429861,False
DownRecomm::+1::NetPayoutYield::+1,DownRecomm,1,NetPayoutYield,1,120,60,0.006456797618798042,3.4919423448012643,0.012297755959152666,2.04180350419108,0.010648940241649005,1.943320987266155,0.009797755959152665,0.007297755959152666,0.0022977559591526656,4,0.012501812522686031,0.011991671113852617,1.0,0.008513935562672428,-0.06564726976234946,0.3234024159004769,0.08084416707839504,-0.20352665730776764,-0.07222084180607868,-0.13130581550168896,False
DelEqu::+1::ShareIss1Y::+1,DelEqu,1,ShareIss1Y,1,120,60,0.004394772251848827,3.9632805906516153,0.012203879539509922,2.1809188862957263,0.009605101585669022,2.420137588868225,0.009703879539509921,0.007203879539509922,0.0022038795395099217,3,0.018208448745161934,0.003197025731031909,1.0,0.008376153404338404,-0.25683312782117446,0.5832881647947188,0.5414880897823162,-0.11806798538893326,-0.19492412555707672,0.07685614016814346,False
Mom12mOffSeason::+1::RIO_Turnover::+1,Mom12mOffSeason,1,RIO_Turnover,1,120,60,0.011015041905057898,4.422882697447613,0.012052533290909847,2.4427373869637874,0.013545494505568835,3.06925675290257,0.009552533290909847,0.007052533290909847,0.002052533290909847,3,0.018250444327360064,0.002755666736234518,1.0,0.007891116248821313,0.019960144256871124,0.9459497909203116,0.38185390751103565,-0.17170261166619616,-0.11422904831598801,-0.057473563350208146,False
EarningsStreak::+1::ShareIss5Y::+1,EarningsStreak,1,ShareIss5Y,1,120,60,0.006042565961095527,4.207924319252937,0.011960588090876136,2.301768318746261,0.009843578446941899,2.7482311325369135,0.009460588090876135,0.006960588090876136,0.0019605880908761357,4,0.011424931221032032,0.01276407339564229,1.0,0.008153123157624701,0.43172472165979786,-0.4150762433039361,-0.34548969861346235,-0.19229306939756108,-0.09272648657973837,-0.09956658281782271,False
IntanCFP::+1::Mom12mOffSeason::+1,IntanCFP,1,Mom12mOffSeason,1,120,60,0.00812927115225336,4.578801278041652,0.011851083064592134,2.199227292652869,0.012837156108449942,2.7016348988824537,0.009351083064592133,0.006851083064592134,0.0018510830645921336,3,0.019580999352589255,0.00025620863259645364,1.0,0.007910227795545191,-0.4720626459242662,1.101868371514351,0.13834381320011735,-0.15853059575244777,-0.18240423711376108,0.023873641361313314,False
DelEqu::+1::RIO_Volatility::+1,DelEqu,1,RIO_Volatility,1,120,60,0.006021179640223192,3.263196030020576,0.011774299317581163,2.3391071995159116,0.009292428113274064,2.324247803219359,0.009274299317581162,0.006774299317581163,0.0017742993175811628,4,0.0193262118418851,0.000446430531125245,1.0,0.0066492432626778075,0.3486402621260862,-0.3395316060525375,-0.19065860924568545,-0.11970636118184319,-0.12849324057888156,0.008786879397038372,False
Mom12mOffSeason::+1::RIO_Disp::+1,Mom12mOffSeason,1,RIO_Disp,1,120,60,0.010916678712638819,4.175339457660317,0.011607550528724373,2.9790970455736354,0.013367433938967112,3.767421100206362,0.009107550528724372,0.006607550528724373,0.0016075505287243726,4,0.01701685433107702,0.0034935948251954042,1.0,0.007652864281755111,-0.07504721213225496,0.6984065511330155,0.9182135661208837,-0.16699653021283212,-0.12076620385009429,-0.04623032636273783,False
Mom12mOffSeason::+1::VolumeTrend::+1,Mom12mOffSeason,1,VolumeTrend,1,120,60,0.010042252548281328,4.186876537935989,0.011593203313902968,2.0006669051212724,0.015456340035021133,2.9988027281326386,0.009093203313902967,0.006593203313902968,0.0015932033139029675,4,0.016485242442298938,0.004255144621309013,1.0,0.007635317173619566,0.4089547466640199,-0.8525382066512925,-0.06021657433147931,-0.2393669203758716,-0.17644365893092429,-0.06292326144494731,False
Herf::-1::RIO_Volatility::+1,Herf,-1,RIO_Volatility,1,120,60,0.006110340527587813,3.987699996536645,0.011573031213396229,2.5163541601099886,0.010814945982074421,2.486353420127592,0.009073031213396228,0.006573031213396229,0.0015730312133962285,4,0.014533495670741118,0.007132334527378895,1.0,0.007845367045981655,-0.11036624626451721,0.38497236046353134,-0.013411648651608488,-0.104217982101794,-0.12849324057888156,0.024275258477087558,False
AOP::-1::NetPayoutYield::+1,AOP,-1,NetPayoutYield,1,120,60,0.006006833238526503,3.5062939500824104,0.011532043405297957,2.0356710598117824,0.00914032902973721,1.962338582840276,0.009032043405297957,0.006532043405297957,0.001532043405297957,4,0.010793129498518158,0.01264041426546765,1.0,0.007694143148346107,-0.17533800134953492,0.337754021181623,0.07471172269909765,-0.20381234796285597,-0.18870770740596854,-0.015104640556887428,False
GP::+1::REV6::+1,GP,1,REV6,1,120,60,0.004829639865869147,3.093417256346367,0.011521270479041829,2.2319161978989364,0.012669296678296044,3.833424210276429,0.009021270479041828,0.006521270479041829,0.0015212704790418287,5,0.012874148949098212,0.009491952773957257,1.0,0.007550028775213843,0.30781460096939534,-0.060751987571402655,-0.07281723783032756,-0.25662195482479677,-0.22600479745198376,-0.03061715737281301,False
XFIN::+1::tang::+1,XFIN,1,tang,1,120,60,0.004019657566661266,3.842318150543364,0.011471322677716058,2.886761750713309,0.011517371875947318,3.4958147109052873,0.008971322677716057,0.006471322677716058,0.0014713226777160575,4,0.008383735042740008,0.01610270413018013,1.0,0.008170612153210044,-0.8094706837528405,0.4625301249186382,0.7896902941897541,-0.0760358164121262,-0.3617934634050174,0.2857576469928912,False
IntanBM::+1::Mom12mOffSeason::+1,IntanBM,1,Mom12mOffSeason,1,120,60,0.007348071655548794,4.17211912188108,0.01137423098244506,2.15394111868457,0.012311589685606954,2.6101203917509577,0.00887423098244506,0.00637423098244506,0.00137423098244506,3,0.01939873230577301,-0.0006625210025468711,0.972972972972973,0.007488573271522865,-0.4736644767545084,0.6951862153537784,0.09305763923181809,-0.15022484551934756,-0.20548749802363653,0.05526265250428897,False
PctTotAcc::+1::ShareIss1Y::+1,PctTotAcc,1,ShareIss1Y,1,120,60,0.00476418227102823,3.7367301464551397,0.011360320163558287,2.0154082032530205,0.008093407270022708,1.9681400448407398,0.008860320163558286,0.006360320163558287,0.0013603201635582866,4,0.015743762696756113,0.00478515636376154,1.0,0.007579195644957574,0.18097777123336473,0.35673772059824316,0.07017579099328608,-0.16155466624064618,-0.1296887484741076,-0.031865917766538576,False
EarningsStreak::+1::FirmAgeMom::+1,EarningsStreak,1,FirmAgeMom,1,120,60,0.006565166005052507,4.536378948972379,0.01108202216435459,2.0753987551285897,0.010017799911151641,2.091126084845014,0.008582022164354589,0.006082022164354589,0.0010820221643545892,4,0.017814853234485006,0.000982775559158956,0.8648648648648649,0.006958770226795197,0.13577743183823435,-0.08662161358449438,-0.5718592622311336,-0.14191789090684992,-0.09272648657973837,-0.049191404327111554,False
HerfBE::-1::RIO_Volatility::+1,HerfBE,-1,RIO_Volatility,1,120,60,0.0061019638784715795,3.590070183651983,0.011015005157527829,2.6323879062636535,0.010063846914869204,2.6227643370731872,0.008515005157527828,0.006015005157527829,0.0010150051575278287,4,0.014411148900729464,0.005920789542725379,1.0,0.007326367538018399,-0.15692065637730454,-0.0126574524211307,0.10262209750205642,-0.08395456425451642,-0.12849324057888156,0.044538676324365145,False
RIO_Turnover::+1::ShareIss1Y::+1,RIO_Turnover,1,ShareIss1Y,1,120,60,0.007469358895127764,4.666249793958949,0.010958338637591247,2.0003789972754853,0.010672412319292973,2.3139340155302413,0.008458338637591246,0.005958338637591247,0.0009583386375912467,3,0.0142440672288079,0.006029745750766274,1.0,0.006888479280784971,0.0012609432098838658,1.2862573681020524,0.2285195478466031,-0.12587238175297388,-0.11422904831598801,-0.01164333343698587,False
PctTotAcc::+1::RIO_Volatility::+1,PctTotAcc,1,RIO_Volatility,1,120,60,0.006390589659402595,3.4745607180005242,0.010930739941629521,2.6150276534883994,0.008850803930527491,2.5377660233278942,0.00843073994162952,0.005930739941629521,0.0009307399416295208,5,0.016861525793479284,0.002034561163854878,1.0,0.006536403842339606,0.32040523721607395,-0.1281669180725893,0.08526184472680232,-0.07506677128450134,-0.12849324057888156,0.05342646929438022,False
OperProfRD::+1::RIO_Volatility::+1,OperProfRD,1,RIO_Volatility,1,120,60,0.009912285762669252,3.88987418103867,0.010824333353260765,2.762565544880155,0.011236131464617523,3.512765636233437,0.008324333353260764,0.0058243333532607645,0.0008243333532607644,4,0.011337473115553259,0.010054623709822023,1.0,0.00695489354185367,-0.14525389495174995,0.2871465449655566,0.2327997361185581,-0.14228726796459434,-0.12849324057888156,-0.013794027385712782,False
DivOmit::+1::ShortInterest::+1,DivOmit,1,ShortInterest,1,120,60,0.009319312897678745,2.773308638261212,0.010767324803627916,4.007351363537975,0.012285402849064073,4.620276490561831,0.008267324803627915,0.005767324803627916,0.0007673248036279157,5,0.009275493153018847,0.013005072279541521,1.0,0.007157523999378393,-0.21518796282581837,-2.1418047404245986,2.1837087059697318,-0.1185726373756314,-0.2652493169781539,0.1466766796025225,False
ShareIss1Y::+1::grcapx::+1,ShareIss1Y,1,grcapx,1,120,60,0.00453358371669739,3.5401430123928614,0.010760552687439102,2.0103107992351514,0.008873425189285739,2.1881627829851675,0.008260552687439101,0.005760552687439102,0.0007605526874391016,4,0.013672620515380792,0.006392450945526572,1.0,0.007241412085447587,0.15081868919755187,0.16015058653596492,-0.3724089058785407,-0.14762669930007777,-0.07187514701842235,-0.07575155228165542,False
GP::+1::RIO_Turnover::+1,GP,1,RIO_Turnover,1,120,60,0.005595341869300671,3.2888083002131356,0.010712884556734624,3.5108489964788916,0.009659475661512552,4.90124054242737,0.008212884556734624,0.005712884556734624,0.0007128845567346241,5,0.011364549103471231,0.00973538773662971,1.0,0.006794087925550257,-0.07344111626882854,0.34295961422095234,1.2061155607496277,-0.1476170765062076,-0.11422904831598801,-0.033388028190219576,False
REV6::+1::ShareIss5Y::+1,REV6,1,ShareIss5Y,1,120,60,0.006617339663833222,4.818035156157336,0.01069438103762111,2.072831446253039,0.011720570478641798,3.391184552032986,0.00819438103762111,0.00569438103762111,0.0006943810376211102,4,0.011573782924482176,0.009375278207329512,1.0,0.006969819384808906,0.14998215260863737,1.5670208786984472,0.4248537597055002,-0.24372213456315206,-0.22600479745198376,-0.017717337111168296,False
IndIPO::+1::RIO_Volatility::+1,IndIPO,1,RIO_Volatility,1,120,60,0.006837135075596177,3.79467395708118,0.010614783768227658,2.455433222710744,0.008891486279176982,2.367955418593834,0.008114783768227657,0.005614783768227658,0.0006147837682276575,4,0.014168961529571263,0.00528351712621225,1.0,0.006707087529363175,0.23049305873098008,0.19194632100806652,-0.07433258605085324,-0.07574948229649936,-0.1233822558593729,0.04763277356287354,False
HerfAsset::-1::RIO_Volatility::+1,HerfAsset,-1,RIO_Volatility,1,120,60,0.006388874149081942,3.885717747668347,0.010570487284995834,2.4918158445846537,0.00969485599594071,2.4751844298666947,0.008070487284995834,0.005570487284995834,0.000570487284995834,4,0.013488370287058932,0.006193662781901193,1.0,0.006866613956447425,-0.19582328644450248,0.28299011159523335,-0.03794996417694341,-0.08947676789332515,-0.12849324057888156,0.039016472685556414,False
AgeIPO::+1::RDIPO::+1,AgeIPO,1,RDIPO,1,120,60,0.006094957907714701,3.309633032836765,0.010555381047869884,2.0338427047950165,0.008590750562490312,2.428623424646844,0.008055381047869884,0.005555381047869884,0.000555381047869884,4,0.002054456116145447,0.02330676844545655,0.8378378378378378,0.006346833861200836,-0.05898328812841123,0.06705820888773362,-1.5591204192683183,-0.2025431400173041,-0.18144660470390428,-0.021096535313399833,False
OperProf::+1::RIO_Volatility::+1,OperProf,1,RIO_Volatility,1,120,60,0.007153903223096575,3.2459803537996677,0.010538037677758622,2.400636329577217,0.009781422107572333,2.3727136005101617,0.008038037677758621,0.005538037677758622,0.0005380376777586217,3,0.014807798144249198,0.004133396978022758,1.0,0.006712269735055709,-0.0441069527533116,-0.3567472822734459,-0.12912947918438,-0.08922175649395991,-0.12849324057888156,0.03927148408492165,False
RIO_Turnover::+1::RIO_Volatility::+1,RIO_Turnover,1,RIO_Volatility,1,120,60,0.009095766283502131,3.640521031924635,0.010528758415662485,2.366712686140143,0.008881413760227469,2.2972271371728774,0.008028758415662484,0.005528758415662484,0.0005287584156624843,4,0.01536183032553107,0.0032791505508596094,1.0,0.00576160376896446,0.7560726444407152,0.03779339585152153,-0.163053122621454,-0.10030667595508747,-0.11422904831598801,0.013922372360900548,False
RIO_Disp::+1::ShareIss1Y::+1,RIO_Disp,1,ShareIss1Y,1,120,60,0.007370995702708684,4.629667541154557,0.010513355875405772,2.2488216554601927,0.009336844037205898,2.3102658931528315,0.008013355875405772,0.005513355875405772,0.0005133558754057722,4,0.01301047723252485,0.006767673839727155,1.0,0.006653801862070657,-0.13004045304407286,1.2496751152976606,0.5469354119117067,-0.12401029255613527,-0.12076620385009429,-0.0032440887060409818,False
EarningsStreak::+1::ShortInterest::+1,EarningsStreak,1,ShortInterest,1,120,60,0.0064906591792762165,6.642526219859873,0.010495857331414551,2.3496934814409154,0.012310179448115714,3.5416950018031925,0.00799585733141455,0.005495857331414551,0.0004958573314145509,4,0.011869382327807198,0.008435569836825576,1.0,0.006926688044358996,0.42242490873211086,1.7274128411740621,-0.29756453591880794,-0.15917295816820132,-0.09272648657973837,-0.06644647158846295,False
RIO_Volatility::+1::hire::+1,RIO_Volatility,1,hire,1,120,60,0.006463952192219151,3.6385421654373244,0.010442799585765468,2.328204229138584,0.009418279227620611,2.3975826164660834,0.007942799585765468,0.005442799585765468,0.00044279958576546805,4,0.016947150138217067,0.0006862737570880623,1.0,0.006098174295026827,0.07192635536296874,0.03581452936421092,-0.20156157962301302,-0.07587879187155522,-0.11540187888427711,0.03952308701272189,False
EBM::+1::ShareIss1Y::+1,EBM,1,ShareIss1Y,1,120,60,0.004772750241121835,3.4865113448994296,0.010407543514269181,2.017317928620374,0.009543860157969266,2.31551634299462,0.00790754351426918,0.005407543514269181,0.00040754351426918085,4,0.01217516374639786,0.007756113166076162,1.0,0.006781489678822583,-0.15974176781060676,0.10651891904253308,-0.010577947086034989,-0.14301888301706267,-0.05533675590017395,-0.08768212711688872,False
BPEBM::+1::NetPayoutYield::+1,BPEBM,1,NetPayoutYield,1,120,60,0.005990668081156176,3.418363667966331,0.010339461635995008,2.171047576766492,0.008673309246293602,1.9290230911414128,0.007839461635995007,0.005339461635995008,0.00033946163599500763,4,0.009487851672178095,0.01161687658172038,1.0,0.006851146875691775,-0.6473501018340754,0.24982373906554356,0.2100882396538073,-0.15500632013534732,-0.30663277300419733,0.15162645286885001,False
RIO_Volatility::+1::grcapx::+1,RIO_Volatility,1,grcapx,1,120,60,0.006159991105071754,3.291426608942348,0.010330972465510341,2.7801620318082523,0.008965441867475075,2.842771224598207,0.00783097246551034,0.005330972465510341,0.0003309724655103409,5,0.01479038361210396,0.0036418557456199085,1.0,0.006084003608504748,0.18409401633237518,-0.31130102713076546,0.2503962230466552,-0.06340523168717793,-0.07187514701842235,0.008469915331244415,False
AgeIPO::+1::RIO_Volatility::+1,AgeIPO,1,RIO_Volatility,1,120,60,0.011291715807298678,4.973471287474813,0.010330807393484952,2.000721724552544,0.008065381774745297,1.870535536787139,0.007830807393484952,0.005330807393484952,0.0003308073934849519,4,0.003984364039553707,0.019850472424381812,1.0,0.00546819801649265,0.11805754552513442,1.3707436514016993,-0.5290440842090529,-0.13892141226021504,-0.12849324057888156,-0.010428171681333476,False
PctTotAcc::+1::ShareIss5Y::+1,PctTotAcc,1,ShareIss5Y,1,120,60,0.004677865043165209,3.6729358605718665,0.010287976641280939,2.3253801179722413,0.006601696011892537,1.9888613955719467,0.007787976641280938,0.005287976641280939,0.0002879766412809386,4,0.011563878546803411,0.00837412378299723,1.0,0.006722905483517628,0.0792631813195068,0.42192158311297767,0.3801477057125069,-0.14357337139564252,-0.1296887484741076,-0.013884622921534917,False
GP::+1::VolumeTrend::+1,GP,1,VolumeTrend,1,120,60,0.0046225525125240955,3.310536056507795,0.010253554579727741,2.3626839238612822,0.009263609527652273,4.585387466083027,0.007753554579727741,0.005253554579727741,0.0002535545797277411,4,0.009599347218410098,0.011234865621704204,1.0,0.006301146602384225,0.5479558844433573,-1.7288786880794866,0.05795048813201831,-0.21493263475069857,-0.17644365893092429,-0.038488975819774285,False
RIO_Volatility::+1::ShareRepurchase::+1,RIO_Volatility,1,ShareRepurchase,1,120,60,0.007641326422354927,4.033226408884283,0.010245935038317364,2.4311975839875135,0.009993775943541252,2.42641878757069,0.007745935038317364,0.005245935038317364,0.0002459350383173641,4,0.012923750539157055,0.006229211787057834,1.0,0.0065861711856029445,-0.11890338419725376,0.43049877281116933,-0.09856822477408356,-0.09359838743769011,-0.12849324057888156,0.03489485314119145,False
RIO_Disp::+1::RIO_Volatility::+1,RIO_Disp,1,RIO_Volatility,1,120,60,0.008997403091083048,3.60639483358296,0.01008377565347701,2.43252719852165,0.009412828461804289,2.4712404664499483,0.0075837756534770095,0.00508377565347701,8.377565347700983e-05,4,0.014128240329248023,0.0040170786398204955,1.0,0.005656472518913965,0.7058867535338844,0.0036671975098463427,-0.09723861023994695,-0.09271175008024357,-0.12076620385009429,0.028054453769850718,False
RIO_Volatility::+1::VolumeTrend::+1,RIO_Volatility,1,VolumeTrend,1,120,60,0.008122976926725556,4.822338323213411,0.010069428438655601,2.6889297001143304,0.009444604787310164,2.6523176967766635,0.007569428438655601,0.005069428438655601,6.942843865560128e-05,4,0.013596628440469934,0.004778628435934104,1.0,0.0064948006612231615,-0.07859556684312181,-0.2170764213738705,0.15916389135273334,-0.06948781661194603,-0.12849324057888156,0.05900542396693553,False
ShareIss1Y::+1::grcapx3y::+1,ShareIss1Y,1,grcapx3y,1,120,60,0.0041480832340955185,3.3608231767358494,0.010060553104482612,2.06935395467451,0.00769069764938643,2.0377397173976215,0.007560553104482611,0.0050605531044826116,6.055310448261145e-05,4,0.01332659573656513,0.005161489156358833,1.0,0.006619042976834249,-0.2928576522005504,-0.019169249121047116,0.5355345221377332,-0.11513782780631443,-0.055383547561936086,-0.059754280244378344,False
EBM::+1::RIO_Volatility::+1,EBM,1,RIO_Volatility,1,120,60,0.0063991576294962,3.3299652874367713,0.009977963292340415,2.7702398345088697,0.008897414532797491,2.9189905142873656,0.007477963292340415,0.004977963292340415,-2.2036707659585028e-05,4,0.013292926843121028,0.005005517966169497,1.0,0.0056899274695704095,0.3247083339635944,-0.2727623486363422,0.2404740257472726,-0.07159210571166619,-0.05533675590017395,-0.016255349811492237,False
DelCOA::+1::RIO_Volatility::+1,DelCOA,1,RIO_Volatility,1,120,60,0.0063299992674803966,3.879709173371297,0.009956990603972954,2.432020647108321,0.008945035447714475,2.417703811482073,0.007456990603972953,0.004956990603972954,-4.300939602704633e-05,4,0.01633201274281741,0.0003944573957062753,1.0,0.006013803944712412,0.16605805917600555,0.2769815372981834,-0.09774516165327585,-0.07235761834163656,-0.12849324057888156,0.056135622237245,False
NOA::+1::NetPayoutYield::+1,NOA,1,NetPayoutYield,1,120,60,0.007187058280205504,3.3843704411813937,0.009901084400719547,2.7992806673184707,0.009761344444433632,2.939699880335445,0.007401084400719547,0.004901084400719547,-9.891559928045315e-05,4,0.012291197558939138,0.006315914663390155,1.0,0.006355416509541776,-0.6680277507782089,0.21583051228060635,0.8383213302057859,-0.11279996235577172,-0.3647671097600953,0.2519671474043236,False
RIO_Turnover::+1::ShareIss5Y::+1,RIO_Turnover,1,ShareIss5Y,1,120,60,0.0073830416672647425,4.412546488463008,0.009885995115313908,2.357125208037606,0.008978436780876722,2.443309032518384,0.007385995115313907,0.0048859951153139075,-0.00011400488468609263,4,0.010064183078855198,0.009618713170001963,1.0,0.005933825311915459,-0.028455168581073532,1.1615322110041189,0.585265758608724,-0.11915034886613918,-0.11422904831598801,-0.004921300550151164,False
CustomerMomentum::+1::RIO_Volatility::+1,CustomerMomentum,1,RIO_Volatility,1,120,60,0.007387891414702373,3.258675968477831,0.009700430437067498,2.157545744792692,0.00831278421748225,2.1775676421848758,0.0072004304370674975,0.004700430437067498,-0.0002995695629325022,3,0.01733118762242884,-0.001745705340974515,0.9459459459459459,0.005830661490018589,0.03723618369397718,-0.3440516675952825,-0.3722200639689053,-0.09316893438643636,-0.12849324057888156,0.0353243061924452,False
ShareIss5Y::+1::grcapx::+1,ShareIss5Y,1,grcapx,1,120,60,0.004447266488834368,3.548880900448662,0.009688209165161757,2.299583280934299,0.008079719247377628,2.584028833098996,0.007188209165161757,0.004688209165161757,-0.00031179083483824296,4,0.009492736365428089,0.009981418364762263,1.0,0.0061698664662585105,0.08775652809924019,0.29786662298977307,-0.08313642417939304,-0.1325351844133934,-0.07187514701842235,-0.060660037394971056,False
DelLTI::+1::ShareIss1Y::+1,DelLTI,1,ShareIss1Y,1,120,60,0.00416602937516937,3.8535027002183107,0.00967694720254399,2.032112127922641,0.007563688470267451,2.004866667983636,0.00717694720254399,0.00467694720254399,-0.00032305279745600997,4,0.010745791954103159,0.00807368007520523,1.0,0.0060945937970130325,-0.46765468885151024,0.47351027436141413,-0.2631854520777068,-0.1615316200423037,-0.03450914970981267,-0.12702247033249103,False
RIO_Volatility::+1::grcapx3y::+1,RIO_Volatility,1,grcapx3y,1,120,60,0.005774490622469884,3.001512544529036,0.00963097288255385,2.340546467265415,0.007670497521556663,2.4323630134707246,0.007130972882553849,0.004630972882553849,-0.00036902711744615097,4,0.014444358833288302,0.0024108939564521704,1.0,0.0047099554078469975,0.3128394302732337,-0.6012150915440775,-0.18921934149618203,-0.08013718232202693,-0.055383547561936086,-0.024753634760090848,False
RoE::-1::XFIN::+1,RoE,-1,XFIN,1,120,60,0.003988070315053242,3.770418631889956,0.009617098587187012,2.3996389535113307,0.008925229455967196,2.538109636484277,0.007117098587187011,0.004617098587187012,-0.0003829014128129884,4,0.008113590613350496,0.011872360547941788,1.0,0.006444055270806111,-0.7656128025034381,0.3906306062652303,0.30256749698777563,-0.10626110506432362,-0.3617934634050174,0.25553235834069377,False
RIO_Volatility::+1::Tax::+1,RIO_Volatility,1,Tax,1,120,60,0.006971961053143448,3.6309295302867612,0.009607113759343954,3.3737272557713913,0.009181497262404947,3.4608046122649734,0.007107113759343954,0.004607113759343954,-0.0003928862406560457,4,0.012866655023912479,0.004717801862491172,1.0,0.005853976662780199,-0.17247748775270338,0.028201894213647716,0.8439614470097943,-0.0462863651274148,-0.08408770445399338,0.03780133932657859,False
NetDebtFinance::+1::RIO_Volatility::+1,NetDebtFinance,1,RIO_Volatility,1,120,60,0.0068872830775863385,3.320668646233448,0.009600886701494801,2.4641653952767655,0.00957961975970665,2.4962775857938446,0.0071008867014948004,0.004600886701494801,-0.0003991132985051993,4,0.01265024668518218,0.0050268467259637255,1.0,0.00607697227921212,-0.15744908431090227,-0.2820589898396655,-0.06560041348483159,-0.0799995407001125,-0.11515020080373872,0.03515066010362622,False
NumEarnIncrease::+1::RIO_Volatility::+1,NumEarnIncrease,1,RIO_Volatility,1,120,60,0.007036713236666275,4.024890496162094,0.009514563026393816,2.8464573221641927,0.008650985674235761,2.766962575981864,0.007014563026393816,0.004514563026393816,-0.00048543697360618407,5,0.01351633899535025,0.0035118990729591727,1.0,0.005753909281541375,0.0017722389259892083,0.4221628600889802,0.3166915134025956,-0.053619435704456486,-0.12742863956665718,0.07380920386220069,False
RIO_Volatility::+1::RoE::+1,RIO_Volatility,1,RoE,1,120,60,0.006334942130192416,3.6825893077909146,0.009502392561283973,2.5544432250836016,0.009022813111714994,2.5239585545142567,0.007002392561283972,0.0045023925612839725,-0.0004976074387160277,3,0.013305357596181648,0.0037979450089374554,1.0,0.005888483254452357,-0.18437351883151187,0.07986167171780112,0.024677416322004486,-0.07932015618857202,-0.12849324057888156,0.04917308439030954,False
EarningsStreak::+1::REV6::+1,EarningsStreak,1,REV6,1,120,60,0.004595757365618806,4.105876750378113,0.009485409056883966,2.243935279053332,0.01034241936910874,3.218570301082731,0.006985409056883966,0.004485409056883966,-0.0005145909431160337,5,0.013091949167528549,0.004075598890917091,1.0,0.005979978420659275,0.6448107694700137,-0.5171238121787605,-0.4033227383063913,-0.15689450402292593,-0.09272648657973837,-0.06416801744318756,False
RDcap::+1::XFIN::+1,RDcap,1,XFIN,1,120,60,0.004657895412623326,3.6904205617144568,0.009448380985497551,3.8642643508105587,0.008829041785153164,3.7449444549016415,0.00694838098549755,0.004448380985497551,-0.0005516190145024493,5,0.007567409936408396,0.012269837559131287,1.0,0.006161420315402512,-0.8157545144453352,0.31063253608973085,1.7671928942870037,-0.032223298100942266,-0.3617934634050174,0.3295701653040751,False
RIO_Disp::+1::ShareIss5Y::+1,RIO_Disp,1,ShareIss5Y,1,120,60,0.007284678474845661,4.310894704838795,0.009441012353128426,2.6478495285083894,0.008131561836265027,2.535107487923266,0.006941012353128426,0.004441012353128426,-0.000558987646871574,4,0.008830593082572148,0.010356641258962847,1.0,0.005699147893201147,-0.11578177099159054,1.0598804273799058,0.9459632849599033,-0.10156157505857222,-0.12076620385009429,0.01920462879152207,False
NetPayoutYield::+1::RoE::-1,NetPayoutYield,1,RoE,-1,120,60,0.0051646196306349675,3.4234874835285405,0.009354431265919576,2.230320403213961,0.008412345497027086,2.1827860015824796,0.006854431265919576,0.004354431265919576,-0.0006455687340804241,4,0.008581577017747604,0.010513712638177526,1.0,0.005923860752670929,-0.6983777322352712,0.2549475546277531,0.2693610661012764,-0.16309018563632127,-0.3647671097600953,0.20167692412377403,False
EBM::+1::ShareIss5Y::+1,EBM,1,ShareIss5Y,1,120,60,0.0046864330132588145,3.673809036698771,0.009335199991991833,2.320292907647277,0.007792033331902117,2.388551439785515,0.0068351999919918326,0.004335199991991833,-0.0006648000080081672,4,0.007995279596445158,0.01134508058531185,1.0,0.005906125740040307,-0.26497340691635146,0.4227947592398822,0.29239703194086797,-0.12362288342313366,-0.05533675590017395,-0.0682861275229597,False
DelCOA::+1::ShareIss5Y::+1,DelCOA,1,ShareIss5Y,1,120,60,0.004617274651243012,4.170917800134221,0.009314227303624375,2.090055052761251,0.007692540743699027,2.496466242115682,0.006814227303624375,0.004314227303624375,-0.000685772696375625,4,0.01103436549614154,0.0067340200148486296,1.0,0.005632313575275773,0.1353073531915563,0.9199035226753325,0.4420773662137123,-0.1554716671965245,-0.14760703489207583,-0.007864632304448671,False
EarningsConsistency::+1::RIO_Volatility::+1,EarningsConsistency,1,RIO_Volatility,1,120,60,0.0074329222445366,3.9546739367391477,0.009276148727774814,3.264226602801422,0.009112371994757803,3.226428387674393,0.006776148727774814,0.004276148727774814,-0.0007238512722251862,4,0.010492133774135834,0.007452171158233281,1.0,0.005664935231577578,-0.22918412620478357,0.35194630066603416,0.7344607940398249,-0.053164778144907054,-0.12849324057888156,0.07532846243397451,False
DelLTI::+1::RIO_Volatility::+1,DelLTI,1,RIO_Volatility,1,120,60,0.005792436763543735,3.8188541901664332,0.009247366980615226,2.9292605573665327,0.007723072264500553,2.87301963109016,0.006747366980615226,0.004247366980615226,-0.0007526330193847741,5,0.011863555050826332,0.005323084875298566,1.0,0.005179865936431195,0.19118255666462744,0.2161265540933197,0.3994947486049356,-0.04453969797283652,-0.03450914970981267,-0.010030548263023853,False
NetPayoutYield::+1::RDcap::+1,NetPayoutYield,1,RDcap,1,120,60,0.005834444728205051,3.6683895749548197,0.009185713664230115,3.3376115259707793,0.008420023528100574,3.422832350239429,0.006685713664230115,0.004185713664230115,-0.000814286335769885,5,0.008035396340805506,0.010911189649367029,1.0,0.005916508378963067,-0.8103566988780898,0.49984964605403226,1.3766521888580945,-0.05094093856440185,-0.3647671097600953,0.31382617119569345,False
EarningsSurprise::+1::RIO_Volatility::+1,EarningsSurprise,1,RIO_Volatility,1,120,60,0.005991498542361148,3.271664625358696,0.009178443930640165,2.847000279943186,0.008254379350534526,2.6592932079525857,0.006678443930640165,0.004178443930640165,-0.0008215560693598349,5,0.012991884631128525,0.0034582828799076307,1.0,0.005289354058385572,0.18172195577492392,-0.3310630107144177,0.3172344711815889,-0.06818545553622168,-0.12849324057888156,0.06030778504265988,False
BetaLiquidityPS::-1::RIO_Volatility::+1,BetaLiquidityPS,-1,RIO_Volatility,1,120,60,0.006901693330840445,3.5448493091472892,0.009092778593235642,2.0816620859112245,0.007586026489089172,1.8390118558570399,0.006592778593235642,0.004092778593235642,-0.000907221406764358,3,0.013382769643403212,0.002657792017984289,1.0,0.005140098051602355,0.12490880817007681,-0.057878326925824286,-0.4481037228503726,-0.14141300457803252,-0.12849324057888156,-0.012919763999150957,False
EarningsStreak::+1::PctTotAcc::+1,EarningsStreak,1,PctTotAcc,1,120,60,0.0026562827449507923,3.6647505578384343,0.009079004660543795,2.711147075859701,0.007131880781113474,3.624022735313165,0.006579004660543794,0.004079004660543795,-0.0009209953394562053,4,0.013082044789849786,0.0030744444665848102,1.0,0.005692581762290308,0.3296727208626918,-0.958250004718439,0.06388905849997784,-0.06046394229187424,-0.09272648657973837,0.032262544287864126,False
DelCOL::+1::RIO_Volatility::+1,DelCOL,1,RIO_Volatility,1,120,60,0.006220986107214514,3.9747406323103536,0.009044555115463314,2.4306096271029345,0.008387269863031874,2.4516281464564416,0.006544555115463313,0.004044555115463313,-0.0009554448845366867,4,0.01326641996086736,0.0027117578473572503,1.0,0.005073292509536991,0.10268416540075896,0.37201299623724005,-0.09915618165866258,-0.0603693517167998,-0.09329112169477727,0.032921769977977466,False
ChInv::+1::RIO_Volatility::+1,ChInv,1,RIO_Volatility,1,120,60,0.007062121025575568,4.247302352717322,0.00903803657403792,2.379468246962032,0.008500092559241142,2.438165660297249,0.00653803657403792,0.0040380365740379206,-0.0009619634259620796,4,0.015105382500673531,-6.298231591549709e-05,0.972972972972973,0.0052248668858382655,0.015061486627827815,0.6445747166442088,-0.15029756179956522,-0.07898815814503568,-0.12849324057888156,0.04950508243384588,False
CBOperProf::+1::RIO_Volatility::+1,CBOperProf,1,RIO_Volatility,1,120,60,0.008621928155836074,3.659233495510589,0.009026000253834992,2.945320818080706,0.008558825980183447,3.6968877220448038,0.006526000253834992,0.004026000253834992,-0.000973999746165008,5,0.010927341143644772,0.006173988919120322,1.0,0.005252593345862502,-0.2380442998006992,0.056505859437475436,0.41555500931910894,-0.12981264861568886,-0.12849324057888156,-0.0013194080368073013,False
CompEquIss::+1::RIO_Volatility::+1,CompEquIss,1,RIO_Volatility,1,120,60,0.007181039109050273,3.8398198064839937,0.008989577291396518,4.055045600446984,0.008989577291396518,4.055045600446984,0.006489577291396518,0.003989577291396518,-0.0010104227086034819,5,0.010681569066772426,0.006451589628332657,1.0,0.0057674391186442325,-0.2688810660739887,0.23709217041088015,1.5252797916853873,-0.06457965037110625,-0.12849324057888156,0.06391359020777532,False
ShareIss5Y::+1::grcapx3y::+1,ShareIss5Y,1,grcapx3y,1,120,60,0.004061766006232498,3.346995162345679,0.008988209582205265,2.4925972480538707,0.007291853616014804,2.6860007874402507,0.006488209582205265,0.003988209582205265,-0.0010117904177947348,4,0.00914671158661243,0.008750456575594522,1.0,0.005603704961818173,-0.37890485182647177,0.09598088488679002,0.8446195615063321,-0.09973671011038243,-0.055383547561936086,-0.044353162548446345,False
ChNAnalyst::+1::RIO_Volatility::+1,ChNAnalyst,1,RIO_Volatility,1,120,60,0.006445779128938274,3.20404813976406,0.008969980892298873,2.272101783746065,0.009090995333893922,2.5179805719437294,0.006469980892298872,0.0039699808922988725,-0.0010300191077011276,3,0.010260915594725415,0.0070335788386590515,1.0,0.005306606920477991,0.08396351469169971,-0.3986794963090534,-0.257664025015532,-0.10667225275322711,-0.12849324057888156,0.021820987825654448,False
PctAcc::+1::RIO_Volatility::+1,PctAcc,1,RIO_Volatility,1,120,60,0.006590984047578228,4.618173388322776,0.008935582713320686,2.348517289211956,0.0074212572020736865,2.299935345062708,0.006435582713320686,0.003935582713320686,-0.0010644172866793138,4,0.01364840849188658,0.0018663440454718468,1.0,0.004937222152697951,0.07832473871486963,1.0154457522496627,-0.18124851954964116,-0.06669619323717069,-0.08596891417244934,0.019272720935278653,False
RIO_Volatility::+1::RevenueSurprise::+1,RIO_Volatility,1,RevenueSurprise,1,120,60,0.008208015454012079,4.6529263885049215,0.00887561736596862,2.412353922454187,0.008057228368787047,2.235643831680881,0.00637561736596862,0.0038756173659686205,-0.0011243826340313796,5,0.012840709114182917,0.0029279797436471793,1.0,0.005000740564285818,0.21438933067971952,0.20250879711193281,-0.11741188630741028,-0.07708579734070142,-0.12849324057888156,0.05140744323818014,False
ChangeInRecommendation::+1::RIO_Volatility::+1,ChangeInRecommendation,1,RIO_Volatility,1,120,60,0.0069574535318980635,4.443022054346717,0.008847706270085676,2.7756881223460392,0.008221160885342508,2.7505866211821326,0.006347706270085676,0.0038477062700856763,-0.0011522937299143238,5,0.01344681543443886,0.0019490425235559057,1.0,0.0052675470580656625,-0.041469470855002744,0.8402944182736038,0.24592231358444216,-0.06351310156730616,-0.10716596280677848,0.04365286123947232,False
GrSaleToGrInv::-1::RIO_Volatility::+1,GrSaleToGrInv,-1,RIO_Volatility,1,120,60,0.006111810762527063,3.41255466470829,0.008842146355901543,2.968979061035148,0.008172382164409997,2.9327150419656256,0.0063421463559015425,0.003842146355901543,-0.0011578536440984572,4,0.012580913042422266,0.0032339963261204577,1.0,0.005077573544063732,-0.05764872794838572,-0.1901729713648237,0.439213252273551,-0.05720910880075625,-0.12567179622842717,0.06846268742767092,False
PctTotAcc::+1::ShortInterest::+1,PctTotAcc,1,ShortInterest,1,120,60,0.005125958261345898,5.074168020298564,0.00882324588181935,2.202570277244124,0.009478526338641984,3.001342591158816,0.00632324588181935,0.0038232458818193505,-0.0011767541181806496,3,0.012008329653578578,0.004045620224180515,1.0,0.005174545694548824,0.055224840334168857,0.1590546416127534,0.2573378649843894,-0.09365701057096076,-0.1296887484741076,0.03603173790314684,False
DebtIssuance::-1::RIO_Volatility::+1,DebtIssuance,-1,RIO_Volatility,1,120,60,0.005527989833728089,3.5306711760121376,0.008817022920045967,2.3576925656640753,0.008490580238091813,2.405113762886394,0.006317022920045967,0.003817022920045967,-0.001182977079954033,4,0.01173776503180017,0.004435909752414668,1.0,0.005341074495491524,-0.12293152089673272,-0.07205646006097588,-0.1720732430975218,-0.08381317683010836,-0.12849324057888156,0.0446800637487732,False
ShareIss1Y::+1::TotalAccruals::+1,ShareIss1Y,1,TotalAccruals,1,120,60,0.003910563032278493,3.8791571559171047,0.008815041682544775,2.5586399790449854,0.007102845963965736,2.6346416410134634,0.006315041682544775,0.003815041682544775,-0.0011849583174552251,3,0.01317935021831819,0.002268578878884655,1.0,0.005458698313195417,-0.6897575994445276,0.49916473006020823,1.0248205465082085,-0.08037000678017292,-0.32291261273186234,0.24254260595168942,False
AgeIPO::+1::FirmAgeMom::+1,AgeIPO,1,FirmAgeMom,1,120,60,0.01010159123501827,4.742455849247597,0.008809478166614823,2.450250504024169,0.008035129763612658,2.2558712223549713,0.006309478166614823,0.0038094781666148233,-0.0011905218333851768,4,0.005076638806330816,0.014408737207040834,0.8918918918918919,0.004893721980840265,-0.4712914150136554,1.2950136906885894,0.9871753641134287,-0.15115872734393943,-0.28419164423615384,0.13303291689221441,False
Investment::+1::RIO_Volatility::+1,Investment,1,RIO_Volatility,1,120,60,0.0062139539093538495,3.4371490953102453,0.008785702390325322,2.0763424121710923,0.007945029466463128,2.22564131772959,0.006285702390325321,0.0037857023903253217,-0.0012142976096746784,5,0.013787482801790962,0.0012830317731268627,1.0,0.004711813491696526,0.05314298738887358,-0.16557854076286826,-0.4534233965905048,-0.09539812677907966,-0.12849324057888156,0.0330951137998019,False
RIO_Volatility::+1::ReturnSkew3F::+1,RIO_Volatility,1,ReturnSkew3F,1,120,60,0.00621037010739609,3.714958148712645,0.00874648579869353,2.8457490482028915,0.008424419292874989,2.731003786131479,0.006246485798693529,0.0037464857986935296,-0.0012535142013064705,4,0.010409811410299459,0.0062514973812846306,1.0,0.005359214491905568,-0.09346181472710688,0.11223051263953154,0.3159832394412945,-0.08650584345091483,-0.12849324057888156,0.04198739712796673,False
ShareIss1Y::+1::fgr5yrLag::-1,ShareIss1Y,1,fgr5yrLag,-1,120,60,0.003795631460725292,3.512445061499559,0.008743238376984135,2.043006234072499,0.006501263019043187,2.376825120119716,0.006243238376984135,0.003743238376984135,-0.001256761623015865,4,0.00768446864487346,0.010331392975150152,1.0,0.005260904938963119,-0.5123452631205535,0.1324526356426623,0.5091868015357219,-0.15090931129748753,-0.2847972872616592,0.13388797596417168,False
MomSeason16YrPlus::+1::RIO_Volatility::+1,MomSeason16YrPlus,1,RIO_Volatility,1,120,60,0.00815327012496664,4.3417159271684715,0.008727149929909105,2.7574116519103162,0.007640477995062631,2.6560572732427854,0.006227149929909104,0.0037271499299091045,-0.0012728500700908956,3,0.012278750575506717,0.003399748961512688,1.0,0.005262948783224952,0.008488817518985675,0.738988291095358,0.22764584314871916,-0.0930245497909955,-0.12849324057888156,0.03546869078788606,False
AnnouncementReturn::+1::GP::+1,AnnouncementReturn,1,GP,1,120,60,0.005822479006657258,3.8897951501711168,0.00869096495335176,2.2970670005445775,0.009237926468202087,4.579393841120788,0.006190964953351759,0.0036909649533517592,-0.0013090350466482409,4,0.007869018777721507,0.009923884216797138,1.0,0.004596337822407743,0.26195279911702113,-2.0321593585220086,-0.00766643518468646,-0.18260979406712785,-0.08711006684180322,-0.09549972722532463,False
EarningsStreak::+1::RIO_Turnover::+1,EarningsStreak,1,RIO_Turnover,1,120,60,0.0053614593690503275,4.108652844251156,0.008677023134576762,2.775576236484097,0.007697508063660988,3.1821907041871307,0.006177023134576761,0.003677023134576762,-0.0013229768654232383,5,0.011582349321901574,0.0043190338535895436,1.0,0.005064506644979077,0.2631893894224302,-0.514347718305717,0.12831821912437347,-0.07949652916668093,-0.09272648657973837,0.013229957413057436,False
DivYieldST::+1::RIO_Volatility::+1,DivYieldST,1,RIO_Volatility,1,120,60,0.006881602812694685,4.289931021241854,0.008665126390153424,2.984246350505447,0.007971809579660543,2.8679484842254674,0.006165126390153423,0.0036651263901534238,-0.0013348736098465763,5,0.011615255462877696,0.004239932781067004,1.0,0.004980271885897215,-0.02813176524517566,0.6872033851687402,0.45448054174385,-0.047438289497722885,-0.08524033007804277,0.037802040580319884,False
ConvDebt::+1::GP::+1,ConvDebt,1,GP,1,120,60,0.004465902295461229,2.6318873894561237,0.008662536345943994,2.4761155219253967,0.009613403437488503,5.305554209725006,0.006162536345943994,0.003662536345943994,-0.001337463654056006,4,0.007745421383821884,0.010038208789127154,1.0,0.004977021920043425,0.13072644169410727,-0.41030105840943065,0.17138208619613282,-0.19278933425588185,-0.12215019917123804,-0.07063913508464381,False
RIO_Volatility::+1::dNoa::+1,RIO_Volatility,1,dNoa,1,120,60,0.006619818323889402,3.3669880969534915,0.008638429393743041,2.318066131471404,0.007623171569812826,2.2443544609962993,0.006138429393743041,0.003638429393743041,-0.001361570606256959,4,0.014278049397978991,0.0001789993873891124,1.0,0.004535771596968196,0.20398214597522576,-0.23573953911962198,-0.21169967729019312,-0.08513505119397691,-0.12849324057888156,0.043358189384904655,False
DelLTI::+1::ShareIss5Y::+1,DelLTI,1,ShareIss5Y,1,120,60,0.004079712147306349,3.988124325324774,0.008604603680266644,2.2957684683731205,0.006746320621900176,2.3773305531853377,0.0061046036802666435,0.003604603680266644,-0.0013953963197333562,4,0.006565907804150459,0.011662647494440922,1.0,0.005144655039885081,-0.3874012814203169,0.737110047865885,0.0004708883727726487,-0.14815941327092952,-0.03450914970981267,-0.11365026356111685,False
FirmAgeMom::+1::RIO_Disp::+1,FirmAgeMom,1,RIO_Disp,1,120,60,0.0078072785188026406,3.986004283290581,0.00856244642660688,2.066448169534661,0.008272706869984868,2.0314607330700105,0.006062446426606879,0.0035624464266068795,-0.0014375535733931206,3,0.01522051509602513,-0.0014246565775204885,0.7837837837837838,0.0047603025861763185,-0.11954609787529752,0.5385621247315733,0.36456192598617476,-0.10727468644135263,-0.12076620385009429,0.01349151740874166,False
OPLeverage::+1::ShareIss1Y::+1,OPLeverage,1,ShareIss1Y,1,120,60,0.0041985083853401444,3.4905450303762295,0.008557778965172562,3.2791726492692588,0.006638599436139348,3.1495973636360244,0.0060577789651725614,0.003557778965172562,-0.0014422210348274383,4,0.0126707139989044,0.0023883764145747935,1.0,0.005276596383563639,-0.7790139075563757,0.11055260451933302,1.745353216732482,-0.062155613713837154,-0.3744590646532229,0.3123034509393857,False
BPEBM::-1::RIO_Volatility::+1,BPEBM,-1,RIO_Volatility,1,120,60,0.005508893679671207,3.654845691531907,0.008517362191208534,2.3414631803526658,0.007898149261819507,2.3081594880718925,0.0060173621912085334,0.003517362191208534,-0.0014826378087914663,4,0.012399082941751158,0.0026947810653946028,1.0,0.005126665043630397,-0.2271693519331218,0.052118055458793666,-0.1883026284089313,-0.07542247517149514,-0.12849324057888156,0.05307076540738642,False
AnnouncementReturn::+1::RIO_Volatility::+1,AnnouncementReturn,1,RIO_Volatility,1,120,60,0.009322903420858718,4.915879743751816,0.008506838812279621,2.383465512729598,0.008506838812279621,2.383465512729598,0.006006838812279621,0.003506838812279621,-0.001493161187720379,4,0.011866299999781345,0.003467647031027041,1.0,0.005132190244473955,-0.17500400800989938,-1.0060747649413093,-0.146300296031999,-0.07963939898103789,-0.08711006684180322,0.007470667860765334,False
ConvDebt::+1::RIO_Volatility::+1,ConvDebt,1,RIO_Volatility,1,120,60,0.007966326709662689,4.12370027743106,0.008478410204871856,2.2951690451535467,0.00871227232900193,2.448441008635363,0.0059784102048718556,0.003478410204871856,-0.0015215897951281442,4,0.01174270260588172,0.0035819716033570538,1.0,0.00508330644881852,0.08618739684339824,0.5209726413579463,-0.23459676360805037,-0.09782033543521496,-0.12215019917123804,0.024329863736023083,False
RIO_Turnover::+1::ShortInterest::+1,RIO_Turnover,1,ShortInterest,1,120,60,0.007831134885445432,5.432972451083171,0.00842126435585232,2.587757699296521,0.008330122492737159,3.071329665631362,0.005921264355852319,0.003421264355852319,-0.0015787356441476809,4,0.010508634185630366,0.005290209611185248,1.0,0.004756694324021236,-0.15745462630015364,0.5178590723973606,0.7641150417282778,-0.08602018663781019,-0.11422904831598801,0.02820886167817782,False
ChNWC::+1::RIO_Volatility::+1,ChNWC,1,RIO_Volatility,1,120,60,0.005492811723835319,3.592147779641699,0.008400138946202874,2.519424720567429,0.007659242111268198,2.48287336034908,0.005900138946202874,0.0034001389462028743,-0.0015998610537971258,4,0.013067950154804355,0.001398422133300651,1.0,0.004742111205634577,0.11118056850441416,-0.01057985643141457,-0.010341088194167902,-0.06916221367298703,-0.07608448656164779,0.006922272888660763,False
ChInv::+1::ShareIss5Y::+1,ChInv,1,ShareIss5Y,1,120,60,0.005349396409338181,4.5247555450540915,0.008395273273689339,2.1220487604945775,0.00870685518574477,2.8081523023667208,0.005895273273689338,0.0033952732736893384,-0.0016047267263106617,4,0.00980773525399766,0.006276580303226856,1.0,0.004804216400847374,0.09837921266620413,1.2737412675952027,0.47407107394703885,-0.1453535319243714,-0.1749701381083706,0.029616606183999195,False
EarningsStreak::+1::ShareRepurchase::+1,EarningsStreak,1,ShareRepurchase,1,120,60,0.0039070195079031235,4.463169619130947,0.008394199757231638,2.0801627453381633,0.006260822833364179,2.2514054046154293,0.005894199757231638,0.003394199757231638,-0.001605800242768362,4,0.009144269535527556,0.007269095089787766,1.0,0.004941909997945479,0.32824031446849156,-0.1598309434259262,-0.5670952720215601,-0.13414221580288122,-0.09272648657973837,-0.04141572922314285,False
IndRetBig::+1::RIO_Volatility::+1,IndRetBig,1,RIO_Volatility,1,120,60,0.008720978510152052,4.330353436736814,0.008355008809761866,2.2822167542418335,0.008559929845300277,2.37371766073044,0.005855008809761865,0.0033550088097618657,-0.0016449911902381344,4,0.010516785705995686,0.005112343465411139,1.0,0.00457222860255474,0.06079172658879305,0.7276258006637009,-0.2475490545197636,-0.09501420352309742,-0.12849324057888156,0.033479037055784144,False
RIO_Volatility::+1::UpRecomm::+1,RIO_Volatility,1,UpRecomm,1,120,60,0.00662811418671549,4.22760150359777,0.008348135552216533,2.5662638961097706,0.0075837353544366114,2.513810863996535,0.005848135552216532,0.0033481355522165324,-0.0016518644477834677,5,0.01202585795305631,0.0028315519509568682,1.0,0.004652592845302266,0.047593460035162766,0.6248738675246561,0.0364980873481735,-0.05915519622146426,-0.08719824529108089,0.028043049069616632,False
RIO_Volatility::+1::ReturnSkew::+1,RIO_Volatility,1,ReturnSkew,1,120,60,0.007016889806890315,4.463177988960318,0.008300425098525736,2.462446658015405,0.007770496016962753,2.3873294774925973,0.005800425098525736,0.0033004250985257362,-0.0016995749014742639,4,0.0104329993896557,0.005101563661830791,1.0,0.004695039082175698,-0.03678413101133459,0.8604503528872045,-0.06731915074619188,-0.08512011638706907,-0.12849324057888156,0.043373124191812495,False
ChTax::+1::EarningsStreak::+1,ChTax,1,EarningsStreak,1,120,60,0.0038111830095042764,4.085814144344059,0.008298869350816612,2.5696162618536245,0.009931098085718734,3.9479688416175303,0.005798869350816612,0.003298869350816612,-0.001701130649183388,4,0.00905544251830722,0.007164009599580701,1.0,0.005187670181504558,0.523885659037981,-0.5371864182128139,-0.07764175550609886,-0.11915152689333652,-0.09272648657973837,-0.026425040313598158,False
ChAssetTurnover::+1::RIO_Volatility::+1,ChAssetTurnover,1,RIO_Volatility,1,120,60,0.005525176861335806,2.969837431521317,0.00824831514567385,2.3716764531540817,0.007394116465336837,2.359716921145043,0.00574831514567385,0.0032483151456738505,-0.0017516848543261496,5,0.011061653461572696,0.0040283076718255805,1.0,0.004129834892553655,0.1485857641225142,-0.6328902045517966,-0.15808935560751536,-0.05661728443199421,-0.06055920338207188,0.003941918950077672,False
EarningsStreak::+1::RIO_Disp::+1,EarningsStreak,1,RIO_Disp,1,120,60,0.005263096176631245,3.9525529853019123,0.008232040372391284,3.6129698906446848,0.007808354920413207,3.8104693294247487,0.0057320403723912835,0.003232040372391284,-0.0017679596276087162,5,0.010348759325618523,0.005056961942550426,1.0,0.0049926143181515704,0.06332521446749922,-0.670447577254961,0.9657118732849614,-0.064075191639831,-0.09272648657973837,0.028651294939907368,False
CompositeDebtIssuance::+1::RIO_Volatility::+1,CompositeDebtIssuance,1,RIO_Volatility,1,120,60,0.0067657911255970355,3.557508748571053,0.008226861258035637,2.281963805678198,0.008226861258035637,2.281963805678198,0.005726861258035636,0.0032268612580356364,-0.0017731387419643637,4,0.012471991513900445,0.0018591658742384126,1.0,0.004887460810484124,-0.1857196661607792,-0.04521888750206049,-0.24780200308339895,-0.0714107234142145,-0.11963752930464011,0.048226805890425606,False
EarningsStreak::+1::VolumeTrend::+1,EarningsStreak,1,VolumeTrend,1,120,60,0.004388670012273754,6.479467092902485,0.008217693157569879,2.2713490947506667,0.00725418910517903,3.4818814426060536,0.005717693157569878,0.003217693157569879,-0.0017823068424301213,4,0.00981714743684044,0.0058185117386640355,1.0,0.0048505394735657,0.5875537592258823,1.440052348315204,-0.3759089226090566,-0.1049617509082944,-0.09272648657973837,-0.01223526432855604,False
NetEquityFinance::+1::TotalAccruals::+1,NetEquityFinance,1,TotalAccruals,1,120,60,0.004548241136039682,3.666251245213436,0.008173482446200192,2.137329930862793,0.0070803178275853675,2.0584786818673386,0.005673482446200192,0.0031734824462001923,-0.0018265175537998078,4,0.009249445473309074,0.006559537905536865,1.0,0.004736995720052593,-0.7322657723412711,0.35821200127010844,0.9000560148160661,-0.12845796044839242,-0.32291261273186234,0.19445465228346992,False
ChNNCOA::-1::RIO_Volatility::+1,ChNNCOA,-1,RIO_Volatility,1,120,60,0.005914038528330856,3.9808093333583527,0.008156481330082925,3.0199918434862902,0.007869241724331512,3.068846949064358,0.005656481330082924,0.0031564813300829246,-0.0018435186699170755,5,0.009739350641372244,0.0057821773631489375,1.0,0.004576611077278959,-0.1121184238972264,0.3780816972852392,0.49022603472469317,-0.046428502522345094,-0.09063680282980946,0.044208300307464365,False
Investment::+1::ShareIss5Y::+1,Investment,1,ShareIss5Y,1,120,60,0.004501229293116463,4.281786262597275,0.008142939089976743,2.036610416776411,0.006011038316176557,1.8728114360714265,0.005642939089976743,0.003142939089976743,-0.001857060910023257,4,0.008489835555115089,0.007622594392269218,1.0,0.003960954325514509,-0.010944450100877688,1.030771985138386,0.38863273022887257,-0.11373909683715588,-0.2173781288864991,0.10363903204934322,False
DelCOA::+1::EarningsStreak::+1,DelCOA,1,EarningsStreak,1,120,60,0.002595692353028595,3.597780555184094,0.00810525532288723,2.3077335567056987,0.005745060103347143,3.101975403682255,0.005605255322887229,0.0031052553228872294,-0.0018947446771127707,4,0.01255253173918791,0.0014343406984362091,1.0,0.004677137409689391,0.3249145731822964,-1.0252200073727793,-0.33952446065402464,-0.07259044414328275,-0.09272648657973837,0.020136042436455615,False
RD::+1::XFIN::+1,RD,1,XFIN,1,120,60,0.005463546789413231,5.876146011069116,0.00810163082583146,3.4165773310877694,0.008032281567720375,4.288387819979863,0.00560163082583146,0.0031016308258314607,-0.0018983691741685394,5,0.009098864187523537,0.0066057807832933454,1.0,0.004933589553235139,-0.8875960492346913,2.49635798544439,1.3195058745642143,-0.05184771963361989,-0.3617934634050174,0.3099457437713975,False
NOA::+1::roaq::+1,NOA,1,roaq,1,120,60,0.005419609290076847,3.176783569266627,0.008085261192177265,2.509330180626146,0.009276232214941036,3.4799928510323537,0.005585261192177265,0.003085261192177265,-0.001914738807822735,4,0.009168372066312084,0.00646059488097504,1.0,0.0046878885558361855,-0.6294623571503967,0.8043229860196894,0.7035899740163143,-0.1513803764036955,-0.4166215913699822,0.2652412149662867,False
OrgCap::+1::ShareIss1Y::+1,OrgCap,1,ShareIss1Y,1,120,60,0.004969959806640394,3.5506014467151514,0.00807187059905365,2.274986843079822,0.008100267365449759,2.5142649918399607,0.00557187059905365,0.0030718705990536504,-0.0019281294009463497,4,0.00744846717597036,0.009006975733678587,1.0,0.00465324600589514,-0.47143245086511226,0.1706090208582549,0.7411674105430452,-0.1102582704571543,-0.3327781437347014,0.22251987327754708,False
ChTax::+1::ShortInterest::+1,ChTax,1,ShortInterest,1,120,60,0.0062808585258993825,5.387196054964198,0.008043110572092168,2.089068742838479,0.009395243441127916,3.01922074116603,0.0055431105720921674,0.003043110572092168,-0.0019568894279078323,4,0.007981727382036013,0.008135185357176406,1.0,0.00459707411096561,0.1744282673183576,0.4720826762783874,0.2654260852702357,-0.14891361658689284,-0.1681627194147931,0.019249102827900266,False
RIO_Volatility::+1::SurpriseRD::-1,RIO_Volatility,1,SurpriseRD,-1,120,60,0.005657450570498427,3.331379997494519,0.008035747492774102,2.2476687838183054,0.007542984368851954,2.1858941640470313,0.005535747492774102,0.003035747492774102,-0.001964252507225898,4,0.010993913019913133,0.003598499202065551,1.0,0.004586959065898186,-0.1182354586404467,-0.27134763857859445,-0.2820970249432917,-0.07955038383581348,-0.12849324057888156,0.048942856743068086,False
RIO_Disp::+1::ShortInterest::+1,RIO_Disp,1,ShortInterest,1,120,60,0.007732771693026352,5.640169537024059,0.007976281593666841,3.163723450073303,0.00862716531534592,4.165509660574785,0.005476281593666841,0.0029762815936668413,-0.002023718406333159,5,0.009275044189347319,0.006028137700146131,1.0,0.004713592088181872,-0.3283195183942817,0.7250561583382487,1.34008079250506,-0.07627104498741177,-0.12076620385009429,0.044495158862682516,False
AnalystRevision::+1::RIO_Volatility::+1,AnalystRevision,1,RIO_Volatility,1,120,60,0.00646330545830985,3.5733074521816186,0.007968318526289039,3.0177008403598826,0.007572367046098003,3.078792763082014,0.005468318526289038,0.0029683185262890386,-0.0020316814737109615,5,0.009787503598751452,0.005239540917595418,1.0,0.0043289701150633075,-0.17248221647527132,-0.029420183891494922,0.48793503159828555,-0.05895197288136511,-0.08391992331738263,0.024967950436017516,False
ChInvIA::-1::RIO_Volatility::+1,ChInvIA,-1,RIO_Volatility,1,120,60,0.006650075823553396,3.709669182605871,0.007949936614728904,2.14918353475048,0.007812480669542067,2.182644355680076,0.005449936614728904,0.0029499366147289043,-0.002050063385271096,3,0.011238490374555102,0.003017105974989607,1.0,0.0045697327417375255,-0.17043394159036068,0.10694154653275767,-0.3805822740111169,-0.08137766993377316,-0.12849324057888156,0.04711557064510841,False
ChForecastAccrual::+1::RIO_Volatility::+1,ChForecastAccrual,1,RIO_Volatility,1,120,60,0.005721455474695956,3.5600356813335057,0.00794240770233011,2.6222149432846735,0.007028675926648509,2.49363776115663,0.005442407702330109,0.002942407702330109,-0.002057592297669891,5,0.011832368936552226,0.0021074658509969385,1.0,0.003925848528631894,0.20499383985673042,-0.04269195473960785,0.09244913452307646,-0.07232697736249227,-0.11810303689334312,0.04577605953085084,False
MomOffSeason06YrPlus::+1::ShareIss5Y::+1,MomOffSeason06YrPlus,1,ShareIss5Y,1,120,60,0.006811494597312623,3.257300078243737,0.007931653680234883,2.3647282455322274,0.007581536514566853,2.2386666374076016,0.005431653680234882,0.0029316536802348825,-0.0020683463197651176,4,0.009741238850145599,0.005217275925368807,1.0,0.004465035201994554,-0.4818311126938203,0.0062858007848483055,0.7167505589846888,-0.06695407000891596,-0.3324094310756598,0.26545536106674383,False
DownRecomm::+1::RIO_Volatility::+1,DownRecomm,1,RIO_Volatility,1,120,60,0.006446833349755375,3.886083811643309,0.007896018804259561,2.6710499130138636,0.007526377676417959,2.662712133163186,0.005396018804259561,0.002896018804259561,-0.002103981195740439,5,0.011116937380094177,0.0030646409405076388,1.0,0.004349851716478824,0.002376812789644342,0.28335617557019566,0.14128410425226656,-0.07012740091553227,-0.07222084180607868,0.0020934408905464164,False
CoskewACX::+1::RIO_Volatility::+1,CoskewACX,1,RIO_Volatility,1,120,60,0.0064432195158941365,3.1777323285963264,0.00786823049420065,2.2641423359352273,0.008006003619510116,2.3567705010528273,0.005368230494200649,0.0028682304942006494,-0.0021317695057993507,4,0.013181709507838953,-0.0001019880262568074,0.972972972972973,0.004423324967350276,-0.2868882235981125,-0.42499530747678715,-0.2656234728263698,-0.07883148767059822,-0.12849324057888156,0.04966175290828334,False
HerfBE::+1::NetPayoutYield::+1,HerfBE,1,NetPayoutYield,1,120,60,0.0053975978823558035,3.3149960227439577,0.007841818669675716,2.1237320548411276,0.007841223107917008,2.2750708857447255,0.005341818669675716,0.0028418186696757162,-0.002158181330324284,4,0.007475785713199793,0.008390868104389604,1.0,0.004558454124494274,-0.8115224997875344,0.14645609384317027,0.16277271772844282,-0.14185604181341016,-0.3647671097600953,0.22291106794668514,False
MomSeason11YrPlus::+1::RIO_Volatility::+1,MomSeason11YrPlus,1,RIO_Volatility,1,120,60,0.006688699575222203,3.184892414974461,0.007840136358969536,2.066953222354282,0.007032654300264864,1.96290298630978,0.005340136358969535,0.0028401363589695356,-0.0021598636410304645,4,0.013385292282766421,-0.000477597526725797,0.972972972972973,0.003829588647071248,0.29997588710939826,-0.41783522109865245,-0.46281258640731515,-0.10890350297542717,-0.12849324057888156,0.019589737603454394,False
NetPayoutYield::+1::RD::+1,NetPayoutYield,1,RD,1,120,60,0.006640096104994956,5.562528015807681,0.007838963504564023,2.8657826174001775,0.00752607366725129,3.2888782427305103,0.005338963504564023,0.0028389635045640233,-0.002161036495435977,5,0.009566850591920648,0.0052471328735290874,1.0,0.0045552801989370735,-0.8727566599897533,2.3939880869068935,0.9048232802874927,-0.08452326004295796,-0.3647671097600953,0.28024384971713734,False
DivSeason::+1::RIO_Volatility::+1,DivSeason,1,RIO_Volatility,1,120,60,0.0062251310056246805,3.7861020590626113,0.007837244979971767,2.6736126049003475,0.00728167976624761,2.6855754776428067,0.005337244979971767,0.002837244979971767,-0.002162755020028233,5,0.010542574029677104,0.0037792514054137624,1.0,0.0041158224799209605,-0.2997226012071825,0.1833744229894978,0.1438467961387504,-0.058726554743711246,-0.03493083057105306,-0.023795724172658184,False
PctTotAcc::+1::REV6::+1,PctTotAcc,1,REV6,1,120,60,0.003231056447688486,3.061506952554341,0.007812797607288771,2.250752615265309,0.007024745654276232,2.7271082607005854,0.005312797607288771,0.002812797607288771,-0.002187202392711229,4,0.013230896493299933,-0.0003143507217279711,0.918918918918919,0.0044966994361420685,0.11701079871684734,-0.09266229136342874,0.30552020300557436,-0.10420207855745345,-0.1296887484741076,0.02548666991665416,False
RIO_Volatility::+1::VolMkt::+1,RIO_Volatility,1,VolMkt,1,120,60,0.008173607898726872,3.9497017631443163,0.007770323571932764,2.1095510585836856,0.00763366261191269,2.1444026457323457,0.005270323571932764,0.002770323571932764,-0.002229676428067236,4,0.011682069664371433,0.0019027044332747608,1.0,0.0041543543402984325,0.03211035812626229,0.3469741270712028,-0.42021475017791143,-0.08057500922298344,-0.12849324057888156,0.04791823135589812,False
EarningsStreak::+1::Tax::+1,EarningsStreak,1,Tax,1,120,60,0.0032376541386916454,3.7961751254808314,0.0077553784782582276,3.289725355538192,0.006243436895334754,3.472960781190552,0.005255378478258228,0.0027553784782582275,-0.0022446215217417726,5,0.00908717402028298,0.0057576851652211035,1.0,0.004640418259459132,0.28590878574496903,-0.826825437076042,0.6424673381784687,-0.07144877898333879,-0.08408770445399338,0.012638925470654594,False
EarningsStreak::+1::NetDebtFinance::+1,EarningsStreak,1,NetDebtFinance,1,120,60,0.0031529761631345354,3.272605781371915,0.007749151420409073,2.363917253605079,0.00777368212339166,2.9846409577515316,0.005249151420409073,0.002749151420409073,-0.002250848579590927,4,0.008870765681552683,0.006066730028693659,1.0,0.00462713138691152,0.20851269920145654,-1.3503947811849581,-0.28334076375464434,-0.06479186204495324,-0.09272648657973837,0.027934624534785124,False
ShareIss5Y::+1::TotalAccruals::+1,ShareIss5Y,1,TotalAccruals,1,120,60,0.0038242458044154713,3.6242707381629318,0.0077426981602674305,3.742979736349914,0.00625089433434961,4.229408507919246,0.00524269816026743,0.0027426981602674304,-0.0022573018397325697,4,0.008999466068365486,0.005857546298120346,1.0,0.004504044344325907,-0.7385434481069064,0.37325646070404295,2.0950020498023756,-0.04808893184336471,-0.32291261273186234,0.2748236808884976,False
EarningsStreak::+1::NumEarnIncrease::+1,EarningsStreak,1,NumEarnIncrease,1,120,60,0.003302406322214472,4.285605897008537,0.007662827745308093,2.1376573801211136,0.0072021110375306095,3.0278467169779484,0.005162827745308093,0.0026628277453080926,-0.0023371722546919075,4,0.00973685799172075,0.004551782375689105,1.0,0.004390016292656191,0.670402295804824,-0.3373946655483362,-0.5096006372386097,-0.08838356653997836,-0.09272648657973837,0.004342920039760001,False
Illiquidity::-1::RIO_Volatility::+1,Illiquidity,-1,RIO_Volatility,1,120,60,0.006202821107307043,3.6429091185953535,0.007653313577262398,2.828260709811382,0.007609599122518335,2.8222756470506605,0.005153313577262397,0.0026533135772623976,-0.0023466864227376025,4,0.01082190298222921,0.002900429469812176,1.0,0.0042670130146580595,0.01361765251942068,0.040181482522239964,0.2984949010497848,-0.07806245452174687,-0.07693573000651621,-0.0011267245152306593,False
OrgCap::+1::RIO_Volatility::+1,OrgCap,1,RIO_Volatility,1,120,60,0.006596367195014759,3.952899344529912,0.007642290377124891,2.419672542278811,0.007312188583036522,2.521548386522971,0.005142290377124891,0.0026422903771248906,-0.0023577096228751095,5,0.008566230272693532,0.006256380533771925,1.0,0.0036872526006374736,-0.020331919536612023,0.35017170845679857,-0.11009326648278606,-0.09445671233127595,-0.12849324057888156,0.03403652824760561,False
MomOffSeason16YrPlus::+1::RIO_Volatility::+1,MomOffSeason16YrPlus,1,RIO_Volatility,1,120,60,0.0070623152348460744,4.238734302094374,0.007598570487050258,2.2752422216694423,0.005909383766486767,2.6174122076319213,0.005098570487050258,0.0025985704870502575,-0.0024014295129497426,4,0.010567025978997184,0.003145887249129873,1.0,0.002682638403486297,0.25213137159576926,0.6360066660212609,-0.2545235870921547,-0.0679176034941571,-0.12849324057888156,0.060575637084724465,False
MS::+1::RIO_Volatility::+1,MS,1,RIO_Volatility,1,120,60,0.008790955609006716,4.091773572849099,0.0075547295932323535,2.674551239189129,0.0075524702629635445,2.6745291338824733,0.005054729593232353,0.0025547295932323534,-0.0024452704067676467,4,0.011080214450658453,0.002266502307093207,1.0,0.004013818285596006,-0.35589568090715534,0.4890459367759852,0.144785430427532,-0.06405704192066797,-0.12849324057888156,0.0644361986582136,False
Herf::+1::XFIN::+1,Herf,1,XFIN,1,120,60,0.004212671917657845,3.4831566764964887,0.007546459935074751,2.6042765346753622,0.007979643940165142,2.8103948967069754,0.005046459935074752,0.002546459935074751,-0.002453540064925249,4,0.006885452538791022,0.008537971029500348,1.0,0.004649453094405651,-0.9262469222395637,0.10336865087176283,0.5072050781518072,-0.09350106392697644,-0.3617934634050174,0.26829239947804095,False
ShortInterest::+1::Tax::+1,ShortInterest,1,Tax,1,120,60,0.00570732965508675,5.241720153410714,0.007499619699533788,2.4334994349110817,0.008708313573209009,3.1388287445859713,0.004999619699533787,0.0024996196995337875,-0.0025003803004662126,5,0.008013458884011773,0.00672886092281681,1.0,0.004129492980498984,0.06803625617073601,0.32660677472490374,0.4732354631244762,-0.09869055588913789,-0.08408770445399338,-0.014602851435144504,False
AnnouncementReturn::+1::OrderBacklogChg::+1,AnnouncementReturn,1,OrderBacklogChg,1,120,60,0.005303298680630008,3.9697872223521875,0.007456891725320437,2.1484123356958986,0.006999853745052671,2.2365202283404364,0.004956891725320437,0.0024568917253204366,-0.0025431082746795635,3,0.002705803599315484,0.014583523914327864,1.0,0.003849111674107486,0.1090304899135102,-1.9521672863409378,0.10603805139670719,-0.10835592671048933,-0.08711006684180322,-0.0212458598686861,False
AnnouncementReturn::+1::ExchSwitch::+1,AnnouncementReturn,1,ExchSwitch,1,120,60,0.006954934075847926,4.415379401858957,0.007434451544819616,2.2070567560787056,0.007330230323030884,2.223572322931762,0.004934451544819616,0.0024344515448196163,-0.002565548455180384,4,0.013249437406264044,-0.0012880272473470217,0.7297297297297297,0.003881143646025685,-0.2107913216038761,-1.506575106834168,0.45226985285953103,-0.10741491496438482,-0.08711006684180322,-0.020304848122581598,False
EarningsConsistency::+1::EarningsStreak::+1,EarningsConsistency,1,EarningsStreak,1,120,60,0.0036986153300847973,2.8653215738951165,0.007424413446689089,2.6014833980777974,0.0071201414075083465,3.4292629343474115,0.004924413446689089,0.0024244134466890888,-0.0025755865533109113,4,0.006712652770506338,0.008492054460963214,1.0,0.00387827901609797,0.2003437510235802,-1.7576789886617568,-0.04577461928192594,-0.13050353036410112,-0.09272648657973837,-0.03777704378436275,False
REV6::+1::RIO_Turnover::+1,REV6,1,RIO_Turnover,1,120,60,0.005936233071788022,4.072749661801024,0.007410816081321737,2.218860546096993,0.007123326803908253,2.580652642457784,0.004910816081321738,0.002410816081321737,-0.002589183918678263,5,0.011731201025351717,0.0009302386652767624,1.0,0.003868413497298838,0.15194603184083533,0.9185804178832542,0.4470010966681106,-0.14905582888134328,-0.11422904831598801,-0.034826780565355264,False
DelLTI::+1::EarningsStreak::+1,DelLTI,1,EarningsStreak,1,120,60,0.0020581298490919327,3.6777663519217865,0.0073956316995295,3.820597034847869,0.006083992743905286,4.455014382784137,0.0048956316995294995,0.0023956316995295,-0.0026043683004705,5,0.008084074047196833,0.006362968178028501,1.0,0.00435254210802373,-0.14118492794695472,-0.9452342106350868,1.1733390174881455,-0.033517184410256085,-0.03450914970981267,0.0009919652995565853,False
Herf::+1::NetPayoutYield::+1,Herf,1,NetPayoutYield,1,120,60,0.0053892212332395705,3.109077959219668,0.007283792613807314,2.310475969256541,0.006944916161102982,2.304493179028672,0.004783792613807314,0.0022837926138073138,-0.0027162073861926863,4,0.007353438943188133,0.007179323119736088,1.0,0.0039264419621216455,-0.8519785233767384,-0.05946196968111961,0.3495166321438563,-0.12431434161609867,-0.3647671097600953,0.24045276814399663,False
DelFINL::+1::RIO_Volatility::+1,DelFINL,1,RIO_Volatility,1,120,60,0.006830163390639575,3.521940694718178,0.007277686212342454,2.276099046082439,0.007277686212342454,2.276099046082439,0.004777686212342454,0.0022776862123424536,-0.0027223137876575465,5,0.010711090148725032,0.0021275803077685815,1.0,0.004034584444167122,-0.3045601358616036,-0.08078694135493558,-0.253666762679158,-0.07472649620514915,-0.12849324057888156,0.05376674437373241,False
DelDRC::+1::RIO_Volatility::+1,DelDRC,1,RIO_Volatility,1,120,60,0.00642101747261623,3.523656054717132,0.00727172842825904,2.809827138046024,0.007327294992279176,2.8379434746351726,0.0047717284282590405,0.00227172842825904,-0.00272827157174096,5,0.008274903491619823,0.005766965833217868,1.0,0.003988947672098231,-0.18719278571896725,-0.07907158135598147,0.28006132928442673,-0.05667459464756708,-0.12849324057888156,0.07181864593131448,False
Accruals::+1::RIO_Volatility::+1,Accruals,1,RIO_Volatility,1,120,60,0.005061922237063973,3.586970763715018,0.007269924573008798,2.060464497824144,0.006677514658483359,2.0248155757981006,0.0047699245730087984,0.002269924573008798,-0.002730075426991202,4,0.013218342567447649,-0.001652702418649482,0.9459459459459459,0.0036108643112311586,-0.15515252747744968,-0.01575687235809564,-0.46930131093745286,-0.08033016181810404,-0.12849324057888156,0.04816307876077752,False
ShareIss1Y::+1::tang::+1,ShareIss1Y,1,tang,1,120,60,0.003559835224825959,3.383138641520313,0.007236498423484283,2.0025968986684872,0.008244110349492408,3.1589958970335497,0.004736498423484283,0.002236498423484283,-0.002763501576515717,4,0.006349083207822095,0.008567621246977561,1.0,0.0036106228462201907,-0.7253495603021488,0.0031462156634165517,0.46877746613171034,-0.0982349995612597,-0.3744590646532229,0.2762240650919632,False
ExclExp::+1::RIO_Volatility::+1,ExclExp,1,RIO_Volatility,1,120,60,0.006393327835835819,3.4882340782430554,0.00721536881578713,2.170230701607728,0.006360746799645176,2.0703879603842537,0.00471536881578713,0.0022153688157871302,-0.00278463118421287,5,0.01023932808400715,0.002679429913457102,1.0,0.0030226037162244964,0.35649089991914173,-0.1144935578300581,-0.35953510715386905,-0.07015693494269304,-0.1043096583012455,0.03415272335855246,False
DelCOL::+1::EarningsStreak::+1,DelCOL,1,EarningsStreak,1,120,60,0.00248667919276271,3.5138933634738785,0.007192819834377589,2.615048303597607,0.005147371329715051,3.078296022230157,0.004692819834377589,0.002192819834377589,-0.002807180165622411,5,0.009486938957237859,0.0037516411500871827,1.0,0.0038143457976462466,0.04930680777397328,-1.1091071990829948,-0.032209713762116454,-0.06091914243851515,-0.09272648657973837,0.031807344141223215,False
ChInv::+1::EarningsStreak::+1,ChInv,1,EarningsStreak,1,120,60,0.003327814111123764,4.574493317371964,0.007186301292952194,2.3976932394468893,0.00542071392127113,2.916830653478951,0.004686301292952194,0.0021863012929521936,-0.0028136987070478065,4,0.01132590149704403,0.0009769009868144357,0.972972972972973,0.003940276773390544,0.13252926579642424,-0.048507245184909564,-0.24956477791283405,-0.07314749734200032,-0.09272648657973837,0.019578989237738043,False
CompEquIss::+1::EarningsStreak::+1,CompEquIss,1,EarningsStreak,1,120,60,0.0034467321945984702,4.140025869637826,0.007137842010310794,2.542816188401487,0.007007264885794933,3.677546369342338,0.0046378420103107935,0.002137842010310794,-0.002862157989689206,4,0.006902088063142928,0.00749147293106259,1.0,0.0039718975689336,0.10716469206826967,-0.48297469291904704,-0.10444182895823628,-0.09983512879793444,-0.09272648657973837,-0.007108642218196071,False
AOP::-1::RIO_Volatility::+1,AOP,-1,RIO_Volatility,1,120,60,0.005996868969483835,3.5810764504754227,0.007130306250404852,3.201797252168439,0.006644815347268473,3.1145468938387935,0.004630306250404852,0.0021303062504048516,-0.0028696937495951485,4,0.009408254355926302,0.0037133840921226746,1.0,0.00328088040001598,-0.15679127532194473,-0.02165118559769086,0.672031443406842,-0.053247456853214525,-0.12849324057888156,0.07524578372566704,False
EarningsStreak::+1::PctAcc::+1,EarningsStreak,1,PctAcc,1,120,60,0.0028566771331264254,3.9436143065344553,0.007083847432234962,2.3576052398300855,0.0059089284452300194,2.6265678168374724,0.004583847432234962,0.002083847432234962,-0.002916152567765038,4,0.009868927488257082,0.0029062273482017803,1.0,0.003791533737158965,0.1408648192803236,-0.679386256022418,-0.2896527775296378,-0.04924449060455194,-0.08596891417244934,0.0367244235678974,False
OrgCap::+1::ShareIss5Y::+1,OrgCap,1,ShareIss5Y,1,120,60,0.004883642578777373,3.2309448795033107,0.006999527076776308,2.147205790199708,0.006393368943958612,2.2235624256059108,0.004499527076776307,0.0019995270767763076,-0.0030004729232236925,4,0.003268583026017661,0.012595943152914277,0.972972972972973,0.0036330292151184325,-0.40675061727965295,-0.02006939795557816,0.4992281036521693,-0.11544368877785038,-0.3327781437347014,0.217334454956851,False
ChangeInRecommendation::+1::EarningsStreak::+1,ChangeInRecommendation,1,EarningsStreak,1,120,60,0.003223146617446261,5.9596543045956185,0.006995970988999953,2.854104534811043,0.005786733461209557,3.4317562176312517,0.004495970988999953,0.001995970988999953,-0.0030040290110000473,3,0.00966733443080936,0.0029889258262858396,1.0,0.0038032012390179777,0.15607755745397597,1.3366537420387452,0.20684651745131966,-0.07306999270789927,-0.09272648657973837,0.019656493871839098,False
EarningsStreak::+1::GrSaleToGrInv::-1,EarningsStreak,1,GrSaleToGrInv,-1,120,60,0.00237750384807526,3.2198498656786327,0.006990411074815818,2.758565942017301,0.0066683827004843516,3.851614434502904,0.004490411074815818,0.0019904110748158177,-0.0030095889251841824,5,0.008801432038792767,0.0042738796288503906,1.0,0.003870026903444301,0.2849981915945913,-1.4031506968782406,0.11130792465757766,-0.04129623180319508,-0.09272648657973837,0.05143025477654328,False
AnnouncementReturn::+1::ChEQ::+1,AnnouncementReturn,1,ChEQ,1,120,60,0.00392189893300569,3.9993082744142567,0.006970746693821676,2.1683145469581766,0.007527410623895955,3.0702049395153024,0.004470746693821677,0.001970746693821676,-0.003029253306178324,4,0.011481710835463914,0.0002043004813583175,1.0,0.0036728649922302416,-0.17415958397392256,-1.9226462342788686,-0.051654311244332174,-0.08823622771738016,-0.08711006684180322,-0.0011261608755769315,False
REV6::+1::RIO_Disp::+1,REV6,1,RIO_Disp,1,120,60,0.0058378698793689395,3.8827121218952545,0.006965833319136259,2.8447017574972375,0.007615404549570573,3.478766859937213,0.00446583331913626,0.0019658333191362592,-0.003034166680863741,5,0.010497611029068672,0.001668166754237645,1.0,0.0033293453742594156,-0.04938313313800945,0.728542877977485,1.1428155139487515,-0.09518959448962938,-0.12076620385009429,0.025576609360464908,False
RDS::-1::RIO_Volatility::+1,RDS,-1,RIO_Volatility,1,120,60,0.006580742133633014,3.983683757523442,0.006963311083029536,2.6072240968433316,0.006963311083029536,2.6072240968433316,0.004463311083029536,0.001963311083029536,-0.003036688916970464,4,0.007692148932114844,0.005870054309401576,1.0,0.0037000555723887365,-0.3255078222075597,0.3809561214503283,0.0774582880817345,-0.07667847252145166,-0.12849324057888156,0.051814768057429905,False
MomOffSeason16YrPlus::+1::ShareIss5Y::+1,MomOffSeason16YrPlus,1,ShareIss5Y,1,120,60,0.005349590618608687,3.4717456506015036,0.006955807186701676,2.2401939592253415,0.008544903424262786,3.420819059922662,0.004455807186701676,0.001955807186701676,-0.003044192813298324,4,0.00526937873232131,0.009485449868272227,0.972972972972973,0.0034713665059746272,-0.24900384409185203,0.22073137314261482,0.5922162726778029,-0.14150438895728068,-0.26896971247600643,0.12746532351872575,False
EarningsStreak::+1::MomSeason16YrPlus::+1,EarningsStreak,1,MomSeason16YrPlus,1,120,60,0.004418963210514837,4.434646120863511,0.006875414648823379,2.1744338393852347,0.007680808104339514,2.7098401518495976,0.00437541464882338,0.0018754146488233793,-0.003124585351176621,4,0.00849926957187722,0.0044396322642426215,1.0,0.0034762925677453422,0.14748758999349093,-0.18835444169336224,-0.4728241779744886,-0.0974828068841942,-0.09272648657973837,-0.00475632030445583,False
RDS::+1::ShareIss5Y::+1,RDS,1,ShareIss5Y,1,120,60,0.0031961307419143157,3.6065359398877,0.006849012288932324,2.472276621718949,0.005407867227390628,2.576293165377392,0.004349012288932324,0.001849012288932324,-0.003150987711067676,4,0.007512263292546685,0.005854135783510785,1.0,0.003421791803903508,-0.6996566034891537,0.35552166242881134,0.8242989351714105,-0.06658987825213425,-0.2547582896288967,0.18816841137676243,False
DivYieldST::+1::EarningsStreak::+1,DivYieldST,1,EarningsStreak,1,120,60,0.0031472958982428816,5.2324388677579,0.006813391109067695,2.8504746855113554,0.005586587904320823,4.029067118672232,0.004313391109067696,0.0018133911090676951,-0.003186608890932305,5,0.007835774459248202,0.005279816083796937,1.0,0.003535315642234175,-0.0025357066013478877,0.609438305201027,0.20321666815163208,-0.05776526855289532,-0.08524033007804277,0.02747506152514745,False
EarningsStreak::+1::dNoa::+1,EarningsStreak,1,dNoa,1,120,60,0.002885511409437598,3.0653519803337588,0.006786694112657313,2.346788413281671,0.006281096770328839,3.0968432778865176,0.004286694112657313,0.0017866941126573133,-0.003213305887342687,4,0.010498568394349494,0.0012188826901190465,1.0,0.0035215940487414257,0.19948816560116198,-1.5576485822231145,-0.3004696040780521,-0.07364224294942157,-0.09272648657973837,0.0190842436303168,False
ChangeInRecommendation::+1::ShortInterest::+1,ChangeInRecommendation,1,ShortInterest,1,120,60,0.005692822133841367,5.853942334910352,0.0067402122102755094,2.030207620654209,0.008349164662659678,2.870910209762826,0.004240212210275509,0.0017402122102755093,-0.0032597877897244908,3,0.008593619294538153,0.0039601015838815435,1.0,0.0034167005433116677,0.4203217252815785,0.9388289562245413,0.2065649630859656,-0.17104166114099917,-0.10716596280677848,-0.06387569833422069,False
AnnouncementReturn::+1::EarningsStreak::+1,AnnouncementReturn,1,EarningsStreak,1,120,60,0.005588596506406915,6.103807321005733,0.006655103531193896,2.0312940478181325,0.007558884864457842,2.9357645185507777,0.004155103531193896,0.001655103531193896,-0.003344896468806104,4,0.008086818996151848,0.004507530333756973,1.0,0.003487929056816492,0.3564530009286732,0.18185281231260753,-0.6159639695415908,-0.05973277570339075,-0.08711006684180322,0.027377291138412474,False
ConvDebt::+1::EarningsStreak::+1,ConvDebt,1,EarningsStreak,1,120,60,0.004232019795210886,4.9166681108819965,0.006626674923786129,2.256611803292733,0.0074619051930489505,3.372961756299934,0.0041266749237861295,0.001626674923786129,-0.003373325076213871,4,0.007963221602252223,0.0046218549060869875,1.0,0.0033611530640887378,0.3070586797444477,0.2936675483251232,-0.3906462140669902,-0.07425327710083807,-0.09272648657973837,0.0184732094789003,False
ChTax::+1::PctTotAcc::+1,ChTax,1,PctTotAcc,1,120,60,0.0024464820915739574,3.099666851949821,0.006626257901221418,2.7928148319321364,0.006619597051090695,3.64437489954929,0.004126257901221418,0.0016262579012214177,-0.0033737420987785824,3,0.009194389844078603,0.0027740599869356393,1.0,0.00320147883115041,0.16689424574944464,0.1839197507586161,0.847582419672402,-0.06822999477683012,-0.1296887484741076,0.06145875369727749,False
DivSeason::-1::RIO_Volatility::+1,DivSeason,-1,RIO_Volatility,1,120,60,0.005264466486160036,3.3583556327996793,0.006617841692338674,2.3342875235440865,0.006148782022007989,2.316580246064121,0.004117841692338675,0.0016178416923386743,-0.003382158307661326,4,0.009959485441660296,0.0016053760683562436,1.0,0.0029130886794180833,0.2997226012071825,-0.24437200327343422,-0.19547828521751054,-0.07296370712288003,-0.0996716356170736,0.026707928494193567,False
PctTotAcc::+1::RIO_Disp::+1,PctTotAcc,1,RIO_Disp,1,120,60,0.0038983952587009255,2.9119245763601525,0.006559428922796088,2.2308855323544026,0.004733267365218894,2.0139149967330168,0.004059428922796088,0.0015594289227960877,-0.0034405710772039124,4,0.010487706651389907,0.0006670123299053647,1.0,0.0026639652019145262,0.2810289890784589,0.07251595715188275,0.28565312009466814,-0.0791050214454162,-0.12076620385009429,0.04166118240467809,False
PctTotAcc::+1::VolumeTrend::+1,PctTotAcc,1,VolumeTrend,1,120,60,0.0030239690943434346,3.880831196418207,0.006545081707974681,2.133748887051763,0.004745137322836128,2.4219889206691185,0.004045081707974681,0.0015450817079746808,-0.0034549182920253193,3,0.00995609476261182,0.0014285621260189745,1.0,0.0033057243565861832,0.20773848801524597,-1.1585835481690743,0.1885164747920285,-0.0667207573030667,-0.1296887484741076,0.0629679911710409,False
InvestPPEInv::+1::RIO_Volatility::+1,InvestPPEInv,1,RIO_Volatility,1,120,60,0.0074601929800901245,4.0273212445884035,0.00654048243289452,2.0899851548551123,0.00586169235229254,2.05715930430925,0.00404048243289452,0.0015404824328945198,-0.0034595175671054803,4,0.010109194354634846,0.0011874145502840325,1.0,0.002584399247370721,0.1679561852720899,0.42459360851528993,-0.4397806539064848,-0.07240705620486632,-0.12849324057888156,0.05608618437401525,False
ChForecastAccrual::-1::RIO_Volatility::+1,ChForecastAccrual,-1,RIO_Volatility,1,120,60,0.0057681420170887605,3.516396626694896,0.006512678969980332,2.126502995167669,0.006336534403502742,2.129724497009456,0.004012678969980333,0.001512678969980332,-0.003487321030019668,4,0.008669690534785177,0.0032771616227730677,1.0,0.0031030626307071494,-0.20499383985673042,-0.0863310093782177,-0.403262813593928,-0.06742492773033626,-0.12849324057888156,0.0610683128485453,False
EarningsStreak::+1::IndRetBig::+1,EarningsStreak,1,IndRetBig,1,120,60,0.004986671595700249,3.6341138079106874,0.006503273528676142,2.3710900736778555,0.006868935196584478,2.6536667662404887,0.004003273528676143,0.0015032735286761422,-0.003496726471323858,5,0.006737304702366187,0.006152226768141073,1.0,0.0032186424285748565,0.11219489118246277,-0.9888867546461859,-0.2761679436818678,-0.0716460348517759,-0.09272648657973837,0.021080451727962468,False
EarningsStreak::+1::UpRecomm::+1,EarningsStreak,1,UpRecomm,1,120,60,0.0028938072722636877,5.830754613333902,0.006496400271130809,2.731870620987957,0.006043748636482331,3.9443313004296567,0.003996400271130809,0.001496400271130809,-0.003503599728869191,4,0.008246376949426811,0.0038714352536868015,1.0,0.0032788492598512108,0.24058042723420442,1.2077540507770284,0.08461260362823353,-0.07420968431978969,-0.08719824529108089,0.012988560971291196,False
REV6::+1::Tax::+1,REV6,1,Tax,1,120,60,0.003812427841429339,3.7222454271397476,0.006489171425003203,2.3238836357338317,0.006538165759934831,2.640993587155421,0.0039891714250032025,0.0014891714250032028,-0.0035108285749967973,5,0.009236025723733124,0.0023688899769083232,1.0,0.003019873482178848,0.006785787612429933,0.5680761832219781,0.3636196639472262,-0.1027332915629039,-0.08408770445399338,-0.01864558710891051,False
AnnouncementReturn::+1::AssetGrowth::+1,AnnouncementReturn,1,AssetGrowth,1,120,60,0.0048413423704407954,3.338146870449179,0.0064818418885033684,2.0712973541448876,0.0062355764827137835,2.4768144659934954,0.003981841888503368,0.0014818418885033683,-0.0035181581114966318,4,0.011640609369652463,-0.001256309333220271,0.972972972972973,0.0029583828601412684,-0.16141826445266672,-2.5838076382439463,0.25660526242228254,-0.10485190334522043,-0.08711006684180322,-0.017741836503417208,False
RIO_Volatility::+1::SurpriseRD::+1,RIO_Volatility,1,SurpriseRD,1,120,60,0.005832146921286289,3.4574012164245804,0.006419339179536341,2.165882417366259,0.005204574655031838,2.0372558581510205,0.0039193391795363415,0.001419339179536341,-0.003580660820463659,4,0.009508146451424265,0.0017861282717044548,1.0,0.002248504739957633,0.1182354586404467,-0.1453264196485331,-0.3638833913953379,-0.07486991492441653,-0.12849324057888156,0.05362332565446504,False
AbnormalAccruals::-1::RIO_Volatility::+1,AbnormalAccruals,-1,RIO_Volatility,1,120,60,0.00679012812470133,3.630809874354741,0.0063758551943487955,2.134036443006871,0.006044569482951823,2.034847460213857,0.0038758551943487954,0.0013758551943487954,-0.0036241448056512048,5,0.006632626209043266,0.00599069867230709,1.0,0.0030032832832302893,-0.14225207979540322,0.02808223828162726,-0.3957293657547263,-0.06997704358029655,-0.12849324057888156,0.05851619699858501,False
CompositeDebtIssuance::+1::EarningsStreak::+1,CompositeDebtIssuance,1,EarningsStreak,1,120,60,0.0030314842111452333,3.951331756084344,0.006375125976949905,2.044812086637366,0.006183620220436382,2.6180717907140734,0.003875125976949905,0.0013751259769499051,-0.003624874023050095,4,0.008692510510270946,0.0028990491769683453,1.0,0.003110936839120357,0.293822366702922,-0.6716688064725291,-0.6024459307223573,-0.07020898549143839,-0.09272648657973837,0.022517501088299974,False
ChNNCOA::-1::EarningsStreak::+1,ChNNCOA,-1,EarningsStreak,1,120,60,0.0021797316138790538,3.3415400631587544,0.006304746048997197,3.2415350329629273,0.004692916807329168,3.351788877231993,0.003804746048997197,0.0013047460489971968,-0.0036952539510028033,5,0.005959869637742746,0.006822060665878871,1.0,0.003259651048446012,-0.20410497373008205,-1.281460499398119,0.594277015603204,-0.03940901711005773,-0.09063680282980946,0.05122778571975173,False
ChEQ::+1::Size::-1,ChEQ,1,Size,-1,120,60,0.002430010437832563,3.246402482358203,0.00626682902207998,2.210811980093367,0.004551454099815854,2.1598074457412184,0.00376682902207998,0.00126682902207998,-0.00373317097792002,4,0.0077823719364551415,0.003993514650517238,1.0,0.0028653170548681426,-0.5675593048940548,0.8499295518232381,-0.009156878109141786,-0.052072513872086224,-0.15337417977904044,0.10130166590695422,False
ChTax::+1::RIO_Turnover::+1,ChTax,1,RIO_Turnover,1,120,60,0.005151658715673493,3.8423579999772732,0.006224276375254382,2.4603454688790287,0.006855599215204745,2.9603971821175574,0.003724276375254382,0.001224276375254382,-0.003775723624745618,4,0.007694694376130388,0.004018649373940373,1.0,0.002426678757775264,0.22448737724059137,0.8965093139850899,0.6884860194501465,-0.10105947128793935,-0.11422904831598801,0.013169577028048662,False
ChAssetTurnover::-1::RIO_Volatility::+1,ChAssetTurnover,-1,RIO_Volatility,1,120,60,0.00596442063044891,4.2076647473313455,0.0062067715266365935,2.4478794699112063,0.0055947761633179304,2.2458369713526647,0.0037067715266365935,0.0012067715266365934,-0.0037932284733634067,4,0.009440406009764703,0.0013563198019444257,1.0,0.0027521657772624267,-0.1485857641225142,0.604937111258232,-0.08188633885039076,-0.07516720108373032,-0.12849324057888156,0.053326039495151245,False
RIO_Turnover::+1::VolumeTrend::+1,RIO_Turnover,1,VolumeTrend,1,120,60,0.005729145718442969,4.669652560874863,0.006143100182007646,2.230975611853231,0.006048248039187993,2.6055026077810695,0.003643100182007646,0.0011431001820076461,-0.003856899817992354,3,0.008456399294663606,0.0026731515130237076,1.0,0.0026312416278564577,-0.0007152919976755037,-0.3697621837124183,0.45911616242434894,-0.05902218893178157,-0.11422904831598801,0.05520685938420644,False
AnalystRevision::+1::EarningsStreak::+1,AnalystRevision,1,EarningsStreak,1,120,60,0.0027289985438580465,3.398534818953862,0.0061165832452033135,2.6630992647366645,0.00542080853515836,3.2915762341284687,0.0036165832452033134,0.0011165832452033134,-0.0038834167547966867,4,0.006008022595121955,0.006279424220325351,1.0,0.00288923655677426,0.24968231034486826,-1.2244657436030115,0.015841247376941148,-0.06339229748512454,-0.08391992331738263,0.02052762583225809,False
ChNWC::-1::RIO_Volatility::+1,ChNWC,-1,RIO_Volatility,1,120,60,0.0059967857679493995,3.4656397884225356,0.006054947726107568,2.342248703640564,0.005571764337625711,2.307830207554456,0.003554947726107568,0.0010549477261075678,-0.003945052273892432,4,0.007434109316533044,0.003986205340469354,1.0,0.0022867999537044647,-0.11118056850441416,-0.1370878476505779,-0.18751710512103292,-0.06411601686149038,-0.12849324057888156,0.06437722371739119,False
DownRecomm::+1::EarningsStreak::+1,DownRecomm,1,EarningsStreak,1,120,60,0.002712526435303572,5.482515522079372,0.006044283523173836,2.5454264700300326,0.006438506595034673,3.7253045481118257,0.003544283523173836,0.0010442835231738359,-0.003955716476826164,4,0.007337456376464679,0.0041045242432375725,1.0,0.0029041138736997994,0.18196377205788306,0.8595149595224987,-0.10183154732969069,-0.05859942674639218,-0.07222084180607868,0.013621415059686504,False
RD::+1::roaq::+1,RD,1,roaq,1,120,60,0.0048726471148663,3.5994881910324033,0.006023140296021744,2.3221841684411957,0.006786016784117327,3.0482622415606846,0.003523140296021744,0.001023140296021744,-0.003976859703978256,5,0.0064440250992935915,0.00539181309111397,1.0,0.002908979046585411,-0.8702762554506699,1.2270276077854656,0.5164439618313641,-0.10613906995725098,-0.4166215913699822,0.31048252141273125,False
DivSeason::+1::EarningsStreak::+1,DivSeason,1,EarningsStreak,1,120,60,0.0024908240911728783,5.077014719803925,0.005985509698886043,2.9101790105138656,0.0058035327899822456,4.234331298544307,0.0034855096988860427,0.0009855096988860427,-0.0040144903011139575,4,0.006763093026047606,0.004819134708143696,1.0,0.0029498661464112427,0.06052112549932161,0.45401415724705174,0.2629209931541423,-0.04313948418663094,-0.03493083057105306,-0.008208653615577877,False
RIO_Disp::+1::ShareRepurchase::+1,RIO_Disp,1,ShareRepurchase,1,120,60,0.005149132021653257,3.8336290346797117,0.005874624019483935,2.2633917989416408,0.005926886587411642,2.388152067243988,0.0033746240194839345,0.0008746240194839345,-0.004125375980516066,4,0.006549931397067674,0.0048616629531083215,1.0,0.002487934733521924,-0.09035635741762445,0.7629215593059349,0.5615055553931547,-0.08021908249594745,-0.12076620385009429,0.04054712135414684,False
ChTax::+1::RIO_Disp::+1,ChTax,1,RIO_Disp,1,120,60,0.0050532955232544105,3.7794289426928853,0.005779293613068905,3.529920126184566,0.005567589454337718,3.603122060383962,0.003279293613068905,0.000779293613068905,-0.004220706386931095,5,0.00646110437984734,0.004756577462901254,1.0,0.002321547507724769,0.028713519045314922,0.8636818415016805,1.7939814504301446,-0.06805517197819799,-0.12076620385009429,0.0527110318718963,False
RIO_Disp::+1::VolumeTrend::+1,RIO_Disp,1,VolumeTrend,1,120,60,0.005630782526023888,4.473689246076618,0.00569811741982217,2.834059106208622,0.00521933499570843,2.8773692961341437,0.00319811741982217,0.0006981174198221699,-0.00430188258017783,5,0.0072228092983805565,0.0034110796019845902,1.0,0.002396564209142141,-0.16960791374700107,-0.5657254985106634,1.1321728626601357,-0.05151443591991023,-0.12076620385009429,0.06925176793018406,False
RIO_Volatility::+1::realestate::+1,RIO_Volatility,1,realestate,1,120,60,0.006953703631445368,3.4344468126493526,0.005669836019558336,2.1287189569836067,0.005259016177583146,2.1021255393326923,0.003169836019558336,0.0006698360195583359,-0.004330163980441664,5,0.005138853166194284,0.0064663102996044145,1.0,0.0019047414588513173,-0.20112179517156747,-0.16828082342376094,-0.4010468517779904,-0.11181223367436033,-0.12849324057888156,0.016681006904521234,False
EBM::+1::VolumeTrend::+1,EBM,1,VolumeTrend,1,120,60,0.003032537064437041,3.527412778460608,0.005592305058685576,2.4427482266110956,0.005389786309779925,2.9348501097235697,0.003092305058685576,0.0005923050586855759,-0.004407694941314424,4,0.006387495812253564,0.004399518928333595,1.0,0.002598820994387153,-0.15191898969397297,-1.5120019661266735,0.4148523509046864,-0.07085930836380583,-0.05533675590017395,-0.015522552463631878,False
NumEarnIncrease::+1::RIO_Turnover::+1,NumEarnIncrease,1,RIO_Turnover,1,120,60,0.004642882028383688,4.0315532654468065,0.005588234769745863,2.0897659265566033,0.004947591848899664,2.287260752127091,0.0030882347697458626,0.0005882347697458625,-0.004411765230254138,4,0.008376109849543917,0.0014064221500487773,1.0,0.001986601891166792,0.11978891661174766,1.0857045794546232,0.31790647712772113,-0.06725331823192393,-0.11422904831598801,0.04697573008406408,False
Illiquidity::-1::ShortInterest::+1,Illiquidity,-1,ShortInterest,1,120,60,0.004938189709250347,5.551436723187276,0.005545819517452229,2.054760059091999,0.006741877427271178,2.991744096231279,0.003045819517452229,0.000545819517452229,-0.004454180482547771,3,0.005968706842328506,0.004911488530137813,1.0,0.0022541436928039424,-0.31063314764568506,0.6363233445014655,0.23111740152375604,-0.12944282371607652,-0.07693573000651621,-0.052507093709560304,False
OrgCap::+1::ShortInterest::+1,OrgCap,1,ShortInterest,1,120,60,0.005331735796958062,5.344220022184719,0.00553479631731472,2.9599579085026124,0.006395444507674401,3.421749561980196,0.0030347963173147203,0.0005347963173147202,-0.00446520368268528,4,0.003713034132792827,0.008267439594097563,1.0,0.0024020200777289664,-0.4607335972530632,0.42910664349890837,1.1363152509343692,-0.06148844162589184,-0.2661638891763044,0.20467544755041256,False
EarningsStreak::+1::ExclExp::+1,EarningsStreak,1,ExclExp,1,120,60,0.0026590209213840144,3.5715386856467717,0.005363633534701405,2.3921191337735332,0.005709905866111862,3.0170007750444876,0.002863633534701405,0.00036363353470140504,-0.004636366465298595,4,0.00645984708037765,0.0037193132161870354,1.0,0.002336014373364948,0.025594868622444897,-1.0514618769101016,-0.2551388835861901,-0.052369319808290626,-0.09272648657973837,0.04035716677144774,False
EarningsConsistency::+1::RIO_Turnover::+1,EarningsConsistency,1,RIO_Turnover,1,120,60,0.0050390910362540136,3.7314626312440256,0.00534982047112686,2.709619957385128,0.005286131760792321,2.8857757201814813,0.0028498204711268596,0.00034982047112685957,-0.0046501795288731405,4,0.005351904628329507,0.005346694235322886,1.0,0.0018214849304478815,-0.2330946484099879,0.7856139452518422,0.9377605079562459,-0.05350789549958934,-0.11422904831598801,0.06072115281639867,False
Tax::+1::VolumeTrend::+1,Tax,1,VolumeTrend,1,120,60,0.0036053404880842877,3.962888380919914,0.005221455525689116,2.3991959900388546,0.004550817470311874,2.4491250526362434,0.002721455525689116,0.0002214555256891161,-0.004778544474310884,4,0.005961223993045012,0.004111802824655269,1.0,0.0020319892594531735,0.23638803504395806,-1.0765263636673676,0.43893201825224915,-0.04673097173320517,-0.08408770445399338,0.03735673272078821,False
NumEarnIncrease::+1::RIO_Disp::+1,NumEarnIncrease,1,RIO_Disp,1,120,60,0.004544518835964606,3.504476834874796,0.0051432520075603855,2.7664827565969077,0.0046523042012129945,2.74155432704238,0.0026432520075603855,0.00014325200756038544,-0.004856747992439615,5,0.007142519853260869,0.0021443502390096594,1.0,0.0018814706411162938,-0.07304823226330008,0.6604420742534063,1.0645965130484216,-0.05641551494666408,-0.12076620385009429,0.06435068890343021,False
RD::+1::cfp::+1,RD,1,cfp,1,120,60,0.003980129185427257,3.0478446386657803,0.005105161620690764,2.119380156108627,0.005756800297087874,2.834527571207611,0.002605161620690764,0.00010516162069076386,-0.004894838379309236,4,0.007283080586633955,0.0018382831717759795,1.0,0.0019620353093945026,-0.8788525783109871,0.48861377244187576,0.6486351609712855,-0.07954243784213466,-0.4003546389705578,0.3208122011284231,False
CompEquIss::+1::RIO_Turnover::+1,CompEquIss,1,RIO_Turnover,1,120,60,0.004787207900767685,3.5718468672516144,0.005063249034748562,2.5617353632795594,0.005529150260323051,2.945574564890563,0.002563249034748562,6.324903474856213e-05,-0.004936750965251438,4,0.005541339920966097,0.004346112705422261,1.0,0.0019038800852775278,-0.2350374356824116,0.6259981812594311,0.7898759138506772,-0.06291820035627549,-0.11422904831598801,0.051310847959712524,False
ChangeInRecommendation::+1::RIO_Turnover::+1,ChangeInRecommendation,1,RIO_Turnover,1,120,60,0.004563622323615476,3.818643165255607,0.004921378013437723,2.21180087080038,0.004822987110075977,2.700723169191284,0.002421378013437723,-7.862198656227726e-05,-0.005078621986562277,3,0.00830658628863253,-0.00015643439935448915,0.918918918918919,0.0015002396676910786,-0.11503082836603062,0.8383618679485312,0.43994142137149783,-0.06115755765293618,-0.10716596280677848,0.0460084051538423,False
EarningsConsistency::+1::RIO_Disp::+1,EarningsConsistency,1,RIO_Disp,1,120,60,0.004940727843834932,3.4796802869324592,0.004904837708941383,3.1782309914412945,0.004992012697449208,3.2966035226040553,0.0024048377089413825,-9.516229105861751e-05,-0.005095162291058618,5,0.004118314632046457,0.006084622324283769,1.0,0.0017862814116639584,-0.25061960637220787,0.6402716677241895,1.4763447478928085,-0.06131955032904646,-0.12076620385009429,0.05944665352104783,False
DelLTI::+1::VolumeTrend::+1,DelLTI,1,VolumeTrend,1,120,60,0.002425816198484575,3.400546432480814,0.004861708746960386,2.5947420793432374,0.0041807543585215675,2.8014204425864797,0.002361708746960386,-0.00013829125303961402,-0.005138291253039614,4,0.004958124019958866,0.004717085837462665,1.0,0.0018420713558260763,-0.4667602764907596,-1.6388683121064673,0.2994444993428895,-0.04519157113867989,-0.03450914970981267,-0.010682421428867217,False
RevenueSurprise::+1::grcapx::+1,RevenueSurprise,1,grcapx,1,120,60,0.0028784090672991174,3.141989640152995,0.0047515031591685184,2.1608550357784315,0.004195858380612797,2.3456148088973734,0.0022515031591685184,-0.00024849684083148166,-0.005248496840831482,3,0.0071290332549494755,0.0011852080154970827,1.0,0.001498444696480312,0.18435557659224183,-1.3084279512399934,-0.2218646693352606,-0.06725305126552317,-0.07187514701842235,0.00462209575289918,False
DivYieldST::+1::RIO_Turnover::+1,DivYieldST,1,RIO_Turnover,1,120,60,0.004487771604412097,3.9014635746439277,0.004738798133505465,2.2005248048645862,0.004439225349073127,2.399916556340972,0.002238798133505465,-0.00026120186649453495,-0.005261201866494535,4,0.006475026317071369,0.002134455858156609,1.0,0.0010055040742714561,0.09804376869664776,0.9438864140638246,0.42866535543570405,-0.06285089985698755,-0.08524033007804277,0.022389430221055218,False
ChInv::+1::ChTax::+1,ChInv,1,ChTax,1,120,60,0.003118013457746929,3.4246655026519917,0.004733554533629816,2.1033565161291157,0.00500984925363951,2.6242951049618757,0.0022335545336298157,-0.00026644546637018436,-0.0052664454663701845,4,0.0074382465512728485,0.0006765165071652655,0.9459459459459459,0.0017303496532106474,-0.04241627608879669,0.5089184014607868,0.36741784037469416,-0.08595650013213985,-0.1681627194147931,0.08220621928265326,False
EarningsStreak::+1::InvestPPEInv::+1,EarningsStreak,1,InvestPPEInv,1,120,60,0.003725886065638323,5.307373292039629,0.004688747151808794,2.0248144175871006,0.005205263100620323,2.901357400385968,0.002188747151808794,-0.0003112528481912062,-0.005311252848191206,4,0.006329713351005347,0.0022272978530139655,1.0,0.0016013538212130795,0.1148257521618339,0.6843727294827557,-0.6224435997726228,-0.07280734021833957,-0.09272648657973837,0.0199191463613988,False
ChForecastAccrual::-1::EarningsStreak::+1,ChForecastAccrual,-1,EarningsStreak,1,120,60,0.002033835102636957,4.40255400017681,0.004660943688894606,3.155473638077582,0.003384883480908007,3.2136968069314453,0.002160943688894606,-0.00033905631110539396,-0.005339056311105394,5,0.004890209531155676,0.004317044925503002,1.0,0.001698014083538427,-0.4305115721918781,-0.22044656238006333,0.5082156207178588,-0.035721710074379964,-0.09272648657973837,0.0570047765053584,False
CompEquIss::+1::RIO_Disp::+1,CompEquIss,1,RIO_Disp,1,120,60,0.004688844708348604,3.478564874804571,0.004618266272563088,2.1987584589977542,0.004272723535590197,2.098916037310652,0.0021182662725630877,-0.00038173372743691234,-0.0053817337274369124,4,0.0043077499246830485,0.005084040794383143,1.0,0.001387974788532915,-0.1865984908139273,0.6391562555963013,0.4968722154492682,-0.09595998392403404,-0.12076620385009429,0.024806219926060247,False
ChTax::+1::ChangeInRecommendation::+1,ChTax,1,ChangeInRecommendation,1,120,60,0.003013345964069426,4.054033783683202,0.004543224229677573,2.1118724690182775,0.005319820201145509,3.2256446797981964,0.002043224229677573,-0.0004567757703224269,-0.005456775770322427,3,0.005779679485038177,0.0026885413466366686,1.0,0.0015285654245439967,0.054316684180159384,1.0737524863761263,0.375933793263856,-0.09415450620299703,-0.10716596280677848,0.013011456603781446,False
RIO_Disp::+1::RevenueSurprise::+1,RIO_Disp,1,RevenueSurprise,1,120,60,0.00571582105331041,4.463268327059366,0.004504306347135191,2.0747749212166227,0.004235901518523024,2.06204357683016,0.002004306347135191,-0.0004956936528648093,-0.005495693652864809,5,0.0064668899720935384,0.0015604309096976668,1.0,0.0011283019238607383,0.015547268921476976,0.012850735666376956,0.3728886776681366,-0.07010463792002719,-0.12076620385009429,0.0506615659300671,False
ChangeInRecommendation::+1::RIO_Disp::+1,ChangeInRecommendation,1,RIO_Disp,1,120,60,0.004465259131196396,3.6530994424435987,0.004476395251252245,2.304237939754863,0.004377329631729306,2.3402608494919894,0.001976395251252245,-0.0005236047487477552,-0.005523604748747755,4,0.0070729962923494795,0.0005814936896063931,1.0,0.00118554698864556,0.009024142345072659,0.6728181451365227,0.6023516962063769,-0.07120545591444638,-0.10716596280677848,0.0359605068923321,False
EBM::+1::RevenueSurprise::+1,EBM,1,RevenueSurprise,1,120,60,0.0031175755917235634,3.6672560685213185,0.004398493985998596,2.354894316456594,0.003719635061264266,2.359135258593198,0.001898493985998596,-0.0006015060140014041,-0.005601506014001404,4,0.005631576485966547,0.0025488702360466696,1.0,0.001161756874517186,-0.23543462003283575,-0.7831615228716702,0.3269984407501849,-0.043152089230702906,-0.05533675590017395,0.012184666669471045,False
MomSeason16YrPlus::+1::RIO_Disp::+1,MomSeason16YrPlus,1,RIO_Disp,1,120,60,0.005661075724264971,3.9273469926058278,0.004355838911075673,2.421810803519624,0.004498504625824221,2.5293507472905645,0.001855838911075673,-0.000644161088924327,-0.005644161088924327,4,0.005904931433417337,0.0020322001275631767,1.0,0.0009874996022796456,-0.11536972736662664,1.087938373397558,0.7199245599711379,-0.07635666923970086,-0.12076620385009429,0.04440953461039343,False
DivYieldST::+1::RIO_Disp::+1,DivYieldST,1,RIO_Disp,1,120,60,0.004389408411993015,3.896442526878322,0.00429381537131999,2.4596162391426213,0.0035166175972717205,2.163996031759468,0.0017938153713199898,-0.0007061846286800103,-0.00570618462868001,5,0.005241436320788321,0.0028723839471174917,1.0,0.000869265939096977,-0.02079950776859263,0.9388653662982187,0.7577299955941352,-0.06031276985768286,-0.08524033007804277,0.024927560220359912,False
ChNWC::-1::EarningsStreak::+1,ChNWC,-1,EarningsStreak,1,120,60,0.002262478853497596,3.5102533685539363,0.004203212445021842,2.3611237896219937,0.004341775499412824,3.128328138150431,0.0017032124450218418,-0.0007967875549781582,-0.005796787554978158,4,0.003654628312903545,0.005026088643199288,1.0,0.0012406267268556675,-0.40769109147980126,-1.112747194002937,-0.2861342277377297,-0.061020593718253746,-0.09272648657973837,0.03170589286148462,False
RIO_Disp::+1::UpRecomm::+1,RIO_Disp,1,UpRecomm,1,120,60,0.004135919786013822,3.6974105122889758,0.003976824533383101,2.0481549912827335,0.0037213778010951426,2.0496655887977178,0.001476824533383101,-0.001023175466616899,-0.006023175466616899,5,0.005652038810966931,0.0014640031170073552,1.0,0.0006921082005611032,0.02892756729372472,0.8580018930807061,0.34626874773424743,-0.06347591491180005,-0.08719824529108089,0.023722330379280843,False
RIO_Disp::+1::ReturnSkew::+1,RIO_Disp,1,ReturnSkew,1,120,60,0.0045246954061886465,4.0897056636413,0.003929114079692304,2.2145771713367584,0.0035220903758393816,2.100213513140315,0.001429114079692304,-0.001070885920307696,-0.006070885920307696,4,0.0040591802475663215,0.003734014827881278,1.0,0.0005968026300946752,-0.17325751134340892,1.25029704443303,0.5126909277882723,-0.06661848505128953,-0.12076620385009429,0.054147718798804756,False
BPEBM::+1::ShortInterest::+1,BPEBM,1,ShortInterest,1,120,60,0.004716072414056812,5.405442166302885,0.0038302304212917376,2.112344104521206,0.005189849713495146,3.0976379868346986,0.0013302304212917376,-0.0011697695787082625,-0.006169769578708262,5,0.0032497803896855367,0.004700905468701041,0.972972972972973,0.000725998713371648,-0.45542311845810773,0.49032878761707455,0.28870144695296296,-0.09580355757644221,-0.2661638891763044,0.1703603315998622,False
ChNNCOA::-1::VolumeTrend::+1,ChNNCOA,-1,VolumeTrend,1,120,60,0.002547417963271696,5.082789119226667,0.003770823096428081,2.0067216482751267,0.0034093818222719415,2.3572319685055447,0.0012708230964280811,-0.001229176903571919,-0.006229176903571919,4,0.00283391961050478,0.005176178325313035,1.0,0.0007483217733303708,-0.26818171504593824,0.043374374639385316,0.5549062983305182,-0.08112003019636604,-0.09063680282980946,0.009516772633443416,False
ChTax::+1::DivSeason::+1,ChTax,1,DivSeason,1,120,60,0.0022810234377960434,3.2940143106903514,0.003532762939563664,2.1226322613145348,0.004530660747970144,4.077317699171843,0.0010327629395636639,-0.0014672370604363362,-0.006467237060436336,4,0.002875438080276423,0.004518750228494525,1.0,0.0006413592923734989,-0.003957616650837737,0.3782672094991466,0.38669358556011324,-0.08122524370348072,-0.03493083057105306,-0.04629441313242766,False
AnnouncementReturn::+1::GrLTNOA::-1,AnnouncementReturn,1,GrLTNOA,-1,120,60,0.0033709179184127445,3.274182845034067,0.0035131507066894414,2.289818370239839,0.004352920171671788,3.311226417394864,0.0010131507066894413,-0.0014868492933105587,-0.006486849293310559,4,0.003660051248893341,0.0032927998933835914,1.0,0.0005158295740963505,0.1893109979880651,-2.6477716636590585,-1.3501368060134555,-0.06126536266803373,-0.04996190194512762,-0.011303460722906111,False
Beta::+1::BetaFP::-1,Beta,1,BetaFP,-1,120,60,0.0029014249772362035,3.4724724968363425,0.0034992675115015966,2.470090390975357,0.002473637939459789,2.5973928606264485,0.0009992675115015966,-0.0015007324884984035,-0.006500732488498404,4,0.004842503244147809,0.0014844139125322782,1.0,3.282349735015755e-05,-0.953429079957356,2.5335965353008234,1.5648052929036846,-0.03610657091447411,-0.4016482152203661,0.365541644305892,False
DivSeason::+1::RIO_Disp::+1,DivSeason,1,RIO_Disp,1,120,60,0.0037329366049230124,3.240028989996468,0.003465933961138336,2.106600340350964,0.0031922132850882947,2.1291758724096863,0.000965933961138336,-0.001534066038861664,-0.006534066038861664,5,0.004168754887587726,0.00241170257146425,1.0,0.0002433838394958819,-0.35229832424399155,0.40062037078819834,0.40471409680247805,-0.05913915704887596,-0.03493083057105306,-0.024208326477822895,False
ConvDebt::+1::DelLTI::+1,ConvDebt,1,DelLTI,1,120,60,0.0022691659814217074,3.5500029058961613,0.003270690513176637,2.4441493956135236,0.003188377264862093,2.9662302000703646,0.0007706905131766371,-0.001729309486823363,-0.006729309486823363,4,0.0031041981853706523,0.003520429004885616,1.0,0.0003815375297411402,-0.3374116842046449,0.507814458030607,0.14885181561317573,-0.040258759754454254,-0.03450914970981267,-0.005749610044641584,False
OrgCap::+1::VolumeTrend::+1,OrgCap,1,VolumeTrend,1,120,60,0.0032297466299555998,4.057627629459662,0.00325663214347005,2.0095272613723103,0.0036007774913396537,3.174970702848553,0.0007566321434700498,-0.0017433678565299503,-0.00674336785652995,4,0.0016607992418260675,0.005650381495936021,0.8918918918918919,0.00021958145219277492,-0.5141805188597195,-0.9817871151276192,0.5577119114277018,-0.07195450450562202,-0.17644365893092429,0.10448915442530227,False
ChangeInRecommendation::+1::DivYieldST::+1,ChangeInRecommendation,1,DivYieldST,1,120,60,0.0023494588528080312,4.189364808181642,0.003057745987928657,2.1696138936583425,0.0033219239352234708,2.451946904803712,0.000557745987928657,-0.001942254012071343,-0.006942254012071343,4,0.004560011425979157,0.0008043478308529046,0.972972972972973,0.00013237061246896458,-0.3275585497462251,1.209083510874566,0.5186879130096174,-0.051947797608608126,-0.08524033007804277,0.033292532469434644,False
