candidate_id,kind,event_feature,event_orientation,self_feature,self_orientation,third_feature,third_orientation
single|pos_gapz_max_5|+1,single,pos_gapz_max_5,1,,,,
pair|pos_gapz_max_5|+1|self_ret_5|+1,pair,pos_gapz_max_5,1,self_ret_5,1,,
pair|pos_gapz_max_5|+1|self_ret_5|-1,pair,pos_gapz_max_5,1,self_ret_5,-1,,
pair|pos_gapz_max_5|+1|self_ret_21|+1,pair,pos_gapz_max_5,1,self_ret_21,1,,
pair|pos_gapz_max_5|+1|self_ret_21|-1,pair,pos_gapz_max_5,1,self_ret_21,-1,,
pair|pos_gapz_max_5|+1|self_ret_63|+1,pair,pos_gapz_max_5,1,self_ret_63,1,,
pair|pos_gapz_max_5|+1|self_ret_63|-1,pair,pos_gapz_max_5,1,self_ret_63,-1,,
pair|pos_gapz_max_5|+1|self_mom_252_21|+1,pair,pos_gapz_max_5,1,self_mom_252_21,1,,
pair|pos_gapz_max_5|+1|self_mom_252_21|-1,pair,pos_gapz_max_5,1,self_mom_252_21,-1,,
pair|pos_gapz_max_5|+1|self_atr_63|+1,pair,pos_gapz_max_5,1,self_atr_63,1,,
pair|pos_gapz_max_5|+1|self_atr_63|-1,pair,pos_gapz_max_5,1,self_atr_63,-1,,
pair|pos_gapz_max_5|+1|self_compression_20_63|+1,pair,pos_gapz_max_5,1,self_compression_20_63,1,,
pair|pos_gapz_max_5|+1|self_compression_20_63|-1,pair,pos_gapz_max_5,1,self_compression_20_63,-1,,
pair|pos_gapz_max_5|+1|self_volume_ratio_5_20|+1,pair,pos_gapz_max_5,1,self_volume_ratio_5_20,1,,
pair|pos_gapz_max_5|+1|self_volume_ratio_5_20|-1,pair,pos_gapz_max_5,1,self_volume_ratio_5_20,-1,,
pair|pos_gapz_max_5|+1|self_dist_high_63|+1,pair,pos_gapz_max_5,1,self_dist_high_63,1,,
pair|pos_gapz_max_5|+1|self_dist_high_63|-1,pair,pos_gapz_max_5,1,self_dist_high_63,-1,,
pair|pos_gapz_max_5|+1|self_range_loc_63|+1,pair,pos_gapz_max_5,1,self_range_loc_63,1,,
pair|pos_gapz_max_5|+1|self_range_loc_63|-1,pair,pos_gapz_max_5,1,self_range_loc_63,-1,,
single|pos_gapz_max_5|-1,single,pos_gapz_max_5,-1,,,,
pair|pos_gapz_max_5|-1|self_ret_5|+1,pair,pos_gapz_max_5,-1,self_ret_5,1,,
pair|pos_gapz_max_5|-1|self_ret_5|-1,pair,pos_gapz_max_5,-1,self_ret_5,-1,,
pair|pos_gapz_max_5|-1|self_ret_21|+1,pair,pos_gapz_max_5,-1,self_ret_21,1,,
pair|pos_gapz_max_5|-1|self_ret_21|-1,pair,pos_gapz_max_5,-1,self_ret_21,-1,,
pair|pos_gapz_max_5|-1|self_ret_63|+1,pair,pos_gapz_max_5,-1,self_ret_63,1,,
pair|pos_gapz_max_5|-1|self_ret_63|-1,pair,pos_gapz_max_5,-1,self_ret_63,-1,,
pair|pos_gapz_max_5|-1|self_mom_252_21|+1,pair,pos_gapz_max_5,-1,self_mom_252_21,1,,
pair|pos_gapz_max_5|-1|self_mom_252_21|-1,pair,pos_gapz_max_5,-1,self_mom_252_21,-1,,
pair|pos_gapz_max_5|-1|self_atr_63|+1,pair,pos_gapz_max_5,-1,self_atr_63,1,,
pair|pos_gapz_max_5|-1|self_atr_63|-1,pair,pos_gapz_max_5,-1,self_atr_63,-1,,
pair|pos_gapz_max_5|-1|self_compression_20_63|+1,pair,pos_gapz_max_5,-1,self_compression_20_63,1,,
pair|pos_gapz_max_5|-1|self_compression_20_63|-1,pair,pos_gapz_max_5,-1,self_compression_20_63,-1,,
pair|pos_gapz_max_5|-1|self_volume_ratio_5_20|+1,pair,pos_gapz_max_5,-1,self_volume_ratio_5_20,1,,
pair|pos_gapz_max_5|-1|self_volume_ratio_5_20|-1,pair,pos_gapz_max_5,-1,self_volume_ratio_5_20,-1,,
pair|pos_gapz_max_5|-1|self_dist_high_63|+1,pair,pos_gapz_max_5,-1,self_dist_high_63,1,,
pair|pos_gapz_max_5|-1|self_dist_high_63|-1,pair,pos_gapz_max_5,-1,self_dist_high_63,-1,,
pair|pos_gapz_max_5|-1|self_range_loc_63|+1,pair,pos_gapz_max_5,-1,self_range_loc_63,1,,
pair|pos_gapz_max_5|-1|self_range_loc_63|-1,pair,pos_gapz_max_5,-1,self_range_loc_63,-1,,
single|pos_gapz_max_10|+1,single,pos_gapz_max_10,1,,,,
pair|pos_gapz_max_10|+1|self_ret_5|+1,pair,pos_gapz_max_10,1,self_ret_5,1,,
pair|pos_gapz_max_10|+1|self_ret_5|-1,pair,pos_gapz_max_10,1,self_ret_5,-1,,
pair|pos_gapz_max_10|+1|self_ret_21|+1,pair,pos_gapz_max_10,1,self_ret_21,1,,
pair|pos_gapz_max_10|+1|self_ret_21|-1,pair,pos_gapz_max_10,1,self_ret_21,-1,,
pair|pos_gapz_max_10|+1|self_ret_63|+1,pair,pos_gapz_max_10,1,self_ret_63,1,,
pair|pos_gapz_max_10|+1|self_ret_63|-1,pair,pos_gapz_max_10,1,self_ret_63,-1,,
pair|pos_gapz_max_10|+1|self_mom_252_21|+1,pair,pos_gapz_max_10,1,self_mom_252_21,1,,
pair|pos_gapz_max_10|+1|self_mom_252_21|-1,pair,pos_gapz_max_10,1,self_mom_252_21,-1,,
pair|pos_gapz_max_10|+1|self_atr_63|+1,pair,pos_gapz_max_10,1,self_atr_63,1,,
pair|pos_gapz_max_10|+1|self_atr_63|-1,pair,pos_gapz_max_10,1,self_atr_63,-1,,
pair|pos_gapz_max_10|+1|self_compression_20_63|+1,pair,pos_gapz_max_10,1,self_compression_20_63,1,,
pair|pos_gapz_max_10|+1|self_compression_20_63|-1,pair,pos_gapz_max_10,1,self_compression_20_63,-1,,
pair|pos_gapz_max_10|+1|self_volume_ratio_5_20|+1,pair,pos_gapz_max_10,1,self_volume_ratio_5_20,1,,
pair|pos_gapz_max_10|+1|self_volume_ratio_5_20|-1,pair,pos_gapz_max_10,1,self_volume_ratio_5_20,-1,,
pair|pos_gapz_max_10|+1|self_dist_high_63|+1,pair,pos_gapz_max_10,1,self_dist_high_63,1,,
pair|pos_gapz_max_10|+1|self_dist_high_63|-1,pair,pos_gapz_max_10,1,self_dist_high_63,-1,,
pair|pos_gapz_max_10|+1|self_range_loc_63|+1,pair,pos_gapz_max_10,1,self_range_loc_63,1,,
pair|pos_gapz_max_10|+1|self_range_loc_63|-1,pair,pos_gapz_max_10,1,self_range_loc_63,-1,,
single|pos_gapz_max_10|-1,single,pos_gapz_max_10,-1,,,,
pair|pos_gapz_max_10|-1|self_ret_5|+1,pair,pos_gapz_max_10,-1,self_ret_5,1,,
pair|pos_gapz_max_10|-1|self_ret_5|-1,pair,pos_gapz_max_10,-1,self_ret_5,-1,,
pair|pos_gapz_max_10|-1|self_ret_21|+1,pair,pos_gapz_max_10,-1,self_ret_21,1,,
pair|pos_gapz_max_10|-1|self_ret_21|-1,pair,pos_gapz_max_10,-1,self_ret_21,-1,,
pair|pos_gapz_max_10|-1|self_ret_63|+1,pair,pos_gapz_max_10,-1,self_ret_63,1,,
pair|pos_gapz_max_10|-1|self_ret_63|-1,pair,pos_gapz_max_10,-1,self_ret_63,-1,,
pair|pos_gapz_max_10|-1|self_mom_252_21|+1,pair,pos_gapz_max_10,-1,self_mom_252_21,1,,
pair|pos_gapz_max_10|-1|self_mom_252_21|-1,pair,pos_gapz_max_10,-1,self_mom_252_21,-1,,
pair|pos_gapz_max_10|-1|self_atr_63|+1,pair,pos_gapz_max_10,-1,self_atr_63,1,,
pair|pos_gapz_max_10|-1|self_atr_63|-1,pair,pos_gapz_max_10,-1,self_atr_63,-1,,
pair|pos_gapz_max_10|-1|self_compression_20_63|+1,pair,pos_gapz_max_10,-1,self_compression_20_63,1,,
pair|pos_gapz_max_10|-1|self_compression_20_63|-1,pair,pos_gapz_max_10,-1,self_compression_20_63,-1,,
pair|pos_gapz_max_10|-1|self_volume_ratio_5_20|+1,pair,pos_gapz_max_10,-1,self_volume_ratio_5_20,1,,
pair|pos_gapz_max_10|-1|self_volume_ratio_5_20|-1,pair,pos_gapz_max_10,-1,self_volume_ratio_5_20,-1,,
pair|pos_gapz_max_10|-1|self_dist_high_63|+1,pair,pos_gapz_max_10,-1,self_dist_high_63,1,,
pair|pos_gapz_max_10|-1|self_dist_high_63|-1,pair,pos_gapz_max_10,-1,self_dist_high_63,-1,,
pair|pos_gapz_max_10|-1|self_range_loc_63|+1,pair,pos_gapz_max_10,-1,self_range_loc_63,1,,
pair|pos_gapz_max_10|-1|self_range_loc_63|-1,pair,pos_gapz_max_10,-1,self_range_loc_63,-1,,
single|pos_gapz_max_21|+1,single,pos_gapz_max_21,1,,,,
pair|pos_gapz_max_21|+1|self_ret_5|+1,pair,pos_gapz_max_21,1,self_ret_5,1,,
pair|pos_gapz_max_21|+1|self_ret_5|-1,pair,pos_gapz_max_21,1,self_ret_5,-1,,
pair|pos_gapz_max_21|+1|self_ret_21|+1,pair,pos_gapz_max_21,1,self_ret_21,1,,
pair|pos_gapz_max_21|+1|self_ret_21|-1,pair,pos_gapz_max_21,1,self_ret_21,-1,,
pair|pos_gapz_max_21|+1|self_ret_63|+1,pair,pos_gapz_max_21,1,self_ret_63,1,,
pair|pos_gapz_max_21|+1|self_ret_63|-1,pair,pos_gapz_max_21,1,self_ret_63,-1,,
pair|pos_gapz_max_21|+1|self_mom_252_21|+1,pair,pos_gapz_max_21,1,self_mom_252_21,1,,
pair|pos_gapz_max_21|+1|self_mom_252_21|-1,pair,pos_gapz_max_21,1,self_mom_252_21,-1,,
pair|pos_gapz_max_21|+1|self_atr_63|+1,pair,pos_gapz_max_21,1,self_atr_63,1,,
pair|pos_gapz_max_21|+1|self_atr_63|-1,pair,pos_gapz_max_21,1,self_atr_63,-1,,
pair|pos_gapz_max_21|+1|self_compression_20_63|+1,pair,pos_gapz_max_21,1,self_compression_20_63,1,,
pair|pos_gapz_max_21|+1|self_compression_20_63|-1,pair,pos_gapz_max_21,1,self_compression_20_63,-1,,
pair|pos_gapz_max_21|+1|self_volume_ratio_5_20|+1,pair,pos_gapz_max_21,1,self_volume_ratio_5_20,1,,
pair|pos_gapz_max_21|+1|self_volume_ratio_5_20|-1,pair,pos_gapz_max_21,1,self_volume_ratio_5_20,-1,,
pair|pos_gapz_max_21|+1|self_dist_high_63|+1,pair,pos_gapz_max_21,1,self_dist_high_63,1,,
pair|pos_gapz_max_21|+1|self_dist_high_63|-1,pair,pos_gapz_max_21,1,self_dist_high_63,-1,,
pair|pos_gapz_max_21|+1|self_range_loc_63|+1,pair,pos_gapz_max_21,1,self_range_loc_63,1,,
pair|pos_gapz_max_21|+1|self_range_loc_63|-1,pair,pos_gapz_max_21,1,self_range_loc_63,-1,,
single|pos_gapz_max_21|-1,single,pos_gapz_max_21,-1,,,,
pair|pos_gapz_max_21|-1|self_ret_5|+1,pair,pos_gapz_max_21,-1,self_ret_5,1,,
pair|pos_gapz_max_21|-1|self_ret_5|-1,pair,pos_gapz_max_21,-1,self_ret_5,-1,,
pair|pos_gapz_max_21|-1|self_ret_21|+1,pair,pos_gapz_max_21,-1,self_ret_21,1,,
pair|pos_gapz_max_21|-1|self_ret_21|-1,pair,pos_gapz_max_21,-1,self_ret_21,-1,,
pair|pos_gapz_max_21|-1|self_ret_63|+1,pair,pos_gapz_max_21,-1,self_ret_63,1,,
pair|pos_gapz_max_21|-1|self_ret_63|-1,pair,pos_gapz_max_21,-1,self_ret_63,-1,,
pair|pos_gapz_max_21|-1|self_mom_252_21|+1,pair,pos_gapz_max_21,-1,self_mom_252_21,1,,
pair|pos_gapz_max_21|-1|self_mom_252_21|-1,pair,pos_gapz_max_21,-1,self_mom_252_21,-1,,
pair|pos_gapz_max_21|-1|self_atr_63|+1,pair,pos_gapz_max_21,-1,self_atr_63,1,,
pair|pos_gapz_max_21|-1|self_atr_63|-1,pair,pos_gapz_max_21,-1,self_atr_63,-1,,
pair|pos_gapz_max_21|-1|self_compression_20_63|+1,pair,pos_gapz_max_21,-1,self_compression_20_63,1,,
pair|pos_gapz_max_21|-1|self_compression_20_63|-1,pair,pos_gapz_max_21,-1,self_compression_20_63,-1,,
pair|pos_gapz_max_21|-1|self_volume_ratio_5_20|+1,pair,pos_gapz_max_21,-1,self_volume_ratio_5_20,1,,
pair|pos_gapz_max_21|-1|self_volume_ratio_5_20|-1,pair,pos_gapz_max_21,-1,self_volume_ratio_5_20,-1,,
pair|pos_gapz_max_21|-1|self_dist_high_63|+1,pair,pos_gapz_max_21,-1,self_dist_high_63,1,,
pair|pos_gapz_max_21|-1|self_dist_high_63|-1,pair,pos_gapz_max_21,-1,self_dist_high_63,-1,,
pair|pos_gapz_max_21|-1|self_range_loc_63|+1,pair,pos_gapz_max_21,-1,self_range_loc_63,1,,
pair|pos_gapz_max_21|-1|self_range_loc_63|-1,pair,pos_gapz_max_21,-1,self_range_loc_63,-1,,
single|neg_gapz_max_5|+1,single,neg_gapz_max_5,1,,,,
pair|neg_gapz_max_5|+1|self_ret_5|+1,pair,neg_gapz_max_5,1,self_ret_5,1,,
pair|neg_gapz_max_5|+1|self_ret_5|-1,pair,neg_gapz_max_5,1,self_ret_5,-1,,
pair|neg_gapz_max_5|+1|self_ret_21|+1,pair,neg_gapz_max_5,1,self_ret_21,1,,
pair|neg_gapz_max_5|+1|self_ret_21|-1,pair,neg_gapz_max_5,1,self_ret_21,-1,,
pair|neg_gapz_max_5|+1|self_ret_63|+1,pair,neg_gapz_max_5,1,self_ret_63,1,,
pair|neg_gapz_max_5|+1|self_ret_63|-1,pair,neg_gapz_max_5,1,self_ret_63,-1,,
pair|neg_gapz_max_5|+1|self_mom_252_21|+1,pair,neg_gapz_max_5,1,self_mom_252_21,1,,
pair|neg_gapz_max_5|+1|self_mom_252_21|-1,pair,neg_gapz_max_5,1,self_mom_252_21,-1,,
pair|neg_gapz_max_5|+1|self_atr_63|+1,pair,neg_gapz_max_5,1,self_atr_63,1,,
pair|neg_gapz_max_5|+1|self_atr_63|-1,pair,neg_gapz_max_5,1,self_atr_63,-1,,
pair|neg_gapz_max_5|+1|self_compression_20_63|+1,pair,neg_gapz_max_5,1,self_compression_20_63,1,,
pair|neg_gapz_max_5|+1|self_compression_20_63|-1,pair,neg_gapz_max_5,1,self_compression_20_63,-1,,
pair|neg_gapz_max_5|+1|self_volume_ratio_5_20|+1,pair,neg_gapz_max_5,1,self_volume_ratio_5_20,1,,
pair|neg_gapz_max_5|+1|self_volume_ratio_5_20|-1,pair,neg_gapz_max_5,1,self_volume_ratio_5_20,-1,,
pair|neg_gapz_max_5|+1|self_dist_high_63|+1,pair,neg_gapz_max_5,1,self_dist_high_63,1,,
pair|neg_gapz_max_5|+1|self_dist_high_63|-1,pair,neg_gapz_max_5,1,self_dist_high_63,-1,,
pair|neg_gapz_max_5|+1|self_range_loc_63|+1,pair,neg_gapz_max_5,1,self_range_loc_63,1,,
pair|neg_gapz_max_5|+1|self_range_loc_63|-1,pair,neg_gapz_max_5,1,self_range_loc_63,-1,,
single|neg_gapz_max_5|-1,single,neg_gapz_max_5,-1,,,,
pair|neg_gapz_max_5|-1|self_ret_5|+1,pair,neg_gapz_max_5,-1,self_ret_5,1,,
pair|neg_gapz_max_5|-1|self_ret_5|-1,pair,neg_gapz_max_5,-1,self_ret_5,-1,,
pair|neg_gapz_max_5|-1|self_ret_21|+1,pair,neg_gapz_max_5,-1,self_ret_21,1,,
pair|neg_gapz_max_5|-1|self_ret_21|-1,pair,neg_gapz_max_5,-1,self_ret_21,-1,,
pair|neg_gapz_max_5|-1|self_ret_63|+1,pair,neg_gapz_max_5,-1,self_ret_63,1,,
pair|neg_gapz_max_5|-1|self_ret_63|-1,pair,neg_gapz_max_5,-1,self_ret_63,-1,,
pair|neg_gapz_max_5|-1|self_mom_252_21|+1,pair,neg_gapz_max_5,-1,self_mom_252_21,1,,
pair|neg_gapz_max_5|-1|self_mom_252_21|-1,pair,neg_gapz_max_5,-1,self_mom_252_21,-1,,
pair|neg_gapz_max_5|-1|self_atr_63|+1,pair,neg_gapz_max_5,-1,self_atr_63,1,,
pair|neg_gapz_max_5|-1|self_atr_63|-1,pair,neg_gapz_max_5,-1,self_atr_63,-1,,
pair|neg_gapz_max_5|-1|self_compression_20_63|+1,pair,neg_gapz_max_5,-1,self_compression_20_63,1,,
pair|neg_gapz_max_5|-1|self_compression_20_63|-1,pair,neg_gapz_max_5,-1,self_compression_20_63,-1,,
pair|neg_gapz_max_5|-1|self_volume_ratio_5_20|+1,pair,neg_gapz_max_5,-1,self_volume_ratio_5_20,1,,
pair|neg_gapz_max_5|-1|self_volume_ratio_5_20|-1,pair,neg_gapz_max_5,-1,self_volume_ratio_5_20,-1,,
pair|neg_gapz_max_5|-1|self_dist_high_63|+1,pair,neg_gapz_max_5,-1,self_dist_high_63,1,,
pair|neg_gapz_max_5|-1|self_dist_high_63|-1,pair,neg_gapz_max_5,-1,self_dist_high_63,-1,,
pair|neg_gapz_max_5|-1|self_range_loc_63|+1,pair,neg_gapz_max_5,-1,self_range_loc_63,1,,
pair|neg_gapz_max_5|-1|self_range_loc_63|-1,pair,neg_gapz_max_5,-1,self_range_loc_63,-1,,
single|neg_gapz_max_10|+1,single,neg_gapz_max_10,1,,,,
pair|neg_gapz_max_10|+1|self_ret_5|+1,pair,neg_gapz_max_10,1,self_ret_5,1,,
pair|neg_gapz_max_10|+1|self_ret_5|-1,pair,neg_gapz_max_10,1,self_ret_5,-1,,
pair|neg_gapz_max_10|+1|self_ret_21|+1,pair,neg_gapz_max_10,1,self_ret_21,1,,
pair|neg_gapz_max_10|+1|self_ret_21|-1,pair,neg_gapz_max_10,1,self_ret_21,-1,,
pair|neg_gapz_max_10|+1|self_ret_63|+1,pair,neg_gapz_max_10,1,self_ret_63,1,,
pair|neg_gapz_max_10|+1|self_ret_63|-1,pair,neg_gapz_max_10,1,self_ret_63,-1,,
pair|neg_gapz_max_10|+1|self_mom_252_21|+1,pair,neg_gapz_max_10,1,self_mom_252_21,1,,
pair|neg_gapz_max_10|+1|self_mom_252_21|-1,pair,neg_gapz_max_10,1,self_mom_252_21,-1,,
pair|neg_gapz_max_10|+1|self_atr_63|+1,pair,neg_gapz_max_10,1,self_atr_63,1,,
pair|neg_gapz_max_10|+1|self_atr_63|-1,pair,neg_gapz_max_10,1,self_atr_63,-1,,
pair|neg_gapz_max_10|+1|self_compression_20_63|+1,pair,neg_gapz_max_10,1,self_compression_20_63,1,,
pair|neg_gapz_max_10|+1|self_compression_20_63|-1,pair,neg_gapz_max_10,1,self_compression_20_63,-1,,
pair|neg_gapz_max_10|+1|self_volume_ratio_5_20|+1,pair,neg_gapz_max_10,1,self_volume_ratio_5_20,1,,
pair|neg_gapz_max_10|+1|self_volume_ratio_5_20|-1,pair,neg_gapz_max_10,1,self_volume_ratio_5_20,-1,,
pair|neg_gapz_max_10|+1|self_dist_high_63|+1,pair,neg_gapz_max_10,1,self_dist_high_63,1,,
pair|neg_gapz_max_10|+1|self_dist_high_63|-1,pair,neg_gapz_max_10,1,self_dist_high_63,-1,,
pair|neg_gapz_max_10|+1|self_range_loc_63|+1,pair,neg_gapz_max_10,1,self_range_loc_63,1,,
pair|neg_gapz_max_10|+1|self_range_loc_63|-1,pair,neg_gapz_max_10,1,self_range_loc_63,-1,,
single|neg_gapz_max_10|-1,single,neg_gapz_max_10,-1,,,,
pair|neg_gapz_max_10|-1|self_ret_5|+1,pair,neg_gapz_max_10,-1,self_ret_5,1,,
pair|neg_gapz_max_10|-1|self_ret_5|-1,pair,neg_gapz_max_10,-1,self_ret_5,-1,,
pair|neg_gapz_max_10|-1|self_ret_21|+1,pair,neg_gapz_max_10,-1,self_ret_21,1,,
pair|neg_gapz_max_10|-1|self_ret_21|-1,pair,neg_gapz_max_10,-1,self_ret_21,-1,,
pair|neg_gapz_max_10|-1|self_ret_63|+1,pair,neg_gapz_max_10,-1,self_ret_63,1,,
pair|neg_gapz_max_10|-1|self_ret_63|-1,pair,neg_gapz_max_10,-1,self_ret_63,-1,,
pair|neg_gapz_max_10|-1|self_mom_252_21|+1,pair,neg_gapz_max_10,-1,self_mom_252_21,1,,
pair|neg_gapz_max_10|-1|self_mom_252_21|-1,pair,neg_gapz_max_10,-1,self_mom_252_21,-1,,
pair|neg_gapz_max_10|-1|self_atr_63|+1,pair,neg_gapz_max_10,-1,self_atr_63,1,,
pair|neg_gapz_max_10|-1|self_atr_63|-1,pair,neg_gapz_max_10,-1,self_atr_63,-1,,
pair|neg_gapz_max_10|-1|self_compression_20_63|+1,pair,neg_gapz_max_10,-1,self_compression_20_63,1,,
pair|neg_gapz_max_10|-1|self_compression_20_63|-1,pair,neg_gapz_max_10,-1,self_compression_20_63,-1,,
pair|neg_gapz_max_10|-1|self_volume_ratio_5_20|+1,pair,neg_gapz_max_10,-1,self_volume_ratio_5_20,1,,
pair|neg_gapz_max_10|-1|self_volume_ratio_5_20|-1,pair,neg_gapz_max_10,-1,self_volume_ratio_5_20,-1,,
pair|neg_gapz_max_10|-1|self_dist_high_63|+1,pair,neg_gapz_max_10,-1,self_dist_high_63,1,,
pair|neg_gapz_max_10|-1|self_dist_high_63|-1,pair,neg_gapz_max_10,-1,self_dist_high_63,-1,,
pair|neg_gapz_max_10|-1|self_range_loc_63|+1,pair,neg_gapz_max_10,-1,self_range_loc_63,1,,
pair|neg_gapz_max_10|-1|self_range_loc_63|-1,pair,neg_gapz_max_10,-1,self_range_loc_63,-1,,
single|neg_gapz_max_21|+1,single,neg_gapz_max_21,1,,,,
pair|neg_gapz_max_21|+1|self_ret_5|+1,pair,neg_gapz_max_21,1,self_ret_5,1,,
pair|neg_gapz_max_21|+1|self_ret_5|-1,pair,neg_gapz_max_21,1,self_ret_5,-1,,
pair|neg_gapz_max_21|+1|self_ret_21|+1,pair,neg_gapz_max_21,1,self_ret_21,1,,
pair|neg_gapz_max_21|+1|self_ret_21|-1,pair,neg_gapz_max_21,1,self_ret_21,-1,,
pair|neg_gapz_max_21|+1|self_ret_63|+1,pair,neg_gapz_max_21,1,self_ret_63,1,,
pair|neg_gapz_max_21|+1|self_ret_63|-1,pair,neg_gapz_max_21,1,self_ret_63,-1,,
pair|neg_gapz_max_21|+1|self_mom_252_21|+1,pair,neg_gapz_max_21,1,self_mom_252_21,1,,
pair|neg_gapz_max_21|+1|self_mom_252_21|-1,pair,neg_gapz_max_21,1,self_mom_252_21,-1,,
pair|neg_gapz_max_21|+1|self_atr_63|+1,pair,neg_gapz_max_21,1,self_atr_63,1,,
pair|neg_gapz_max_21|+1|self_atr_63|-1,pair,neg_gapz_max_21,1,self_atr_63,-1,,
pair|neg_gapz_max_21|+1|self_compression_20_63|+1,pair,neg_gapz_max_21,1,self_compression_20_63,1,,
pair|neg_gapz_max_21|+1|self_compression_20_63|-1,pair,neg_gapz_max_21,1,self_compression_20_63,-1,,
pair|neg_gapz_max_21|+1|self_volume_ratio_5_20|+1,pair,neg_gapz_max_21,1,self_volume_ratio_5_20,1,,
pair|neg_gapz_max_21|+1|self_volume_ratio_5_20|-1,pair,neg_gapz_max_21,1,self_volume_ratio_5_20,-1,,
pair|neg_gapz_max_21|+1|self_dist_high_63|+1,pair,neg_gapz_max_21,1,self_dist_high_63,1,,
pair|neg_gapz_max_21|+1|self_dist_high_63|-1,pair,neg_gapz_max_21,1,self_dist_high_63,-1,,
pair|neg_gapz_max_21|+1|self_range_loc_63|+1,pair,neg_gapz_max_21,1,self_range_loc_63,1,,
pair|neg_gapz_max_21|+1|self_range_loc_63|-1,pair,neg_gapz_max_21,1,self_range_loc_63,-1,,
single|neg_gapz_max_21|-1,single,neg_gapz_max_21,-1,,,,
pair|neg_gapz_max_21|-1|self_ret_5|+1,pair,neg_gapz_max_21,-1,self_ret_5,1,,
pair|neg_gapz_max_21|-1|self_ret_5|-1,pair,neg_gapz_max_21,-1,self_ret_5,-1,,
pair|neg_gapz_max_21|-1|self_ret_21|+1,pair,neg_gapz_max_21,-1,self_ret_21,1,,
pair|neg_gapz_max_21|-1|self_ret_21|-1,pair,neg_gapz_max_21,-1,self_ret_21,-1,,
pair|neg_gapz_max_21|-1|self_ret_63|+1,pair,neg_gapz_max_21,-1,self_ret_63,1,,
pair|neg_gapz_max_21|-1|self_ret_63|-1,pair,neg_gapz_max_21,-1,self_ret_63,-1,,
pair|neg_gapz_max_21|-1|self_mom_252_21|+1,pair,neg_gapz_max_21,-1,self_mom_252_21,1,,
pair|neg_gapz_max_21|-1|self_mom_252_21|-1,pair,neg_gapz_max_21,-1,self_mom_252_21,-1,,
pair|neg_gapz_max_21|-1|self_atr_63|+1,pair,neg_gapz_max_21,-1,self_atr_63,1,,
pair|neg_gapz_max_21|-1|self_atr_63|-1,pair,neg_gapz_max_21,-1,self_atr_63,-1,,
pair|neg_gapz_max_21|-1|self_compression_20_63|+1,pair,neg_gapz_max_21,-1,self_compression_20_63,1,,
pair|neg_gapz_max_21|-1|self_compression_20_63|-1,pair,neg_gapz_max_21,-1,self_compression_20_63,-1,,
pair|neg_gapz_max_21|-1|self_volume_ratio_5_20|+1,pair,neg_gapz_max_21,-1,self_volume_ratio_5_20,1,,
pair|neg_gapz_max_21|-1|self_volume_ratio_5_20|-1,pair,neg_gapz_max_21,-1,self_volume_ratio_5_20,-1,,
pair|neg_gapz_max_21|-1|self_dist_high_63|+1,pair,neg_gapz_max_21,-1,self_dist_high_63,1,,
pair|neg_gapz_max_21|-1|self_dist_high_63|-1,pair,neg_gapz_max_21,-1,self_dist_high_63,-1,,
pair|neg_gapz_max_21|-1|self_range_loc_63|+1,pair,neg_gapz_max_21,-1,self_range_loc_63,1,,
pair|neg_gapz_max_21|-1|self_range_loc_63|-1,pair,neg_gapz_max_21,-1,self_range_loc_63,-1,,
single|pos_event_max_5|+1,single,pos_event_max_5,1,,,,
pair|pos_event_max_5|+1|self_ret_5|+1,pair,pos_event_max_5,1,self_ret_5,1,,
pair|pos_event_max_5|+1|self_ret_5|-1,pair,pos_event_max_5,1,self_ret_5,-1,,
pair|pos_event_max_5|+1|self_ret_21|+1,pair,pos_event_max_5,1,self_ret_21,1,,
pair|pos_event_max_5|+1|self_ret_21|-1,pair,pos_event_max_5,1,self_ret_21,-1,,
pair|pos_event_max_5|+1|self_ret_63|+1,pair,pos_event_max_5,1,self_ret_63,1,,
pair|pos_event_max_5|+1|self_ret_63|-1,pair,pos_event_max_5,1,self_ret_63,-1,,
pair|pos_event_max_5|+1|self_mom_252_21|+1,pair,pos_event_max_5,1,self_mom_252_21,1,,
pair|pos_event_max_5|+1|self_mom_252_21|-1,pair,pos_event_max_5,1,self_mom_252_21,-1,,
pair|pos_event_max_5|+1|self_atr_63|+1,pair,pos_event_max_5,1,self_atr_63,1,,
pair|pos_event_max_5|+1|self_atr_63|-1,pair,pos_event_max_5,1,self_atr_63,-1,,
pair|pos_event_max_5|+1|self_compression_20_63|+1,pair,pos_event_max_5,1,self_compression_20_63,1,,
pair|pos_event_max_5|+1|self_compression_20_63|-1,pair,pos_event_max_5,1,self_compression_20_63,-1,,
pair|pos_event_max_5|+1|self_volume_ratio_5_20|+1,pair,pos_event_max_5,1,self_volume_ratio_5_20,1,,
pair|pos_event_max_5|+1|self_volume_ratio_5_20|-1,pair,pos_event_max_5,1,self_volume_ratio_5_20,-1,,
pair|pos_event_max_5|+1|self_dist_high_63|+1,pair,pos_event_max_5,1,self_dist_high_63,1,,
pair|pos_event_max_5|+1|self_dist_high_63|-1,pair,pos_event_max_5,1,self_dist_high_63,-1,,
pair|pos_event_max_5|+1|self_range_loc_63|+1,pair,pos_event_max_5,1,self_range_loc_63,1,,
pair|pos_event_max_5|+1|self_range_loc_63|-1,pair,pos_event_max_5,1,self_range_loc_63,-1,,
single|pos_event_max_5|-1,single,pos_event_max_5,-1,,,,
pair|pos_event_max_5|-1|self_ret_5|+1,pair,pos_event_max_5,-1,self_ret_5,1,,
pair|pos_event_max_5|-1|self_ret_5|-1,pair,pos_event_max_5,-1,self_ret_5,-1,,
pair|pos_event_max_5|-1|self_ret_21|+1,pair,pos_event_max_5,-1,self_ret_21,1,,
pair|pos_event_max_5|-1|self_ret_21|-1,pair,pos_event_max_5,-1,self_ret_21,-1,,
pair|pos_event_max_5|-1|self_ret_63|+1,pair,pos_event_max_5,-1,self_ret_63,1,,
pair|pos_event_max_5|-1|self_ret_63|-1,pair,pos_event_max_5,-1,self_ret_63,-1,,
pair|pos_event_max_5|-1|self_mom_252_21|+1,pair,pos_event_max_5,-1,self_mom_252_21,1,,
pair|pos_event_max_5|-1|self_mom_252_21|-1,pair,pos_event_max_5,-1,self_mom_252_21,-1,,
pair|pos_event_max_5|-1|self_atr_63|+1,pair,pos_event_max_5,-1,self_atr_63,1,,
pair|pos_event_max_5|-1|self_atr_63|-1,pair,pos_event_max_5,-1,self_atr_63,-1,,
pair|pos_event_max_5|-1|self_compression_20_63|+1,pair,pos_event_max_5,-1,self_compression_20_63,1,,
pair|pos_event_max_5|-1|self_compression_20_63|-1,pair,pos_event_max_5,-1,self_compression_20_63,-1,,
pair|pos_event_max_5|-1|self_volume_ratio_5_20|+1,pair,pos_event_max_5,-1,self_volume_ratio_5_20,1,,
pair|pos_event_max_5|-1|self_volume_ratio_5_20|-1,pair,pos_event_max_5,-1,self_volume_ratio_5_20,-1,,
pair|pos_event_max_5|-1|self_dist_high_63|+1,pair,pos_event_max_5,-1,self_dist_high_63,1,,
pair|pos_event_max_5|-1|self_dist_high_63|-1,pair,pos_event_max_5,-1,self_dist_high_63,-1,,
pair|pos_event_max_5|-1|self_range_loc_63|+1,pair,pos_event_max_5,-1,self_range_loc_63,1,,
pair|pos_event_max_5|-1|self_range_loc_63|-1,pair,pos_event_max_5,-1,self_range_loc_63,-1,,
single|pos_event_max_10|+1,single,pos_event_max_10,1,,,,
pair|pos_event_max_10|+1|self_ret_5|+1,pair,pos_event_max_10,1,self_ret_5,1,,
pair|pos_event_max_10|+1|self_ret_5|-1,pair,pos_event_max_10,1,self_ret_5,-1,,
pair|pos_event_max_10|+1|self_ret_21|+1,pair,pos_event_max_10,1,self_ret_21,1,,
pair|pos_event_max_10|+1|self_ret_21|-1,pair,pos_event_max_10,1,self_ret_21,-1,,
pair|pos_event_max_10|+1|self_ret_63|+1,pair,pos_event_max_10,1,self_ret_63,1,,
pair|pos_event_max_10|+1|self_ret_63|-1,pair,pos_event_max_10,1,self_ret_63,-1,,
pair|pos_event_max_10|+1|self_mom_252_21|+1,pair,pos_event_max_10,1,self_mom_252_21,1,,
pair|pos_event_max_10|+1|self_mom_252_21|-1,pair,pos_event_max_10,1,self_mom_252_21,-1,,
pair|pos_event_max_10|+1|self_atr_63|+1,pair,pos_event_max_10,1,self_atr_63,1,,
pair|pos_event_max_10|+1|self_atr_63|-1,pair,pos_event_max_10,1,self_atr_63,-1,,
pair|pos_event_max_10|+1|self_compression_20_63|+1,pair,pos_event_max_10,1,self_compression_20_63,1,,
pair|pos_event_max_10|+1|self_compression_20_63|-1,pair,pos_event_max_10,1,self_compression_20_63,-1,,
pair|pos_event_max_10|+1|self_volume_ratio_5_20|+1,pair,pos_event_max_10,1,self_volume_ratio_5_20,1,,
pair|pos_event_max_10|+1|self_volume_ratio_5_20|-1,pair,pos_event_max_10,1,self_volume_ratio_5_20,-1,,
pair|pos_event_max_10|+1|self_dist_high_63|+1,pair,pos_event_max_10,1,self_dist_high_63,1,,
pair|pos_event_max_10|+1|self_dist_high_63|-1,pair,pos_event_max_10,1,self_dist_high_63,-1,,
pair|pos_event_max_10|+1|self_range_loc_63|+1,pair,pos_event_max_10,1,self_range_loc_63,1,,
pair|pos_event_max_10|+1|self_range_loc_63|-1,pair,pos_event_max_10,1,self_range_loc_63,-1,,
single|pos_event_max_10|-1,single,pos_event_max_10,-1,,,,
pair|pos_event_max_10|-1|self_ret_5|+1,pair,pos_event_max_10,-1,self_ret_5,1,,
pair|pos_event_max_10|-1|self_ret_5|-1,pair,pos_event_max_10,-1,self_ret_5,-1,,
pair|pos_event_max_10|-1|self_ret_21|+1,pair,pos_event_max_10,-1,self_ret_21,1,,
pair|pos_event_max_10|-1|self_ret_21|-1,pair,pos_event_max_10,-1,self_ret_21,-1,,
pair|pos_event_max_10|-1|self_ret_63|+1,pair,pos_event_max_10,-1,self_ret_63,1,,
pair|pos_event_max_10|-1|self_ret_63|-1,pair,pos_event_max_10,-1,self_ret_63,-1,,
pair|pos_event_max_10|-1|self_mom_252_21|+1,pair,pos_event_max_10,-1,self_mom_252_21,1,,
pair|pos_event_max_10|-1|self_mom_252_21|-1,pair,pos_event_max_10,-1,self_mom_252_21,-1,,
pair|pos_event_max_10|-1|self_atr_63|+1,pair,pos_event_max_10,-1,self_atr_63,1,,
pair|pos_event_max_10|-1|self_atr_63|-1,pair,pos_event_max_10,-1,self_atr_63,-1,,
pair|pos_event_max_10|-1|self_compression_20_63|+1,pair,pos_event_max_10,-1,self_compression_20_63,1,,
pair|pos_event_max_10|-1|self_compression_20_63|-1,pair,pos_event_max_10,-1,self_compression_20_63,-1,,
pair|pos_event_max_10|-1|self_volume_ratio_5_20|+1,pair,pos_event_max_10,-1,self_volume_ratio_5_20,1,,
pair|pos_event_max_10|-1|self_volume_ratio_5_20|-1,pair,pos_event_max_10,-1,self_volume_ratio_5_20,-1,,
pair|pos_event_max_10|-1|self_dist_high_63|+1,pair,pos_event_max_10,-1,self_dist_high_63,1,,
pair|pos_event_max_10|-1|self_dist_high_63|-1,pair,pos_event_max_10,-1,self_dist_high_63,-1,,
pair|pos_event_max_10|-1|self_range_loc_63|+1,pair,pos_event_max_10,-1,self_range_loc_63,1,,
pair|pos_event_max_10|-1|self_range_loc_63|-1,pair,pos_event_max_10,-1,self_range_loc_63,-1,,
single|pos_event_max_21|+1,single,pos_event_max_21,1,,,,
pair|pos_event_max_21|+1|self_ret_5|+1,pair,pos_event_max_21,1,self_ret_5,1,,
pair|pos_event_max_21|+1|self_ret_5|-1,pair,pos_event_max_21,1,self_ret_5,-1,,
pair|pos_event_max_21|+1|self_ret_21|+1,pair,pos_event_max_21,1,self_ret_21,1,,
pair|pos_event_max_21|+1|self_ret_21|-1,pair,pos_event_max_21,1,self_ret_21,-1,,
pair|pos_event_max_21|+1|self_ret_63|+1,pair,pos_event_max_21,1,self_ret_63,1,,
pair|pos_event_max_21|+1|self_ret_63|-1,pair,pos_event_max_21,1,self_ret_63,-1,,
pair|pos_event_max_21|+1|self_mom_252_21|+1,pair,pos_event_max_21,1,self_mom_252_21,1,,
pair|pos_event_max_21|+1|self_mom_252_21|-1,pair,pos_event_max_21,1,self_mom_252_21,-1,,
pair|pos_event_max_21|+1|self_atr_63|+1,pair,pos_event_max_21,1,self_atr_63,1,,
pair|pos_event_max_21|+1|self_atr_63|-1,pair,pos_event_max_21,1,self_atr_63,-1,,
pair|pos_event_max_21|+1|self_compression_20_63|+1,pair,pos_event_max_21,1,self_compression_20_63,1,,
pair|pos_event_max_21|+1|self_compression_20_63|-1,pair,pos_event_max_21,1,self_compression_20_63,-1,,
pair|pos_event_max_21|+1|self_volume_ratio_5_20|+1,pair,pos_event_max_21,1,self_volume_ratio_5_20,1,,
pair|pos_event_max_21|+1|self_volume_ratio_5_20|-1,pair,pos_event_max_21,1,self_volume_ratio_5_20,-1,,
pair|pos_event_max_21|+1|self_dist_high_63|+1,pair,pos_event_max_21,1,self_dist_high_63,1,,
pair|pos_event_max_21|+1|self_dist_high_63|-1,pair,pos_event_max_21,1,self_dist_high_63,-1,,
pair|pos_event_max_21|+1|self_range_loc_63|+1,pair,pos_event_max_21,1,self_range_loc_63,1,,
pair|pos_event_max_21|+1|self_range_loc_63|-1,pair,pos_event_max_21,1,self_range_loc_63,-1,,
single|pos_event_max_21|-1,single,pos_event_max_21,-1,,,,
pair|pos_event_max_21|-1|self_ret_5|+1,pair,pos_event_max_21,-1,self_ret_5,1,,
pair|pos_event_max_21|-1|self_ret_5|-1,pair,pos_event_max_21,-1,self_ret_5,-1,,
pair|pos_event_max_21|-1|self_ret_21|+1,pair,pos_event_max_21,-1,self_ret_21,1,,
pair|pos_event_max_21|-1|self_ret_21|-1,pair,pos_event_max_21,-1,self_ret_21,-1,,
pair|pos_event_max_21|-1|self_ret_63|+1,pair,pos_event_max_21,-1,self_ret_63,1,,
pair|pos_event_max_21|-1|self_ret_63|-1,pair,pos_event_max_21,-1,self_ret_63,-1,,
pair|pos_event_max_21|-1|self_mom_252_21|+1,pair,pos_event_max_21,-1,self_mom_252_21,1,,
pair|pos_event_max_21|-1|self_mom_252_21|-1,pair,pos_event_max_21,-1,self_mom_252_21,-1,,
pair|pos_event_max_21|-1|self_atr_63|+1,pair,pos_event_max_21,-1,self_atr_63,1,,
pair|pos_event_max_21|-1|self_atr_63|-1,pair,pos_event_max_21,-1,self_atr_63,-1,,
pair|pos_event_max_21|-1|self_compression_20_63|+1,pair,pos_event_max_21,-1,self_compression_20_63,1,,
pair|pos_event_max_21|-1|self_compression_20_63|-1,pair,pos_event_max_21,-1,self_compression_20_63,-1,,
pair|pos_event_max_21|-1|self_volume_ratio_5_20|+1,pair,pos_event_max_21,-1,self_volume_ratio_5_20,1,,
pair|pos_event_max_21|-1|self_volume_ratio_5_20|-1,pair,pos_event_max_21,-1,self_volume_ratio_5_20,-1,,
pair|pos_event_max_21|-1|self_dist_high_63|+1,pair,pos_event_max_21,-1,self_dist_high_63,1,,
pair|pos_event_max_21|-1|self_dist_high_63|-1,pair,pos_event_max_21,-1,self_dist_high_63,-1,,
pair|pos_event_max_21|-1|self_range_loc_63|+1,pair,pos_event_max_21,-1,self_range_loc_63,1,,
pair|pos_event_max_21|-1|self_range_loc_63|-1,pair,pos_event_max_21,-1,self_range_loc_63,-1,,
single|neg_event_max_5|+1,single,neg_event_max_5,1,,,,
pair|neg_event_max_5|+1|self_ret_5|+1,pair,neg_event_max_5,1,self_ret_5,1,,
pair|neg_event_max_5|+1|self_ret_5|-1,pair,neg_event_max_5,1,self_ret_5,-1,,
pair|neg_event_max_5|+1|self_ret_21|+1,pair,neg_event_max_5,1,self_ret_21,1,,
pair|neg_event_max_5|+1|self_ret_21|-1,pair,neg_event_max_5,1,self_ret_21,-1,,
pair|neg_event_max_5|+1|self_ret_63|+1,pair,neg_event_max_5,1,self_ret_63,1,,
pair|neg_event_max_5|+1|self_ret_63|-1,pair,neg_event_max_5,1,self_ret_63,-1,,
pair|neg_event_max_5|+1|self_mom_252_21|+1,pair,neg_event_max_5,1,self_mom_252_21,1,,
pair|neg_event_max_5|+1|self_mom_252_21|-1,pair,neg_event_max_5,1,self_mom_252_21,-1,,
pair|neg_event_max_5|+1|self_atr_63|+1,pair,neg_event_max_5,1,self_atr_63,1,,
pair|neg_event_max_5|+1|self_atr_63|-1,pair,neg_event_max_5,1,self_atr_63,-1,,
pair|neg_event_max_5|+1|self_compression_20_63|+1,pair,neg_event_max_5,1,self_compression_20_63,1,,
pair|neg_event_max_5|+1|self_compression_20_63|-1,pair,neg_event_max_5,1,self_compression_20_63,-1,,
pair|neg_event_max_5|+1|self_volume_ratio_5_20|+1,pair,neg_event_max_5,1,self_volume_ratio_5_20,1,,
pair|neg_event_max_5|+1|self_volume_ratio_5_20|-1,pair,neg_event_max_5,1,self_volume_ratio_5_20,-1,,
pair|neg_event_max_5|+1|self_dist_high_63|+1,pair,neg_event_max_5,1,self_dist_high_63,1,,
pair|neg_event_max_5|+1|self_dist_high_63|-1,pair,neg_event_max_5,1,self_dist_high_63,-1,,
pair|neg_event_max_5|+1|self_range_loc_63|+1,pair,neg_event_max_5,1,self_range_loc_63,1,,
pair|neg_event_max_5|+1|self_range_loc_63|-1,pair,neg_event_max_5,1,self_range_loc_63,-1,,
single|neg_event_max_5|-1,single,neg_event_max_5,-1,,,,
pair|neg_event_max_5|-1|self_ret_5|+1,pair,neg_event_max_5,-1,self_ret_5,1,,
pair|neg_event_max_5|-1|self_ret_5|-1,pair,neg_event_max_5,-1,self_ret_5,-1,,
pair|neg_event_max_5|-1|self_ret_21|+1,pair,neg_event_max_5,-1,self_ret_21,1,,
pair|neg_event_max_5|-1|self_ret_21|-1,pair,neg_event_max_5,-1,self_ret_21,-1,,
pair|neg_event_max_5|-1|self_ret_63|+1,pair,neg_event_max_5,-1,self_ret_63,1,,
pair|neg_event_max_5|-1|self_ret_63|-1,pair,neg_event_max_5,-1,self_ret_63,-1,,
pair|neg_event_max_5|-1|self_mom_252_21|+1,pair,neg_event_max_5,-1,self_mom_252_21,1,,
pair|neg_event_max_5|-1|self_mom_252_21|-1,pair,neg_event_max_5,-1,self_mom_252_21,-1,,
pair|neg_event_max_5|-1|self_atr_63|+1,pair,neg_event_max_5,-1,self_atr_63,1,,
pair|neg_event_max_5|-1|self_atr_63|-1,pair,neg_event_max_5,-1,self_atr_63,-1,,
pair|neg_event_max_5|-1|self_compression_20_63|+1,pair,neg_event_max_5,-1,self_compression_20_63,1,,
pair|neg_event_max_5|-1|self_compression_20_63|-1,pair,neg_event_max_5,-1,self_compression_20_63,-1,,
pair|neg_event_max_5|-1|self_volume_ratio_5_20|+1,pair,neg_event_max_5,-1,self_volume_ratio_5_20,1,,
pair|neg_event_max_5|-1|self_volume_ratio_5_20|-1,pair,neg_event_max_5,-1,self_volume_ratio_5_20,-1,,
pair|neg_event_max_5|-1|self_dist_high_63|+1,pair,neg_event_max_5,-1,self_dist_high_63,1,,
pair|neg_event_max_5|-1|self_dist_high_63|-1,pair,neg_event_max_5,-1,self_dist_high_63,-1,,
pair|neg_event_max_5|-1|self_range_loc_63|+1,pair,neg_event_max_5,-1,self_range_loc_63,1,,
pair|neg_event_max_5|-1|self_range_loc_63|-1,pair,neg_event_max_5,-1,self_range_loc_63,-1,,
single|neg_event_max_10|+1,single,neg_event_max_10,1,,,,
pair|neg_event_max_10|+1|self_ret_5|+1,pair,neg_event_max_10,1,self_ret_5,1,,
pair|neg_event_max_10|+1|self_ret_5|-1,pair,neg_event_max_10,1,self_ret_5,-1,,
pair|neg_event_max_10|+1|self_ret_21|+1,pair,neg_event_max_10,1,self_ret_21,1,,
pair|neg_event_max_10|+1|self_ret_21|-1,pair,neg_event_max_10,1,self_ret_21,-1,,
pair|neg_event_max_10|+1|self_ret_63|+1,pair,neg_event_max_10,1,self_ret_63,1,,
pair|neg_event_max_10|+1|self_ret_63|-1,pair,neg_event_max_10,1,self_ret_63,-1,,
pair|neg_event_max_10|+1|self_mom_252_21|+1,pair,neg_event_max_10,1,self_mom_252_21,1,,
pair|neg_event_max_10|+1|self_mom_252_21|-1,pair,neg_event_max_10,1,self_mom_252_21,-1,,
pair|neg_event_max_10|+1|self_atr_63|+1,pair,neg_event_max_10,1,self_atr_63,1,,
pair|neg_event_max_10|+1|self_atr_63|-1,pair,neg_event_max_10,1,self_atr_63,-1,,
pair|neg_event_max_10|+1|self_compression_20_63|+1,pair,neg_event_max_10,1,self_compression_20_63,1,,
pair|neg_event_max_10|+1|self_compression_20_63|-1,pair,neg_event_max_10,1,self_compression_20_63,-1,,
pair|neg_event_max_10|+1|self_volume_ratio_5_20|+1,pair,neg_event_max_10,1,self_volume_ratio_5_20,1,,
pair|neg_event_max_10|+1|self_volume_ratio_5_20|-1,pair,neg_event_max_10,1,self_volume_ratio_5_20,-1,,
pair|neg_event_max_10|+1|self_dist_high_63|+1,pair,neg_event_max_10,1,self_dist_high_63,1,,
pair|neg_event_max_10|+1|self_dist_high_63|-1,pair,neg_event_max_10,1,self_dist_high_63,-1,,
pair|neg_event_max_10|+1|self_range_loc_63|+1,pair,neg_event_max_10,1,self_range_loc_63,1,,
pair|neg_event_max_10|+1|self_range_loc_63|-1,pair,neg_event_max_10,1,self_range_loc_63,-1,,
single|neg_event_max_10|-1,single,neg_event_max_10,-1,,,,
pair|neg_event_max_10|-1|self_ret_5|+1,pair,neg_event_max_10,-1,self_ret_5,1,,
pair|neg_event_max_10|-1|self_ret_5|-1,pair,neg_event_max_10,-1,self_ret_5,-1,,
pair|neg_event_max_10|-1|self_ret_21|+1,pair,neg_event_max_10,-1,self_ret_21,1,,
pair|neg_event_max_10|-1|self_ret_21|-1,pair,neg_event_max_10,-1,self_ret_21,-1,,
pair|neg_event_max_10|-1|self_ret_63|+1,pair,neg_event_max_10,-1,self_ret_63,1,,
pair|neg_event_max_10|-1|self_ret_63|-1,pair,neg_event_max_10,-1,self_ret_63,-1,,
pair|neg_event_max_10|-1|self_mom_252_21|+1,pair,neg_event_max_10,-1,self_mom_252_21,1,,
pair|neg_event_max_10|-1|self_mom_252_21|-1,pair,neg_event_max_10,-1,self_mom_252_21,-1,,
pair|neg_event_max_10|-1|self_atr_63|+1,pair,neg_event_max_10,-1,self_atr_63,1,,
pair|neg_event_max_10|-1|self_atr_63|-1,pair,neg_event_max_10,-1,self_atr_63,-1,,
pair|neg_event_max_10|-1|self_compression_20_63|+1,pair,neg_event_max_10,-1,self_compression_20_63,1,,
pair|neg_event_max_10|-1|self_compression_20_63|-1,pair,neg_event_max_10,-1,self_compression_20_63,-1,,
pair|neg_event_max_10|-1|self_volume_ratio_5_20|+1,pair,neg_event_max_10,-1,self_volume_ratio_5_20,1,,
pair|neg_event_max_10|-1|self_volume_ratio_5_20|-1,pair,neg_event_max_10,-1,self_volume_ratio_5_20,-1,,
pair|neg_event_max_10|-1|self_dist_high_63|+1,pair,neg_event_max_10,-1,self_dist_high_63,1,,
pair|neg_event_max_10|-1|self_dist_high_63|-1,pair,neg_event_max_10,-1,self_dist_high_63,-1,,
pair|neg_event_max_10|-1|self_range_loc_63|+1,pair,neg_event_max_10,-1,self_range_loc_63,1,,
pair|neg_event_max_10|-1|self_range_loc_63|-1,pair,neg_event_max_10,-1,self_range_loc_63,-1,,
single|neg_event_max_21|+1,single,neg_event_max_21,1,,,,
pair|neg_event_max_21|+1|self_ret_5|+1,pair,neg_event_max_21,1,self_ret_5,1,,
pair|neg_event_max_21|+1|self_ret_5|-1,pair,neg_event_max_21,1,self_ret_5,-1,,
pair|neg_event_max_21|+1|self_ret_21|+1,pair,neg_event_max_21,1,self_ret_21,1,,
pair|neg_event_max_21|+1|self_ret_21|-1,pair,neg_event_max_21,1,self_ret_21,-1,,
pair|neg_event_max_21|+1|self_ret_63|+1,pair,neg_event_max_21,1,self_ret_63,1,,
pair|neg_event_max_21|+1|self_ret_63|-1,pair,neg_event_max_21,1,self_ret_63,-1,,
pair|neg_event_max_21|+1|self_mom_252_21|+1,pair,neg_event_max_21,1,self_mom_252_21,1,,
pair|neg_event_max_21|+1|self_mom_252_21|-1,pair,neg_event_max_21,1,self_mom_252_21,-1,,
pair|neg_event_max_21|+1|self_atr_63|+1,pair,neg_event_max_21,1,self_atr_63,1,,
pair|neg_event_max_21|+1|self_atr_63|-1,pair,neg_event_max_21,1,self_atr_63,-1,,
pair|neg_event_max_21|+1|self_compression_20_63|+1,pair,neg_event_max_21,1,self_compression_20_63,1,,
pair|neg_event_max_21|+1|self_compression_20_63|-1,pair,neg_event_max_21,1,self_compression_20_63,-1,,
pair|neg_event_max_21|+1|self_volume_ratio_5_20|+1,pair,neg_event_max_21,1,self_volume_ratio_5_20,1,,
pair|neg_event_max_21|+1|self_volume_ratio_5_20|-1,pair,neg_event_max_21,1,self_volume_ratio_5_20,-1,,
pair|neg_event_max_21|+1|self_dist_high_63|+1,pair,neg_event_max_21,1,self_dist_high_63,1,,
pair|neg_event_max_21|+1|self_dist_high_63|-1,pair,neg_event_max_21,1,self_dist_high_63,-1,,
pair|neg_event_max_21|+1|self_range_loc_63|+1,pair,neg_event_max_21,1,self_range_loc_63,1,,
pair|neg_event_max_21|+1|self_range_loc_63|-1,pair,neg_event_max_21,1,self_range_loc_63,-1,,
single|neg_event_max_21|-1,single,neg_event_max_21,-1,,,,
pair|neg_event_max_21|-1|self_ret_5|+1,pair,neg_event_max_21,-1,self_ret_5,1,,
pair|neg_event_max_21|-1|self_ret_5|-1,pair,neg_event_max_21,-1,self_ret_5,-1,,
pair|neg_event_max_21|-1|self_ret_21|+1,pair,neg_event_max_21,-1,self_ret_21,1,,
pair|neg_event_max_21|-1|self_ret_21|-1,pair,neg_event_max_21,-1,self_ret_21,-1,,
pair|neg_event_max_21|-1|self_ret_63|+1,pair,neg_event_max_21,-1,self_ret_63,1,,
pair|neg_event_max_21|-1|self_ret_63|-1,pair,neg_event_max_21,-1,self_ret_63,-1,,
pair|neg_event_max_21|-1|self_mom_252_21|+1,pair,neg_event_max_21,-1,self_mom_252_21,1,,
pair|neg_event_max_21|-1|self_mom_252_21|-1,pair,neg_event_max_21,-1,self_mom_252_21,-1,,
pair|neg_event_max_21|-1|self_atr_63|+1,pair,neg_event_max_21,-1,self_atr_63,1,,
pair|neg_event_max_21|-1|self_atr_63|-1,pair,neg_event_max_21,-1,self_atr_63,-1,,
pair|neg_event_max_21|-1|self_compression_20_63|+1,pair,neg_event_max_21,-1,self_compression_20_63,1,,
pair|neg_event_max_21|-1|self_compression_20_63|-1,pair,neg_event_max_21,-1,self_compression_20_63,-1,,
pair|neg_event_max_21|-1|self_volume_ratio_5_20|+1,pair,neg_event_max_21,-1,self_volume_ratio_5_20,1,,
pair|neg_event_max_21|-1|self_volume_ratio_5_20|-1,pair,neg_event_max_21,-1,self_volume_ratio_5_20,-1,,
pair|neg_event_max_21|-1|self_dist_high_63|+1,pair,neg_event_max_21,-1,self_dist_high_63,1,,
pair|neg_event_max_21|-1|self_dist_high_63|-1,pair,neg_event_max_21,-1,self_dist_high_63,-1,,
pair|neg_event_max_21|-1|self_range_loc_63|+1,pair,neg_event_max_21,-1,self_range_loc_63,1,,
pair|neg_event_max_21|-1|self_range_loc_63|-1,pair,neg_event_max_21,-1,self_range_loc_63,-1,,
single|pos_event_sum_5|+1,single,pos_event_sum_5,1,,,,
pair|pos_event_sum_5|+1|self_ret_5|+1,pair,pos_event_sum_5,1,self_ret_5,1,,
pair|pos_event_sum_5|+1|self_ret_5|-1,pair,pos_event_sum_5,1,self_ret_5,-1,,
pair|pos_event_sum_5|+1|self_ret_21|+1,pair,pos_event_sum_5,1,self_ret_21,1,,
pair|pos_event_sum_5|+1|self_ret_21|-1,pair,pos_event_sum_5,1,self_ret_21,-1,,
pair|pos_event_sum_5|+1|self_ret_63|+1,pair,pos_event_sum_5,1,self_ret_63,1,,
pair|pos_event_sum_5|+1|self_ret_63|-1,pair,pos_event_sum_5,1,self_ret_63,-1,,
pair|pos_event_sum_5|+1|self_mom_252_21|+1,pair,pos_event_sum_5,1,self_mom_252_21,1,,
pair|pos_event_sum_5|+1|self_mom_252_21|-1,pair,pos_event_sum_5,1,self_mom_252_21,-1,,
pair|pos_event_sum_5|+1|self_atr_63|+1,pair,pos_event_sum_5,1,self_atr_63,1,,
pair|pos_event_sum_5|+1|self_atr_63|-1,pair,pos_event_sum_5,1,self_atr_63,-1,,
pair|pos_event_sum_5|+1|self_compression_20_63|+1,pair,pos_event_sum_5,1,self_compression_20_63,1,,
pair|pos_event_sum_5|+1|self_compression_20_63|-1,pair,pos_event_sum_5,1,self_compression_20_63,-1,,
pair|pos_event_sum_5|+1|self_volume_ratio_5_20|+1,pair,pos_event_sum_5,1,self_volume_ratio_5_20,1,,
pair|pos_event_sum_5|+1|self_volume_ratio_5_20|-1,pair,pos_event_sum_5,1,self_volume_ratio_5_20,-1,,
pair|pos_event_sum_5|+1|self_dist_high_63|+1,pair,pos_event_sum_5,1,self_dist_high_63,1,,
pair|pos_event_sum_5|+1|self_dist_high_63|-1,pair,pos_event_sum_5,1,self_dist_high_63,-1,,
pair|pos_event_sum_5|+1|self_range_loc_63|+1,pair,pos_event_sum_5,1,self_range_loc_63,1,,
pair|pos_event_sum_5|+1|self_range_loc_63|-1,pair,pos_event_sum_5,1,self_range_loc_63,-1,,
single|pos_event_sum_5|-1,single,pos_event_sum_5,-1,,,,
pair|pos_event_sum_5|-1|self_ret_5|+1,pair,pos_event_sum_5,-1,self_ret_5,1,,
pair|pos_event_sum_5|-1|self_ret_5|-1,pair,pos_event_sum_5,-1,self_ret_5,-1,,
pair|pos_event_sum_5|-1|self_ret_21|+1,pair,pos_event_sum_5,-1,self_ret_21,1,,
pair|pos_event_sum_5|-1|self_ret_21|-1,pair,pos_event_sum_5,-1,self_ret_21,-1,,
pair|pos_event_sum_5|-1|self_ret_63|+1,pair,pos_event_sum_5,-1,self_ret_63,1,,
pair|pos_event_sum_5|-1|self_ret_63|-1,pair,pos_event_sum_5,-1,self_ret_63,-1,,
pair|pos_event_sum_5|-1|self_mom_252_21|+1,pair,pos_event_sum_5,-1,self_mom_252_21,1,,
pair|pos_event_sum_5|-1|self_mom_252_21|-1,pair,pos_event_sum_5,-1,self_mom_252_21,-1,,
pair|pos_event_sum_5|-1|self_atr_63|+1,pair,pos_event_sum_5,-1,self_atr_63,1,,
pair|pos_event_sum_5|-1|self_atr_63|-1,pair,pos_event_sum_5,-1,self_atr_63,-1,,
pair|pos_event_sum_5|-1|self_compression_20_63|+1,pair,pos_event_sum_5,-1,self_compression_20_63,1,,
pair|pos_event_sum_5|-1|self_compression_20_63|-1,pair,pos_event_sum_5,-1,self_compression_20_63,-1,,
pair|pos_event_sum_5|-1|self_volume_ratio_5_20|+1,pair,pos_event_sum_5,-1,self_volume_ratio_5_20,1,,
pair|pos_event_sum_5|-1|self_volume_ratio_5_20|-1,pair,pos_event_sum_5,-1,self_volume_ratio_5_20,-1,,
pair|pos_event_sum_5|-1|self_dist_high_63|+1,pair,pos_event_sum_5,-1,self_dist_high_63,1,,
pair|pos_event_sum_5|-1|self_dist_high_63|-1,pair,pos_event_sum_5,-1,self_dist_high_63,-1,,
pair|pos_event_sum_5|-1|self_range_loc_63|+1,pair,pos_event_sum_5,-1,self_range_loc_63,1,,
pair|pos_event_sum_5|-1|self_range_loc_63|-1,pair,pos_event_sum_5,-1,self_range_loc_63,-1,,
single|pos_event_sum_10|+1,single,pos_event_sum_10,1,,,,
pair|pos_event_sum_10|+1|self_ret_5|+1,pair,pos_event_sum_10,1,self_ret_5,1,,
pair|pos_event_sum_10|+1|self_ret_5|-1,pair,pos_event_sum_10,1,self_ret_5,-1,,
pair|pos_event_sum_10|+1|self_ret_21|+1,pair,pos_event_sum_10,1,self_ret_21,1,,
pair|pos_event_sum_10|+1|self_ret_21|-1,pair,pos_event_sum_10,1,self_ret_21,-1,,
pair|pos_event_sum_10|+1|self_ret_63|+1,pair,pos_event_sum_10,1,self_ret_63,1,,
pair|pos_event_sum_10|+1|self_ret_63|-1,pair,pos_event_sum_10,1,self_ret_63,-1,,
pair|pos_event_sum_10|+1|self_mom_252_21|+1,pair,pos_event_sum_10,1,self_mom_252_21,1,,
pair|pos_event_sum_10|+1|self_mom_252_21|-1,pair,pos_event_sum_10,1,self_mom_252_21,-1,,
pair|pos_event_sum_10|+1|self_atr_63|+1,pair,pos_event_sum_10,1,self_atr_63,1,,
pair|pos_event_sum_10|+1|self_atr_63|-1,pair,pos_event_sum_10,1,self_atr_63,-1,,
pair|pos_event_sum_10|+1|self_compression_20_63|+1,pair,pos_event_sum_10,1,self_compression_20_63,1,,
pair|pos_event_sum_10|+1|self_compression_20_63|-1,pair,pos_event_sum_10,1,self_compression_20_63,-1,,
pair|pos_event_sum_10|+1|self_volume_ratio_5_20|+1,pair,pos_event_sum_10,1,self_volume_ratio_5_20,1,,
pair|pos_event_sum_10|+1|self_volume_ratio_5_20|-1,pair,pos_event_sum_10,1,self_volume_ratio_5_20,-1,,
pair|pos_event_sum_10|+1|self_dist_high_63|+1,pair,pos_event_sum_10,1,self_dist_high_63,1,,
pair|pos_event_sum_10|+1|self_dist_high_63|-1,pair,pos_event_sum_10,1,self_dist_high_63,-1,,
pair|pos_event_sum_10|+1|self_range_loc_63|+1,pair,pos_event_sum_10,1,self_range_loc_63,1,,
pair|pos_event_sum_10|+1|self_range_loc_63|-1,pair,pos_event_sum_10,1,self_range_loc_63,-1,,
single|pos_event_sum_10|-1,single,pos_event_sum_10,-1,,,,
pair|pos_event_sum_10|-1|self_ret_5|+1,pair,pos_event_sum_10,-1,self_ret_5,1,,
pair|pos_event_sum_10|-1|self_ret_5|-1,pair,pos_event_sum_10,-1,self_ret_5,-1,,
pair|pos_event_sum_10|-1|self_ret_21|+1,pair,pos_event_sum_10,-1,self_ret_21,1,,
pair|pos_event_sum_10|-1|self_ret_21|-1,pair,pos_event_sum_10,-1,self_ret_21,-1,,
pair|pos_event_sum_10|-1|self_ret_63|+1,pair,pos_event_sum_10,-1,self_ret_63,1,,
pair|pos_event_sum_10|-1|self_ret_63|-1,pair,pos_event_sum_10,-1,self_ret_63,-1,,
pair|pos_event_sum_10|-1|self_mom_252_21|+1,pair,pos_event_sum_10,-1,self_mom_252_21,1,,
pair|pos_event_sum_10|-1|self_mom_252_21|-1,pair,pos_event_sum_10,-1,self_mom_252_21,-1,,
pair|pos_event_sum_10|-1|self_atr_63|+1,pair,pos_event_sum_10,-1,self_atr_63,1,,
pair|pos_event_sum_10|-1|self_atr_63|-1,pair,pos_event_sum_10,-1,self_atr_63,-1,,
pair|pos_event_sum_10|-1|self_compression_20_63|+1,pair,pos_event_sum_10,-1,self_compression_20_63,1,,
pair|pos_event_sum_10|-1|self_compression_20_63|-1,pair,pos_event_sum_10,-1,self_compression_20_63,-1,,
pair|pos_event_sum_10|-1|self_volume_ratio_5_20|+1,pair,pos_event_sum_10,-1,self_volume_ratio_5_20,1,,
pair|pos_event_sum_10|-1|self_volume_ratio_5_20|-1,pair,pos_event_sum_10,-1,self_volume_ratio_5_20,-1,,
pair|pos_event_sum_10|-1|self_dist_high_63|+1,pair,pos_event_sum_10,-1,self_dist_high_63,1,,
pair|pos_event_sum_10|-1|self_dist_high_63|-1,pair,pos_event_sum_10,-1,self_dist_high_63,-1,,
pair|pos_event_sum_10|-1|self_range_loc_63|+1,pair,pos_event_sum_10,-1,self_range_loc_63,1,,
pair|pos_event_sum_10|-1|self_range_loc_63|-1,pair,pos_event_sum_10,-1,self_range_loc_63,-1,,
single|pos_event_sum_21|+1,single,pos_event_sum_21,1,,,,
pair|pos_event_sum_21|+1|self_ret_5|+1,pair,pos_event_sum_21,1,self_ret_5,1,,
pair|pos_event_sum_21|+1|self_ret_5|-1,pair,pos_event_sum_21,1,self_ret_5,-1,,
pair|pos_event_sum_21|+1|self_ret_21|+1,pair,pos_event_sum_21,1,self_ret_21,1,,
pair|pos_event_sum_21|+1|self_ret_21|-1,pair,pos_event_sum_21,1,self_ret_21,-1,,
pair|pos_event_sum_21|+1|self_ret_63|+1,pair,pos_event_sum_21,1,self_ret_63,1,,
pair|pos_event_sum_21|+1|self_ret_63|-1,pair,pos_event_sum_21,1,self_ret_63,-1,,
pair|pos_event_sum_21|+1|self_mom_252_21|+1,pair,pos_event_sum_21,1,self_mom_252_21,1,,
pair|pos_event_sum_21|+1|self_mom_252_21|-1,pair,pos_event_sum_21,1,self_mom_252_21,-1,,
pair|pos_event_sum_21|+1|self_atr_63|+1,pair,pos_event_sum_21,1,self_atr_63,1,,
pair|pos_event_sum_21|+1|self_atr_63|-1,pair,pos_event_sum_21,1,self_atr_63,-1,,
pair|pos_event_sum_21|+1|self_compression_20_63|+1,pair,pos_event_sum_21,1,self_compression_20_63,1,,
pair|pos_event_sum_21|+1|self_compression_20_63|-1,pair,pos_event_sum_21,1,self_compression_20_63,-1,,
pair|pos_event_sum_21|+1|self_volume_ratio_5_20|+1,pair,pos_event_sum_21,1,self_volume_ratio_5_20,1,,
pair|pos_event_sum_21|+1|self_volume_ratio_5_20|-1,pair,pos_event_sum_21,1,self_volume_ratio_5_20,-1,,
pair|pos_event_sum_21|+1|self_dist_high_63|+1,pair,pos_event_sum_21,1,self_dist_high_63,1,,
pair|pos_event_sum_21|+1|self_dist_high_63|-1,pair,pos_event_sum_21,1,self_dist_high_63,-1,,
pair|pos_event_sum_21|+1|self_range_loc_63|+1,pair,pos_event_sum_21,1,self_range_loc_63,1,,
pair|pos_event_sum_21|+1|self_range_loc_63|-1,pair,pos_event_sum_21,1,self_range_loc_63,-1,,
single|pos_event_sum_21|-1,single,pos_event_sum_21,-1,,,,
pair|pos_event_sum_21|-1|self_ret_5|+1,pair,pos_event_sum_21,-1,self_ret_5,1,,
pair|pos_event_sum_21|-1|self_ret_5|-1,pair,pos_event_sum_21,-1,self_ret_5,-1,,
pair|pos_event_sum_21|-1|self_ret_21|+1,pair,pos_event_sum_21,-1,self_ret_21,1,,
pair|pos_event_sum_21|-1|self_ret_21|-1,pair,pos_event_sum_21,-1,self_ret_21,-1,,
pair|pos_event_sum_21|-1|self_ret_63|+1,pair,pos_event_sum_21,-1,self_ret_63,1,,
pair|pos_event_sum_21|-1|self_ret_63|-1,pair,pos_event_sum_21,-1,self_ret_63,-1,,
pair|pos_event_sum_21|-1|self_mom_252_21|+1,pair,pos_event_sum_21,-1,self_mom_252_21,1,,
pair|pos_event_sum_21|-1|self_mom_252_21|-1,pair,pos_event_sum_21,-1,self_mom_252_21,-1,,
pair|pos_event_sum_21|-1|self_atr_63|+1,pair,pos_event_sum_21,-1,self_atr_63,1,,
pair|pos_event_sum_21|-1|self_atr_63|-1,pair,pos_event_sum_21,-1,self_atr_63,-1,,
pair|pos_event_sum_21|-1|self_compression_20_63|+1,pair,pos_event_sum_21,-1,self_compression_20_63,1,,
pair|pos_event_sum_21|-1|self_compression_20_63|-1,pair,pos_event_sum_21,-1,self_compression_20_63,-1,,
pair|pos_event_sum_21|-1|self_volume_ratio_5_20|+1,pair,pos_event_sum_21,-1,self_volume_ratio_5_20,1,,
pair|pos_event_sum_21|-1|self_volume_ratio_5_20|-1,pair,pos_event_sum_21,-1,self_volume_ratio_5_20,-1,,
pair|pos_event_sum_21|-1|self_dist_high_63|+1,pair,pos_event_sum_21,-1,self_dist_high_63,1,,
pair|pos_event_sum_21|-1|self_dist_high_63|-1,pair,pos_event_sum_21,-1,self_dist_high_63,-1,,
pair|pos_event_sum_21|-1|self_range_loc_63|+1,pair,pos_event_sum_21,-1,self_range_loc_63,1,,
pair|pos_event_sum_21|-1|self_range_loc_63|-1,pair,pos_event_sum_21,-1,self_range_loc_63,-1,,
single|neg_event_sum_5|+1,single,neg_event_sum_5,1,,,,
pair|neg_event_sum_5|+1|self_ret_5|+1,pair,neg_event_sum_5,1,self_ret_5,1,,
pair|neg_event_sum_5|+1|self_ret_5|-1,pair,neg_event_sum_5,1,self_ret_5,-1,,
pair|neg_event_sum_5|+1|self_ret_21|+1,pair,neg_event_sum_5,1,self_ret_21,1,,
pair|neg_event_sum_5|+1|self_ret_21|-1,pair,neg_event_sum_5,1,self_ret_21,-1,,
pair|neg_event_sum_5|+1|self_ret_63|+1,pair,neg_event_sum_5,1,self_ret_63,1,,
pair|neg_event_sum_5|+1|self_ret_63|-1,pair,neg_event_sum_5,1,self_ret_63,-1,,
pair|neg_event_sum_5|+1|self_mom_252_21|+1,pair,neg_event_sum_5,1,self_mom_252_21,1,,
pair|neg_event_sum_5|+1|self_mom_252_21|-1,pair,neg_event_sum_5,1,self_mom_252_21,-1,,
pair|neg_event_sum_5|+1|self_atr_63|+1,pair,neg_event_sum_5,1,self_atr_63,1,,
pair|neg_event_sum_5|+1|self_atr_63|-1,pair,neg_event_sum_5,1,self_atr_63,-1,,
pair|neg_event_sum_5|+1|self_compression_20_63|+1,pair,neg_event_sum_5,1,self_compression_20_63,1,,
pair|neg_event_sum_5|+1|self_compression_20_63|-1,pair,neg_event_sum_5,1,self_compression_20_63,-1,,
pair|neg_event_sum_5|+1|self_volume_ratio_5_20|+1,pair,neg_event_sum_5,1,self_volume_ratio_5_20,1,,
pair|neg_event_sum_5|+1|self_volume_ratio_5_20|-1,pair,neg_event_sum_5,1,self_volume_ratio_5_20,-1,,
pair|neg_event_sum_5|+1|self_dist_high_63|+1,pair,neg_event_sum_5,1,self_dist_high_63,1,,
pair|neg_event_sum_5|+1|self_dist_high_63|-1,pair,neg_event_sum_5,1,self_dist_high_63,-1,,
pair|neg_event_sum_5|+1|self_range_loc_63|+1,pair,neg_event_sum_5,1,self_range_loc_63,1,,
pair|neg_event_sum_5|+1|self_range_loc_63|-1,pair,neg_event_sum_5,1,self_range_loc_63,-1,,
single|neg_event_sum_5|-1,single,neg_event_sum_5,-1,,,,
pair|neg_event_sum_5|-1|self_ret_5|+1,pair,neg_event_sum_5,-1,self_ret_5,1,,
pair|neg_event_sum_5|-1|self_ret_5|-1,pair,neg_event_sum_5,-1,self_ret_5,-1,,
pair|neg_event_sum_5|-1|self_ret_21|+1,pair,neg_event_sum_5,-1,self_ret_21,1,,
pair|neg_event_sum_5|-1|self_ret_21|-1,pair,neg_event_sum_5,-1,self_ret_21,-1,,
pair|neg_event_sum_5|-1|self_ret_63|+1,pair,neg_event_sum_5,-1,self_ret_63,1,,
pair|neg_event_sum_5|-1|self_ret_63|-1,pair,neg_event_sum_5,-1,self_ret_63,-1,,
pair|neg_event_sum_5|-1|self_mom_252_21|+1,pair,neg_event_sum_5,-1,self_mom_252_21,1,,
pair|neg_event_sum_5|-1|self_mom_252_21|-1,pair,neg_event_sum_5,-1,self_mom_252_21,-1,,
pair|neg_event_sum_5|-1|self_atr_63|+1,pair,neg_event_sum_5,-1,self_atr_63,1,,
pair|neg_event_sum_5|-1|self_atr_63|-1,pair,neg_event_sum_5,-1,self_atr_63,-1,,
pair|neg_event_sum_5|-1|self_compression_20_63|+1,pair,neg_event_sum_5,-1,self_compression_20_63,1,,
pair|neg_event_sum_5|-1|self_compression_20_63|-1,pair,neg_event_sum_5,-1,self_compression_20_63,-1,,
pair|neg_event_sum_5|-1|self_volume_ratio_5_20|+1,pair,neg_event_sum_5,-1,self_volume_ratio_5_20,1,,
pair|neg_event_sum_5|-1|self_volume_ratio_5_20|-1,pair,neg_event_sum_5,-1,self_volume_ratio_5_20,-1,,
pair|neg_event_sum_5|-1|self_dist_high_63|+1,pair,neg_event_sum_5,-1,self_dist_high_63,1,,
pair|neg_event_sum_5|-1|self_dist_high_63|-1,pair,neg_event_sum_5,-1,self_dist_high_63,-1,,
pair|neg_event_sum_5|-1|self_range_loc_63|+1,pair,neg_event_sum_5,-1,self_range_loc_63,1,,
pair|neg_event_sum_5|-1|self_range_loc_63|-1,pair,neg_event_sum_5,-1,self_range_loc_63,-1,,
single|neg_event_sum_10|+1,single,neg_event_sum_10,1,,,,
pair|neg_event_sum_10|+1|self_ret_5|+1,pair,neg_event_sum_10,1,self_ret_5,1,,
pair|neg_event_sum_10|+1|self_ret_5|-1,pair,neg_event_sum_10,1,self_ret_5,-1,,
pair|neg_event_sum_10|+1|self_ret_21|+1,pair,neg_event_sum_10,1,self_ret_21,1,,
pair|neg_event_sum_10|+1|self_ret_21|-1,pair,neg_event_sum_10,1,self_ret_21,-1,,
pair|neg_event_sum_10|+1|self_ret_63|+1,pair,neg_event_sum_10,1,self_ret_63,1,,
pair|neg_event_sum_10|+1|self_ret_63|-1,pair,neg_event_sum_10,1,self_ret_63,-1,,
pair|neg_event_sum_10|+1|self_mom_252_21|+1,pair,neg_event_sum_10,1,self_mom_252_21,1,,
pair|neg_event_sum_10|+1|self_mom_252_21|-1,pair,neg_event_sum_10,1,self_mom_252_21,-1,,
pair|neg_event_sum_10|+1|self_atr_63|+1,pair,neg_event_sum_10,1,self_atr_63,1,,
pair|neg_event_sum_10|+1|self_atr_63|-1,pair,neg_event_sum_10,1,self_atr_63,-1,,
pair|neg_event_sum_10|+1|self_compression_20_63|+1,pair,neg_event_sum_10,1,self_compression_20_63,1,,
pair|neg_event_sum_10|+1|self_compression_20_63|-1,pair,neg_event_sum_10,1,self_compression_20_63,-1,,
pair|neg_event_sum_10|+1|self_volume_ratio_5_20|+1,pair,neg_event_sum_10,1,self_volume_ratio_5_20,1,,
pair|neg_event_sum_10|+1|self_volume_ratio_5_20|-1,pair,neg_event_sum_10,1,self_volume_ratio_5_20,-1,,
pair|neg_event_sum_10|+1|self_dist_high_63|+1,pair,neg_event_sum_10,1,self_dist_high_63,1,,
pair|neg_event_sum_10|+1|self_dist_high_63|-1,pair,neg_event_sum_10,1,self_dist_high_63,-1,,
pair|neg_event_sum_10|+1|self_range_loc_63|+1,pair,neg_event_sum_10,1,self_range_loc_63,1,,
pair|neg_event_sum_10|+1|self_range_loc_63|-1,pair,neg_event_sum_10,1,self_range_loc_63,-1,,
single|neg_event_sum_10|-1,single,neg_event_sum_10,-1,,,,
pair|neg_event_sum_10|-1|self_ret_5|+1,pair,neg_event_sum_10,-1,self_ret_5,1,,
pair|neg_event_sum_10|-1|self_ret_5|-1,pair,neg_event_sum_10,-1,self_ret_5,-1,,
pair|neg_event_sum_10|-1|self_ret_21|+1,pair,neg_event_sum_10,-1,self_ret_21,1,,
pair|neg_event_sum_10|-1|self_ret_21|-1,pair,neg_event_sum_10,-1,self_ret_21,-1,,
pair|neg_event_sum_10|-1|self_ret_63|+1,pair,neg_event_sum_10,-1,self_ret_63,1,,
pair|neg_event_sum_10|-1|self_ret_63|-1,pair,neg_event_sum_10,-1,self_ret_63,-1,,
pair|neg_event_sum_10|-1|self_mom_252_21|+1,pair,neg_event_sum_10,-1,self_mom_252_21,1,,
pair|neg_event_sum_10|-1|self_mom_252_21|-1,pair,neg_event_sum_10,-1,self_mom_252_21,-1,,
pair|neg_event_sum_10|-1|self_atr_63|+1,pair,neg_event_sum_10,-1,self_atr_63,1,,
pair|neg_event_sum_10|-1|self_atr_63|-1,pair,neg_event_sum_10,-1,self_atr_63,-1,,
pair|neg_event_sum_10|-1|self_compression_20_63|+1,pair,neg_event_sum_10,-1,self_compression_20_63,1,,
pair|neg_event_sum_10|-1|self_compression_20_63|-1,pair,neg_event_sum_10,-1,self_compression_20_63,-1,,
pair|neg_event_sum_10|-1|self_volume_ratio_5_20|+1,pair,neg_event_sum_10,-1,self_volume_ratio_5_20,1,,
pair|neg_event_sum_10|-1|self_volume_ratio_5_20|-1,pair,neg_event_sum_10,-1,self_volume_ratio_5_20,-1,,
pair|neg_event_sum_10|-1|self_dist_high_63|+1,pair,neg_event_sum_10,-1,self_dist_high_63,1,,
pair|neg_event_sum_10|-1|self_dist_high_63|-1,pair,neg_event_sum_10,-1,self_dist_high_63,-1,,
pair|neg_event_sum_10|-1|self_range_loc_63|+1,pair,neg_event_sum_10,-1,self_range_loc_63,1,,
pair|neg_event_sum_10|-1|self_range_loc_63|-1,pair,neg_event_sum_10,-1,self_range_loc_63,-1,,
single|neg_event_sum_21|+1,single,neg_event_sum_21,1,,,,
pair|neg_event_sum_21|+1|self_ret_5|+1,pair,neg_event_sum_21,1,self_ret_5,1,,
pair|neg_event_sum_21|+1|self_ret_5|-1,pair,neg_event_sum_21,1,self_ret_5,-1,,
pair|neg_event_sum_21|+1|self_ret_21|+1,pair,neg_event_sum_21,1,self_ret_21,1,,
pair|neg_event_sum_21|+1|self_ret_21|-1,pair,neg_event_sum_21,1,self_ret_21,-1,,
pair|neg_event_sum_21|+1|self_ret_63|+1,pair,neg_event_sum_21,1,self_ret_63,1,,
pair|neg_event_sum_21|+1|self_ret_63|-1,pair,neg_event_sum_21,1,self_ret_63,-1,,
pair|neg_event_sum_21|+1|self_mom_252_21|+1,pair,neg_event_sum_21,1,self_mom_252_21,1,,
pair|neg_event_sum_21|+1|self_mom_252_21|-1,pair,neg_event_sum_21,1,self_mom_252_21,-1,,
pair|neg_event_sum_21|+1|self_atr_63|+1,pair,neg_event_sum_21,1,self_atr_63,1,,
pair|neg_event_sum_21|+1|self_atr_63|-1,pair,neg_event_sum_21,1,self_atr_63,-1,,
pair|neg_event_sum_21|+1|self_compression_20_63|+1,pair,neg_event_sum_21,1,self_compression_20_63,1,,
pair|neg_event_sum_21|+1|self_compression_20_63|-1,pair,neg_event_sum_21,1,self_compression_20_63,-1,,
pair|neg_event_sum_21|+1|self_volume_ratio_5_20|+1,pair,neg_event_sum_21,1,self_volume_ratio_5_20,1,,
pair|neg_event_sum_21|+1|self_volume_ratio_5_20|-1,pair,neg_event_sum_21,1,self_volume_ratio_5_20,-1,,
pair|neg_event_sum_21|+1|self_dist_high_63|+1,pair,neg_event_sum_21,1,self_dist_high_63,1,,
pair|neg_event_sum_21|+1|self_dist_high_63|-1,pair,neg_event_sum_21,1,self_dist_high_63,-1,,
pair|neg_event_sum_21|+1|self_range_loc_63|+1,pair,neg_event_sum_21,1,self_range_loc_63,1,,
pair|neg_event_sum_21|+1|self_range_loc_63|-1,pair,neg_event_sum_21,1,self_range_loc_63,-1,,
single|neg_event_sum_21|-1,single,neg_event_sum_21,-1,,,,
pair|neg_event_sum_21|-1|self_ret_5|+1,pair,neg_event_sum_21,-1,self_ret_5,1,,
pair|neg_event_sum_21|-1|self_ret_5|-1,pair,neg_event_sum_21,-1,self_ret_5,-1,,
pair|neg_event_sum_21|-1|self_ret_21|+1,pair,neg_event_sum_21,-1,self_ret_21,1,,
pair|neg_event_sum_21|-1|self_ret_21|-1,pair,neg_event_sum_21,-1,self_ret_21,-1,,
pair|neg_event_sum_21|-1|self_ret_63|+1,pair,neg_event_sum_21,-1,self_ret_63,1,,
pair|neg_event_sum_21|-1|self_ret_63|-1,pair,neg_event_sum_21,-1,self_ret_63,-1,,
pair|neg_event_sum_21|-1|self_mom_252_21|+1,pair,neg_event_sum_21,-1,self_mom_252_21,1,,
pair|neg_event_sum_21|-1|self_mom_252_21|-1,pair,neg_event_sum_21,-1,self_mom_252_21,-1,,
pair|neg_event_sum_21|-1|self_atr_63|+1,pair,neg_event_sum_21,-1,self_atr_63,1,,
pair|neg_event_sum_21|-1|self_atr_63|-1,pair,neg_event_sum_21,-1,self_atr_63,-1,,
pair|neg_event_sum_21|-1|self_compression_20_63|+1,pair,neg_event_sum_21,-1,self_compression_20_63,1,,
pair|neg_event_sum_21|-1|self_compression_20_63|-1,pair,neg_event_sum_21,-1,self_compression_20_63,-1,,
pair|neg_event_sum_21|-1|self_volume_ratio_5_20|+1,pair,neg_event_sum_21,-1,self_volume_ratio_5_20,1,,
pair|neg_event_sum_21|-1|self_volume_ratio_5_20|-1,pair,neg_event_sum_21,-1,self_volume_ratio_5_20,-1,,
pair|neg_event_sum_21|-1|self_dist_high_63|+1,pair,neg_event_sum_21,-1,self_dist_high_63,1,,
pair|neg_event_sum_21|-1|self_dist_high_63|-1,pair,neg_event_sum_21,-1,self_dist_high_63,-1,,
pair|neg_event_sum_21|-1|self_range_loc_63|+1,pair,neg_event_sum_21,-1,self_range_loc_63,1,,
pair|neg_event_sum_21|-1|self_range_loc_63|-1,pair,neg_event_sum_21,-1,self_range_loc_63,-1,,
single|pos_event_ema_5|+1,single,pos_event_ema_5,1,,,,
pair|pos_event_ema_5|+1|self_ret_5|+1,pair,pos_event_ema_5,1,self_ret_5,1,,
pair|pos_event_ema_5|+1|self_ret_5|-1,pair,pos_event_ema_5,1,self_ret_5,-1,,
pair|pos_event_ema_5|+1|self_ret_21|+1,pair,pos_event_ema_5,1,self_ret_21,1,,
pair|pos_event_ema_5|+1|self_ret_21|-1,pair,pos_event_ema_5,1,self_ret_21,-1,,
pair|pos_event_ema_5|+1|self_ret_63|+1,pair,pos_event_ema_5,1,self_ret_63,1,,
pair|pos_event_ema_5|+1|self_ret_63|-1,pair,pos_event_ema_5,1,self_ret_63,-1,,
pair|pos_event_ema_5|+1|self_mom_252_21|+1,pair,pos_event_ema_5,1,self_mom_252_21,1,,
pair|pos_event_ema_5|+1|self_mom_252_21|-1,pair,pos_event_ema_5,1,self_mom_252_21,-1,,
pair|pos_event_ema_5|+1|self_atr_63|+1,pair,pos_event_ema_5,1,self_atr_63,1,,
pair|pos_event_ema_5|+1|self_atr_63|-1,pair,pos_event_ema_5,1,self_atr_63,-1,,
pair|pos_event_ema_5|+1|self_compression_20_63|+1,pair,pos_event_ema_5,1,self_compression_20_63,1,,
pair|pos_event_ema_5|+1|self_compression_20_63|-1,pair,pos_event_ema_5,1,self_compression_20_63,-1,,
pair|pos_event_ema_5|+1|self_volume_ratio_5_20|+1,pair,pos_event_ema_5,1,self_volume_ratio_5_20,1,,
pair|pos_event_ema_5|+1|self_volume_ratio_5_20|-1,pair,pos_event_ema_5,1,self_volume_ratio_5_20,-1,,
pair|pos_event_ema_5|+1|self_dist_high_63|+1,pair,pos_event_ema_5,1,self_dist_high_63,1,,
pair|pos_event_ema_5|+1|self_dist_high_63|-1,pair,pos_event_ema_5,1,self_dist_high_63,-1,,
pair|pos_event_ema_5|+1|self_range_loc_63|+1,pair,pos_event_ema_5,1,self_range_loc_63,1,,
pair|pos_event_ema_5|+1|self_range_loc_63|-1,pair,pos_event_ema_5,1,self_range_loc_63,-1,,
single|pos_event_ema_5|-1,single,pos_event_ema_5,-1,,,,
pair|pos_event_ema_5|-1|self_ret_5|+1,pair,pos_event_ema_5,-1,self_ret_5,1,,
pair|pos_event_ema_5|-1|self_ret_5|-1,pair,pos_event_ema_5,-1,self_ret_5,-1,,
pair|pos_event_ema_5|-1|self_ret_21|+1,pair,pos_event_ema_5,-1,self_ret_21,1,,
pair|pos_event_ema_5|-1|self_ret_21|-1,pair,pos_event_ema_5,-1,self_ret_21,-1,,
pair|pos_event_ema_5|-1|self_ret_63|+1,pair,pos_event_ema_5,-1,self_ret_63,1,,
pair|pos_event_ema_5|-1|self_ret_63|-1,pair,pos_event_ema_5,-1,self_ret_63,-1,,
pair|pos_event_ema_5|-1|self_mom_252_21|+1,pair,pos_event_ema_5,-1,self_mom_252_21,1,,
pair|pos_event_ema_5|-1|self_mom_252_21|-1,pair,pos_event_ema_5,-1,self_mom_252_21,-1,,
pair|pos_event_ema_5|-1|self_atr_63|+1,pair,pos_event_ema_5,-1,self_atr_63,1,,
pair|pos_event_ema_5|-1|self_atr_63|-1,pair,pos_event_ema_5,-1,self_atr_63,-1,,
pair|pos_event_ema_5|-1|self_compression_20_63|+1,pair,pos_event_ema_5,-1,self_compression_20_63,1,,
pair|pos_event_ema_5|-1|self_compression_20_63|-1,pair,pos_event_ema_5,-1,self_compression_20_63,-1,,
pair|pos_event_ema_5|-1|self_volume_ratio_5_20|+1,pair,pos_event_ema_5,-1,self_volume_ratio_5_20,1,,
pair|pos_event_ema_5|-1|self_volume_ratio_5_20|-1,pair,pos_event_ema_5,-1,self_volume_ratio_5_20,-1,,
pair|pos_event_ema_5|-1|self_dist_high_63|+1,pair,pos_event_ema_5,-1,self_dist_high_63,1,,
pair|pos_event_ema_5|-1|self_dist_high_63|-1,pair,pos_event_ema_5,-1,self_dist_high_63,-1,,
pair|pos_event_ema_5|-1|self_range_loc_63|+1,pair,pos_event_ema_5,-1,self_range_loc_63,1,,
pair|pos_event_ema_5|-1|self_range_loc_63|-1,pair,pos_event_ema_5,-1,self_range_loc_63,-1,,
single|pos_event_ema_10|+1,single,pos_event_ema_10,1,,,,
pair|pos_event_ema_10|+1|self_ret_5|+1,pair,pos_event_ema_10,1,self_ret_5,1,,
pair|pos_event_ema_10|+1|self_ret_5|-1,pair,pos_event_ema_10,1,self_ret_5,-1,,
pair|pos_event_ema_10|+1|self_ret_21|+1,pair,pos_event_ema_10,1,self_ret_21,1,,
pair|pos_event_ema_10|+1|self_ret_21|-1,pair,pos_event_ema_10,1,self_ret_21,-1,,
pair|pos_event_ema_10|+1|self_ret_63|+1,pair,pos_event_ema_10,1,self_ret_63,1,,
pair|pos_event_ema_10|+1|self_ret_63|-1,pair,pos_event_ema_10,1,self_ret_63,-1,,
pair|pos_event_ema_10|+1|self_mom_252_21|+1,pair,pos_event_ema_10,1,self_mom_252_21,1,,
pair|pos_event_ema_10|+1|self_mom_252_21|-1,pair,pos_event_ema_10,1,self_mom_252_21,-1,,
pair|pos_event_ema_10|+1|self_atr_63|+1,pair,pos_event_ema_10,1,self_atr_63,1,,
pair|pos_event_ema_10|+1|self_atr_63|-1,pair,pos_event_ema_10,1,self_atr_63,-1,,
pair|pos_event_ema_10|+1|self_compression_20_63|+1,pair,pos_event_ema_10,1,self_compression_20_63,1,,
pair|pos_event_ema_10|+1|self_compression_20_63|-1,pair,pos_event_ema_10,1,self_compression_20_63,-1,,
pair|pos_event_ema_10|+1|self_volume_ratio_5_20|+1,pair,pos_event_ema_10,1,self_volume_ratio_5_20,1,,
pair|pos_event_ema_10|+1|self_volume_ratio_5_20|-1,pair,pos_event_ema_10,1,self_volume_ratio_5_20,-1,,
pair|pos_event_ema_10|+1|self_dist_high_63|+1,pair,pos_event_ema_10,1,self_dist_high_63,1,,
pair|pos_event_ema_10|+1|self_dist_high_63|-1,pair,pos_event_ema_10,1,self_dist_high_63,-1,,
pair|pos_event_ema_10|+1|self_range_loc_63|+1,pair,pos_event_ema_10,1,self_range_loc_63,1,,
pair|pos_event_ema_10|+1|self_range_loc_63|-1,pair,pos_event_ema_10,1,self_range_loc_63,-1,,
single|pos_event_ema_10|-1,single,pos_event_ema_10,-1,,,,
pair|pos_event_ema_10|-1|self_ret_5|+1,pair,pos_event_ema_10,-1,self_ret_5,1,,
pair|pos_event_ema_10|-1|self_ret_5|-1,pair,pos_event_ema_10,-1,self_ret_5,-1,,
pair|pos_event_ema_10|-1|self_ret_21|+1,pair,pos_event_ema_10,-1,self_ret_21,1,,
pair|pos_event_ema_10|-1|self_ret_21|-1,pair,pos_event_ema_10,-1,self_ret_21,-1,,
pair|pos_event_ema_10|-1|self_ret_63|+1,pair,pos_event_ema_10,-1,self_ret_63,1,,
pair|pos_event_ema_10|-1|self_ret_63|-1,pair,pos_event_ema_10,-1,self_ret_63,-1,,
pair|pos_event_ema_10|-1|self_mom_252_21|+1,pair,pos_event_ema_10,-1,self_mom_252_21,1,,
pair|pos_event_ema_10|-1|self_mom_252_21|-1,pair,pos_event_ema_10,-1,self_mom_252_21,-1,,
pair|pos_event_ema_10|-1|self_atr_63|+1,pair,pos_event_ema_10,-1,self_atr_63,1,,
pair|pos_event_ema_10|-1|self_atr_63|-1,pair,pos_event_ema_10,-1,self_atr_63,-1,,
pair|pos_event_ema_10|-1|self_compression_20_63|+1,pair,pos_event_ema_10,-1,self_compression_20_63,1,,
pair|pos_event_ema_10|-1|self_compression_20_63|-1,pair,pos_event_ema_10,-1,self_compression_20_63,-1,,
pair|pos_event_ema_10|-1|self_volume_ratio_5_20|+1,pair,pos_event_ema_10,-1,self_volume_ratio_5_20,1,,
pair|pos_event_ema_10|-1|self_volume_ratio_5_20|-1,pair,pos_event_ema_10,-1,self_volume_ratio_5_20,-1,,
pair|pos_event_ema_10|-1|self_dist_high_63|+1,pair,pos_event_ema_10,-1,self_dist_high_63,1,,
pair|pos_event_ema_10|-1|self_dist_high_63|-1,pair,pos_event_ema_10,-1,self_dist_high_63,-1,,
pair|pos_event_ema_10|-1|self_range_loc_63|+1,pair,pos_event_ema_10,-1,self_range_loc_63,1,,
pair|pos_event_ema_10|-1|self_range_loc_63|-1,pair,pos_event_ema_10,-1,self_range_loc_63,-1,,
single|pos_event_ema_21|+1,single,pos_event_ema_21,1,,,,
pair|pos_event_ema_21|+1|self_ret_5|+1,pair,pos_event_ema_21,1,self_ret_5,1,,
pair|pos_event_ema_21|+1|self_ret_5|-1,pair,pos_event_ema_21,1,self_ret_5,-1,,
pair|pos_event_ema_21|+1|self_ret_21|+1,pair,pos_event_ema_21,1,self_ret_21,1,,
pair|pos_event_ema_21|+1|self_ret_21|-1,pair,pos_event_ema_21,1,self_ret_21,-1,,
pair|pos_event_ema_21|+1|self_ret_63|+1,pair,pos_event_ema_21,1,self_ret_63,1,,
pair|pos_event_ema_21|+1|self_ret_63|-1,pair,pos_event_ema_21,1,self_ret_63,-1,,
pair|pos_event_ema_21|+1|self_mom_252_21|+1,pair,pos_event_ema_21,1,self_mom_252_21,1,,
pair|pos_event_ema_21|+1|self_mom_252_21|-1,pair,pos_event_ema_21,1,self_mom_252_21,-1,,
pair|pos_event_ema_21|+1|self_atr_63|+1,pair,pos_event_ema_21,1,self_atr_63,1,,
pair|pos_event_ema_21|+1|self_atr_63|-1,pair,pos_event_ema_21,1,self_atr_63,-1,,
pair|pos_event_ema_21|+1|self_compression_20_63|+1,pair,pos_event_ema_21,1,self_compression_20_63,1,,
pair|pos_event_ema_21|+1|self_compression_20_63|-1,pair,pos_event_ema_21,1,self_compression_20_63,-1,,
pair|pos_event_ema_21|+1|self_volume_ratio_5_20|+1,pair,pos_event_ema_21,1,self_volume_ratio_5_20,1,,
pair|pos_event_ema_21|+1|self_volume_ratio_5_20|-1,pair,pos_event_ema_21,1,self_volume_ratio_5_20,-1,,
pair|pos_event_ema_21|+1|self_dist_high_63|+1,pair,pos_event_ema_21,1,self_dist_high_63,1,,
pair|pos_event_ema_21|+1|self_dist_high_63|-1,pair,pos_event_ema_21,1,self_dist_high_63,-1,,
pair|pos_event_ema_21|+1|self_range_loc_63|+1,pair,pos_event_ema_21,1,self_range_loc_63,1,,
pair|pos_event_ema_21|+1|self_range_loc_63|-1,pair,pos_event_ema_21,1,self_range_loc_63,-1,,
single|pos_event_ema_21|-1,single,pos_event_ema_21,-1,,,,
pair|pos_event_ema_21|-1|self_ret_5|+1,pair,pos_event_ema_21,-1,self_ret_5,1,,
pair|pos_event_ema_21|-1|self_ret_5|-1,pair,pos_event_ema_21,-1,self_ret_5,-1,,
pair|pos_event_ema_21|-1|self_ret_21|+1,pair,pos_event_ema_21,-1,self_ret_21,1,,
pair|pos_event_ema_21|-1|self_ret_21|-1,pair,pos_event_ema_21,-1,self_ret_21,-1,,
pair|pos_event_ema_21|-1|self_ret_63|+1,pair,pos_event_ema_21,-1,self_ret_63,1,,
pair|pos_event_ema_21|-1|self_ret_63|-1,pair,pos_event_ema_21,-1,self_ret_63,-1,,
pair|pos_event_ema_21|-1|self_mom_252_21|+1,pair,pos_event_ema_21,-1,self_mom_252_21,1,,
pair|pos_event_ema_21|-1|self_mom_252_21|-1,pair,pos_event_ema_21,-1,self_mom_252_21,-1,,
pair|pos_event_ema_21|-1|self_atr_63|+1,pair,pos_event_ema_21,-1,self_atr_63,1,,
pair|pos_event_ema_21|-1|self_atr_63|-1,pair,pos_event_ema_21,-1,self_atr_63,-1,,
pair|pos_event_ema_21|-1|self_compression_20_63|+1,pair,pos_event_ema_21,-1,self_compression_20_63,1,,
pair|pos_event_ema_21|-1|self_compression_20_63|-1,pair,pos_event_ema_21,-1,self_compression_20_63,-1,,
pair|pos_event_ema_21|-1|self_volume_ratio_5_20|+1,pair,pos_event_ema_21,-1,self_volume_ratio_5_20,1,,
pair|pos_event_ema_21|-1|self_volume_ratio_5_20|-1,pair,pos_event_ema_21,-1,self_volume_ratio_5_20,-1,,
pair|pos_event_ema_21|-1|self_dist_high_63|+1,pair,pos_event_ema_21,-1,self_dist_high_63,1,,
pair|pos_event_ema_21|-1|self_dist_high_63|-1,pair,pos_event_ema_21,-1,self_dist_high_63,-1,,
pair|pos_event_ema_21|-1|self_range_loc_63|+1,pair,pos_event_ema_21,-1,self_range_loc_63,1,,
pair|pos_event_ema_21|-1|self_range_loc_63|-1,pair,pos_event_ema_21,-1,self_range_loc_63,-1,,
single|neg_event_ema_5|+1,single,neg_event_ema_5,1,,,,
pair|neg_event_ema_5|+1|self_ret_5|+1,pair,neg_event_ema_5,1,self_ret_5,1,,
pair|neg_event_ema_5|+1|self_ret_5|-1,pair,neg_event_ema_5,1,self_ret_5,-1,,
pair|neg_event_ema_5|+1|self_ret_21|+1,pair,neg_event_ema_5,1,self_ret_21,1,,
pair|neg_event_ema_5|+1|self_ret_21|-1,pair,neg_event_ema_5,1,self_ret_21,-1,,
pair|neg_event_ema_5|+1|self_ret_63|+1,pair,neg_event_ema_5,1,self_ret_63,1,,
pair|neg_event_ema_5|+1|self_ret_63|-1,pair,neg_event_ema_5,1,self_ret_63,-1,,
pair|neg_event_ema_5|+1|self_mom_252_21|+1,pair,neg_event_ema_5,1,self_mom_252_21,1,,
pair|neg_event_ema_5|+1|self_mom_252_21|-1,pair,neg_event_ema_5,1,self_mom_252_21,-1,,
pair|neg_event_ema_5|+1|self_atr_63|+1,pair,neg_event_ema_5,1,self_atr_63,1,,
pair|neg_event_ema_5|+1|self_atr_63|-1,pair,neg_event_ema_5,1,self_atr_63,-1,,
pair|neg_event_ema_5|+1|self_compression_20_63|+1,pair,neg_event_ema_5,1,self_compression_20_63,1,,
pair|neg_event_ema_5|+1|self_compression_20_63|-1,pair,neg_event_ema_5,1,self_compression_20_63,-1,,
pair|neg_event_ema_5|+1|self_volume_ratio_5_20|+1,pair,neg_event_ema_5,1,self_volume_ratio_5_20,1,,
pair|neg_event_ema_5|+1|self_volume_ratio_5_20|-1,pair,neg_event_ema_5,1,self_volume_ratio_5_20,-1,,
pair|neg_event_ema_5|+1|self_dist_high_63|+1,pair,neg_event_ema_5,1,self_dist_high_63,1,,
pair|neg_event_ema_5|+1|self_dist_high_63|-1,pair,neg_event_ema_5,1,self_dist_high_63,-1,,
pair|neg_event_ema_5|+1|self_range_loc_63|+1,pair,neg_event_ema_5,1,self_range_loc_63,1,,
pair|neg_event_ema_5|+1|self_range_loc_63|-1,pair,neg_event_ema_5,1,self_range_loc_63,-1,,
single|neg_event_ema_5|-1,single,neg_event_ema_5,-1,,,,
pair|neg_event_ema_5|-1|self_ret_5|+1,pair,neg_event_ema_5,-1,self_ret_5,1,,
pair|neg_event_ema_5|-1|self_ret_5|-1,pair,neg_event_ema_5,-1,self_ret_5,-1,,
pair|neg_event_ema_5|-1|self_ret_21|+1,pair,neg_event_ema_5,-1,self_ret_21,1,,
pair|neg_event_ema_5|-1|self_ret_21|-1,pair,neg_event_ema_5,-1,self_ret_21,-1,,
pair|neg_event_ema_5|-1|self_ret_63|+1,pair,neg_event_ema_5,-1,self_ret_63,1,,
pair|neg_event_ema_5|-1|self_ret_63|-1,pair,neg_event_ema_5,-1,self_ret_63,-1,,
pair|neg_event_ema_5|-1|self_mom_252_21|+1,pair,neg_event_ema_5,-1,self_mom_252_21,1,,
pair|neg_event_ema_5|-1|self_mom_252_21|-1,pair,neg_event_ema_5,-1,self_mom_252_21,-1,,
pair|neg_event_ema_5|-1|self_atr_63|+1,pair,neg_event_ema_5,-1,self_atr_63,1,,
pair|neg_event_ema_5|-1|self_atr_63|-1,pair,neg_event_ema_5,-1,self_atr_63,-1,,
pair|neg_event_ema_5|-1|self_compression_20_63|+1,pair,neg_event_ema_5,-1,self_compression_20_63,1,,
pair|neg_event_ema_5|-1|self_compression_20_63|-1,pair,neg_event_ema_5,-1,self_compression_20_63,-1,,
pair|neg_event_ema_5|-1|self_volume_ratio_5_20|+1,pair,neg_event_ema_5,-1,self_volume_ratio_5_20,1,,
pair|neg_event_ema_5|-1|self_volume_ratio_5_20|-1,pair,neg_event_ema_5,-1,self_volume_ratio_5_20,-1,,
pair|neg_event_ema_5|-1|self_dist_high_63|+1,pair,neg_event_ema_5,-1,self_dist_high_63,1,,
pair|neg_event_ema_5|-1|self_dist_high_63|-1,pair,neg_event_ema_5,-1,self_dist_high_63,-1,,
pair|neg_event_ema_5|-1|self_range_loc_63|+1,pair,neg_event_ema_5,-1,self_range_loc_63,1,,
pair|neg_event_ema_5|-1|self_range_loc_63|-1,pair,neg_event_ema_5,-1,self_range_loc_63,-1,,
single|neg_event_ema_10|+1,single,neg_event_ema_10,1,,,,
pair|neg_event_ema_10|+1|self_ret_5|+1,pair,neg_event_ema_10,1,self_ret_5,1,,
pair|neg_event_ema_10|+1|self_ret_5|-1,pair,neg_event_ema_10,1,self_ret_5,-1,,
pair|neg_event_ema_10|+1|self_ret_21|+1,pair,neg_event_ema_10,1,self_ret_21,1,,
pair|neg_event_ema_10|+1|self_ret_21|-1,pair,neg_event_ema_10,1,self_ret_21,-1,,
pair|neg_event_ema_10|+1|self_ret_63|+1,pair,neg_event_ema_10,1,self_ret_63,1,,
pair|neg_event_ema_10|+1|self_ret_63|-1,pair,neg_event_ema_10,1,self_ret_63,-1,,
pair|neg_event_ema_10|+1|self_mom_252_21|+1,pair,neg_event_ema_10,1,self_mom_252_21,1,,
pair|neg_event_ema_10|+1|self_mom_252_21|-1,pair,neg_event_ema_10,1,self_mom_252_21,-1,,
pair|neg_event_ema_10|+1|self_atr_63|+1,pair,neg_event_ema_10,1,self_atr_63,1,,
pair|neg_event_ema_10|+1|self_atr_63|-1,pair,neg_event_ema_10,1,self_atr_63,-1,,
pair|neg_event_ema_10|+1|self_compression_20_63|+1,pair,neg_event_ema_10,1,self_compression_20_63,1,,
pair|neg_event_ema_10|+1|self_compression_20_63|-1,pair,neg_event_ema_10,1,self_compression_20_63,-1,,
pair|neg_event_ema_10|+1|self_volume_ratio_5_20|+1,pair,neg_event_ema_10,1,self_volume_ratio_5_20,1,,
pair|neg_event_ema_10|+1|self_volume_ratio_5_20|-1,pair,neg_event_ema_10,1,self_volume_ratio_5_20,-1,,
pair|neg_event_ema_10|+1|self_dist_high_63|+1,pair,neg_event_ema_10,1,self_dist_high_63,1,,
pair|neg_event_ema_10|+1|self_dist_high_63|-1,pair,neg_event_ema_10,1,self_dist_high_63,-1,,
pair|neg_event_ema_10|+1|self_range_loc_63|+1,pair,neg_event_ema_10,1,self_range_loc_63,1,,
pair|neg_event_ema_10|+1|self_range_loc_63|-1,pair,neg_event_ema_10,1,self_range_loc_63,-1,,
single|neg_event_ema_10|-1,single,neg_event_ema_10,-1,,,,
pair|neg_event_ema_10|-1|self_ret_5|+1,pair,neg_event_ema_10,-1,self_ret_5,1,,
pair|neg_event_ema_10|-1|self_ret_5|-1,pair,neg_event_ema_10,-1,self_ret_5,-1,,
pair|neg_event_ema_10|-1|self_ret_21|+1,pair,neg_event_ema_10,-1,self_ret_21,1,,
pair|neg_event_ema_10|-1|self_ret_21|-1,pair,neg_event_ema_10,-1,self_ret_21,-1,,
pair|neg_event_ema_10|-1|self_ret_63|+1,pair,neg_event_ema_10,-1,self_ret_63,1,,
pair|neg_event_ema_10|-1|self_ret_63|-1,pair,neg_event_ema_10,-1,self_ret_63,-1,,
pair|neg_event_ema_10|-1|self_mom_252_21|+1,pair,neg_event_ema_10,-1,self_mom_252_21,1,,
pair|neg_event_ema_10|-1|self_mom_252_21|-1,pair,neg_event_ema_10,-1,self_mom_252_21,-1,,
pair|neg_event_ema_10|-1|self_atr_63|+1,pair,neg_event_ema_10,-1,self_atr_63,1,,
pair|neg_event_ema_10|-1|self_atr_63|-1,pair,neg_event_ema_10,-1,self_atr_63,-1,,
pair|neg_event_ema_10|-1|self_compression_20_63|+1,pair,neg_event_ema_10,-1,self_compression_20_63,1,,
pair|neg_event_ema_10|-1|self_compression_20_63|-1,pair,neg_event_ema_10,-1,self_compression_20_63,-1,,
pair|neg_event_ema_10|-1|self_volume_ratio_5_20|+1,pair,neg_event_ema_10,-1,self_volume_ratio_5_20,1,,
pair|neg_event_ema_10|-1|self_volume_ratio_5_20|-1,pair,neg_event_ema_10,-1,self_volume_ratio_5_20,-1,,
pair|neg_event_ema_10|-1|self_dist_high_63|+1,pair,neg_event_ema_10,-1,self_dist_high_63,1,,
pair|neg_event_ema_10|-1|self_dist_high_63|-1,pair,neg_event_ema_10,-1,self_dist_high_63,-1,,
pair|neg_event_ema_10|-1|self_range_loc_63|+1,pair,neg_event_ema_10,-1,self_range_loc_63,1,,
pair|neg_event_ema_10|-1|self_range_loc_63|-1,pair,neg_event_ema_10,-1,self_range_loc_63,-1,,
single|neg_event_ema_21|+1,single,neg_event_ema_21,1,,,,
pair|neg_event_ema_21|+1|self_ret_5|+1,pair,neg_event_ema_21,1,self_ret_5,1,,
pair|neg_event_ema_21|+1|self_ret_5|-1,pair,neg_event_ema_21,1,self_ret_5,-1,,
pair|neg_event_ema_21|+1|self_ret_21|+1,pair,neg_event_ema_21,1,self_ret_21,1,,
pair|neg_event_ema_21|+1|self_ret_21|-1,pair,neg_event_ema_21,1,self_ret_21,-1,,
pair|neg_event_ema_21|+1|self_ret_63|+1,pair,neg_event_ema_21,1,self_ret_63,1,,
pair|neg_event_ema_21|+1|self_ret_63|-1,pair,neg_event_ema_21,1,self_ret_63,-1,,
pair|neg_event_ema_21|+1|self_mom_252_21|+1,pair,neg_event_ema_21,1,self_mom_252_21,1,,
pair|neg_event_ema_21|+1|self_mom_252_21|-1,pair,neg_event_ema_21,1,self_mom_252_21,-1,,
pair|neg_event_ema_21|+1|self_atr_63|+1,pair,neg_event_ema_21,1,self_atr_63,1,,
pair|neg_event_ema_21|+1|self_atr_63|-1,pair,neg_event_ema_21,1,self_atr_63,-1,,
pair|neg_event_ema_21|+1|self_compression_20_63|+1,pair,neg_event_ema_21,1,self_compression_20_63,1,,
pair|neg_event_ema_21|+1|self_compression_20_63|-1,pair,neg_event_ema_21,1,self_compression_20_63,-1,,
pair|neg_event_ema_21|+1|self_volume_ratio_5_20|+1,pair,neg_event_ema_21,1,self_volume_ratio_5_20,1,,
pair|neg_event_ema_21|+1|self_volume_ratio_5_20|-1,pair,neg_event_ema_21,1,self_volume_ratio_5_20,-1,,
pair|neg_event_ema_21|+1|self_dist_high_63|+1,pair,neg_event_ema_21,1,self_dist_high_63,1,,
pair|neg_event_ema_21|+1|self_dist_high_63|-1,pair,neg_event_ema_21,1,self_dist_high_63,-1,,
pair|neg_event_ema_21|+1|self_range_loc_63|+1,pair,neg_event_ema_21,1,self_range_loc_63,1,,
pair|neg_event_ema_21|+1|self_range_loc_63|-1,pair,neg_event_ema_21,1,self_range_loc_63,-1,,
single|neg_event_ema_21|-1,single,neg_event_ema_21,-1,,,,
pair|neg_event_ema_21|-1|self_ret_5|+1,pair,neg_event_ema_21,-1,self_ret_5,1,,
pair|neg_event_ema_21|-1|self_ret_5|-1,pair,neg_event_ema_21,-1,self_ret_5,-1,,
pair|neg_event_ema_21|-1|self_ret_21|+1,pair,neg_event_ema_21,-1,self_ret_21,1,,
pair|neg_event_ema_21|-1|self_ret_21|-1,pair,neg_event_ema_21,-1,self_ret_21,-1,,
pair|neg_event_ema_21|-1|self_ret_63|+1,pair,neg_event_ema_21,-1,self_ret_63,1,,
pair|neg_event_ema_21|-1|self_ret_63|-1,pair,neg_event_ema_21,-1,self_ret_63,-1,,
pair|neg_event_ema_21|-1|self_mom_252_21|+1,pair,neg_event_ema_21,-1,self_mom_252_21,1,,
pair|neg_event_ema_21|-1|self_mom_252_21|-1,pair,neg_event_ema_21,-1,self_mom_252_21,-1,,
pair|neg_event_ema_21|-1|self_atr_63|+1,pair,neg_event_ema_21,-1,self_atr_63,1,,
pair|neg_event_ema_21|-1|self_atr_63|-1,pair,neg_event_ema_21,-1,self_atr_63,-1,,
pair|neg_event_ema_21|-1|self_compression_20_63|+1,pair,neg_event_ema_21,-1,self_compression_20_63,1,,
pair|neg_event_ema_21|-1|self_compression_20_63|-1,pair,neg_event_ema_21,-1,self_compression_20_63,-1,,
pair|neg_event_ema_21|-1|self_volume_ratio_5_20|+1,pair,neg_event_ema_21,-1,self_volume_ratio_5_20,1,,
pair|neg_event_ema_21|-1|self_volume_ratio_5_20|-1,pair,neg_event_ema_21,-1,self_volume_ratio_5_20,-1,,
pair|neg_event_ema_21|-1|self_dist_high_63|+1,pair,neg_event_ema_21,-1,self_dist_high_63,1,,
pair|neg_event_ema_21|-1|self_dist_high_63|-1,pair,neg_event_ema_21,-1,self_dist_high_63,-1,,
pair|neg_event_ema_21|-1|self_range_loc_63|+1,pair,neg_event_ema_21,-1,self_range_loc_63,1,,
pair|neg_event_ema_21|-1|self_range_loc_63|-1,pair,neg_event_ema_21,-1,self_range_loc_63,-1,,
single|gap_directional_persistence_5|+1,single,gap_directional_persistence_5,1,,,,
pair|gap_directional_persistence_5|+1|self_ret_5|+1,pair,gap_directional_persistence_5,1,self_ret_5,1,,
pair|gap_directional_persistence_5|+1|self_ret_5|-1,pair,gap_directional_persistence_5,1,self_ret_5,-1,,
pair|gap_directional_persistence_5|+1|self_ret_21|+1,pair,gap_directional_persistence_5,1,self_ret_21,1,,
pair|gap_directional_persistence_5|+1|self_ret_21|-1,pair,gap_directional_persistence_5,1,self_ret_21,-1,,
pair|gap_directional_persistence_5|+1|self_ret_63|+1,pair,gap_directional_persistence_5,1,self_ret_63,1,,
pair|gap_directional_persistence_5|+1|self_ret_63|-1,pair,gap_directional_persistence_5,1,self_ret_63,-1,,
pair|gap_directional_persistence_5|+1|self_mom_252_21|+1,pair,gap_directional_persistence_5,1,self_mom_252_21,1,,
pair|gap_directional_persistence_5|+1|self_mom_252_21|-1,pair,gap_directional_persistence_5,1,self_mom_252_21,-1,,
pair|gap_directional_persistence_5|+1|self_atr_63|+1,pair,gap_directional_persistence_5,1,self_atr_63,1,,
pair|gap_directional_persistence_5|+1|self_atr_63|-1,pair,gap_directional_persistence_5,1,self_atr_63,-1,,
pair|gap_directional_persistence_5|+1|self_compression_20_63|+1,pair,gap_directional_persistence_5,1,self_compression_20_63,1,,
pair|gap_directional_persistence_5|+1|self_compression_20_63|-1,pair,gap_directional_persistence_5,1,self_compression_20_63,-1,,
pair|gap_directional_persistence_5|+1|self_volume_ratio_5_20|+1,pair,gap_directional_persistence_5,1,self_volume_ratio_5_20,1,,
pair|gap_directional_persistence_5|+1|self_volume_ratio_5_20|-1,pair,gap_directional_persistence_5,1,self_volume_ratio_5_20,-1,,
pair|gap_directional_persistence_5|+1|self_dist_high_63|+1,pair,gap_directional_persistence_5,1,self_dist_high_63,1,,
pair|gap_directional_persistence_5|+1|self_dist_high_63|-1,pair,gap_directional_persistence_5,1,self_dist_high_63,-1,,
pair|gap_directional_persistence_5|+1|self_range_loc_63|+1,pair,gap_directional_persistence_5,1,self_range_loc_63,1,,
pair|gap_directional_persistence_5|+1|self_range_loc_63|-1,pair,gap_directional_persistence_5,1,self_range_loc_63,-1,,
single|gap_directional_persistence_5|-1,single,gap_directional_persistence_5,-1,,,,
pair|gap_directional_persistence_5|-1|self_ret_5|+1,pair,gap_directional_persistence_5,-1,self_ret_5,1,,
pair|gap_directional_persistence_5|-1|self_ret_5|-1,pair,gap_directional_persistence_5,-1,self_ret_5,-1,,
pair|gap_directional_persistence_5|-1|self_ret_21|+1,pair,gap_directional_persistence_5,-1,self_ret_21,1,,
pair|gap_directional_persistence_5|-1|self_ret_21|-1,pair,gap_directional_persistence_5,-1,self_ret_21,-1,,
pair|gap_directional_persistence_5|-1|self_ret_63|+1,pair,gap_directional_persistence_5,-1,self_ret_63,1,,
pair|gap_directional_persistence_5|-1|self_ret_63|-1,pair,gap_directional_persistence_5,-1,self_ret_63,-1,,
pair|gap_directional_persistence_5|-1|self_mom_252_21|+1,pair,gap_directional_persistence_5,-1,self_mom_252_21,1,,
pair|gap_directional_persistence_5|-1|self_mom_252_21|-1,pair,gap_directional_persistence_5,-1,self_mom_252_21,-1,,
pair|gap_directional_persistence_5|-1|self_atr_63|+1,pair,gap_directional_persistence_5,-1,self_atr_63,1,,
pair|gap_directional_persistence_5|-1|self_atr_63|-1,pair,gap_directional_persistence_5,-1,self_atr_63,-1,,
pair|gap_directional_persistence_5|-1|self_compression_20_63|+1,pair,gap_directional_persistence_5,-1,self_compression_20_63,1,,
pair|gap_directional_persistence_5|-1|self_compression_20_63|-1,pair,gap_directional_persistence_5,-1,self_compression_20_63,-1,,
pair|gap_directional_persistence_5|-1|self_volume_ratio_5_20|+1,pair,gap_directional_persistence_5,-1,self_volume_ratio_5_20,1,,
pair|gap_directional_persistence_5|-1|self_volume_ratio_5_20|-1,pair,gap_directional_persistence_5,-1,self_volume_ratio_5_20,-1,,
pair|gap_directional_persistence_5|-1|self_dist_high_63|+1,pair,gap_directional_persistence_5,-1,self_dist_high_63,1,,
pair|gap_directional_persistence_5|-1|self_dist_high_63|-1,pair,gap_directional_persistence_5,-1,self_dist_high_63,-1,,
pair|gap_directional_persistence_5|-1|self_range_loc_63|+1,pair,gap_directional_persistence_5,-1,self_range_loc_63,1,,
pair|gap_directional_persistence_5|-1|self_range_loc_63|-1,pair,gap_directional_persistence_5,-1,self_range_loc_63,-1,,
single|gap_directional_persistence_10|+1,single,gap_directional_persistence_10,1,,,,
pair|gap_directional_persistence_10|+1|self_ret_5|+1,pair,gap_directional_persistence_10,1,self_ret_5,1,,
pair|gap_directional_persistence_10|+1|self_ret_5|-1,pair,gap_directional_persistence_10,1,self_ret_5,-1,,
pair|gap_directional_persistence_10|+1|self_ret_21|+1,pair,gap_directional_persistence_10,1,self_ret_21,1,,
pair|gap_directional_persistence_10|+1|self_ret_21|-1,pair,gap_directional_persistence_10,1,self_ret_21,-1,,
pair|gap_directional_persistence_10|+1|self_ret_63|+1,pair,gap_directional_persistence_10,1,self_ret_63,1,,
pair|gap_directional_persistence_10|+1|self_ret_63|-1,pair,gap_directional_persistence_10,1,self_ret_63,-1,,
pair|gap_directional_persistence_10|+1|self_mom_252_21|+1,pair,gap_directional_persistence_10,1,self_mom_252_21,1,,
pair|gap_directional_persistence_10|+1|self_mom_252_21|-1,pair,gap_directional_persistence_10,1,self_mom_252_21,-1,,
pair|gap_directional_persistence_10|+1|self_atr_63|+1,pair,gap_directional_persistence_10,1,self_atr_63,1,,
pair|gap_directional_persistence_10|+1|self_atr_63|-1,pair,gap_directional_persistence_10,1,self_atr_63,-1,,
pair|gap_directional_persistence_10|+1|self_compression_20_63|+1,pair,gap_directional_persistence_10,1,self_compression_20_63,1,,
pair|gap_directional_persistence_10|+1|self_compression_20_63|-1,pair,gap_directional_persistence_10,1,self_compression_20_63,-1,,
pair|gap_directional_persistence_10|+1|self_volume_ratio_5_20|+1,pair,gap_directional_persistence_10,1,self_volume_ratio_5_20,1,,
pair|gap_directional_persistence_10|+1|self_volume_ratio_5_20|-1,pair,gap_directional_persistence_10,1,self_volume_ratio_5_20,-1,,
pair|gap_directional_persistence_10|+1|self_dist_high_63|+1,pair,gap_directional_persistence_10,1,self_dist_high_63,1,,
pair|gap_directional_persistence_10|+1|self_dist_high_63|-1,pair,gap_directional_persistence_10,1,self_dist_high_63,-1,,
pair|gap_directional_persistence_10|+1|self_range_loc_63|+1,pair,gap_directional_persistence_10,1,self_range_loc_63,1,,
pair|gap_directional_persistence_10|+1|self_range_loc_63|-1,pair,gap_directional_persistence_10,1,self_range_loc_63,-1,,
single|gap_directional_persistence_10|-1,single,gap_directional_persistence_10,-1,,,,
pair|gap_directional_persistence_10|-1|self_ret_5|+1,pair,gap_directional_persistence_10,-1,self_ret_5,1,,
pair|gap_directional_persistence_10|-1|self_ret_5|-1,pair,gap_directional_persistence_10,-1,self_ret_5,-1,,
pair|gap_directional_persistence_10|-1|self_ret_21|+1,pair,gap_directional_persistence_10,-1,self_ret_21,1,,
pair|gap_directional_persistence_10|-1|self_ret_21|-1,pair,gap_directional_persistence_10,-1,self_ret_21,-1,,
pair|gap_directional_persistence_10|-1|self_ret_63|+1,pair,gap_directional_persistence_10,-1,self_ret_63,1,,
pair|gap_directional_persistence_10|-1|self_ret_63|-1,pair,gap_directional_persistence_10,-1,self_ret_63,-1,,
pair|gap_directional_persistence_10|-1|self_mom_252_21|+1,pair,gap_directional_persistence_10,-1,self_mom_252_21,1,,
pair|gap_directional_persistence_10|-1|self_mom_252_21|-1,pair,gap_directional_persistence_10,-1,self_mom_252_21,-1,,
pair|gap_directional_persistence_10|-1|self_atr_63|+1,pair,gap_directional_persistence_10,-1,self_atr_63,1,,
pair|gap_directional_persistence_10|-1|self_atr_63|-1,pair,gap_directional_persistence_10,-1,self_atr_63,-1,,
pair|gap_directional_persistence_10|-1|self_compression_20_63|+1,pair,gap_directional_persistence_10,-1,self_compression_20_63,1,,
pair|gap_directional_persistence_10|-1|self_compression_20_63|-1,pair,gap_directional_persistence_10,-1,self_compression_20_63,-1,,
pair|gap_directional_persistence_10|-1|self_volume_ratio_5_20|+1,pair,gap_directional_persistence_10,-1,self_volume_ratio_5_20,1,,
pair|gap_directional_persistence_10|-1|self_volume_ratio_5_20|-1,pair,gap_directional_persistence_10,-1,self_volume_ratio_5_20,-1,,
pair|gap_directional_persistence_10|-1|self_dist_high_63|+1,pair,gap_directional_persistence_10,-1,self_dist_high_63,1,,
pair|gap_directional_persistence_10|-1|self_dist_high_63|-1,pair,gap_directional_persistence_10,-1,self_dist_high_63,-1,,
pair|gap_directional_persistence_10|-1|self_range_loc_63|+1,pair,gap_directional_persistence_10,-1,self_range_loc_63,1,,
pair|gap_directional_persistence_10|-1|self_range_loc_63|-1,pair,gap_directional_persistence_10,-1,self_range_loc_63,-1,,
single|gap_directional_persistence_21|+1,single,gap_directional_persistence_21,1,,,,
pair|gap_directional_persistence_21|+1|self_ret_5|+1,pair,gap_directional_persistence_21,1,self_ret_5,1,,
pair|gap_directional_persistence_21|+1|self_ret_5|-1,pair,gap_directional_persistence_21,1,self_ret_5,-1,,
pair|gap_directional_persistence_21|+1|self_ret_21|+1,pair,gap_directional_persistence_21,1,self_ret_21,1,,
pair|gap_directional_persistence_21|+1|self_ret_21|-1,pair,gap_directional_persistence_21,1,self_ret_21,-1,,
pair|gap_directional_persistence_21|+1|self_ret_63|+1,pair,gap_directional_persistence_21,1,self_ret_63,1,,
pair|gap_directional_persistence_21|+1|self_ret_63|-1,pair,gap_directional_persistence_21,1,self_ret_63,-1,,
pair|gap_directional_persistence_21|+1|self_mom_252_21|+1,pair,gap_directional_persistence_21,1,self_mom_252_21,1,,
pair|gap_directional_persistence_21|+1|self_mom_252_21|-1,pair,gap_directional_persistence_21,1,self_mom_252_21,-1,,
pair|gap_directional_persistence_21|+1|self_atr_63|+1,pair,gap_directional_persistence_21,1,self_atr_63,1,,
pair|gap_directional_persistence_21|+1|self_atr_63|-1,pair,gap_directional_persistence_21,1,self_atr_63,-1,,
pair|gap_directional_persistence_21|+1|self_compression_20_63|+1,pair,gap_directional_persistence_21,1,self_compression_20_63,1,,
pair|gap_directional_persistence_21|+1|self_compression_20_63|-1,pair,gap_directional_persistence_21,1,self_compression_20_63,-1,,
pair|gap_directional_persistence_21|+1|self_volume_ratio_5_20|+1,pair,gap_directional_persistence_21,1,self_volume_ratio_5_20,1,,
pair|gap_directional_persistence_21|+1|self_volume_ratio_5_20|-1,pair,gap_directional_persistence_21,1,self_volume_ratio_5_20,-1,,
pair|gap_directional_persistence_21|+1|self_dist_high_63|+1,pair,gap_directional_persistence_21,1,self_dist_high_63,1,,
pair|gap_directional_persistence_21|+1|self_dist_high_63|-1,pair,gap_directional_persistence_21,1,self_dist_high_63,-1,,
pair|gap_directional_persistence_21|+1|self_range_loc_63|+1,pair,gap_directional_persistence_21,1,self_range_loc_63,1,,
pair|gap_directional_persistence_21|+1|self_range_loc_63|-1,pair,gap_directional_persistence_21,1,self_range_loc_63,-1,,
single|gap_directional_persistence_21|-1,single,gap_directional_persistence_21,-1,,,,
pair|gap_directional_persistence_21|-1|self_ret_5|+1,pair,gap_directional_persistence_21,-1,self_ret_5,1,,
pair|gap_directional_persistence_21|-1|self_ret_5|-1,pair,gap_directional_persistence_21,-1,self_ret_5,-1,,
pair|gap_directional_persistence_21|-1|self_ret_21|+1,pair,gap_directional_persistence_21,-1,self_ret_21,1,,
pair|gap_directional_persistence_21|-1|self_ret_21|-1,pair,gap_directional_persistence_21,-1,self_ret_21,-1,,
pair|gap_directional_persistence_21|-1|self_ret_63|+1,pair,gap_directional_persistence_21,-1,self_ret_63,1,,
pair|gap_directional_persistence_21|-1|self_ret_63|-1,pair,gap_directional_persistence_21,-1,self_ret_63,-1,,
pair|gap_directional_persistence_21|-1|self_mom_252_21|+1,pair,gap_directional_persistence_21,-1,self_mom_252_21,1,,
pair|gap_directional_persistence_21|-1|self_mom_252_21|-1,pair,gap_directional_persistence_21,-1,self_mom_252_21,-1,,
pair|gap_directional_persistence_21|-1|self_atr_63|+1,pair,gap_directional_persistence_21,-1,self_atr_63,1,,
pair|gap_directional_persistence_21|-1|self_atr_63|-1,pair,gap_directional_persistence_21,-1,self_atr_63,-1,,
pair|gap_directional_persistence_21|-1|self_compression_20_63|+1,pair,gap_directional_persistence_21,-1,self_compression_20_63,1,,
pair|gap_directional_persistence_21|-1|self_compression_20_63|-1,pair,gap_directional_persistence_21,-1,self_compression_20_63,-1,,
pair|gap_directional_persistence_21|-1|self_volume_ratio_5_20|+1,pair,gap_directional_persistence_21,-1,self_volume_ratio_5_20,1,,
pair|gap_directional_persistence_21|-1|self_volume_ratio_5_20|-1,pair,gap_directional_persistence_21,-1,self_volume_ratio_5_20,-1,,
pair|gap_directional_persistence_21|-1|self_dist_high_63|+1,pair,gap_directional_persistence_21,-1,self_dist_high_63,1,,
pair|gap_directional_persistence_21|-1|self_dist_high_63|-1,pair,gap_directional_persistence_21,-1,self_dist_high_63,-1,,
pair|gap_directional_persistence_21|-1|self_range_loc_63|+1,pair,gap_directional_persistence_21,-1,self_range_loc_63,1,,
pair|gap_directional_persistence_21|-1|self_range_loc_63|-1,pair,gap_directional_persistence_21,-1,self_range_loc_63,-1,,
single|event_volume_persistence_5|+1,single,event_volume_persistence_5,1,,,,
pair|event_volume_persistence_5|+1|self_ret_5|+1,pair,event_volume_persistence_5,1,self_ret_5,1,,
pair|event_volume_persistence_5|+1|self_ret_5|-1,pair,event_volume_persistence_5,1,self_ret_5,-1,,
pair|event_volume_persistence_5|+1|self_ret_21|+1,pair,event_volume_persistence_5,1,self_ret_21,1,,
pair|event_volume_persistence_5|+1|self_ret_21|-1,pair,event_volume_persistence_5,1,self_ret_21,-1,,
pair|event_volume_persistence_5|+1|self_ret_63|+1,pair,event_volume_persistence_5,1,self_ret_63,1,,
pair|event_volume_persistence_5|+1|self_ret_63|-1,pair,event_volume_persistence_5,1,self_ret_63,-1,,
pair|event_volume_persistence_5|+1|self_mom_252_21|+1,pair,event_volume_persistence_5,1,self_mom_252_21,1,,
pair|event_volume_persistence_5|+1|self_mom_252_21|-1,pair,event_volume_persistence_5,1,self_mom_252_21,-1,,
pair|event_volume_persistence_5|+1|self_atr_63|+1,pair,event_volume_persistence_5,1,self_atr_63,1,,
pair|event_volume_persistence_5|+1|self_atr_63|-1,pair,event_volume_persistence_5,1,self_atr_63,-1,,
pair|event_volume_persistence_5|+1|self_compression_20_63|+1,pair,event_volume_persistence_5,1,self_compression_20_63,1,,
pair|event_volume_persistence_5|+1|self_compression_20_63|-1,pair,event_volume_persistence_5,1,self_compression_20_63,-1,,
pair|event_volume_persistence_5|+1|self_volume_ratio_5_20|+1,pair,event_volume_persistence_5,1,self_volume_ratio_5_20,1,,
pair|event_volume_persistence_5|+1|self_volume_ratio_5_20|-1,pair,event_volume_persistence_5,1,self_volume_ratio_5_20,-1,,
pair|event_volume_persistence_5|+1|self_dist_high_63|+1,pair,event_volume_persistence_5,1,self_dist_high_63,1,,
pair|event_volume_persistence_5|+1|self_dist_high_63|-1,pair,event_volume_persistence_5,1,self_dist_high_63,-1,,
pair|event_volume_persistence_5|+1|self_range_loc_63|+1,pair,event_volume_persistence_5,1,self_range_loc_63,1,,
pair|event_volume_persistence_5|+1|self_range_loc_63|-1,pair,event_volume_persistence_5,1,self_range_loc_63,-1,,
single|event_volume_persistence_5|-1,single,event_volume_persistence_5,-1,,,,
pair|event_volume_persistence_5|-1|self_ret_5|+1,pair,event_volume_persistence_5,-1,self_ret_5,1,,
pair|event_volume_persistence_5|-1|self_ret_5|-1,pair,event_volume_persistence_5,-1,self_ret_5,-1,,
pair|event_volume_persistence_5|-1|self_ret_21|+1,pair,event_volume_persistence_5,-1,self_ret_21,1,,
pair|event_volume_persistence_5|-1|self_ret_21|-1,pair,event_volume_persistence_5,-1,self_ret_21,-1,,
pair|event_volume_persistence_5|-1|self_ret_63|+1,pair,event_volume_persistence_5,-1,self_ret_63,1,,
pair|event_volume_persistence_5|-1|self_ret_63|-1,pair,event_volume_persistence_5,-1,self_ret_63,-1,,
pair|event_volume_persistence_5|-1|self_mom_252_21|+1,pair,event_volume_persistence_5,-1,self_mom_252_21,1,,
pair|event_volume_persistence_5|-1|self_mom_252_21|-1,pair,event_volume_persistence_5,-1,self_mom_252_21,-1,,
pair|event_volume_persistence_5|-1|self_atr_63|+1,pair,event_volume_persistence_5,-1,self_atr_63,1,,
pair|event_volume_persistence_5|-1|self_atr_63|-1,pair,event_volume_persistence_5,-1,self_atr_63,-1,,
pair|event_volume_persistence_5|-1|self_compression_20_63|+1,pair,event_volume_persistence_5,-1,self_compression_20_63,1,,
pair|event_volume_persistence_5|-1|self_compression_20_63|-1,pair,event_volume_persistence_5,-1,self_compression_20_63,-1,,
pair|event_volume_persistence_5|-1|self_volume_ratio_5_20|+1,pair,event_volume_persistence_5,-1,self_volume_ratio_5_20,1,,
pair|event_volume_persistence_5|-1|self_volume_ratio_5_20|-1,pair,event_volume_persistence_5,-1,self_volume_ratio_5_20,-1,,
pair|event_volume_persistence_5|-1|self_dist_high_63|+1,pair,event_volume_persistence_5,-1,self_dist_high_63,1,,
pair|event_volume_persistence_5|-1|self_dist_high_63|-1,pair,event_volume_persistence_5,-1,self_dist_high_63,-1,,
pair|event_volume_persistence_5|-1|self_range_loc_63|+1,pair,event_volume_persistence_5,-1,self_range_loc_63,1,,
pair|event_volume_persistence_5|-1|self_range_loc_63|-1,pair,event_volume_persistence_5,-1,self_range_loc_63,-1,,
single|event_volume_persistence_10|+1,single,event_volume_persistence_10,1,,,,
pair|event_volume_persistence_10|+1|self_ret_5|+1,pair,event_volume_persistence_10,1,self_ret_5,1,,
pair|event_volume_persistence_10|+1|self_ret_5|-1,pair,event_volume_persistence_10,1,self_ret_5,-1,,
pair|event_volume_persistence_10|+1|self_ret_21|+1,pair,event_volume_persistence_10,1,self_ret_21,1,,
pair|event_volume_persistence_10|+1|self_ret_21|-1,pair,event_volume_persistence_10,1,self_ret_21,-1,,
pair|event_volume_persistence_10|+1|self_ret_63|+1,pair,event_volume_persistence_10,1,self_ret_63,1,,
pair|event_volume_persistence_10|+1|self_ret_63|-1,pair,event_volume_persistence_10,1,self_ret_63,-1,,
pair|event_volume_persistence_10|+1|self_mom_252_21|+1,pair,event_volume_persistence_10,1,self_mom_252_21,1,,
pair|event_volume_persistence_10|+1|self_mom_252_21|-1,pair,event_volume_persistence_10,1,self_mom_252_21,-1,,
pair|event_volume_persistence_10|+1|self_atr_63|+1,pair,event_volume_persistence_10,1,self_atr_63,1,,
pair|event_volume_persistence_10|+1|self_atr_63|-1,pair,event_volume_persistence_10,1,self_atr_63,-1,,
pair|event_volume_persistence_10|+1|self_compression_20_63|+1,pair,event_volume_persistence_10,1,self_compression_20_63,1,,
pair|event_volume_persistence_10|+1|self_compression_20_63|-1,pair,event_volume_persistence_10,1,self_compression_20_63,-1,,
pair|event_volume_persistence_10|+1|self_volume_ratio_5_20|+1,pair,event_volume_persistence_10,1,self_volume_ratio_5_20,1,,
pair|event_volume_persistence_10|+1|self_volume_ratio_5_20|-1,pair,event_volume_persistence_10,1,self_volume_ratio_5_20,-1,,
pair|event_volume_persistence_10|+1|self_dist_high_63|+1,pair,event_volume_persistence_10,1,self_dist_high_63,1,,
pair|event_volume_persistence_10|+1|self_dist_high_63|-1,pair,event_volume_persistence_10,1,self_dist_high_63,-1,,
pair|event_volume_persistence_10|+1|self_range_loc_63|+1,pair,event_volume_persistence_10,1,self_range_loc_63,1,,
pair|event_volume_persistence_10|+1|self_range_loc_63|-1,pair,event_volume_persistence_10,1,self_range_loc_63,-1,,
single|event_volume_persistence_10|-1,single,event_volume_persistence_10,-1,,,,
pair|event_volume_persistence_10|-1|self_ret_5|+1,pair,event_volume_persistence_10,-1,self_ret_5,1,,
pair|event_volume_persistence_10|-1|self_ret_5|-1,pair,event_volume_persistence_10,-1,self_ret_5,-1,,
pair|event_volume_persistence_10|-1|self_ret_21|+1,pair,event_volume_persistence_10,-1,self_ret_21,1,,
pair|event_volume_persistence_10|-1|self_ret_21|-1,pair,event_volume_persistence_10,-1,self_ret_21,-1,,
pair|event_volume_persistence_10|-1|self_ret_63|+1,pair,event_volume_persistence_10,-1,self_ret_63,1,,
pair|event_volume_persistence_10|-1|self_ret_63|-1,pair,event_volume_persistence_10,-1,self_ret_63,-1,,
pair|event_volume_persistence_10|-1|self_mom_252_21|+1,pair,event_volume_persistence_10,-1,self_mom_252_21,1,,
pair|event_volume_persistence_10|-1|self_mom_252_21|-1,pair,event_volume_persistence_10,-1,self_mom_252_21,-1,,
pair|event_volume_persistence_10|-1|self_atr_63|+1,pair,event_volume_persistence_10,-1,self_atr_63,1,,
pair|event_volume_persistence_10|-1|self_atr_63|-1,pair,event_volume_persistence_10,-1,self_atr_63,-1,,
pair|event_volume_persistence_10|-1|self_compression_20_63|+1,pair,event_volume_persistence_10,-1,self_compression_20_63,1,,
pair|event_volume_persistence_10|-1|self_compression_20_63|-1,pair,event_volume_persistence_10,-1,self_compression_20_63,-1,,
pair|event_volume_persistence_10|-1|self_volume_ratio_5_20|+1,pair,event_volume_persistence_10,-1,self_volume_ratio_5_20,1,,
pair|event_volume_persistence_10|-1|self_volume_ratio_5_20|-1,pair,event_volume_persistence_10,-1,self_volume_ratio_5_20,-1,,
pair|event_volume_persistence_10|-1|self_dist_high_63|+1,pair,event_volume_persistence_10,-1,self_dist_high_63,1,,
pair|event_volume_persistence_10|-1|self_dist_high_63|-1,pair,event_volume_persistence_10,-1,self_dist_high_63,-1,,
pair|event_volume_persistence_10|-1|self_range_loc_63|+1,pair,event_volume_persistence_10,-1,self_range_loc_63,1,,
pair|event_volume_persistence_10|-1|self_range_loc_63|-1,pair,event_volume_persistence_10,-1,self_range_loc_63,-1,,
single|event_volume_persistence_21|+1,single,event_volume_persistence_21,1,,,,
pair|event_volume_persistence_21|+1|self_ret_5|+1,pair,event_volume_persistence_21,1,self_ret_5,1,,
pair|event_volume_persistence_21|+1|self_ret_5|-1,pair,event_volume_persistence_21,1,self_ret_5,-1,,
pair|event_volume_persistence_21|+1|self_ret_21|+1,pair,event_volume_persistence_21,1,self_ret_21,1,,
pair|event_volume_persistence_21|+1|self_ret_21|-1,pair,event_volume_persistence_21,1,self_ret_21,-1,,
pair|event_volume_persistence_21|+1|self_ret_63|+1,pair,event_volume_persistence_21,1,self_ret_63,1,,
pair|event_volume_persistence_21|+1|self_ret_63|-1,pair,event_volume_persistence_21,1,self_ret_63,-1,,
pair|event_volume_persistence_21|+1|self_mom_252_21|+1,pair,event_volume_persistence_21,1,self_mom_252_21,1,,
pair|event_volume_persistence_21|+1|self_mom_252_21|-1,pair,event_volume_persistence_21,1,self_mom_252_21,-1,,
pair|event_volume_persistence_21|+1|self_atr_63|+1,pair,event_volume_persistence_21,1,self_atr_63,1,,
pair|event_volume_persistence_21|+1|self_atr_63|-1,pair,event_volume_persistence_21,1,self_atr_63,-1,,
pair|event_volume_persistence_21|+1|self_compression_20_63|+1,pair,event_volume_persistence_21,1,self_compression_20_63,1,,
pair|event_volume_persistence_21|+1|self_compression_20_63|-1,pair,event_volume_persistence_21,1,self_compression_20_63,-1,,
pair|event_volume_persistence_21|+1|self_volume_ratio_5_20|+1,pair,event_volume_persistence_21,1,self_volume_ratio_5_20,1,,
pair|event_volume_persistence_21|+1|self_volume_ratio_5_20|-1,pair,event_volume_persistence_21,1,self_volume_ratio_5_20,-1,,
pair|event_volume_persistence_21|+1|self_dist_high_63|+1,pair,event_volume_persistence_21,1,self_dist_high_63,1,,
pair|event_volume_persistence_21|+1|self_dist_high_63|-1,pair,event_volume_persistence_21,1,self_dist_high_63,-1,,
pair|event_volume_persistence_21|+1|self_range_loc_63|+1,pair,event_volume_persistence_21,1,self_range_loc_63,1,,
pair|event_volume_persistence_21|+1|self_range_loc_63|-1,pair,event_volume_persistence_21,1,self_range_loc_63,-1,,
single|event_volume_persistence_21|-1,single,event_volume_persistence_21,-1,,,,
pair|event_volume_persistence_21|-1|self_ret_5|+1,pair,event_volume_persistence_21,-1,self_ret_5,1,,
pair|event_volume_persistence_21|-1|self_ret_5|-1,pair,event_volume_persistence_21,-1,self_ret_5,-1,,
pair|event_volume_persistence_21|-1|self_ret_21|+1,pair,event_volume_persistence_21,-1,self_ret_21,1,,
pair|event_volume_persistence_21|-1|self_ret_21|-1,pair,event_volume_persistence_21,-1,self_ret_21,-1,,
pair|event_volume_persistence_21|-1|self_ret_63|+1,pair,event_volume_persistence_21,-1,self_ret_63,1,,
pair|event_volume_persistence_21|-1|self_ret_63|-1,pair,event_volume_persistence_21,-1,self_ret_63,-1,,
pair|event_volume_persistence_21|-1|self_mom_252_21|+1,pair,event_volume_persistence_21,-1,self_mom_252_21,1,,
pair|event_volume_persistence_21|-1|self_mom_252_21|-1,pair,event_volume_persistence_21,-1,self_mom_252_21,-1,,
pair|event_volume_persistence_21|-1|self_atr_63|+1,pair,event_volume_persistence_21,-1,self_atr_63,1,,
pair|event_volume_persistence_21|-1|self_atr_63|-1,pair,event_volume_persistence_21,-1,self_atr_63,-1,,
pair|event_volume_persistence_21|-1|self_compression_20_63|+1,pair,event_volume_persistence_21,-1,self_compression_20_63,1,,
pair|event_volume_persistence_21|-1|self_compression_20_63|-1,pair,event_volume_persistence_21,-1,self_compression_20_63,-1,,
pair|event_volume_persistence_21|-1|self_volume_ratio_5_20|+1,pair,event_volume_persistence_21,-1,self_volume_ratio_5_20,1,,
pair|event_volume_persistence_21|-1|self_volume_ratio_5_20|-1,pair,event_volume_persistence_21,-1,self_volume_ratio_5_20,-1,,
pair|event_volume_persistence_21|-1|self_dist_high_63|+1,pair,event_volume_persistence_21,-1,self_dist_high_63,1,,
pair|event_volume_persistence_21|-1|self_dist_high_63|-1,pair,event_volume_persistence_21,-1,self_dist_high_63,-1,,
pair|event_volume_persistence_21|-1|self_range_loc_63|+1,pair,event_volume_persistence_21,-1,self_range_loc_63,1,,
pair|event_volume_persistence_21|-1|self_range_loc_63|-1,pair,event_volume_persistence_21,-1,self_range_loc_63,-1,,
single|gap_hold_5|+1,single,gap_hold_5,1,,,,
pair|gap_hold_5|+1|self_ret_5|+1,pair,gap_hold_5,1,self_ret_5,1,,
pair|gap_hold_5|+1|self_ret_5|-1,pair,gap_hold_5,1,self_ret_5,-1,,
pair|gap_hold_5|+1|self_ret_21|+1,pair,gap_hold_5,1,self_ret_21,1,,
pair|gap_hold_5|+1|self_ret_21|-1,pair,gap_hold_5,1,self_ret_21,-1,,
pair|gap_hold_5|+1|self_ret_63|+1,pair,gap_hold_5,1,self_ret_63,1,,
pair|gap_hold_5|+1|self_ret_63|-1,pair,gap_hold_5,1,self_ret_63,-1,,
pair|gap_hold_5|+1|self_mom_252_21|+1,pair,gap_hold_5,1,self_mom_252_21,1,,
pair|gap_hold_5|+1|self_mom_252_21|-1,pair,gap_hold_5,1,self_mom_252_21,-1,,
pair|gap_hold_5|+1|self_atr_63|+1,pair,gap_hold_5,1,self_atr_63,1,,
pair|gap_hold_5|+1|self_atr_63|-1,pair,gap_hold_5,1,self_atr_63,-1,,
pair|gap_hold_5|+1|self_compression_20_63|+1,pair,gap_hold_5,1,self_compression_20_63,1,,
pair|gap_hold_5|+1|self_compression_20_63|-1,pair,gap_hold_5,1,self_compression_20_63,-1,,
pair|gap_hold_5|+1|self_volume_ratio_5_20|+1,pair,gap_hold_5,1,self_volume_ratio_5_20,1,,
pair|gap_hold_5|+1|self_volume_ratio_5_20|-1,pair,gap_hold_5,1,self_volume_ratio_5_20,-1,,
pair|gap_hold_5|+1|self_dist_high_63|+1,pair,gap_hold_5,1,self_dist_high_63,1,,
pair|gap_hold_5|+1|self_dist_high_63|-1,pair,gap_hold_5,1,self_dist_high_63,-1,,
pair|gap_hold_5|+1|self_range_loc_63|+1,pair,gap_hold_5,1,self_range_loc_63,1,,
pair|gap_hold_5|+1|self_range_loc_63|-1,pair,gap_hold_5,1,self_range_loc_63,-1,,
single|gap_hold_5|-1,single,gap_hold_5,-1,,,,
pair|gap_hold_5|-1|self_ret_5|+1,pair,gap_hold_5,-1,self_ret_5,1,,
pair|gap_hold_5|-1|self_ret_5|-1,pair,gap_hold_5,-1,self_ret_5,-1,,
pair|gap_hold_5|-1|self_ret_21|+1,pair,gap_hold_5,-1,self_ret_21,1,,
pair|gap_hold_5|-1|self_ret_21|-1,pair,gap_hold_5,-1,self_ret_21,-1,,
pair|gap_hold_5|-1|self_ret_63|+1,pair,gap_hold_5,-1,self_ret_63,1,,
pair|gap_hold_5|-1|self_ret_63|-1,pair,gap_hold_5,-1,self_ret_63,-1,,
pair|gap_hold_5|-1|self_mom_252_21|+1,pair,gap_hold_5,-1,self_mom_252_21,1,,
pair|gap_hold_5|-1|self_mom_252_21|-1,pair,gap_hold_5,-1,self_mom_252_21,-1,,
pair|gap_hold_5|-1|self_atr_63|+1,pair,gap_hold_5,-1,self_atr_63,1,,
pair|gap_hold_5|-1|self_atr_63|-1,pair,gap_hold_5,-1,self_atr_63,-1,,
pair|gap_hold_5|-1|self_compression_20_63|+1,pair,gap_hold_5,-1,self_compression_20_63,1,,
pair|gap_hold_5|-1|self_compression_20_63|-1,pair,gap_hold_5,-1,self_compression_20_63,-1,,
pair|gap_hold_5|-1|self_volume_ratio_5_20|+1,pair,gap_hold_5,-1,self_volume_ratio_5_20,1,,
pair|gap_hold_5|-1|self_volume_ratio_5_20|-1,pair,gap_hold_5,-1,self_volume_ratio_5_20,-1,,
pair|gap_hold_5|-1|self_dist_high_63|+1,pair,gap_hold_5,-1,self_dist_high_63,1,,
pair|gap_hold_5|-1|self_dist_high_63|-1,pair,gap_hold_5,-1,self_dist_high_63,-1,,
pair|gap_hold_5|-1|self_range_loc_63|+1,pair,gap_hold_5,-1,self_range_loc_63,1,,
pair|gap_hold_5|-1|self_range_loc_63|-1,pair,gap_hold_5,-1,self_range_loc_63,-1,,
single|gap_hold_10|+1,single,gap_hold_10,1,,,,
pair|gap_hold_10|+1|self_ret_5|+1,pair,gap_hold_10,1,self_ret_5,1,,
pair|gap_hold_10|+1|self_ret_5|-1,pair,gap_hold_10,1,self_ret_5,-1,,
pair|gap_hold_10|+1|self_ret_21|+1,pair,gap_hold_10,1,self_ret_21,1,,
pair|gap_hold_10|+1|self_ret_21|-1,pair,gap_hold_10,1,self_ret_21,-1,,
pair|gap_hold_10|+1|self_ret_63|+1,pair,gap_hold_10,1,self_ret_63,1,,
pair|gap_hold_10|+1|self_ret_63|-1,pair,gap_hold_10,1,self_ret_63,-1,,
pair|gap_hold_10|+1|self_mom_252_21|+1,pair,gap_hold_10,1,self_mom_252_21,1,,
pair|gap_hold_10|+1|self_mom_252_21|-1,pair,gap_hold_10,1,self_mom_252_21,-1,,
pair|gap_hold_10|+1|self_atr_63|+1,pair,gap_hold_10,1,self_atr_63,1,,
pair|gap_hold_10|+1|self_atr_63|-1,pair,gap_hold_10,1,self_atr_63,-1,,
pair|gap_hold_10|+1|self_compression_20_63|+1,pair,gap_hold_10,1,self_compression_20_63,1,,
pair|gap_hold_10|+1|self_compression_20_63|-1,pair,gap_hold_10,1,self_compression_20_63,-1,,
pair|gap_hold_10|+1|self_volume_ratio_5_20|+1,pair,gap_hold_10,1,self_volume_ratio_5_20,1,,
pair|gap_hold_10|+1|self_volume_ratio_5_20|-1,pair,gap_hold_10,1,self_volume_ratio_5_20,-1,,
pair|gap_hold_10|+1|self_dist_high_63|+1,pair,gap_hold_10,1,self_dist_high_63,1,,
pair|gap_hold_10|+1|self_dist_high_63|-1,pair,gap_hold_10,1,self_dist_high_63,-1,,
pair|gap_hold_10|+1|self_range_loc_63|+1,pair,gap_hold_10,1,self_range_loc_63,1,,
pair|gap_hold_10|+1|self_range_loc_63|-1,pair,gap_hold_10,1,self_range_loc_63,-1,,
single|gap_hold_10|-1,single,gap_hold_10,-1,,,,
pair|gap_hold_10|-1|self_ret_5|+1,pair,gap_hold_10,-1,self_ret_5,1,,
pair|gap_hold_10|-1|self_ret_5|-1,pair,gap_hold_10,-1,self_ret_5,-1,,
pair|gap_hold_10|-1|self_ret_21|+1,pair,gap_hold_10,-1,self_ret_21,1,,
pair|gap_hold_10|-1|self_ret_21|-1,pair,gap_hold_10,-1,self_ret_21,-1,,
pair|gap_hold_10|-1|self_ret_63|+1,pair,gap_hold_10,-1,self_ret_63,1,,
pair|gap_hold_10|-1|self_ret_63|-1,pair,gap_hold_10,-1,self_ret_63,-1,,
pair|gap_hold_10|-1|self_mom_252_21|+1,pair,gap_hold_10,-1,self_mom_252_21,1,,
pair|gap_hold_10|-1|self_mom_252_21|-1,pair,gap_hold_10,-1,self_mom_252_21,-1,,
pair|gap_hold_10|-1|self_atr_63|+1,pair,gap_hold_10,-1,self_atr_63,1,,
pair|gap_hold_10|-1|self_atr_63|-1,pair,gap_hold_10,-1,self_atr_63,-1,,
pair|gap_hold_10|-1|self_compression_20_63|+1,pair,gap_hold_10,-1,self_compression_20_63,1,,
pair|gap_hold_10|-1|self_compression_20_63|-1,pair,gap_hold_10,-1,self_compression_20_63,-1,,
pair|gap_hold_10|-1|self_volume_ratio_5_20|+1,pair,gap_hold_10,-1,self_volume_ratio_5_20,1,,
pair|gap_hold_10|-1|self_volume_ratio_5_20|-1,pair,gap_hold_10,-1,self_volume_ratio_5_20,-1,,
pair|gap_hold_10|-1|self_dist_high_63|+1,pair,gap_hold_10,-1,self_dist_high_63,1,,
pair|gap_hold_10|-1|self_dist_high_63|-1,pair,gap_hold_10,-1,self_dist_high_63,-1,,
pair|gap_hold_10|-1|self_range_loc_63|+1,pair,gap_hold_10,-1,self_range_loc_63,1,,
pair|gap_hold_10|-1|self_range_loc_63|-1,pair,gap_hold_10,-1,self_range_loc_63,-1,,
single|gap_hold_21|+1,single,gap_hold_21,1,,,,
pair|gap_hold_21|+1|self_ret_5|+1,pair,gap_hold_21,1,self_ret_5,1,,
pair|gap_hold_21|+1|self_ret_5|-1,pair,gap_hold_21,1,self_ret_5,-1,,
pair|gap_hold_21|+1|self_ret_21|+1,pair,gap_hold_21,1,self_ret_21,1,,
pair|gap_hold_21|+1|self_ret_21|-1,pair,gap_hold_21,1,self_ret_21,-1,,
pair|gap_hold_21|+1|self_ret_63|+1,pair,gap_hold_21,1,self_ret_63,1,,
pair|gap_hold_21|+1|self_ret_63|-1,pair,gap_hold_21,1,self_ret_63,-1,,
pair|gap_hold_21|+1|self_mom_252_21|+1,pair,gap_hold_21,1,self_mom_252_21,1,,
pair|gap_hold_21|+1|self_mom_252_21|-1,pair,gap_hold_21,1,self_mom_252_21,-1,,
pair|gap_hold_21|+1|self_atr_63|+1,pair,gap_hold_21,1,self_atr_63,1,,
pair|gap_hold_21|+1|self_atr_63|-1,pair,gap_hold_21,1,self_atr_63,-1,,
pair|gap_hold_21|+1|self_compression_20_63|+1,pair,gap_hold_21,1,self_compression_20_63,1,,
pair|gap_hold_21|+1|self_compression_20_63|-1,pair,gap_hold_21,1,self_compression_20_63,-1,,
pair|gap_hold_21|+1|self_volume_ratio_5_20|+1,pair,gap_hold_21,1,self_volume_ratio_5_20,1,,
pair|gap_hold_21|+1|self_volume_ratio_5_20|-1,pair,gap_hold_21,1,self_volume_ratio_5_20,-1,,
pair|gap_hold_21|+1|self_dist_high_63|+1,pair,gap_hold_21,1,self_dist_high_63,1,,
pair|gap_hold_21|+1|self_dist_high_63|-1,pair,gap_hold_21,1,self_dist_high_63,-1,,
pair|gap_hold_21|+1|self_range_loc_63|+1,pair,gap_hold_21,1,self_range_loc_63,1,,
pair|gap_hold_21|+1|self_range_loc_63|-1,pair,gap_hold_21,1,self_range_loc_63,-1,,
single|gap_hold_21|-1,single,gap_hold_21,-1,,,,
pair|gap_hold_21|-1|self_ret_5|+1,pair,gap_hold_21,-1,self_ret_5,1,,
pair|gap_hold_21|-1|self_ret_5|-1,pair,gap_hold_21,-1,self_ret_5,-1,,
pair|gap_hold_21|-1|self_ret_21|+1,pair,gap_hold_21,-1,self_ret_21,1,,
pair|gap_hold_21|-1|self_ret_21|-1,pair,gap_hold_21,-1,self_ret_21,-1,,
pair|gap_hold_21|-1|self_ret_63|+1,pair,gap_hold_21,-1,self_ret_63,1,,
pair|gap_hold_21|-1|self_ret_63|-1,pair,gap_hold_21,-1,self_ret_63,-1,,
pair|gap_hold_21|-1|self_mom_252_21|+1,pair,gap_hold_21,-1,self_mom_252_21,1,,
pair|gap_hold_21|-1|self_mom_252_21|-1,pair,gap_hold_21,-1,self_mom_252_21,-1,,
pair|gap_hold_21|-1|self_atr_63|+1,pair,gap_hold_21,-1,self_atr_63,1,,
pair|gap_hold_21|-1|self_atr_63|-1,pair,gap_hold_21,-1,self_atr_63,-1,,
pair|gap_hold_21|-1|self_compression_20_63|+1,pair,gap_hold_21,-1,self_compression_20_63,1,,
pair|gap_hold_21|-1|self_compression_20_63|-1,pair,gap_hold_21,-1,self_compression_20_63,-1,,
pair|gap_hold_21|-1|self_volume_ratio_5_20|+1,pair,gap_hold_21,-1,self_volume_ratio_5_20,1,,
pair|gap_hold_21|-1|self_volume_ratio_5_20|-1,pair,gap_hold_21,-1,self_volume_ratio_5_20,-1,,
pair|gap_hold_21|-1|self_dist_high_63|+1,pair,gap_hold_21,-1,self_dist_high_63,1,,
pair|gap_hold_21|-1|self_dist_high_63|-1,pair,gap_hold_21,-1,self_dist_high_63,-1,,
pair|gap_hold_21|-1|self_range_loc_63|+1,pair,gap_hold_21,-1,self_range_loc_63,1,,
pair|gap_hold_21|-1|self_range_loc_63|-1,pair,gap_hold_21,-1,self_range_loc_63,-1,,
single|gap_fill_pressure_5|+1,single,gap_fill_pressure_5,1,,,,
pair|gap_fill_pressure_5|+1|self_ret_5|+1,pair,gap_fill_pressure_5,1,self_ret_5,1,,
pair|gap_fill_pressure_5|+1|self_ret_5|-1,pair,gap_fill_pressure_5,1,self_ret_5,-1,,
pair|gap_fill_pressure_5|+1|self_ret_21|+1,pair,gap_fill_pressure_5,1,self_ret_21,1,,
pair|gap_fill_pressure_5|+1|self_ret_21|-1,pair,gap_fill_pressure_5,1,self_ret_21,-1,,
pair|gap_fill_pressure_5|+1|self_ret_63|+1,pair,gap_fill_pressure_5,1,self_ret_63,1,,
pair|gap_fill_pressure_5|+1|self_ret_63|-1,pair,gap_fill_pressure_5,1,self_ret_63,-1,,
pair|gap_fill_pressure_5|+1|self_mom_252_21|+1,pair,gap_fill_pressure_5,1,self_mom_252_21,1,,
pair|gap_fill_pressure_5|+1|self_mom_252_21|-1,pair,gap_fill_pressure_5,1,self_mom_252_21,-1,,
pair|gap_fill_pressure_5|+1|self_atr_63|+1,pair,gap_fill_pressure_5,1,self_atr_63,1,,
pair|gap_fill_pressure_5|+1|self_atr_63|-1,pair,gap_fill_pressure_5,1,self_atr_63,-1,,
pair|gap_fill_pressure_5|+1|self_compression_20_63|+1,pair,gap_fill_pressure_5,1,self_compression_20_63,1,,
pair|gap_fill_pressure_5|+1|self_compression_20_63|-1,pair,gap_fill_pressure_5,1,self_compression_20_63,-1,,
pair|gap_fill_pressure_5|+1|self_volume_ratio_5_20|+1,pair,gap_fill_pressure_5,1,self_volume_ratio_5_20,1,,
pair|gap_fill_pressure_5|+1|self_volume_ratio_5_20|-1,pair,gap_fill_pressure_5,1,self_volume_ratio_5_20,-1,,
pair|gap_fill_pressure_5|+1|self_dist_high_63|+1,pair,gap_fill_pressure_5,1,self_dist_high_63,1,,
pair|gap_fill_pressure_5|+1|self_dist_high_63|-1,pair,gap_fill_pressure_5,1,self_dist_high_63,-1,,
pair|gap_fill_pressure_5|+1|self_range_loc_63|+1,pair,gap_fill_pressure_5,1,self_range_loc_63,1,,
pair|gap_fill_pressure_5|+1|self_range_loc_63|-1,pair,gap_fill_pressure_5,1,self_range_loc_63,-1,,
single|gap_fill_pressure_5|-1,single,gap_fill_pressure_5,-1,,,,
pair|gap_fill_pressure_5|-1|self_ret_5|+1,pair,gap_fill_pressure_5,-1,self_ret_5,1,,
pair|gap_fill_pressure_5|-1|self_ret_5|-1,pair,gap_fill_pressure_5,-1,self_ret_5,-1,,
pair|gap_fill_pressure_5|-1|self_ret_21|+1,pair,gap_fill_pressure_5,-1,self_ret_21,1,,
pair|gap_fill_pressure_5|-1|self_ret_21|-1,pair,gap_fill_pressure_5,-1,self_ret_21,-1,,
pair|gap_fill_pressure_5|-1|self_ret_63|+1,pair,gap_fill_pressure_5,-1,self_ret_63,1,,
pair|gap_fill_pressure_5|-1|self_ret_63|-1,pair,gap_fill_pressure_5,-1,self_ret_63,-1,,
pair|gap_fill_pressure_5|-1|self_mom_252_21|+1,pair,gap_fill_pressure_5,-1,self_mom_252_21,1,,
pair|gap_fill_pressure_5|-1|self_mom_252_21|-1,pair,gap_fill_pressure_5,-1,self_mom_252_21,-1,,
pair|gap_fill_pressure_5|-1|self_atr_63|+1,pair,gap_fill_pressure_5,-1,self_atr_63,1,,
pair|gap_fill_pressure_5|-1|self_atr_63|-1,pair,gap_fill_pressure_5,-1,self_atr_63,-1,,
pair|gap_fill_pressure_5|-1|self_compression_20_63|+1,pair,gap_fill_pressure_5,-1,self_compression_20_63,1,,
pair|gap_fill_pressure_5|-1|self_compression_20_63|-1,pair,gap_fill_pressure_5,-1,self_compression_20_63,-1,,
pair|gap_fill_pressure_5|-1|self_volume_ratio_5_20|+1,pair,gap_fill_pressure_5,-1,self_volume_ratio_5_20,1,,
pair|gap_fill_pressure_5|-1|self_volume_ratio_5_20|-1,pair,gap_fill_pressure_5,-1,self_volume_ratio_5_20,-1,,
pair|gap_fill_pressure_5|-1|self_dist_high_63|+1,pair,gap_fill_pressure_5,-1,self_dist_high_63,1,,
pair|gap_fill_pressure_5|-1|self_dist_high_63|-1,pair,gap_fill_pressure_5,-1,self_dist_high_63,-1,,
pair|gap_fill_pressure_5|-1|self_range_loc_63|+1,pair,gap_fill_pressure_5,-1,self_range_loc_63,1,,
pair|gap_fill_pressure_5|-1|self_range_loc_63|-1,pair,gap_fill_pressure_5,-1,self_range_loc_63,-1,,
single|gap_fill_pressure_10|+1,single,gap_fill_pressure_10,1,,,,
pair|gap_fill_pressure_10|+1|self_ret_5|+1,pair,gap_fill_pressure_10,1,self_ret_5,1,,
pair|gap_fill_pressure_10|+1|self_ret_5|-1,pair,gap_fill_pressure_10,1,self_ret_5,-1,,
pair|gap_fill_pressure_10|+1|self_ret_21|+1,pair,gap_fill_pressure_10,1,self_ret_21,1,,
pair|gap_fill_pressure_10|+1|self_ret_21|-1,pair,gap_fill_pressure_10,1,self_ret_21,-1,,
pair|gap_fill_pressure_10|+1|self_ret_63|+1,pair,gap_fill_pressure_10,1,self_ret_63,1,,
pair|gap_fill_pressure_10|+1|self_ret_63|-1,pair,gap_fill_pressure_10,1,self_ret_63,-1,,
pair|gap_fill_pressure_10|+1|self_mom_252_21|+1,pair,gap_fill_pressure_10,1,self_mom_252_21,1,,
pair|gap_fill_pressure_10|+1|self_mom_252_21|-1,pair,gap_fill_pressure_10,1,self_mom_252_21,-1,,
pair|gap_fill_pressure_10|+1|self_atr_63|+1,pair,gap_fill_pressure_10,1,self_atr_63,1,,
pair|gap_fill_pressure_10|+1|self_atr_63|-1,pair,gap_fill_pressure_10,1,self_atr_63,-1,,
pair|gap_fill_pressure_10|+1|self_compression_20_63|+1,pair,gap_fill_pressure_10,1,self_compression_20_63,1,,
pair|gap_fill_pressure_10|+1|self_compression_20_63|-1,pair,gap_fill_pressure_10,1,self_compression_20_63,-1,,
pair|gap_fill_pressure_10|+1|self_volume_ratio_5_20|+1,pair,gap_fill_pressure_10,1,self_volume_ratio_5_20,1,,
pair|gap_fill_pressure_10|+1|self_volume_ratio_5_20|-1,pair,gap_fill_pressure_10,1,self_volume_ratio_5_20,-1,,
pair|gap_fill_pressure_10|+1|self_dist_high_63|+1,pair,gap_fill_pressure_10,1,self_dist_high_63,1,,
pair|gap_fill_pressure_10|+1|self_dist_high_63|-1,pair,gap_fill_pressure_10,1,self_dist_high_63,-1,,
pair|gap_fill_pressure_10|+1|self_range_loc_63|+1,pair,gap_fill_pressure_10,1,self_range_loc_63,1,,
pair|gap_fill_pressure_10|+1|self_range_loc_63|-1,pair,gap_fill_pressure_10,1,self_range_loc_63,-1,,
single|gap_fill_pressure_10|-1,single,gap_fill_pressure_10,-1,,,,
pair|gap_fill_pressure_10|-1|self_ret_5|+1,pair,gap_fill_pressure_10,-1,self_ret_5,1,,
pair|gap_fill_pressure_10|-1|self_ret_5|-1,pair,gap_fill_pressure_10,-1,self_ret_5,-1,,
pair|gap_fill_pressure_10|-1|self_ret_21|+1,pair,gap_fill_pressure_10,-1,self_ret_21,1,,
pair|gap_fill_pressure_10|-1|self_ret_21|-1,pair,gap_fill_pressure_10,-1,self_ret_21,-1,,
pair|gap_fill_pressure_10|-1|self_ret_63|+1,pair,gap_fill_pressure_10,-1,self_ret_63,1,,
pair|gap_fill_pressure_10|-1|self_ret_63|-1,pair,gap_fill_pressure_10,-1,self_ret_63,-1,,
pair|gap_fill_pressure_10|-1|self_mom_252_21|+1,pair,gap_fill_pressure_10,-1,self_mom_252_21,1,,
pair|gap_fill_pressure_10|-1|self_mom_252_21|-1,pair,gap_fill_pressure_10,-1,self_mom_252_21,-1,,
pair|gap_fill_pressure_10|-1|self_atr_63|+1,pair,gap_fill_pressure_10,-1,self_atr_63,1,,
pair|gap_fill_pressure_10|-1|self_atr_63|-1,pair,gap_fill_pressure_10,-1,self_atr_63,-1,,
pair|gap_fill_pressure_10|-1|self_compression_20_63|+1,pair,gap_fill_pressure_10,-1,self_compression_20_63,1,,
pair|gap_fill_pressure_10|-1|self_compression_20_63|-1,pair,gap_fill_pressure_10,-1,self_compression_20_63,-1,,
pair|gap_fill_pressure_10|-1|self_volume_ratio_5_20|+1,pair,gap_fill_pressure_10,-1,self_volume_ratio_5_20,1,,
pair|gap_fill_pressure_10|-1|self_volume_ratio_5_20|-1,pair,gap_fill_pressure_10,-1,self_volume_ratio_5_20,-1,,
pair|gap_fill_pressure_10|-1|self_dist_high_63|+1,pair,gap_fill_pressure_10,-1,self_dist_high_63,1,,
pair|gap_fill_pressure_10|-1|self_dist_high_63|-1,pair,gap_fill_pressure_10,-1,self_dist_high_63,-1,,
pair|gap_fill_pressure_10|-1|self_range_loc_63|+1,pair,gap_fill_pressure_10,-1,self_range_loc_63,1,,
pair|gap_fill_pressure_10|-1|self_range_loc_63|-1,pair,gap_fill_pressure_10,-1,self_range_loc_63,-1,,
single|gap_fill_pressure_21|+1,single,gap_fill_pressure_21,1,,,,
pair|gap_fill_pressure_21|+1|self_ret_5|+1,pair,gap_fill_pressure_21,1,self_ret_5,1,,
pair|gap_fill_pressure_21|+1|self_ret_5|-1,pair,gap_fill_pressure_21,1,self_ret_5,-1,,
pair|gap_fill_pressure_21|+1|self_ret_21|+1,pair,gap_fill_pressure_21,1,self_ret_21,1,,
pair|gap_fill_pressure_21|+1|self_ret_21|-1,pair,gap_fill_pressure_21,1,self_ret_21,-1,,
pair|gap_fill_pressure_21|+1|self_ret_63|+1,pair,gap_fill_pressure_21,1,self_ret_63,1,,
pair|gap_fill_pressure_21|+1|self_ret_63|-1,pair,gap_fill_pressure_21,1,self_ret_63,-1,,
pair|gap_fill_pressure_21|+1|self_mom_252_21|+1,pair,gap_fill_pressure_21,1,self_mom_252_21,1,,
pair|gap_fill_pressure_21|+1|self_mom_252_21|-1,pair,gap_fill_pressure_21,1,self_mom_252_21,-1,,
pair|gap_fill_pressure_21|+1|self_atr_63|+1,pair,gap_fill_pressure_21,1,self_atr_63,1,,
pair|gap_fill_pressure_21|+1|self_atr_63|-1,pair,gap_fill_pressure_21,1,self_atr_63,-1,,
pair|gap_fill_pressure_21|+1|self_compression_20_63|+1,pair,gap_fill_pressure_21,1,self_compression_20_63,1,,
pair|gap_fill_pressure_21|+1|self_compression_20_63|-1,pair,gap_fill_pressure_21,1,self_compression_20_63,-1,,
pair|gap_fill_pressure_21|+1|self_volume_ratio_5_20|+1,pair,gap_fill_pressure_21,1,self_volume_ratio_5_20,1,,
pair|gap_fill_pressure_21|+1|self_volume_ratio_5_20|-1,pair,gap_fill_pressure_21,1,self_volume_ratio_5_20,-1,,
pair|gap_fill_pressure_21|+1|self_dist_high_63|+1,pair,gap_fill_pressure_21,1,self_dist_high_63,1,,
pair|gap_fill_pressure_21|+1|self_dist_high_63|-1,pair,gap_fill_pressure_21,1,self_dist_high_63,-1,,
pair|gap_fill_pressure_21|+1|self_range_loc_63|+1,pair,gap_fill_pressure_21,1,self_range_loc_63,1,,
pair|gap_fill_pressure_21|+1|self_range_loc_63|-1,pair,gap_fill_pressure_21,1,self_range_loc_63,-1,,
single|gap_fill_pressure_21|-1,single,gap_fill_pressure_21,-1,,,,
pair|gap_fill_pressure_21|-1|self_ret_5|+1,pair,gap_fill_pressure_21,-1,self_ret_5,1,,
pair|gap_fill_pressure_21|-1|self_ret_5|-1,pair,gap_fill_pressure_21,-1,self_ret_5,-1,,
pair|gap_fill_pressure_21|-1|self_ret_21|+1,pair,gap_fill_pressure_21,-1,self_ret_21,1,,
pair|gap_fill_pressure_21|-1|self_ret_21|-1,pair,gap_fill_pressure_21,-1,self_ret_21,-1,,
pair|gap_fill_pressure_21|-1|self_ret_63|+1,pair,gap_fill_pressure_21,-1,self_ret_63,1,,
pair|gap_fill_pressure_21|-1|self_ret_63|-1,pair,gap_fill_pressure_21,-1,self_ret_63,-1,,
pair|gap_fill_pressure_21|-1|self_mom_252_21|+1,pair,gap_fill_pressure_21,-1,self_mom_252_21,1,,
pair|gap_fill_pressure_21|-1|self_mom_252_21|-1,pair,gap_fill_pressure_21,-1,self_mom_252_21,-1,,
pair|gap_fill_pressure_21|-1|self_atr_63|+1,pair,gap_fill_pressure_21,-1,self_atr_63,1,,
pair|gap_fill_pressure_21|-1|self_atr_63|-1,pair,gap_fill_pressure_21,-1,self_atr_63,-1,,
pair|gap_fill_pressure_21|-1|self_compression_20_63|+1,pair,gap_fill_pressure_21,-1,self_compression_20_63,1,,
pair|gap_fill_pressure_21|-1|self_compression_20_63|-1,pair,gap_fill_pressure_21,-1,self_compression_20_63,-1,,
pair|gap_fill_pressure_21|-1|self_volume_ratio_5_20|+1,pair,gap_fill_pressure_21,-1,self_volume_ratio_5_20,1,,
pair|gap_fill_pressure_21|-1|self_volume_ratio_5_20|-1,pair,gap_fill_pressure_21,-1,self_volume_ratio_5_20,-1,,
pair|gap_fill_pressure_21|-1|self_dist_high_63|+1,pair,gap_fill_pressure_21,-1,self_dist_high_63,1,,
pair|gap_fill_pressure_21|-1|self_dist_high_63|-1,pair,gap_fill_pressure_21,-1,self_dist_high_63,-1,,
pair|gap_fill_pressure_21|-1|self_range_loc_63|+1,pair,gap_fill_pressure_21,-1,self_range_loc_63,1,,
pair|gap_fill_pressure_21|-1|self_range_loc_63|-1,pair,gap_fill_pressure_21,-1,self_range_loc_63,-1,,
triple|pos_gapz_max_5|+1|self_ret_5|+1|self_volume_ratio_5_20|+1,triple,pos_gapz_max_5,1,self_ret_5,1,self_volume_ratio_5_20,1
triple|pos_gapz_max_5|+1|self_ret_5|+1|self_volume_ratio_5_20|-1,triple,pos_gapz_max_5,1,self_ret_5,1,self_volume_ratio_5_20,-1
triple|pos_gapz_max_5|+1|self_ret_5|+1|self_compression_20_63|+1,triple,pos_gapz_max_5,1,self_ret_5,1,self_compression_20_63,1
triple|pos_gapz_max_5|+1|self_ret_5|+1|self_compression_20_63|-1,triple,pos_gapz_max_5,1,self_ret_5,1,self_compression_20_63,-1
triple|pos_gapz_max_5|+1|self_ret_5|+1|self_range_loc_63|+1,triple,pos_gapz_max_5,1,self_ret_5,1,self_range_loc_63,1
triple|pos_gapz_max_5|+1|self_ret_5|+1|self_range_loc_63|-1,triple,pos_gapz_max_5,1,self_ret_5,1,self_range_loc_63,-1
triple|pos_gapz_max_5|+1|self_ret_5|-1|self_volume_ratio_5_20|+1,triple,pos_gapz_max_5,1,self_ret_5,-1,self_volume_ratio_5_20,1
triple|pos_gapz_max_5|+1|self_ret_5|-1|self_volume_ratio_5_20|-1,triple,pos_gapz_max_5,1,self_ret_5,-1,self_volume_ratio_5_20,-1
triple|pos_gapz_max_5|+1|self_ret_5|-1|self_compression_20_63|+1,triple,pos_gapz_max_5,1,self_ret_5,-1,self_compression_20_63,1
triple|pos_gapz_max_5|+1|self_ret_5|-1|self_compression_20_63|-1,triple,pos_gapz_max_5,1,self_ret_5,-1,self_compression_20_63,-1
triple|pos_gapz_max_5|+1|self_ret_5|-1|self_range_loc_63|+1,triple,pos_gapz_max_5,1,self_ret_5,-1,self_range_loc_63,1
triple|pos_gapz_max_5|+1|self_ret_5|-1|self_range_loc_63|-1,triple,pos_gapz_max_5,1,self_ret_5,-1,self_range_loc_63,-1
triple|pos_gapz_max_5|+1|self_ret_21|+1|self_volume_ratio_5_20|+1,triple,pos_gapz_max_5,1,self_ret_21,1,self_volume_ratio_5_20,1
triple|pos_gapz_max_5|+1|self_ret_21|+1|self_volume_ratio_5_20|-1,triple,pos_gapz_max_5,1,self_ret_21,1,self_volume_ratio_5_20,-1
triple|pos_gapz_max_5|+1|self_ret_21|+1|self_compression_20_63|+1,triple,pos_gapz_max_5,1,self_ret_21,1,self_compression_20_63,1
triple|pos_gapz_max_5|+1|self_ret_21|+1|self_compression_20_63|-1,triple,pos_gapz_max_5,1,self_ret_21,1,self_compression_20_63,-1
triple|pos_gapz_max_5|+1|self_ret_21|+1|self_range_loc_63|+1,triple,pos_gapz_max_5,1,self_ret_21,1,self_range_loc_63,1
triple|pos_gapz_max_5|+1|self_ret_21|+1|self_range_loc_63|-1,triple,pos_gapz_max_5,1,self_ret_21,1,self_range_loc_63,-1
triple|pos_gapz_max_5|+1|self_ret_21|-1|self_volume_ratio_5_20|+1,triple,pos_gapz_max_5,1,self_ret_21,-1,self_volume_ratio_5_20,1
triple|pos_gapz_max_5|+1|self_ret_21|-1|self_volume_ratio_5_20|-1,triple,pos_gapz_max_5,1,self_ret_21,-1,self_volume_ratio_5_20,-1
triple|pos_gapz_max_5|+1|self_ret_21|-1|self_compression_20_63|+1,triple,pos_gapz_max_5,1,self_ret_21,-1,self_compression_20_63,1
triple|pos_gapz_max_5|+1|self_ret_21|-1|self_compression_20_63|-1,triple,pos_gapz_max_5,1,self_ret_21,-1,self_compression_20_63,-1
triple|pos_gapz_max_5|+1|self_ret_21|-1|self_range_loc_63|+1,triple,pos_gapz_max_5,1,self_ret_21,-1,self_range_loc_63,1
triple|pos_gapz_max_5|+1|self_ret_21|-1|self_range_loc_63|-1,triple,pos_gapz_max_5,1,self_ret_21,-1,self_range_loc_63,-1
triple|pos_gapz_max_5|+1|self_dist_high_63|+1|self_volume_ratio_5_20|+1,triple,pos_gapz_max_5,1,self_dist_high_63,1,self_volume_ratio_5_20,1
triple|pos_gapz_max_5|+1|self_dist_high_63|+1|self_volume_ratio_5_20|-1,triple,pos_gapz_max_5,1,self_dist_high_63,1,self_volume_ratio_5_20,-1
triple|pos_gapz_max_5|+1|self_dist_high_63|+1|self_compression_20_63|+1,triple,pos_gapz_max_5,1,self_dist_high_63,1,self_compression_20_63,1
triple|pos_gapz_max_5|+1|self_dist_high_63|+1|self_compression_20_63|-1,triple,pos_gapz_max_5,1,self_dist_high_63,1,self_compression_20_63,-1
triple|pos_gapz_max_5|+1|self_dist_high_63|+1|self_range_loc_63|+1,triple,pos_gapz_max_5,1,self_dist_high_63,1,self_range_loc_63,1
triple|pos_gapz_max_5|+1|self_dist_high_63|+1|self_range_loc_63|-1,triple,pos_gapz_max_5,1,self_dist_high_63,1,self_range_loc_63,-1
triple|pos_gapz_max_5|+1|self_dist_high_63|-1|self_volume_ratio_5_20|+1,triple,pos_gapz_max_5,1,self_dist_high_63,-1,self_volume_ratio_5_20,1
triple|pos_gapz_max_5|+1|self_dist_high_63|-1|self_volume_ratio_5_20|-1,triple,pos_gapz_max_5,1,self_dist_high_63,-1,self_volume_ratio_5_20,-1
triple|pos_gapz_max_5|+1|self_dist_high_63|-1|self_compression_20_63|+1,triple,pos_gapz_max_5,1,self_dist_high_63,-1,self_compression_20_63,1
triple|pos_gapz_max_5|+1|self_dist_high_63|-1|self_compression_20_63|-1,triple,pos_gapz_max_5,1,self_dist_high_63,-1,self_compression_20_63,-1
triple|pos_gapz_max_5|+1|self_dist_high_63|-1|self_range_loc_63|+1,triple,pos_gapz_max_5,1,self_dist_high_63,-1,self_range_loc_63,1
triple|pos_gapz_max_5|+1|self_dist_high_63|-1|self_range_loc_63|-1,triple,pos_gapz_max_5,1,self_dist_high_63,-1,self_range_loc_63,-1
triple|pos_gapz_max_5|-1|self_ret_5|+1|self_volume_ratio_5_20|+1,triple,pos_gapz_max_5,-1,self_ret_5,1,self_volume_ratio_5_20,1
triple|pos_gapz_max_5|-1|self_ret_5|+1|self_volume_ratio_5_20|-1,triple,pos_gapz_max_5,-1,self_ret_5,1,self_volume_ratio_5_20,-1
triple|pos_gapz_max_5|-1|self_ret_5|+1|self_compression_20_63|+1,triple,pos_gapz_max_5,-1,self_ret_5,1,self_compression_20_63,1
triple|pos_gapz_max_5|-1|self_ret_5|+1|self_compression_20_63|-1,triple,pos_gapz_max_5,-1,self_ret_5,1,self_compression_20_63,-1
triple|pos_gapz_max_5|-1|self_ret_5|+1|self_range_loc_63|+1,triple,pos_gapz_max_5,-1,self_ret_5,1,self_range_loc_63,1
triple|pos_gapz_max_5|-1|self_ret_5|+1|self_range_loc_63|-1,triple,pos_gapz_max_5,-1,self_ret_5,1,self_range_loc_63,-1
triple|pos_gapz_max_5|-1|self_ret_5|-1|self_volume_ratio_5_20|+1,triple,pos_gapz_max_5,-1,self_ret_5,-1,self_volume_ratio_5_20,1
triple|pos_gapz_max_5|-1|self_ret_5|-1|self_volume_ratio_5_20|-1,triple,pos_gapz_max_5,-1,self_ret_5,-1,self_volume_ratio_5_20,-1
triple|pos_gapz_max_5|-1|self_ret_5|-1|self_compression_20_63|+1,triple,pos_gapz_max_5,-1,self_ret_5,-1,self_compression_20_63,1
triple|pos_gapz_max_5|-1|self_ret_5|-1|self_compression_20_63|-1,triple,pos_gapz_max_5,-1,self_ret_5,-1,self_compression_20_63,-1
triple|pos_gapz_max_5|-1|self_ret_5|-1|self_range_loc_63|+1,triple,pos_gapz_max_5,-1,self_ret_5,-1,self_range_loc_63,1
triple|pos_gapz_max_5|-1|self_ret_5|-1|self_range_loc_63|-1,triple,pos_gapz_max_5,-1,self_ret_5,-1,self_range_loc_63,-1
triple|pos_gapz_max_5|-1|self_ret_21|+1|self_volume_ratio_5_20|+1,triple,pos_gapz_max_5,-1,self_ret_21,1,self_volume_ratio_5_20,1
triple|pos_gapz_max_5|-1|self_ret_21|+1|self_volume_ratio_5_20|-1,triple,pos_gapz_max_5,-1,self_ret_21,1,self_volume_ratio_5_20,-1
triple|pos_gapz_max_5|-1|self_ret_21|+1|self_compression_20_63|+1,triple,pos_gapz_max_5,-1,self_ret_21,1,self_compression_20_63,1
triple|pos_gapz_max_5|-1|self_ret_21|+1|self_compression_20_63|-1,triple,pos_gapz_max_5,-1,self_ret_21,1,self_compression_20_63,-1
triple|pos_gapz_max_5|-1|self_ret_21|+1|self_range_loc_63|+1,triple,pos_gapz_max_5,-1,self_ret_21,1,self_range_loc_63,1
triple|pos_gapz_max_5|-1|self_ret_21|+1|self_range_loc_63|-1,triple,pos_gapz_max_5,-1,self_ret_21,1,self_range_loc_63,-1
triple|pos_gapz_max_5|-1|self_ret_21|-1|self_volume_ratio_5_20|+1,triple,pos_gapz_max_5,-1,self_ret_21,-1,self_volume_ratio_5_20,1
triple|pos_gapz_max_5|-1|self_ret_21|-1|self_volume_ratio_5_20|-1,triple,pos_gapz_max_5,-1,self_ret_21,-1,self_volume_ratio_5_20,-1
triple|pos_gapz_max_5|-1|self_ret_21|-1|self_compression_20_63|+1,triple,pos_gapz_max_5,-1,self_ret_21,-1,self_compression_20_63,1
triple|pos_gapz_max_5|-1|self_ret_21|-1|self_compression_20_63|-1,triple,pos_gapz_max_5,-1,self_ret_21,-1,self_compression_20_63,-1
triple|pos_gapz_max_5|-1|self_ret_21|-1|self_range_loc_63|+1,triple,pos_gapz_max_5,-1,self_ret_21,-1,self_range_loc_63,1
triple|pos_gapz_max_5|-1|self_ret_21|-1|self_range_loc_63|-1,triple,pos_gapz_max_5,-1,self_ret_21,-1,self_range_loc_63,-1
triple|pos_gapz_max_5|-1|self_dist_high_63|+1|self_volume_ratio_5_20|+1,triple,pos_gapz_max_5,-1,self_dist_high_63,1,self_volume_ratio_5_20,1
triple|pos_gapz_max_5|-1|self_dist_high_63|+1|self_volume_ratio_5_20|-1,triple,pos_gapz_max_5,-1,self_dist_high_63,1,self_volume_ratio_5_20,-1
triple|pos_gapz_max_5|-1|self_dist_high_63|+1|self_compression_20_63|+1,triple,pos_gapz_max_5,-1,self_dist_high_63,1,self_compression_20_63,1
triple|pos_gapz_max_5|-1|self_dist_high_63|+1|self_compression_20_63|-1,triple,pos_gapz_max_5,-1,self_dist_high_63,1,self_compression_20_63,-1
triple|pos_gapz_max_5|-1|self_dist_high_63|+1|self_range_loc_63|+1,triple,pos_gapz_max_5,-1,self_dist_high_63,1,self_range_loc_63,1
triple|pos_gapz_max_5|-1|self_dist_high_63|+1|self_range_loc_63|-1,triple,pos_gapz_max_5,-1,self_dist_high_63,1,self_range_loc_63,-1
triple|pos_gapz_max_5|-1|self_dist_high_63|-1|self_volume_ratio_5_20|+1,triple,pos_gapz_max_5,-1,self_dist_high_63,-1,self_volume_ratio_5_20,1
triple|pos_gapz_max_5|-1|self_dist_high_63|-1|self_volume_ratio_5_20|-1,triple,pos_gapz_max_5,-1,self_dist_high_63,-1,self_volume_ratio_5_20,-1
triple|pos_gapz_max_5|-1|self_dist_high_63|-1|self_compression_20_63|+1,triple,pos_gapz_max_5,-1,self_dist_high_63,-1,self_compression_20_63,1
triple|pos_gapz_max_5|-1|self_dist_high_63|-1|self_compression_20_63|-1,triple,pos_gapz_max_5,-1,self_dist_high_63,-1,self_compression_20_63,-1
triple|pos_gapz_max_5|-1|self_dist_high_63|-1|self_range_loc_63|+1,triple,pos_gapz_max_5,-1,self_dist_high_63,-1,self_range_loc_63,1
triple|pos_gapz_max_5|-1|self_dist_high_63|-1|self_range_loc_63|-1,triple,pos_gapz_max_5,-1,self_dist_high_63,-1,self_range_loc_63,-1
triple|pos_gapz_max_10|+1|self_ret_5|+1|self_volume_ratio_5_20|+1,triple,pos_gapz_max_10,1,self_ret_5,1,self_volume_ratio_5_20,1
triple|pos_gapz_max_10|+1|self_ret_5|+1|self_volume_ratio_5_20|-1,triple,pos_gapz_max_10,1,self_ret_5,1,self_volume_ratio_5_20,-1
triple|pos_gapz_max_10|+1|self_ret_5|+1|self_compression_20_63|+1,triple,pos_gapz_max_10,1,self_ret_5,1,self_compression_20_63,1
triple|pos_gapz_max_10|+1|self_ret_5|+1|self_compression_20_63|-1,triple,pos_gapz_max_10,1,self_ret_5,1,self_compression_20_63,-1
triple|pos_gapz_max_10|+1|self_ret_5|+1|self_range_loc_63|+1,triple,pos_gapz_max_10,1,self_ret_5,1,self_range_loc_63,1
triple|pos_gapz_max_10|+1|self_ret_5|+1|self_range_loc_63|-1,triple,pos_gapz_max_10,1,self_ret_5,1,self_range_loc_63,-1
triple|pos_gapz_max_10|+1|self_ret_5|-1|self_volume_ratio_5_20|+1,triple,pos_gapz_max_10,1,self_ret_5,-1,self_volume_ratio_5_20,1
triple|pos_gapz_max_10|+1|self_ret_5|-1|self_volume_ratio_5_20|-1,triple,pos_gapz_max_10,1,self_ret_5,-1,self_volume_ratio_5_20,-1
triple|pos_gapz_max_10|+1|self_ret_5|-1|self_compression_20_63|+1,triple,pos_gapz_max_10,1,self_ret_5,-1,self_compression_20_63,1
triple|pos_gapz_max_10|+1|self_ret_5|-1|self_compression_20_63|-1,triple,pos_gapz_max_10,1,self_ret_5,-1,self_compression_20_63,-1
triple|pos_gapz_max_10|+1|self_ret_5|-1|self_range_loc_63|+1,triple,pos_gapz_max_10,1,self_ret_5,-1,self_range_loc_63,1
triple|pos_gapz_max_10|+1|self_ret_5|-1|self_range_loc_63|-1,triple,pos_gapz_max_10,1,self_ret_5,-1,self_range_loc_63,-1
triple|pos_gapz_max_10|+1|self_ret_21|+1|self_volume_ratio_5_20|+1,triple,pos_gapz_max_10,1,self_ret_21,1,self_volume_ratio_5_20,1
triple|pos_gapz_max_10|+1|self_ret_21|+1|self_volume_ratio_5_20|-1,triple,pos_gapz_max_10,1,self_ret_21,1,self_volume_ratio_5_20,-1
triple|pos_gapz_max_10|+1|self_ret_21|+1|self_compression_20_63|+1,triple,pos_gapz_max_10,1,self_ret_21,1,self_compression_20_63,1
triple|pos_gapz_max_10|+1|self_ret_21|+1|self_compression_20_63|-1,triple,pos_gapz_max_10,1,self_ret_21,1,self_compression_20_63,-1
triple|pos_gapz_max_10|+1|self_ret_21|+1|self_range_loc_63|+1,triple,pos_gapz_max_10,1,self_ret_21,1,self_range_loc_63,1
triple|pos_gapz_max_10|+1|self_ret_21|+1|self_range_loc_63|-1,triple,pos_gapz_max_10,1,self_ret_21,1,self_range_loc_63,-1
triple|pos_gapz_max_10|+1|self_ret_21|-1|self_volume_ratio_5_20|+1,triple,pos_gapz_max_10,1,self_ret_21,-1,self_volume_ratio_5_20,1
triple|pos_gapz_max_10|+1|self_ret_21|-1|self_volume_ratio_5_20|-1,triple,pos_gapz_max_10,1,self_ret_21,-1,self_volume_ratio_5_20,-1
triple|pos_gapz_max_10|+1|self_ret_21|-1|self_compression_20_63|+1,triple,pos_gapz_max_10,1,self_ret_21,-1,self_compression_20_63,1
triple|pos_gapz_max_10|+1|self_ret_21|-1|self_compression_20_63|-1,triple,pos_gapz_max_10,1,self_ret_21,-1,self_compression_20_63,-1
triple|pos_gapz_max_10|+1|self_ret_21|-1|self_range_loc_63|+1,triple,pos_gapz_max_10,1,self_ret_21,-1,self_range_loc_63,1
triple|pos_gapz_max_10|+1|self_ret_21|-1|self_range_loc_63|-1,triple,pos_gapz_max_10,1,self_ret_21,-1,self_range_loc_63,-1
triple|pos_gapz_max_10|+1|self_dist_high_63|+1|self_volume_ratio_5_20|+1,triple,pos_gapz_max_10,1,self_dist_high_63,1,self_volume_ratio_5_20,1
triple|pos_gapz_max_10|+1|self_dist_high_63|+1|self_volume_ratio_5_20|-1,triple,pos_gapz_max_10,1,self_dist_high_63,1,self_volume_ratio_5_20,-1
triple|pos_gapz_max_10|+1|self_dist_high_63|+1|self_compression_20_63|+1,triple,pos_gapz_max_10,1,self_dist_high_63,1,self_compression_20_63,1
triple|pos_gapz_max_10|+1|self_dist_high_63|+1|self_compression_20_63|-1,triple,pos_gapz_max_10,1,self_dist_high_63,1,self_compression_20_63,-1
triple|pos_gapz_max_10|+1|self_dist_high_63|+1|self_range_loc_63|+1,triple,pos_gapz_max_10,1,self_dist_high_63,1,self_range_loc_63,1
triple|pos_gapz_max_10|+1|self_dist_high_63|+1|self_range_loc_63|-1,triple,pos_gapz_max_10,1,self_dist_high_63,1,self_range_loc_63,-1
triple|pos_gapz_max_10|+1|self_dist_high_63|-1|self_volume_ratio_5_20|+1,triple,pos_gapz_max_10,1,self_dist_high_63,-1,self_volume_ratio_5_20,1
triple|pos_gapz_max_10|+1|self_dist_high_63|-1|self_volume_ratio_5_20|-1,triple,pos_gapz_max_10,1,self_dist_high_63,-1,self_volume_ratio_5_20,-1
triple|pos_gapz_max_10|+1|self_dist_high_63|-1|self_compression_20_63|+1,triple,pos_gapz_max_10,1,self_dist_high_63,-1,self_compression_20_63,1
triple|pos_gapz_max_10|+1|self_dist_high_63|-1|self_compression_20_63|-1,triple,pos_gapz_max_10,1,self_dist_high_63,-1,self_compression_20_63,-1
triple|pos_gapz_max_10|+1|self_dist_high_63|-1|self_range_loc_63|+1,triple,pos_gapz_max_10,1,self_dist_high_63,-1,self_range_loc_63,1
triple|pos_gapz_max_10|+1|self_dist_high_63|-1|self_range_loc_63|-1,triple,pos_gapz_max_10,1,self_dist_high_63,-1,self_range_loc_63,-1
triple|pos_gapz_max_10|-1|self_ret_5|+1|self_volume_ratio_5_20|+1,triple,pos_gapz_max_10,-1,self_ret_5,1,self_volume_ratio_5_20,1
triple|pos_gapz_max_10|-1|self_ret_5|+1|self_volume_ratio_5_20|-1,triple,pos_gapz_max_10,-1,self_ret_5,1,self_volume_ratio_5_20,-1
triple|pos_gapz_max_10|-1|self_ret_5|+1|self_compression_20_63|+1,triple,pos_gapz_max_10,-1,self_ret_5,1,self_compression_20_63,1
triple|pos_gapz_max_10|-1|self_ret_5|+1|self_compression_20_63|-1,triple,pos_gapz_max_10,-1,self_ret_5,1,self_compression_20_63,-1
triple|pos_gapz_max_10|-1|self_ret_5|+1|self_range_loc_63|+1,triple,pos_gapz_max_10,-1,self_ret_5,1,self_range_loc_63,1
triple|pos_gapz_max_10|-1|self_ret_5|+1|self_range_loc_63|-1,triple,pos_gapz_max_10,-1,self_ret_5,1,self_range_loc_63,-1
triple|pos_gapz_max_10|-1|self_ret_5|-1|self_volume_ratio_5_20|+1,triple,pos_gapz_max_10,-1,self_ret_5,-1,self_volume_ratio_5_20,1
triple|pos_gapz_max_10|-1|self_ret_5|-1|self_volume_ratio_5_20|-1,triple,pos_gapz_max_10,-1,self_ret_5,-1,self_volume_ratio_5_20,-1
triple|pos_gapz_max_10|-1|self_ret_5|-1|self_compression_20_63|+1,triple,pos_gapz_max_10,-1,self_ret_5,-1,self_compression_20_63,1
triple|pos_gapz_max_10|-1|self_ret_5|-1|self_compression_20_63|-1,triple,pos_gapz_max_10,-1,self_ret_5,-1,self_compression_20_63,-1
triple|pos_gapz_max_10|-1|self_ret_5|-1|self_range_loc_63|+1,triple,pos_gapz_max_10,-1,self_ret_5,-1,self_range_loc_63,1
triple|pos_gapz_max_10|-1|self_ret_5|-1|self_range_loc_63|-1,triple,pos_gapz_max_10,-1,self_ret_5,-1,self_range_loc_63,-1
triple|pos_gapz_max_10|-1|self_ret_21|+1|self_volume_ratio_5_20|+1,triple,pos_gapz_max_10,-1,self_ret_21,1,self_volume_ratio_5_20,1
triple|pos_gapz_max_10|-1|self_ret_21|+1|self_volume_ratio_5_20|-1,triple,pos_gapz_max_10,-1,self_ret_21,1,self_volume_ratio_5_20,-1
triple|pos_gapz_max_10|-1|self_ret_21|+1|self_compression_20_63|+1,triple,pos_gapz_max_10,-1,self_ret_21,1,self_compression_20_63,1
triple|pos_gapz_max_10|-1|self_ret_21|+1|self_compression_20_63|-1,triple,pos_gapz_max_10,-1,self_ret_21,1,self_compression_20_63,-1
triple|pos_gapz_max_10|-1|self_ret_21|+1|self_range_loc_63|+1,triple,pos_gapz_max_10,-1,self_ret_21,1,self_range_loc_63,1
triple|pos_gapz_max_10|-1|self_ret_21|+1|self_range_loc_63|-1,triple,pos_gapz_max_10,-1,self_ret_21,1,self_range_loc_63,-1
triple|pos_gapz_max_10|-1|self_ret_21|-1|self_volume_ratio_5_20|+1,triple,pos_gapz_max_10,-1,self_ret_21,-1,self_volume_ratio_5_20,1
triple|pos_gapz_max_10|-1|self_ret_21|-1|self_volume_ratio_5_20|-1,triple,pos_gapz_max_10,-1,self_ret_21,-1,self_volume_ratio_5_20,-1
triple|pos_gapz_max_10|-1|self_ret_21|-1|self_compression_20_63|+1,triple,pos_gapz_max_10,-1,self_ret_21,-1,self_compression_20_63,1
triple|pos_gapz_max_10|-1|self_ret_21|-1|self_compression_20_63|-1,triple,pos_gapz_max_10,-1,self_ret_21,-1,self_compression_20_63,-1
triple|pos_gapz_max_10|-1|self_ret_21|-1|self_range_loc_63|+1,triple,pos_gapz_max_10,-1,self_ret_21,-1,self_range_loc_63,1
triple|pos_gapz_max_10|-1|self_ret_21|-1|self_range_loc_63|-1,triple,pos_gapz_max_10,-1,self_ret_21,-1,self_range_loc_63,-1
triple|pos_gapz_max_10|-1|self_dist_high_63|+1|self_volume_ratio_5_20|+1,triple,pos_gapz_max_10,-1,self_dist_high_63,1,self_volume_ratio_5_20,1
triple|pos_gapz_max_10|-1|self_dist_high_63|+1|self_volume_ratio_5_20|-1,triple,pos_gapz_max_10,-1,self_dist_high_63,1,self_volume_ratio_5_20,-1
triple|pos_gapz_max_10|-1|self_dist_high_63|+1|self_compression_20_63|+1,triple,pos_gapz_max_10,-1,self_dist_high_63,1,self_compression_20_63,1
triple|pos_gapz_max_10|-1|self_dist_high_63|+1|self_compression_20_63|-1,triple,pos_gapz_max_10,-1,self_dist_high_63,1,self_compression_20_63,-1
triple|pos_gapz_max_10|-1|self_dist_high_63|+1|self_range_loc_63|+1,triple,pos_gapz_max_10,-1,self_dist_high_63,1,self_range_loc_63,1
triple|pos_gapz_max_10|-1|self_dist_high_63|+1|self_range_loc_63|-1,triple,pos_gapz_max_10,-1,self_dist_high_63,1,self_range_loc_63,-1
triple|pos_gapz_max_10|-1|self_dist_high_63|-1|self_volume_ratio_5_20|+1,triple,pos_gapz_max_10,-1,self_dist_high_63,-1,self_volume_ratio_5_20,1
triple|pos_gapz_max_10|-1|self_dist_high_63|-1|self_volume_ratio_5_20|-1,triple,pos_gapz_max_10,-1,self_dist_high_63,-1,self_volume_ratio_5_20,-1
triple|pos_gapz_max_10|-1|self_dist_high_63|-1|self_compression_20_63|+1,triple,pos_gapz_max_10,-1,self_dist_high_63,-1,self_compression_20_63,1
triple|pos_gapz_max_10|-1|self_dist_high_63|-1|self_compression_20_63|-1,triple,pos_gapz_max_10,-1,self_dist_high_63,-1,self_compression_20_63,-1
triple|pos_gapz_max_10|-1|self_dist_high_63|-1|self_range_loc_63|+1,triple,pos_gapz_max_10,-1,self_dist_high_63,-1,self_range_loc_63,1
triple|pos_gapz_max_10|-1|self_dist_high_63|-1|self_range_loc_63|-1,triple,pos_gapz_max_10,-1,self_dist_high_63,-1,self_range_loc_63,-1
triple|pos_gapz_max_21|+1|self_ret_5|+1|self_volume_ratio_5_20|+1,triple,pos_gapz_max_21,1,self_ret_5,1,self_volume_ratio_5_20,1
triple|pos_gapz_max_21|+1|self_ret_5|+1|self_volume_ratio_5_20|-1,triple,pos_gapz_max_21,1,self_ret_5,1,self_volume_ratio_5_20,-1
triple|pos_gapz_max_21|+1|self_ret_5|+1|self_compression_20_63|+1,triple,pos_gapz_max_21,1,self_ret_5,1,self_compression_20_63,1
triple|pos_gapz_max_21|+1|self_ret_5|+1|self_compression_20_63|-1,triple,pos_gapz_max_21,1,self_ret_5,1,self_compression_20_63,-1
triple|pos_gapz_max_21|+1|self_ret_5|+1|self_range_loc_63|+1,triple,pos_gapz_max_21,1,self_ret_5,1,self_range_loc_63,1
triple|pos_gapz_max_21|+1|self_ret_5|+1|self_range_loc_63|-1,triple,pos_gapz_max_21,1,self_ret_5,1,self_range_loc_63,-1
triple|pos_gapz_max_21|+1|self_ret_5|-1|self_volume_ratio_5_20|+1,triple,pos_gapz_max_21,1,self_ret_5,-1,self_volume_ratio_5_20,1
triple|pos_gapz_max_21|+1|self_ret_5|-1|self_volume_ratio_5_20|-1,triple,pos_gapz_max_21,1,self_ret_5,-1,self_volume_ratio_5_20,-1
triple|pos_gapz_max_21|+1|self_ret_5|-1|self_compression_20_63|+1,triple,pos_gapz_max_21,1,self_ret_5,-1,self_compression_20_63,1
triple|pos_gapz_max_21|+1|self_ret_5|-1|self_compression_20_63|-1,triple,pos_gapz_max_21,1,self_ret_5,-1,self_compression_20_63,-1
triple|pos_gapz_max_21|+1|self_ret_5|-1|self_range_loc_63|+1,triple,pos_gapz_max_21,1,self_ret_5,-1,self_range_loc_63,1
triple|pos_gapz_max_21|+1|self_ret_5|-1|self_range_loc_63|-1,triple,pos_gapz_max_21,1,self_ret_5,-1,self_range_loc_63,-1
triple|pos_gapz_max_21|+1|self_ret_21|+1|self_volume_ratio_5_20|+1,triple,pos_gapz_max_21,1,self_ret_21,1,self_volume_ratio_5_20,1
triple|pos_gapz_max_21|+1|self_ret_21|+1|self_volume_ratio_5_20|-1,triple,pos_gapz_max_21,1,self_ret_21,1,self_volume_ratio_5_20,-1
triple|pos_gapz_max_21|+1|self_ret_21|+1|self_compression_20_63|+1,triple,pos_gapz_max_21,1,self_ret_21,1,self_compression_20_63,1
triple|pos_gapz_max_21|+1|self_ret_21|+1|self_compression_20_63|-1,triple,pos_gapz_max_21,1,self_ret_21,1,self_compression_20_63,-1
triple|pos_gapz_max_21|+1|self_ret_21|+1|self_range_loc_63|+1,triple,pos_gapz_max_21,1,self_ret_21,1,self_range_loc_63,1
triple|pos_gapz_max_21|+1|self_ret_21|+1|self_range_loc_63|-1,triple,pos_gapz_max_21,1,self_ret_21,1,self_range_loc_63,-1
triple|pos_gapz_max_21|+1|self_ret_21|-1|self_volume_ratio_5_20|+1,triple,pos_gapz_max_21,1,self_ret_21,-1,self_volume_ratio_5_20,1
triple|pos_gapz_max_21|+1|self_ret_21|-1|self_volume_ratio_5_20|-1,triple,pos_gapz_max_21,1,self_ret_21,-1,self_volume_ratio_5_20,-1
triple|pos_gapz_max_21|+1|self_ret_21|-1|self_compression_20_63|+1,triple,pos_gapz_max_21,1,self_ret_21,-1,self_compression_20_63,1
triple|pos_gapz_max_21|+1|self_ret_21|-1|self_compression_20_63|-1,triple,pos_gapz_max_21,1,self_ret_21,-1,self_compression_20_63,-1
triple|pos_gapz_max_21|+1|self_ret_21|-1|self_range_loc_63|+1,triple,pos_gapz_max_21,1,self_ret_21,-1,self_range_loc_63,1
triple|pos_gapz_max_21|+1|self_ret_21|-1|self_range_loc_63|-1,triple,pos_gapz_max_21,1,self_ret_21,-1,self_range_loc_63,-1
triple|pos_gapz_max_21|+1|self_dist_high_63|+1|self_volume_ratio_5_20|+1,triple,pos_gapz_max_21,1,self_dist_high_63,1,self_volume_ratio_5_20,1
triple|pos_gapz_max_21|+1|self_dist_high_63|+1|self_volume_ratio_5_20|-1,triple,pos_gapz_max_21,1,self_dist_high_63,1,self_volume_ratio_5_20,-1
triple|pos_gapz_max_21|+1|self_dist_high_63|+1|self_compression_20_63|+1,triple,pos_gapz_max_21,1,self_dist_high_63,1,self_compression_20_63,1
triple|pos_gapz_max_21|+1|self_dist_high_63|+1|self_compression_20_63|-1,triple,pos_gapz_max_21,1,self_dist_high_63,1,self_compression_20_63,-1
triple|pos_gapz_max_21|+1|self_dist_high_63|+1|self_range_loc_63|+1,triple,pos_gapz_max_21,1,self_dist_high_63,1,self_range_loc_63,1
triple|pos_gapz_max_21|+1|self_dist_high_63|+1|self_range_loc_63|-1,triple,pos_gapz_max_21,1,self_dist_high_63,1,self_range_loc_63,-1
triple|pos_gapz_max_21|+1|self_dist_high_63|-1|self_volume_ratio_5_20|+1,triple,pos_gapz_max_21,1,self_dist_high_63,-1,self_volume_ratio_5_20,1
triple|pos_gapz_max_21|+1|self_dist_high_63|-1|self_volume_ratio_5_20|-1,triple,pos_gapz_max_21,1,self_dist_high_63,-1,self_volume_ratio_5_20,-1
triple|pos_gapz_max_21|+1|self_dist_high_63|-1|self_compression_20_63|+1,triple,pos_gapz_max_21,1,self_dist_high_63,-1,self_compression_20_63,1
triple|pos_gapz_max_21|+1|self_dist_high_63|-1|self_compression_20_63|-1,triple,pos_gapz_max_21,1,self_dist_high_63,-1,self_compression_20_63,-1
triple|pos_gapz_max_21|+1|self_dist_high_63|-1|self_range_loc_63|+1,triple,pos_gapz_max_21,1,self_dist_high_63,-1,self_range_loc_63,1
triple|pos_gapz_max_21|+1|self_dist_high_63|-1|self_range_loc_63|-1,triple,pos_gapz_max_21,1,self_dist_high_63,-1,self_range_loc_63,-1
triple|pos_gapz_max_21|-1|self_ret_5|+1|self_volume_ratio_5_20|+1,triple,pos_gapz_max_21,-1,self_ret_5,1,self_volume_ratio_5_20,1
triple|pos_gapz_max_21|-1|self_ret_5|+1|self_volume_ratio_5_20|-1,triple,pos_gapz_max_21,-1,self_ret_5,1,self_volume_ratio_5_20,-1
triple|pos_gapz_max_21|-1|self_ret_5|+1|self_compression_20_63|+1,triple,pos_gapz_max_21,-1,self_ret_5,1,self_compression_20_63,1
triple|pos_gapz_max_21|-1|self_ret_5|+1|self_compression_20_63|-1,triple,pos_gapz_max_21,-1,self_ret_5,1,self_compression_20_63,-1
triple|pos_gapz_max_21|-1|self_ret_5|+1|self_range_loc_63|+1,triple,pos_gapz_max_21,-1,self_ret_5,1,self_range_loc_63,1
triple|pos_gapz_max_21|-1|self_ret_5|+1|self_range_loc_63|-1,triple,pos_gapz_max_21,-1,self_ret_5,1,self_range_loc_63,-1
triple|pos_gapz_max_21|-1|self_ret_5|-1|self_volume_ratio_5_20|+1,triple,pos_gapz_max_21,-1,self_ret_5,-1,self_volume_ratio_5_20,1
triple|pos_gapz_max_21|-1|self_ret_5|-1|self_volume_ratio_5_20|-1,triple,pos_gapz_max_21,-1,self_ret_5,-1,self_volume_ratio_5_20,-1
triple|pos_gapz_max_21|-1|self_ret_5|-1|self_compression_20_63|+1,triple,pos_gapz_max_21,-1,self_ret_5,-1,self_compression_20_63,1
triple|pos_gapz_max_21|-1|self_ret_5|-1|self_compression_20_63|-1,triple,pos_gapz_max_21,-1,self_ret_5,-1,self_compression_20_63,-1
triple|pos_gapz_max_21|-1|self_ret_5|-1|self_range_loc_63|+1,triple,pos_gapz_max_21,-1,self_ret_5,-1,self_range_loc_63,1
triple|pos_gapz_max_21|-1|self_ret_5|-1|self_range_loc_63|-1,triple,pos_gapz_max_21,-1,self_ret_5,-1,self_range_loc_63,-1
triple|pos_gapz_max_21|-1|self_ret_21|+1|self_volume_ratio_5_20|+1,triple,pos_gapz_max_21,-1,self_ret_21,1,self_volume_ratio_5_20,1
triple|pos_gapz_max_21|-1|self_ret_21|+1|self_volume_ratio_5_20|-1,triple,pos_gapz_max_21,-1,self_ret_21,1,self_volume_ratio_5_20,-1
triple|pos_gapz_max_21|-1|self_ret_21|+1|self_compression_20_63|+1,triple,pos_gapz_max_21,-1,self_ret_21,1,self_compression_20_63,1
triple|pos_gapz_max_21|-1|self_ret_21|+1|self_compression_20_63|-1,triple,pos_gapz_max_21,-1,self_ret_21,1,self_compression_20_63,-1
triple|pos_gapz_max_21|-1|self_ret_21|+1|self_range_loc_63|+1,triple,pos_gapz_max_21,-1,self_ret_21,1,self_range_loc_63,1
triple|pos_gapz_max_21|-1|self_ret_21|+1|self_range_loc_63|-1,triple,pos_gapz_max_21,-1,self_ret_21,1,self_range_loc_63,-1
triple|pos_gapz_max_21|-1|self_ret_21|-1|self_volume_ratio_5_20|+1,triple,pos_gapz_max_21,-1,self_ret_21,-1,self_volume_ratio_5_20,1
triple|pos_gapz_max_21|-1|self_ret_21|-1|self_volume_ratio_5_20|-1,triple,pos_gapz_max_21,-1,self_ret_21,-1,self_volume_ratio_5_20,-1
triple|pos_gapz_max_21|-1|self_ret_21|-1|self_compression_20_63|+1,triple,pos_gapz_max_21,-1,self_ret_21,-1,self_compression_20_63,1
triple|pos_gapz_max_21|-1|self_ret_21|-1|self_compression_20_63|-1,triple,pos_gapz_max_21,-1,self_ret_21,-1,self_compression_20_63,-1
triple|pos_gapz_max_21|-1|self_ret_21|-1|self_range_loc_63|+1,triple,pos_gapz_max_21,-1,self_ret_21,-1,self_range_loc_63,1
triple|pos_gapz_max_21|-1|self_ret_21|-1|self_range_loc_63|-1,triple,pos_gapz_max_21,-1,self_ret_21,-1,self_range_loc_63,-1
triple|pos_gapz_max_21|-1|self_dist_high_63|+1|self_volume_ratio_5_20|+1,triple,pos_gapz_max_21,-1,self_dist_high_63,1,self_volume_ratio_5_20,1
triple|pos_gapz_max_21|-1|self_dist_high_63|+1|self_volume_ratio_5_20|-1,triple,pos_gapz_max_21,-1,self_dist_high_63,1,self_volume_ratio_5_20,-1
triple|pos_gapz_max_21|-1|self_dist_high_63|+1|self_compression_20_63|+1,triple,pos_gapz_max_21,-1,self_dist_high_63,1,self_compression_20_63,1
triple|pos_gapz_max_21|-1|self_dist_high_63|+1|self_compression_20_63|-1,triple,pos_gapz_max_21,-1,self_dist_high_63,1,self_compression_20_63,-1
triple|pos_gapz_max_21|-1|self_dist_high_63|+1|self_range_loc_63|+1,triple,pos_gapz_max_21,-1,self_dist_high_63,1,self_range_loc_63,1
triple|pos_gapz_max_21|-1|self_dist_high_63|+1|self_range_loc_63|-1,triple,pos_gapz_max_21,-1,self_dist_high_63,1,self_range_loc_63,-1
triple|pos_gapz_max_21|-1|self_dist_high_63|-1|self_volume_ratio_5_20|+1,triple,pos_gapz_max_21,-1,self_dist_high_63,-1,self_volume_ratio_5_20,1
triple|pos_gapz_max_21|-1|self_dist_high_63|-1|self_volume_ratio_5_20|-1,triple,pos_gapz_max_21,-1,self_dist_high_63,-1,self_volume_ratio_5_20,-1
triple|pos_gapz_max_21|-1|self_dist_high_63|-1|self_compression_20_63|+1,triple,pos_gapz_max_21,-1,self_dist_high_63,-1,self_compression_20_63,1
triple|pos_gapz_max_21|-1|self_dist_high_63|-1|self_compression_20_63|-1,triple,pos_gapz_max_21,-1,self_dist_high_63,-1,self_compression_20_63,-1
triple|pos_gapz_max_21|-1|self_dist_high_63|-1|self_range_loc_63|+1,triple,pos_gapz_max_21,-1,self_dist_high_63,-1,self_range_loc_63,1
triple|pos_gapz_max_21|-1|self_dist_high_63|-1|self_range_loc_63|-1,triple,pos_gapz_max_21,-1,self_dist_high_63,-1,self_range_loc_63,-1
triple|neg_gapz_max_5|+1|self_ret_5|+1|self_volume_ratio_5_20|+1,triple,neg_gapz_max_5,1,self_ret_5,1,self_volume_ratio_5_20,1
triple|neg_gapz_max_5|+1|self_ret_5|+1|self_volume_ratio_5_20|-1,triple,neg_gapz_max_5,1,self_ret_5,1,self_volume_ratio_5_20,-1
triple|neg_gapz_max_5|+1|self_ret_5|+1|self_compression_20_63|+1,triple,neg_gapz_max_5,1,self_ret_5,1,self_compression_20_63,1
triple|neg_gapz_max_5|+1|self_ret_5|+1|self_compression_20_63|-1,triple,neg_gapz_max_5,1,self_ret_5,1,self_compression_20_63,-1
triple|neg_gapz_max_5|+1|self_ret_5|+1|self_range_loc_63|+1,triple,neg_gapz_max_5,1,self_ret_5,1,self_range_loc_63,1
triple|neg_gapz_max_5|+1|self_ret_5|+1|self_range_loc_63|-1,triple,neg_gapz_max_5,1,self_ret_5,1,self_range_loc_63,-1
triple|neg_gapz_max_5|+1|self_ret_5|-1|self_volume_ratio_5_20|+1,triple,neg_gapz_max_5,1,self_ret_5,-1,self_volume_ratio_5_20,1
triple|neg_gapz_max_5|+1|self_ret_5|-1|self_volume_ratio_5_20|-1,triple,neg_gapz_max_5,1,self_ret_5,-1,self_volume_ratio_5_20,-1
triple|neg_gapz_max_5|+1|self_ret_5|-1|self_compression_20_63|+1,triple,neg_gapz_max_5,1,self_ret_5,-1,self_compression_20_63,1
triple|neg_gapz_max_5|+1|self_ret_5|-1|self_compression_20_63|-1,triple,neg_gapz_max_5,1,self_ret_5,-1,self_compression_20_63,-1
triple|neg_gapz_max_5|+1|self_ret_5|-1|self_range_loc_63|+1,triple,neg_gapz_max_5,1,self_ret_5,-1,self_range_loc_63,1
triple|neg_gapz_max_5|+1|self_ret_5|-1|self_range_loc_63|-1,triple,neg_gapz_max_5,1,self_ret_5,-1,self_range_loc_63,-1
triple|neg_gapz_max_5|+1|self_ret_21|+1|self_volume_ratio_5_20|+1,triple,neg_gapz_max_5,1,self_ret_21,1,self_volume_ratio_5_20,1
triple|neg_gapz_max_5|+1|self_ret_21|+1|self_volume_ratio_5_20|-1,triple,neg_gapz_max_5,1,self_ret_21,1,self_volume_ratio_5_20,-1
triple|neg_gapz_max_5|+1|self_ret_21|+1|self_compression_20_63|+1,triple,neg_gapz_max_5,1,self_ret_21,1,self_compression_20_63,1
triple|neg_gapz_max_5|+1|self_ret_21|+1|self_compression_20_63|-1,triple,neg_gapz_max_5,1,self_ret_21,1,self_compression_20_63,-1
triple|neg_gapz_max_5|+1|self_ret_21|+1|self_range_loc_63|+1,triple,neg_gapz_max_5,1,self_ret_21,1,self_range_loc_63,1
triple|neg_gapz_max_5|+1|self_ret_21|+1|self_range_loc_63|-1,triple,neg_gapz_max_5,1,self_ret_21,1,self_range_loc_63,-1
triple|neg_gapz_max_5|+1|self_ret_21|-1|self_volume_ratio_5_20|+1,triple,neg_gapz_max_5,1,self_ret_21,-1,self_volume_ratio_5_20,1
triple|neg_gapz_max_5|+1|self_ret_21|-1|self_volume_ratio_5_20|-1,triple,neg_gapz_max_5,1,self_ret_21,-1,self_volume_ratio_5_20,-1
triple|neg_gapz_max_5|+1|self_ret_21|-1|self_compression_20_63|+1,triple,neg_gapz_max_5,1,self_ret_21,-1,self_compression_20_63,1
triple|neg_gapz_max_5|+1|self_ret_21|-1|self_compression_20_63|-1,triple,neg_gapz_max_5,1,self_ret_21,-1,self_compression_20_63,-1
triple|neg_gapz_max_5|+1|self_ret_21|-1|self_range_loc_63|+1,triple,neg_gapz_max_5,1,self_ret_21,-1,self_range_loc_63,1
triple|neg_gapz_max_5|+1|self_ret_21|-1|self_range_loc_63|-1,triple,neg_gapz_max_5,1,self_ret_21,-1,self_range_loc_63,-1
triple|neg_gapz_max_5|+1|self_dist_high_63|+1|self_volume_ratio_5_20|+1,triple,neg_gapz_max_5,1,self_dist_high_63,1,self_volume_ratio_5_20,1
triple|neg_gapz_max_5|+1|self_dist_high_63|+1|self_volume_ratio_5_20|-1,triple,neg_gapz_max_5,1,self_dist_high_63,1,self_volume_ratio_5_20,-1
triple|neg_gapz_max_5|+1|self_dist_high_63|+1|self_compression_20_63|+1,triple,neg_gapz_max_5,1,self_dist_high_63,1,self_compression_20_63,1
triple|neg_gapz_max_5|+1|self_dist_high_63|+1|self_compression_20_63|-1,triple,neg_gapz_max_5,1,self_dist_high_63,1,self_compression_20_63,-1
triple|neg_gapz_max_5|+1|self_dist_high_63|+1|self_range_loc_63|+1,triple,neg_gapz_max_5,1,self_dist_high_63,1,self_range_loc_63,1
triple|neg_gapz_max_5|+1|self_dist_high_63|+1|self_range_loc_63|-1,triple,neg_gapz_max_5,1,self_dist_high_63,1,self_range_loc_63,-1
triple|neg_gapz_max_5|+1|self_dist_high_63|-1|self_volume_ratio_5_20|+1,triple,neg_gapz_max_5,1,self_dist_high_63,-1,self_volume_ratio_5_20,1
triple|neg_gapz_max_5|+1|self_dist_high_63|-1|self_volume_ratio_5_20|-1,triple,neg_gapz_max_5,1,self_dist_high_63,-1,self_volume_ratio_5_20,-1
triple|neg_gapz_max_5|+1|self_dist_high_63|-1|self_compression_20_63|+1,triple,neg_gapz_max_5,1,self_dist_high_63,-1,self_compression_20_63,1
triple|neg_gapz_max_5|+1|self_dist_high_63|-1|self_compression_20_63|-1,triple,neg_gapz_max_5,1,self_dist_high_63,-1,self_compression_20_63,-1
triple|neg_gapz_max_5|+1|self_dist_high_63|-1|self_range_loc_63|+1,triple,neg_gapz_max_5,1,self_dist_high_63,-1,self_range_loc_63,1
triple|neg_gapz_max_5|+1|self_dist_high_63|-1|self_range_loc_63|-1,triple,neg_gapz_max_5,1,self_dist_high_63,-1,self_range_loc_63,-1
triple|neg_gapz_max_5|-1|self_ret_5|+1|self_volume_ratio_5_20|+1,triple,neg_gapz_max_5,-1,self_ret_5,1,self_volume_ratio_5_20,1
triple|neg_gapz_max_5|-1|self_ret_5|+1|self_volume_ratio_5_20|-1,triple,neg_gapz_max_5,-1,self_ret_5,1,self_volume_ratio_5_20,-1
triple|neg_gapz_max_5|-1|self_ret_5|+1|self_compression_20_63|+1,triple,neg_gapz_max_5,-1,self_ret_5,1,self_compression_20_63,1
triple|neg_gapz_max_5|-1|self_ret_5|+1|self_compression_20_63|-1,triple,neg_gapz_max_5,-1,self_ret_5,1,self_compression_20_63,-1
triple|neg_gapz_max_5|-1|self_ret_5|+1|self_range_loc_63|+1,triple,neg_gapz_max_5,-1,self_ret_5,1,self_range_loc_63,1
triple|neg_gapz_max_5|-1|self_ret_5|+1|self_range_loc_63|-1,triple,neg_gapz_max_5,-1,self_ret_5,1,self_range_loc_63,-1
triple|neg_gapz_max_5|-1|self_ret_5|-1|self_volume_ratio_5_20|+1,triple,neg_gapz_max_5,-1,self_ret_5,-1,self_volume_ratio_5_20,1
triple|neg_gapz_max_5|-1|self_ret_5|-1|self_volume_ratio_5_20|-1,triple,neg_gapz_max_5,-1,self_ret_5,-1,self_volume_ratio_5_20,-1
triple|neg_gapz_max_5|-1|self_ret_5|-1|self_compression_20_63|+1,triple,neg_gapz_max_5,-1,self_ret_5,-1,self_compression_20_63,1
triple|neg_gapz_max_5|-1|self_ret_5|-1|self_compression_20_63|-1,triple,neg_gapz_max_5,-1,self_ret_5,-1,self_compression_20_63,-1
triple|neg_gapz_max_5|-1|self_ret_5|-1|self_range_loc_63|+1,triple,neg_gapz_max_5,-1,self_ret_5,-1,self_range_loc_63,1
triple|neg_gapz_max_5|-1|self_ret_5|-1|self_range_loc_63|-1,triple,neg_gapz_max_5,-1,self_ret_5,-1,self_range_loc_63,-1
triple|neg_gapz_max_5|-1|self_ret_21|+1|self_volume_ratio_5_20|+1,triple,neg_gapz_max_5,-1,self_ret_21,1,self_volume_ratio_5_20,1
triple|neg_gapz_max_5|-1|self_ret_21|+1|self_volume_ratio_5_20|-1,triple,neg_gapz_max_5,-1,self_ret_21,1,self_volume_ratio_5_20,-1
triple|neg_gapz_max_5|-1|self_ret_21|+1|self_compression_20_63|+1,triple,neg_gapz_max_5,-1,self_ret_21,1,self_compression_20_63,1
triple|neg_gapz_max_5|-1|self_ret_21|+1|self_compression_20_63|-1,triple,neg_gapz_max_5,-1,self_ret_21,1,self_compression_20_63,-1
triple|neg_gapz_max_5|-1|self_ret_21|+1|self_range_loc_63|+1,triple,neg_gapz_max_5,-1,self_ret_21,1,self_range_loc_63,1
triple|neg_gapz_max_5|-1|self_ret_21|+1|self_range_loc_63|-1,triple,neg_gapz_max_5,-1,self_ret_21,1,self_range_loc_63,-1
triple|neg_gapz_max_5|-1|self_ret_21|-1|self_volume_ratio_5_20|+1,triple,neg_gapz_max_5,-1,self_ret_21,-1,self_volume_ratio_5_20,1
triple|neg_gapz_max_5|-1|self_ret_21|-1|self_volume_ratio_5_20|-1,triple,neg_gapz_max_5,-1,self_ret_21,-1,self_volume_ratio_5_20,-1
triple|neg_gapz_max_5|-1|self_ret_21|-1|self_compression_20_63|+1,triple,neg_gapz_max_5,-1,self_ret_21,-1,self_compression_20_63,1
triple|neg_gapz_max_5|-1|self_ret_21|-1|self_compression_20_63|-1,triple,neg_gapz_max_5,-1,self_ret_21,-1,self_compression_20_63,-1
triple|neg_gapz_max_5|-1|self_ret_21|-1|self_range_loc_63|+1,triple,neg_gapz_max_5,-1,self_ret_21,-1,self_range_loc_63,1
triple|neg_gapz_max_5|-1|self_ret_21|-1|self_range_loc_63|-1,triple,neg_gapz_max_5,-1,self_ret_21,-1,self_range_loc_63,-1
triple|neg_gapz_max_5|-1|self_dist_high_63|+1|self_volume_ratio_5_20|+1,triple,neg_gapz_max_5,-1,self_dist_high_63,1,self_volume_ratio_5_20,1
triple|neg_gapz_max_5|-1|self_dist_high_63|+1|self_volume_ratio_5_20|-1,triple,neg_gapz_max_5,-1,self_dist_high_63,1,self_volume_ratio_5_20,-1
triple|neg_gapz_max_5|-1|self_dist_high_63|+1|self_compression_20_63|+1,triple,neg_gapz_max_5,-1,self_dist_high_63,1,self_compression_20_63,1
triple|neg_gapz_max_5|-1|self_dist_high_63|+1|self_compression_20_63|-1,triple,neg_gapz_max_5,-1,self_dist_high_63,1,self_compression_20_63,-1
triple|neg_gapz_max_5|-1|self_dist_high_63|+1|self_range_loc_63|+1,triple,neg_gapz_max_5,-1,self_dist_high_63,1,self_range_loc_63,1
triple|neg_gapz_max_5|-1|self_dist_high_63|+1|self_range_loc_63|-1,triple,neg_gapz_max_5,-1,self_dist_high_63,1,self_range_loc_63,-1
triple|neg_gapz_max_5|-1|self_dist_high_63|-1|self_volume_ratio_5_20|+1,triple,neg_gapz_max_5,-1,self_dist_high_63,-1,self_volume_ratio_5_20,1
triple|neg_gapz_max_5|-1|self_dist_high_63|-1|self_volume_ratio_5_20|-1,triple,neg_gapz_max_5,-1,self_dist_high_63,-1,self_volume_ratio_5_20,-1
triple|neg_gapz_max_5|-1|self_dist_high_63|-1|self_compression_20_63|+1,triple,neg_gapz_max_5,-1,self_dist_high_63,-1,self_compression_20_63,1
triple|neg_gapz_max_5|-1|self_dist_high_63|-1|self_compression_20_63|-1,triple,neg_gapz_max_5,-1,self_dist_high_63,-1,self_compression_20_63,-1
triple|neg_gapz_max_5|-1|self_dist_high_63|-1|self_range_loc_63|+1,triple,neg_gapz_max_5,-1,self_dist_high_63,-1,self_range_loc_63,1
triple|neg_gapz_max_5|-1|self_dist_high_63|-1|self_range_loc_63|-1,triple,neg_gapz_max_5,-1,self_dist_high_63,-1,self_range_loc_63,-1
triple|neg_gapz_max_10|+1|self_ret_5|+1|self_volume_ratio_5_20|+1,triple,neg_gapz_max_10,1,self_ret_5,1,self_volume_ratio_5_20,1
triple|neg_gapz_max_10|+1|self_ret_5|+1|self_volume_ratio_5_20|-1,triple,neg_gapz_max_10,1,self_ret_5,1,self_volume_ratio_5_20,-1
triple|neg_gapz_max_10|+1|self_ret_5|+1|self_compression_20_63|+1,triple,neg_gapz_max_10,1,self_ret_5,1,self_compression_20_63,1
triple|neg_gapz_max_10|+1|self_ret_5|+1|self_compression_20_63|-1,triple,neg_gapz_max_10,1,self_ret_5,1,self_compression_20_63,-1
triple|neg_gapz_max_10|+1|self_ret_5|+1|self_range_loc_63|+1,triple,neg_gapz_max_10,1,self_ret_5,1,self_range_loc_63,1
triple|neg_gapz_max_10|+1|self_ret_5|+1|self_range_loc_63|-1,triple,neg_gapz_max_10,1,self_ret_5,1,self_range_loc_63,-1
triple|neg_gapz_max_10|+1|self_ret_5|-1|self_volume_ratio_5_20|+1,triple,neg_gapz_max_10,1,self_ret_5,-1,self_volume_ratio_5_20,1
triple|neg_gapz_max_10|+1|self_ret_5|-1|self_volume_ratio_5_20|-1,triple,neg_gapz_max_10,1,self_ret_5,-1,self_volume_ratio_5_20,-1
triple|neg_gapz_max_10|+1|self_ret_5|-1|self_compression_20_63|+1,triple,neg_gapz_max_10,1,self_ret_5,-1,self_compression_20_63,1
triple|neg_gapz_max_10|+1|self_ret_5|-1|self_compression_20_63|-1,triple,neg_gapz_max_10,1,self_ret_5,-1,self_compression_20_63,-1
triple|neg_gapz_max_10|+1|self_ret_5|-1|self_range_loc_63|+1,triple,neg_gapz_max_10,1,self_ret_5,-1,self_range_loc_63,1
triple|neg_gapz_max_10|+1|self_ret_5|-1|self_range_loc_63|-1,triple,neg_gapz_max_10,1,self_ret_5,-1,self_range_loc_63,-1
triple|neg_gapz_max_10|+1|self_ret_21|+1|self_volume_ratio_5_20|+1,triple,neg_gapz_max_10,1,self_ret_21,1,self_volume_ratio_5_20,1
triple|neg_gapz_max_10|+1|self_ret_21|+1|self_volume_ratio_5_20|-1,triple,neg_gapz_max_10,1,self_ret_21,1,self_volume_ratio_5_20,-1
triple|neg_gapz_max_10|+1|self_ret_21|+1|self_compression_20_63|+1,triple,neg_gapz_max_10,1,self_ret_21,1,self_compression_20_63,1
triple|neg_gapz_max_10|+1|self_ret_21|+1|self_compression_20_63|-1,triple,neg_gapz_max_10,1,self_ret_21,1,self_compression_20_63,-1
triple|neg_gapz_max_10|+1|self_ret_21|+1|self_range_loc_63|+1,triple,neg_gapz_max_10,1,self_ret_21,1,self_range_loc_63,1
triple|neg_gapz_max_10|+1|self_ret_21|+1|self_range_loc_63|-1,triple,neg_gapz_max_10,1,self_ret_21,1,self_range_loc_63,-1
triple|neg_gapz_max_10|+1|self_ret_21|-1|self_volume_ratio_5_20|+1,triple,neg_gapz_max_10,1,self_ret_21,-1,self_volume_ratio_5_20,1
triple|neg_gapz_max_10|+1|self_ret_21|-1|self_volume_ratio_5_20|-1,triple,neg_gapz_max_10,1,self_ret_21,-1,self_volume_ratio_5_20,-1
triple|neg_gapz_max_10|+1|self_ret_21|-1|self_compression_20_63|+1,triple,neg_gapz_max_10,1,self_ret_21,-1,self_compression_20_63,1
triple|neg_gapz_max_10|+1|self_ret_21|-1|self_compression_20_63|-1,triple,neg_gapz_max_10,1,self_ret_21,-1,self_compression_20_63,-1
triple|neg_gapz_max_10|+1|self_ret_21|-1|self_range_loc_63|+1,triple,neg_gapz_max_10,1,self_ret_21,-1,self_range_loc_63,1
triple|neg_gapz_max_10|+1|self_ret_21|-1|self_range_loc_63|-1,triple,neg_gapz_max_10,1,self_ret_21,-1,self_range_loc_63,-1
triple|neg_gapz_max_10|+1|self_dist_high_63|+1|self_volume_ratio_5_20|+1,triple,neg_gapz_max_10,1,self_dist_high_63,1,self_volume_ratio_5_20,1
triple|neg_gapz_max_10|+1|self_dist_high_63|+1|self_volume_ratio_5_20|-1,triple,neg_gapz_max_10,1,self_dist_high_63,1,self_volume_ratio_5_20,-1
triple|neg_gapz_max_10|+1|self_dist_high_63|+1|self_compression_20_63|+1,triple,neg_gapz_max_10,1,self_dist_high_63,1,self_compression_20_63,1
triple|neg_gapz_max_10|+1|self_dist_high_63|+1|self_compression_20_63|-1,triple,neg_gapz_max_10,1,self_dist_high_63,1,self_compression_20_63,-1
triple|neg_gapz_max_10|+1|self_dist_high_63|+1|self_range_loc_63|+1,triple,neg_gapz_max_10,1,self_dist_high_63,1,self_range_loc_63,1
triple|neg_gapz_max_10|+1|self_dist_high_63|+1|self_range_loc_63|-1,triple,neg_gapz_max_10,1,self_dist_high_63,1,self_range_loc_63,-1
triple|neg_gapz_max_10|+1|self_dist_high_63|-1|self_volume_ratio_5_20|+1,triple,neg_gapz_max_10,1,self_dist_high_63,-1,self_volume_ratio_5_20,1
triple|neg_gapz_max_10|+1|self_dist_high_63|-1|self_volume_ratio_5_20|-1,triple,neg_gapz_max_10,1,self_dist_high_63,-1,self_volume_ratio_5_20,-1
triple|neg_gapz_max_10|+1|self_dist_high_63|-1|self_compression_20_63|+1,triple,neg_gapz_max_10,1,self_dist_high_63,-1,self_compression_20_63,1
triple|neg_gapz_max_10|+1|self_dist_high_63|-1|self_compression_20_63|-1,triple,neg_gapz_max_10,1,self_dist_high_63,-1,self_compression_20_63,-1
triple|neg_gapz_max_10|+1|self_dist_high_63|-1|self_range_loc_63|+1,triple,neg_gapz_max_10,1,self_dist_high_63,-1,self_range_loc_63,1
triple|neg_gapz_max_10|+1|self_dist_high_63|-1|self_range_loc_63|-1,triple,neg_gapz_max_10,1,self_dist_high_63,-1,self_range_loc_63,-1
triple|neg_gapz_max_10|-1|self_ret_5|+1|self_volume_ratio_5_20|+1,triple,neg_gapz_max_10,-1,self_ret_5,1,self_volume_ratio_5_20,1
triple|neg_gapz_max_10|-1|self_ret_5|+1|self_volume_ratio_5_20|-1,triple,neg_gapz_max_10,-1,self_ret_5,1,self_volume_ratio_5_20,-1
triple|neg_gapz_max_10|-1|self_ret_5|+1|self_compression_20_63|+1,triple,neg_gapz_max_10,-1,self_ret_5,1,self_compression_20_63,1
triple|neg_gapz_max_10|-1|self_ret_5|+1|self_compression_20_63|-1,triple,neg_gapz_max_10,-1,self_ret_5,1,self_compression_20_63,-1
triple|neg_gapz_max_10|-1|self_ret_5|+1|self_range_loc_63|+1,triple,neg_gapz_max_10,-1,self_ret_5,1,self_range_loc_63,1
triple|neg_gapz_max_10|-1|self_ret_5|+1|self_range_loc_63|-1,triple,neg_gapz_max_10,-1,self_ret_5,1,self_range_loc_63,-1
triple|neg_gapz_max_10|-1|self_ret_5|-1|self_volume_ratio_5_20|+1,triple,neg_gapz_max_10,-1,self_ret_5,-1,self_volume_ratio_5_20,1
triple|neg_gapz_max_10|-1|self_ret_5|-1|self_volume_ratio_5_20|-1,triple,neg_gapz_max_10,-1,self_ret_5,-1,self_volume_ratio_5_20,-1
triple|neg_gapz_max_10|-1|self_ret_5|-1|self_compression_20_63|+1,triple,neg_gapz_max_10,-1,self_ret_5,-1,self_compression_20_63,1
triple|neg_gapz_max_10|-1|self_ret_5|-1|self_compression_20_63|-1,triple,neg_gapz_max_10,-1,self_ret_5,-1,self_compression_20_63,-1
triple|neg_gapz_max_10|-1|self_ret_5|-1|self_range_loc_63|+1,triple,neg_gapz_max_10,-1,self_ret_5,-1,self_range_loc_63,1
triple|neg_gapz_max_10|-1|self_ret_5|-1|self_range_loc_63|-1,triple,neg_gapz_max_10,-1,self_ret_5,-1,self_range_loc_63,-1
triple|neg_gapz_max_10|-1|self_ret_21|+1|self_volume_ratio_5_20|+1,triple,neg_gapz_max_10,-1,self_ret_21,1,self_volume_ratio_5_20,1
triple|neg_gapz_max_10|-1|self_ret_21|+1|self_volume_ratio_5_20|-1,triple,neg_gapz_max_10,-1,self_ret_21,1,self_volume_ratio_5_20,-1
triple|neg_gapz_max_10|-1|self_ret_21|+1|self_compression_20_63|+1,triple,neg_gapz_max_10,-1,self_ret_21,1,self_compression_20_63,1
triple|neg_gapz_max_10|-1|self_ret_21|+1|self_compression_20_63|-1,triple,neg_gapz_max_10,-1,self_ret_21,1,self_compression_20_63,-1
triple|neg_gapz_max_10|-1|self_ret_21|+1|self_range_loc_63|+1,triple,neg_gapz_max_10,-1,self_ret_21,1,self_range_loc_63,1
triple|neg_gapz_max_10|-1|self_ret_21|+1|self_range_loc_63|-1,triple,neg_gapz_max_10,-1,self_ret_21,1,self_range_loc_63,-1
triple|neg_gapz_max_10|-1|self_ret_21|-1|self_volume_ratio_5_20|+1,triple,neg_gapz_max_10,-1,self_ret_21,-1,self_volume_ratio_5_20,1
triple|neg_gapz_max_10|-1|self_ret_21|-1|self_volume_ratio_5_20|-1,triple,neg_gapz_max_10,-1,self_ret_21,-1,self_volume_ratio_5_20,-1
triple|neg_gapz_max_10|-1|self_ret_21|-1|self_compression_20_63|+1,triple,neg_gapz_max_10,-1,self_ret_21,-1,self_compression_20_63,1
triple|neg_gapz_max_10|-1|self_ret_21|-1|self_compression_20_63|-1,triple,neg_gapz_max_10,-1,self_ret_21,-1,self_compression_20_63,-1
triple|neg_gapz_max_10|-1|self_ret_21|-1|self_range_loc_63|+1,triple,neg_gapz_max_10,-1,self_ret_21,-1,self_range_loc_63,1
triple|neg_gapz_max_10|-1|self_ret_21|-1|self_range_loc_63|-1,triple,neg_gapz_max_10,-1,self_ret_21,-1,self_range_loc_63,-1
triple|neg_gapz_max_10|-1|self_dist_high_63|+1|self_volume_ratio_5_20|+1,triple,neg_gapz_max_10,-1,self_dist_high_63,1,self_volume_ratio_5_20,1
triple|neg_gapz_max_10|-1|self_dist_high_63|+1|self_volume_ratio_5_20|-1,triple,neg_gapz_max_10,-1,self_dist_high_63,1,self_volume_ratio_5_20,-1
triple|neg_gapz_max_10|-1|self_dist_high_63|+1|self_compression_20_63|+1,triple,neg_gapz_max_10,-1,self_dist_high_63,1,self_compression_20_63,1
triple|neg_gapz_max_10|-1|self_dist_high_63|+1|self_compression_20_63|-1,triple,neg_gapz_max_10,-1,self_dist_high_63,1,self_compression_20_63,-1
triple|neg_gapz_max_10|-1|self_dist_high_63|+1|self_range_loc_63|+1,triple,neg_gapz_max_10,-1,self_dist_high_63,1,self_range_loc_63,1
triple|neg_gapz_max_10|-1|self_dist_high_63|+1|self_range_loc_63|-1,triple,neg_gapz_max_10,-1,self_dist_high_63,1,self_range_loc_63,-1
triple|neg_gapz_max_10|-1|self_dist_high_63|-1|self_volume_ratio_5_20|+1,triple,neg_gapz_max_10,-1,self_dist_high_63,-1,self_volume_ratio_5_20,1
triple|neg_gapz_max_10|-1|self_dist_high_63|-1|self_volume_ratio_5_20|-1,triple,neg_gapz_max_10,-1,self_dist_high_63,-1,self_volume_ratio_5_20,-1
triple|neg_gapz_max_10|-1|self_dist_high_63|-1|self_compression_20_63|+1,triple,neg_gapz_max_10,-1,self_dist_high_63,-1,self_compression_20_63,1
triple|neg_gapz_max_10|-1|self_dist_high_63|-1|self_compression_20_63|-1,triple,neg_gapz_max_10,-1,self_dist_high_63,-1,self_compression_20_63,-1
triple|neg_gapz_max_10|-1|self_dist_high_63|-1|self_range_loc_63|+1,triple,neg_gapz_max_10,-1,self_dist_high_63,-1,self_range_loc_63,1
triple|neg_gapz_max_10|-1|self_dist_high_63|-1|self_range_loc_63|-1,triple,neg_gapz_max_10,-1,self_dist_high_63,-1,self_range_loc_63,-1
triple|neg_gapz_max_21|+1|self_ret_5|+1|self_volume_ratio_5_20|+1,triple,neg_gapz_max_21,1,self_ret_5,1,self_volume_ratio_5_20,1
triple|neg_gapz_max_21|+1|self_ret_5|+1|self_volume_ratio_5_20|-1,triple,neg_gapz_max_21,1,self_ret_5,1,self_volume_ratio_5_20,-1
triple|neg_gapz_max_21|+1|self_ret_5|+1|self_compression_20_63|+1,triple,neg_gapz_max_21,1,self_ret_5,1,self_compression_20_63,1
triple|neg_gapz_max_21|+1|self_ret_5|+1|self_compression_20_63|-1,triple,neg_gapz_max_21,1,self_ret_5,1,self_compression_20_63,-1
triple|neg_gapz_max_21|+1|self_ret_5|+1|self_range_loc_63|+1,triple,neg_gapz_max_21,1,self_ret_5,1,self_range_loc_63,1
triple|neg_gapz_max_21|+1|self_ret_5|+1|self_range_loc_63|-1,triple,neg_gapz_max_21,1,self_ret_5,1,self_range_loc_63,-1
triple|neg_gapz_max_21|+1|self_ret_5|-1|self_volume_ratio_5_20|+1,triple,neg_gapz_max_21,1,self_ret_5,-1,self_volume_ratio_5_20,1
triple|neg_gapz_max_21|+1|self_ret_5|-1|self_volume_ratio_5_20|-1,triple,neg_gapz_max_21,1,self_ret_5,-1,self_volume_ratio_5_20,-1
triple|neg_gapz_max_21|+1|self_ret_5|-1|self_compression_20_63|+1,triple,neg_gapz_max_21,1,self_ret_5,-1,self_compression_20_63,1
triple|neg_gapz_max_21|+1|self_ret_5|-1|self_compression_20_63|-1,triple,neg_gapz_max_21,1,self_ret_5,-1,self_compression_20_63,-1
triple|neg_gapz_max_21|+1|self_ret_5|-1|self_range_loc_63|+1,triple,neg_gapz_max_21,1,self_ret_5,-1,self_range_loc_63,1
triple|neg_gapz_max_21|+1|self_ret_5|-1|self_range_loc_63|-1,triple,neg_gapz_max_21,1,self_ret_5,-1,self_range_loc_63,-1
triple|neg_gapz_max_21|+1|self_ret_21|+1|self_volume_ratio_5_20|+1,triple,neg_gapz_max_21,1,self_ret_21,1,self_volume_ratio_5_20,1
triple|neg_gapz_max_21|+1|self_ret_21|+1|self_volume_ratio_5_20|-1,triple,neg_gapz_max_21,1,self_ret_21,1,self_volume_ratio_5_20,-1
triple|neg_gapz_max_21|+1|self_ret_21|+1|self_compression_20_63|+1,triple,neg_gapz_max_21,1,self_ret_21,1,self_compression_20_63,1
triple|neg_gapz_max_21|+1|self_ret_21|+1|self_compression_20_63|-1,triple,neg_gapz_max_21,1,self_ret_21,1,self_compression_20_63,-1
triple|neg_gapz_max_21|+1|self_ret_21|+1|self_range_loc_63|+1,triple,neg_gapz_max_21,1,self_ret_21,1,self_range_loc_63,1
triple|neg_gapz_max_21|+1|self_ret_21|+1|self_range_loc_63|-1,triple,neg_gapz_max_21,1,self_ret_21,1,self_range_loc_63,-1
triple|neg_gapz_max_21|+1|self_ret_21|-1|self_volume_ratio_5_20|+1,triple,neg_gapz_max_21,1,self_ret_21,-1,self_volume_ratio_5_20,1
triple|neg_gapz_max_21|+1|self_ret_21|-1|self_volume_ratio_5_20|-1,triple,neg_gapz_max_21,1,self_ret_21,-1,self_volume_ratio_5_20,-1
triple|neg_gapz_max_21|+1|self_ret_21|-1|self_compression_20_63|+1,triple,neg_gapz_max_21,1,self_ret_21,-1,self_compression_20_63,1
triple|neg_gapz_max_21|+1|self_ret_21|-1|self_compression_20_63|-1,triple,neg_gapz_max_21,1,self_ret_21,-1,self_compression_20_63,-1
triple|neg_gapz_max_21|+1|self_ret_21|-1|self_range_loc_63|+1,triple,neg_gapz_max_21,1,self_ret_21,-1,self_range_loc_63,1
triple|neg_gapz_max_21|+1|self_ret_21|-1|self_range_loc_63|-1,triple,neg_gapz_max_21,1,self_ret_21,-1,self_range_loc_63,-1
triple|neg_gapz_max_21|+1|self_dist_high_63|+1|self_volume_ratio_5_20|+1,triple,neg_gapz_max_21,1,self_dist_high_63,1,self_volume_ratio_5_20,1
triple|neg_gapz_max_21|+1|self_dist_high_63|+1|self_volume_ratio_5_20|-1,triple,neg_gapz_max_21,1,self_dist_high_63,1,self_volume_ratio_5_20,-1
triple|neg_gapz_max_21|+1|self_dist_high_63|+1|self_compression_20_63|+1,triple,neg_gapz_max_21,1,self_dist_high_63,1,self_compression_20_63,1
triple|neg_gapz_max_21|+1|self_dist_high_63|+1|self_compression_20_63|-1,triple,neg_gapz_max_21,1,self_dist_high_63,1,self_compression_20_63,-1
triple|neg_gapz_max_21|+1|self_dist_high_63|+1|self_range_loc_63|+1,triple,neg_gapz_max_21,1,self_dist_high_63,1,self_range_loc_63,1
triple|neg_gapz_max_21|+1|self_dist_high_63|+1|self_range_loc_63|-1,triple,neg_gapz_max_21,1,self_dist_high_63,1,self_range_loc_63,-1
triple|neg_gapz_max_21|+1|self_dist_high_63|-1|self_volume_ratio_5_20|+1,triple,neg_gapz_max_21,1,self_dist_high_63,-1,self_volume_ratio_5_20,1
triple|neg_gapz_max_21|+1|self_dist_high_63|-1|self_volume_ratio_5_20|-1,triple,neg_gapz_max_21,1,self_dist_high_63,-1,self_volume_ratio_5_20,-1
triple|neg_gapz_max_21|+1|self_dist_high_63|-1|self_compression_20_63|+1,triple,neg_gapz_max_21,1,self_dist_high_63,-1,self_compression_20_63,1
triple|neg_gapz_max_21|+1|self_dist_high_63|-1|self_compression_20_63|-1,triple,neg_gapz_max_21,1,self_dist_high_63,-1,self_compression_20_63,-1
triple|neg_gapz_max_21|+1|self_dist_high_63|-1|self_range_loc_63|+1,triple,neg_gapz_max_21,1,self_dist_high_63,-1,self_range_loc_63,1
triple|neg_gapz_max_21|+1|self_dist_high_63|-1|self_range_loc_63|-1,triple,neg_gapz_max_21,1,self_dist_high_63,-1,self_range_loc_63,-1
triple|neg_gapz_max_21|-1|self_ret_5|+1|self_volume_ratio_5_20|+1,triple,neg_gapz_max_21,-1,self_ret_5,1,self_volume_ratio_5_20,1
triple|neg_gapz_max_21|-1|self_ret_5|+1|self_volume_ratio_5_20|-1,triple,neg_gapz_max_21,-1,self_ret_5,1,self_volume_ratio_5_20,-1
triple|neg_gapz_max_21|-1|self_ret_5|+1|self_compression_20_63|+1,triple,neg_gapz_max_21,-1,self_ret_5,1,self_compression_20_63,1
triple|neg_gapz_max_21|-1|self_ret_5|+1|self_compression_20_63|-1,triple,neg_gapz_max_21,-1,self_ret_5,1,self_compression_20_63,-1
triple|neg_gapz_max_21|-1|self_ret_5|+1|self_range_loc_63|+1,triple,neg_gapz_max_21,-1,self_ret_5,1,self_range_loc_63,1
triple|neg_gapz_max_21|-1|self_ret_5|+1|self_range_loc_63|-1,triple,neg_gapz_max_21,-1,self_ret_5,1,self_range_loc_63,-1
triple|neg_gapz_max_21|-1|self_ret_5|-1|self_volume_ratio_5_20|+1,triple,neg_gapz_max_21,-1,self_ret_5,-1,self_volume_ratio_5_20,1
triple|neg_gapz_max_21|-1|self_ret_5|-1|self_volume_ratio_5_20|-1,triple,neg_gapz_max_21,-1,self_ret_5,-1,self_volume_ratio_5_20,-1
triple|neg_gapz_max_21|-1|self_ret_5|-1|self_compression_20_63|+1,triple,neg_gapz_max_21,-1,self_ret_5,-1,self_compression_20_63,1
triple|neg_gapz_max_21|-1|self_ret_5|-1|self_compression_20_63|-1,triple,neg_gapz_max_21,-1,self_ret_5,-1,self_compression_20_63,-1
triple|neg_gapz_max_21|-1|self_ret_5|-1|self_range_loc_63|+1,triple,neg_gapz_max_21,-1,self_ret_5,-1,self_range_loc_63,1
triple|neg_gapz_max_21|-1|self_ret_5|-1|self_range_loc_63|-1,triple,neg_gapz_max_21,-1,self_ret_5,-1,self_range_loc_63,-1
triple|neg_gapz_max_21|-1|self_ret_21|+1|self_volume_ratio_5_20|+1,triple,neg_gapz_max_21,-1,self_ret_21,1,self_volume_ratio_5_20,1
triple|neg_gapz_max_21|-1|self_ret_21|+1|self_volume_ratio_5_20|-1,triple,neg_gapz_max_21,-1,self_ret_21,1,self_volume_ratio_5_20,-1
triple|neg_gapz_max_21|-1|self_ret_21|+1|self_compression_20_63|+1,triple,neg_gapz_max_21,-1,self_ret_21,1,self_compression_20_63,1
triple|neg_gapz_max_21|-1|self_ret_21|+1|self_compression_20_63|-1,triple,neg_gapz_max_21,-1,self_ret_21,1,self_compression_20_63,-1
triple|neg_gapz_max_21|-1|self_ret_21|+1|self_range_loc_63|+1,triple,neg_gapz_max_21,-1,self_ret_21,1,self_range_loc_63,1
triple|neg_gapz_max_21|-1|self_ret_21|+1|self_range_loc_63|-1,triple,neg_gapz_max_21,-1,self_ret_21,1,self_range_loc_63,-1
triple|neg_gapz_max_21|-1|self_ret_21|-1|self_volume_ratio_5_20|+1,triple,neg_gapz_max_21,-1,self_ret_21,-1,self_volume_ratio_5_20,1
triple|neg_gapz_max_21|-1|self_ret_21|-1|self_volume_ratio_5_20|-1,triple,neg_gapz_max_21,-1,self_ret_21,-1,self_volume_ratio_5_20,-1
triple|neg_gapz_max_21|-1|self_ret_21|-1|self_compression_20_63|+1,triple,neg_gapz_max_21,-1,self_ret_21,-1,self_compression_20_63,1
triple|neg_gapz_max_21|-1|self_ret_21|-1|self_compression_20_63|-1,triple,neg_gapz_max_21,-1,self_ret_21,-1,self_compression_20_63,-1
triple|neg_gapz_max_21|-1|self_ret_21|-1|self_range_loc_63|+1,triple,neg_gapz_max_21,-1,self_ret_21,-1,self_range_loc_63,1
triple|neg_gapz_max_21|-1|self_ret_21|-1|self_range_loc_63|-1,triple,neg_gapz_max_21,-1,self_ret_21,-1,self_range_loc_63,-1
triple|neg_gapz_max_21|-1|self_dist_high_63|+1|self_volume_ratio_5_20|+1,triple,neg_gapz_max_21,-1,self_dist_high_63,1,self_volume_ratio_5_20,1
triple|neg_gapz_max_21|-1|self_dist_high_63|+1|self_volume_ratio_5_20|-1,triple,neg_gapz_max_21,-1,self_dist_high_63,1,self_volume_ratio_5_20,-1
triple|neg_gapz_max_21|-1|self_dist_high_63|+1|self_compression_20_63|+1,triple,neg_gapz_max_21,-1,self_dist_high_63,1,self_compression_20_63,1
triple|neg_gapz_max_21|-1|self_dist_high_63|+1|self_compression_20_63|-1,triple,neg_gapz_max_21,-1,self_dist_high_63,1,self_compression_20_63,-1
triple|neg_gapz_max_21|-1|self_dist_high_63|+1|self_range_loc_63|+1,triple,neg_gapz_max_21,-1,self_dist_high_63,1,self_range_loc_63,1
triple|neg_gapz_max_21|-1|self_dist_high_63|+1|self_range_loc_63|-1,triple,neg_gapz_max_21,-1,self_dist_high_63,1,self_range_loc_63,-1
triple|neg_gapz_max_21|-1|self_dist_high_63|-1|self_volume_ratio_5_20|+1,triple,neg_gapz_max_21,-1,self_dist_high_63,-1,self_volume_ratio_5_20,1
triple|neg_gapz_max_21|-1|self_dist_high_63|-1|self_volume_ratio_5_20|-1,triple,neg_gapz_max_21,-1,self_dist_high_63,-1,self_volume_ratio_5_20,-1
triple|neg_gapz_max_21|-1|self_dist_high_63|-1|self_compression_20_63|+1,triple,neg_gapz_max_21,-1,self_dist_high_63,-1,self_compression_20_63,1
triple|neg_gapz_max_21|-1|self_dist_high_63|-1|self_compression_20_63|-1,triple,neg_gapz_max_21,-1,self_dist_high_63,-1,self_compression_20_63,-1
triple|neg_gapz_max_21|-1|self_dist_high_63|-1|self_range_loc_63|+1,triple,neg_gapz_max_21,-1,self_dist_high_63,-1,self_range_loc_63,1
triple|neg_gapz_max_21|-1|self_dist_high_63|-1|self_range_loc_63|-1,triple,neg_gapz_max_21,-1,self_dist_high_63,-1,self_range_loc_63,-1
triple|pos_event_max_5|+1|self_ret_5|+1|self_volume_ratio_5_20|+1,triple,pos_event_max_5,1,self_ret_5,1,self_volume_ratio_5_20,1
triple|pos_event_max_5|+1|self_ret_5|+1|self_volume_ratio_5_20|-1,triple,pos_event_max_5,1,self_ret_5,1,self_volume_ratio_5_20,-1
triple|pos_event_max_5|+1|self_ret_5|+1|self_compression_20_63|+1,triple,pos_event_max_5,1,self_ret_5,1,self_compression_20_63,1
triple|pos_event_max_5|+1|self_ret_5|+1|self_compression_20_63|-1,triple,pos_event_max_5,1,self_ret_5,1,self_compression_20_63,-1
triple|pos_event_max_5|+1|self_ret_5|+1|self_range_loc_63|+1,triple,pos_event_max_5,1,self_ret_5,1,self_range_loc_63,1
triple|pos_event_max_5|+1|self_ret_5|+1|self_range_loc_63|-1,triple,pos_event_max_5,1,self_ret_5,1,self_range_loc_63,-1
triple|pos_event_max_5|+1|self_ret_5|-1|self_volume_ratio_5_20|+1,triple,pos_event_max_5,1,self_ret_5,-1,self_volume_ratio_5_20,1
triple|pos_event_max_5|+1|self_ret_5|-1|self_volume_ratio_5_20|-1,triple,pos_event_max_5,1,self_ret_5,-1,self_volume_ratio_5_20,-1
triple|pos_event_max_5|+1|self_ret_5|-1|self_compression_20_63|+1,triple,pos_event_max_5,1,self_ret_5,-1,self_compression_20_63,1
triple|pos_event_max_5|+1|self_ret_5|-1|self_compression_20_63|-1,triple,pos_event_max_5,1,self_ret_5,-1,self_compression_20_63,-1
triple|pos_event_max_5|+1|self_ret_5|-1|self_range_loc_63|+1,triple,pos_event_max_5,1,self_ret_5,-1,self_range_loc_63,1
triple|pos_event_max_5|+1|self_ret_5|-1|self_range_loc_63|-1,triple,pos_event_max_5,1,self_ret_5,-1,self_range_loc_63,-1
triple|pos_event_max_5|+1|self_ret_21|+1|self_volume_ratio_5_20|+1,triple,pos_event_max_5,1,self_ret_21,1,self_volume_ratio_5_20,1
triple|pos_event_max_5|+1|self_ret_21|+1|self_volume_ratio_5_20|-1,triple,pos_event_max_5,1,self_ret_21,1,self_volume_ratio_5_20,-1
triple|pos_event_max_5|+1|self_ret_21|+1|self_compression_20_63|+1,triple,pos_event_max_5,1,self_ret_21,1,self_compression_20_63,1
triple|pos_event_max_5|+1|self_ret_21|+1|self_compression_20_63|-1,triple,pos_event_max_5,1,self_ret_21,1,self_compression_20_63,-1
triple|pos_event_max_5|+1|self_ret_21|+1|self_range_loc_63|+1,triple,pos_event_max_5,1,self_ret_21,1,self_range_loc_63,1
triple|pos_event_max_5|+1|self_ret_21|+1|self_range_loc_63|-1,triple,pos_event_max_5,1,self_ret_21,1,self_range_loc_63,-1
triple|pos_event_max_5|+1|self_ret_21|-1|self_volume_ratio_5_20|+1,triple,pos_event_max_5,1,self_ret_21,-1,self_volume_ratio_5_20,1
triple|pos_event_max_5|+1|self_ret_21|-1|self_volume_ratio_5_20|-1,triple,pos_event_max_5,1,self_ret_21,-1,self_volume_ratio_5_20,-1
triple|pos_event_max_5|+1|self_ret_21|-1|self_compression_20_63|+1,triple,pos_event_max_5,1,self_ret_21,-1,self_compression_20_63,1
triple|pos_event_max_5|+1|self_ret_21|-1|self_compression_20_63|-1,triple,pos_event_max_5,1,self_ret_21,-1,self_compression_20_63,-1
triple|pos_event_max_5|+1|self_ret_21|-1|self_range_loc_63|+1,triple,pos_event_max_5,1,self_ret_21,-1,self_range_loc_63,1
triple|pos_event_max_5|+1|self_ret_21|-1|self_range_loc_63|-1,triple,pos_event_max_5,1,self_ret_21,-1,self_range_loc_63,-1
triple|pos_event_max_5|+1|self_dist_high_63|+1|self_volume_ratio_5_20|+1,triple,pos_event_max_5,1,self_dist_high_63,1,self_volume_ratio_5_20,1
triple|pos_event_max_5|+1|self_dist_high_63|+1|self_volume_ratio_5_20|-1,triple,pos_event_max_5,1,self_dist_high_63,1,self_volume_ratio_5_20,-1
triple|pos_event_max_5|+1|self_dist_high_63|+1|self_compression_20_63|+1,triple,pos_event_max_5,1,self_dist_high_63,1,self_compression_20_63,1
triple|pos_event_max_5|+1|self_dist_high_63|+1|self_compression_20_63|-1,triple,pos_event_max_5,1,self_dist_high_63,1,self_compression_20_63,-1
triple|pos_event_max_5|+1|self_dist_high_63|+1|self_range_loc_63|+1,triple,pos_event_max_5,1,self_dist_high_63,1,self_range_loc_63,1
triple|pos_event_max_5|+1|self_dist_high_63|+1|self_range_loc_63|-1,triple,pos_event_max_5,1,self_dist_high_63,1,self_range_loc_63,-1
triple|pos_event_max_5|+1|self_dist_high_63|-1|self_volume_ratio_5_20|+1,triple,pos_event_max_5,1,self_dist_high_63,-1,self_volume_ratio_5_20,1
triple|pos_event_max_5|+1|self_dist_high_63|-1|self_volume_ratio_5_20|-1,triple,pos_event_max_5,1,self_dist_high_63,-1,self_volume_ratio_5_20,-1
triple|pos_event_max_5|+1|self_dist_high_63|-1|self_compression_20_63|+1,triple,pos_event_max_5,1,self_dist_high_63,-1,self_compression_20_63,1
triple|pos_event_max_5|+1|self_dist_high_63|-1|self_compression_20_63|-1,triple,pos_event_max_5,1,self_dist_high_63,-1,self_compression_20_63,-1
triple|pos_event_max_5|+1|self_dist_high_63|-1|self_range_loc_63|+1,triple,pos_event_max_5,1,self_dist_high_63,-1,self_range_loc_63,1
triple|pos_event_max_5|+1|self_dist_high_63|-1|self_range_loc_63|-1,triple,pos_event_max_5,1,self_dist_high_63,-1,self_range_loc_63,-1
triple|pos_event_max_5|-1|self_ret_5|+1|self_volume_ratio_5_20|+1,triple,pos_event_max_5,-1,self_ret_5,1,self_volume_ratio_5_20,1
triple|pos_event_max_5|-1|self_ret_5|+1|self_volume_ratio_5_20|-1,triple,pos_event_max_5,-1,self_ret_5,1,self_volume_ratio_5_20,-1
triple|pos_event_max_5|-1|self_ret_5|+1|self_compression_20_63|+1,triple,pos_event_max_5,-1,self_ret_5,1,self_compression_20_63,1
triple|pos_event_max_5|-1|self_ret_5|+1|self_compression_20_63|-1,triple,pos_event_max_5,-1,self_ret_5,1,self_compression_20_63,-1
triple|pos_event_max_5|-1|self_ret_5|+1|self_range_loc_63|+1,triple,pos_event_max_5,-1,self_ret_5,1,self_range_loc_63,1
triple|pos_event_max_5|-1|self_ret_5|+1|self_range_loc_63|-1,triple,pos_event_max_5,-1,self_ret_5,1,self_range_loc_63,-1
triple|pos_event_max_5|-1|self_ret_5|-1|self_volume_ratio_5_20|+1,triple,pos_event_max_5,-1,self_ret_5,-1,self_volume_ratio_5_20,1
triple|pos_event_max_5|-1|self_ret_5|-1|self_volume_ratio_5_20|-1,triple,pos_event_max_5,-1,self_ret_5,-1,self_volume_ratio_5_20,-1
triple|pos_event_max_5|-1|self_ret_5|-1|self_compression_20_63|+1,triple,pos_event_max_5,-1,self_ret_5,-1,self_compression_20_63,1
triple|pos_event_max_5|-1|self_ret_5|-1|self_compression_20_63|-1,triple,pos_event_max_5,-1,self_ret_5,-1,self_compression_20_63,-1
triple|pos_event_max_5|-1|self_ret_5|-1|self_range_loc_63|+1,triple,pos_event_max_5,-1,self_ret_5,-1,self_range_loc_63,1
triple|pos_event_max_5|-1|self_ret_5|-1|self_range_loc_63|-1,triple,pos_event_max_5,-1,self_ret_5,-1,self_range_loc_63,-1
triple|pos_event_max_5|-1|self_ret_21|+1|self_volume_ratio_5_20|+1,triple,pos_event_max_5,-1,self_ret_21,1,self_volume_ratio_5_20,1
triple|pos_event_max_5|-1|self_ret_21|+1|self_volume_ratio_5_20|-1,triple,pos_event_max_5,-1,self_ret_21,1,self_volume_ratio_5_20,-1
triple|pos_event_max_5|-1|self_ret_21|+1|self_compression_20_63|+1,triple,pos_event_max_5,-1,self_ret_21,1,self_compression_20_63,1
triple|pos_event_max_5|-1|self_ret_21|+1|self_compression_20_63|-1,triple,pos_event_max_5,-1,self_ret_21,1,self_compression_20_63,-1
triple|pos_event_max_5|-1|self_ret_21|+1|self_range_loc_63|+1,triple,pos_event_max_5,-1,self_ret_21,1,self_range_loc_63,1
triple|pos_event_max_5|-1|self_ret_21|+1|self_range_loc_63|-1,triple,pos_event_max_5,-1,self_ret_21,1,self_range_loc_63,-1
triple|pos_event_max_5|-1|self_ret_21|-1|self_volume_ratio_5_20|+1,triple,pos_event_max_5,-1,self_ret_21,-1,self_volume_ratio_5_20,1
triple|pos_event_max_5|-1|self_ret_21|-1|self_volume_ratio_5_20|-1,triple,pos_event_max_5,-1,self_ret_21,-1,self_volume_ratio_5_20,-1
triple|pos_event_max_5|-1|self_ret_21|-1|self_compression_20_63|+1,triple,pos_event_max_5,-1,self_ret_21,-1,self_compression_20_63,1
triple|pos_event_max_5|-1|self_ret_21|-1|self_compression_20_63|-1,triple,pos_event_max_5,-1,self_ret_21,-1,self_compression_20_63,-1
triple|pos_event_max_5|-1|self_ret_21|-1|self_range_loc_63|+1,triple,pos_event_max_5,-1,self_ret_21,-1,self_range_loc_63,1
triple|pos_event_max_5|-1|self_ret_21|-1|self_range_loc_63|-1,triple,pos_event_max_5,-1,self_ret_21,-1,self_range_loc_63,-1
triple|pos_event_max_5|-1|self_dist_high_63|+1|self_volume_ratio_5_20|+1,triple,pos_event_max_5,-1,self_dist_high_63,1,self_volume_ratio_5_20,1
triple|pos_event_max_5|-1|self_dist_high_63|+1|self_volume_ratio_5_20|-1,triple,pos_event_max_5,-1,self_dist_high_63,1,self_volume_ratio_5_20,-1
triple|pos_event_max_5|-1|self_dist_high_63|+1|self_compression_20_63|+1,triple,pos_event_max_5,-1,self_dist_high_63,1,self_compression_20_63,1
triple|pos_event_max_5|-1|self_dist_high_63|+1|self_compression_20_63|-1,triple,pos_event_max_5,-1,self_dist_high_63,1,self_compression_20_63,-1
triple|pos_event_max_5|-1|self_dist_high_63|+1|self_range_loc_63|+1,triple,pos_event_max_5,-1,self_dist_high_63,1,self_range_loc_63,1
triple|pos_event_max_5|-1|self_dist_high_63|+1|self_range_loc_63|-1,triple,pos_event_max_5,-1,self_dist_high_63,1,self_range_loc_63,-1
triple|pos_event_max_5|-1|self_dist_high_63|-1|self_volume_ratio_5_20|+1,triple,pos_event_max_5,-1,self_dist_high_63,-1,self_volume_ratio_5_20,1
triple|pos_event_max_5|-1|self_dist_high_63|-1|self_volume_ratio_5_20|-1,triple,pos_event_max_5,-1,self_dist_high_63,-1,self_volume_ratio_5_20,-1
triple|pos_event_max_5|-1|self_dist_high_63|-1|self_compression_20_63|+1,triple,pos_event_max_5,-1,self_dist_high_63,-1,self_compression_20_63,1
triple|pos_event_max_5|-1|self_dist_high_63|-1|self_compression_20_63|-1,triple,pos_event_max_5,-1,self_dist_high_63,-1,self_compression_20_63,-1
triple|pos_event_max_5|-1|self_dist_high_63|-1|self_range_loc_63|+1,triple,pos_event_max_5,-1,self_dist_high_63,-1,self_range_loc_63,1
triple|pos_event_max_5|-1|self_dist_high_63|-1|self_range_loc_63|-1,triple,pos_event_max_5,-1,self_dist_high_63,-1,self_range_loc_63,-1
triple|pos_event_max_10|+1|self_ret_5|+1|self_volume_ratio_5_20|+1,triple,pos_event_max_10,1,self_ret_5,1,self_volume_ratio_5_20,1
triple|pos_event_max_10|+1|self_ret_5|+1|self_volume_ratio_5_20|-1,triple,pos_event_max_10,1,self_ret_5,1,self_volume_ratio_5_20,-1
triple|pos_event_max_10|+1|self_ret_5|+1|self_compression_20_63|+1,triple,pos_event_max_10,1,self_ret_5,1,self_compression_20_63,1
triple|pos_event_max_10|+1|self_ret_5|+1|self_compression_20_63|-1,triple,pos_event_max_10,1,self_ret_5,1,self_compression_20_63,-1
triple|pos_event_max_10|+1|self_ret_5|+1|self_range_loc_63|+1,triple,pos_event_max_10,1,self_ret_5,1,self_range_loc_63,1
triple|pos_event_max_10|+1|self_ret_5|+1|self_range_loc_63|-1,triple,pos_event_max_10,1,self_ret_5,1,self_range_loc_63,-1
triple|pos_event_max_10|+1|self_ret_5|-1|self_volume_ratio_5_20|+1,triple,pos_event_max_10,1,self_ret_5,-1,self_volume_ratio_5_20,1
triple|pos_event_max_10|+1|self_ret_5|-1|self_volume_ratio_5_20|-1,triple,pos_event_max_10,1,self_ret_5,-1,self_volume_ratio_5_20,-1
triple|pos_event_max_10|+1|self_ret_5|-1|self_compression_20_63|+1,triple,pos_event_max_10,1,self_ret_5,-1,self_compression_20_63,1
triple|pos_event_max_10|+1|self_ret_5|-1|self_compression_20_63|-1,triple,pos_event_max_10,1,self_ret_5,-1,self_compression_20_63,-1
triple|pos_event_max_10|+1|self_ret_5|-1|self_range_loc_63|+1,triple,pos_event_max_10,1,self_ret_5,-1,self_range_loc_63,1
triple|pos_event_max_10|+1|self_ret_5|-1|self_range_loc_63|-1,triple,pos_event_max_10,1,self_ret_5,-1,self_range_loc_63,-1
triple|pos_event_max_10|+1|self_ret_21|+1|self_volume_ratio_5_20|+1,triple,pos_event_max_10,1,self_ret_21,1,self_volume_ratio_5_20,1
triple|pos_event_max_10|+1|self_ret_21|+1|self_volume_ratio_5_20|-1,triple,pos_event_max_10,1,self_ret_21,1,self_volume_ratio_5_20,-1
triple|pos_event_max_10|+1|self_ret_21|+1|self_compression_20_63|+1,triple,pos_event_max_10,1,self_ret_21,1,self_compression_20_63,1
triple|pos_event_max_10|+1|self_ret_21|+1|self_compression_20_63|-1,triple,pos_event_max_10,1,self_ret_21,1,self_compression_20_63,-1
triple|pos_event_max_10|+1|self_ret_21|+1|self_range_loc_63|+1,triple,pos_event_max_10,1,self_ret_21,1,self_range_loc_63,1
triple|pos_event_max_10|+1|self_ret_21|+1|self_range_loc_63|-1,triple,pos_event_max_10,1,self_ret_21,1,self_range_loc_63,-1
triple|pos_event_max_10|+1|self_ret_21|-1|self_volume_ratio_5_20|+1,triple,pos_event_max_10,1,self_ret_21,-1,self_volume_ratio_5_20,1
triple|pos_event_max_10|+1|self_ret_21|-1|self_volume_ratio_5_20|-1,triple,pos_event_max_10,1,self_ret_21,-1,self_volume_ratio_5_20,-1
triple|pos_event_max_10|+1|self_ret_21|-1|self_compression_20_63|+1,triple,pos_event_max_10,1,self_ret_21,-1,self_compression_20_63,1
triple|pos_event_max_10|+1|self_ret_21|-1|self_compression_20_63|-1,triple,pos_event_max_10,1,self_ret_21,-1,self_compression_20_63,-1
triple|pos_event_max_10|+1|self_ret_21|-1|self_range_loc_63|+1,triple,pos_event_max_10,1,self_ret_21,-1,self_range_loc_63,1
triple|pos_event_max_10|+1|self_ret_21|-1|self_range_loc_63|-1,triple,pos_event_max_10,1,self_ret_21,-1,self_range_loc_63,-1
triple|pos_event_max_10|+1|self_dist_high_63|+1|self_volume_ratio_5_20|+1,triple,pos_event_max_10,1,self_dist_high_63,1,self_volume_ratio_5_20,1
triple|pos_event_max_10|+1|self_dist_high_63|+1|self_volume_ratio_5_20|-1,triple,pos_event_max_10,1,self_dist_high_63,1,self_volume_ratio_5_20,-1
triple|pos_event_max_10|+1|self_dist_high_63|+1|self_compression_20_63|+1,triple,pos_event_max_10,1,self_dist_high_63,1,self_compression_20_63,1
triple|pos_event_max_10|+1|self_dist_high_63|+1|self_compression_20_63|-1,triple,pos_event_max_10,1,self_dist_high_63,1,self_compression_20_63,-1
triple|pos_event_max_10|+1|self_dist_high_63|+1|self_range_loc_63|+1,triple,pos_event_max_10,1,self_dist_high_63,1,self_range_loc_63,1
triple|pos_event_max_10|+1|self_dist_high_63|+1|self_range_loc_63|-1,triple,pos_event_max_10,1,self_dist_high_63,1,self_range_loc_63,-1
triple|pos_event_max_10|+1|self_dist_high_63|-1|self_volume_ratio_5_20|+1,triple,pos_event_max_10,1,self_dist_high_63,-1,self_volume_ratio_5_20,1
triple|pos_event_max_10|+1|self_dist_high_63|-1|self_volume_ratio_5_20|-1,triple,pos_event_max_10,1,self_dist_high_63,-1,self_volume_ratio_5_20,-1
triple|pos_event_max_10|+1|self_dist_high_63|-1|self_compression_20_63|+1,triple,pos_event_max_10,1,self_dist_high_63,-1,self_compression_20_63,1
triple|pos_event_max_10|+1|self_dist_high_63|-1|self_compression_20_63|-1,triple,pos_event_max_10,1,self_dist_high_63,-1,self_compression_20_63,-1
triple|pos_event_max_10|+1|self_dist_high_63|-1|self_range_loc_63|+1,triple,pos_event_max_10,1,self_dist_high_63,-1,self_range_loc_63,1
triple|pos_event_max_10|+1|self_dist_high_63|-1|self_range_loc_63|-1,triple,pos_event_max_10,1,self_dist_high_63,-1,self_range_loc_63,-1
triple|pos_event_max_10|-1|self_ret_5|+1|self_volume_ratio_5_20|+1,triple,pos_event_max_10,-1,self_ret_5,1,self_volume_ratio_5_20,1
triple|pos_event_max_10|-1|self_ret_5|+1|self_volume_ratio_5_20|-1,triple,pos_event_max_10,-1,self_ret_5,1,self_volume_ratio_5_20,-1
triple|pos_event_max_10|-1|self_ret_5|+1|self_compression_20_63|+1,triple,pos_event_max_10,-1,self_ret_5,1,self_compression_20_63,1
triple|pos_event_max_10|-1|self_ret_5|+1|self_compression_20_63|-1,triple,pos_event_max_10,-1,self_ret_5,1,self_compression_20_63,-1
triple|pos_event_max_10|-1|self_ret_5|+1|self_range_loc_63|+1,triple,pos_event_max_10,-1,self_ret_5,1,self_range_loc_63,1
triple|pos_event_max_10|-1|self_ret_5|+1|self_range_loc_63|-1,triple,pos_event_max_10,-1,self_ret_5,1,self_range_loc_63,-1
triple|pos_event_max_10|-1|self_ret_5|-1|self_volume_ratio_5_20|+1,triple,pos_event_max_10,-1,self_ret_5,-1,self_volume_ratio_5_20,1
triple|pos_event_max_10|-1|self_ret_5|-1|self_volume_ratio_5_20|-1,triple,pos_event_max_10,-1,self_ret_5,-1,self_volume_ratio_5_20,-1
triple|pos_event_max_10|-1|self_ret_5|-1|self_compression_20_63|+1,triple,pos_event_max_10,-1,self_ret_5,-1,self_compression_20_63,1
triple|pos_event_max_10|-1|self_ret_5|-1|self_compression_20_63|-1,triple,pos_event_max_10,-1,self_ret_5,-1,self_compression_20_63,-1
triple|pos_event_max_10|-1|self_ret_5|-1|self_range_loc_63|+1,triple,pos_event_max_10,-1,self_ret_5,-1,self_range_loc_63,1
triple|pos_event_max_10|-1|self_ret_5|-1|self_range_loc_63|-1,triple,pos_event_max_10,-1,self_ret_5,-1,self_range_loc_63,-1
triple|pos_event_max_10|-1|self_ret_21|+1|self_volume_ratio_5_20|+1,triple,pos_event_max_10,-1,self_ret_21,1,self_volume_ratio_5_20,1
triple|pos_event_max_10|-1|self_ret_21|+1|self_volume_ratio_5_20|-1,triple,pos_event_max_10,-1,self_ret_21,1,self_volume_ratio_5_20,-1
triple|pos_event_max_10|-1|self_ret_21|+1|self_compression_20_63|+1,triple,pos_event_max_10,-1,self_ret_21,1,self_compression_20_63,1
triple|pos_event_max_10|-1|self_ret_21|+1|self_compression_20_63|-1,triple,pos_event_max_10,-1,self_ret_21,1,self_compression_20_63,-1
triple|pos_event_max_10|-1|self_ret_21|+1|self_range_loc_63|+1,triple,pos_event_max_10,-1,self_ret_21,1,self_range_loc_63,1
triple|pos_event_max_10|-1|self_ret_21|+1|self_range_loc_63|-1,triple,pos_event_max_10,-1,self_ret_21,1,self_range_loc_63,-1
triple|pos_event_max_10|-1|self_ret_21|-1|self_volume_ratio_5_20|+1,triple,pos_event_max_10,-1,self_ret_21,-1,self_volume_ratio_5_20,1
triple|pos_event_max_10|-1|self_ret_21|-1|self_volume_ratio_5_20|-1,triple,pos_event_max_10,-1,self_ret_21,-1,self_volume_ratio_5_20,-1
triple|pos_event_max_10|-1|self_ret_21|-1|self_compression_20_63|+1,triple,pos_event_max_10,-1,self_ret_21,-1,self_compression_20_63,1
triple|pos_event_max_10|-1|self_ret_21|-1|self_compression_20_63|-1,triple,pos_event_max_10,-1,self_ret_21,-1,self_compression_20_63,-1
triple|pos_event_max_10|-1|self_ret_21|-1|self_range_loc_63|+1,triple,pos_event_max_10,-1,self_ret_21,-1,self_range_loc_63,1
triple|pos_event_max_10|-1|self_ret_21|-1|self_range_loc_63|-1,triple,pos_event_max_10,-1,self_ret_21,-1,self_range_loc_63,-1
triple|pos_event_max_10|-1|self_dist_high_63|+1|self_volume_ratio_5_20|+1,triple,pos_event_max_10,-1,self_dist_high_63,1,self_volume_ratio_5_20,1
triple|pos_event_max_10|-1|self_dist_high_63|+1|self_volume_ratio_5_20|-1,triple,pos_event_max_10,-1,self_dist_high_63,1,self_volume_ratio_5_20,-1
triple|pos_event_max_10|-1|self_dist_high_63|+1|self_compression_20_63|+1,triple,pos_event_max_10,-1,self_dist_high_63,1,self_compression_20_63,1
triple|pos_event_max_10|-1|self_dist_high_63|+1|self_compression_20_63|-1,triple,pos_event_max_10,-1,self_dist_high_63,1,self_compression_20_63,-1
triple|pos_event_max_10|-1|self_dist_high_63|+1|self_range_loc_63|+1,triple,pos_event_max_10,-1,self_dist_high_63,1,self_range_loc_63,1
triple|pos_event_max_10|-1|self_dist_high_63|+1|self_range_loc_63|-1,triple,pos_event_max_10,-1,self_dist_high_63,1,self_range_loc_63,-1
triple|pos_event_max_10|-1|self_dist_high_63|-1|self_volume_ratio_5_20|+1,triple,pos_event_max_10,-1,self_dist_high_63,-1,self_volume_ratio_5_20,1
triple|pos_event_max_10|-1|self_dist_high_63|-1|self_volume_ratio_5_20|-1,triple,pos_event_max_10,-1,self_dist_high_63,-1,self_volume_ratio_5_20,-1
triple|pos_event_max_10|-1|self_dist_high_63|-1|self_compression_20_63|+1,triple,pos_event_max_10,-1,self_dist_high_63,-1,self_compression_20_63,1
triple|pos_event_max_10|-1|self_dist_high_63|-1|self_compression_20_63|-1,triple,pos_event_max_10,-1,self_dist_high_63,-1,self_compression_20_63,-1
triple|pos_event_max_10|-1|self_dist_high_63|-1|self_range_loc_63|+1,triple,pos_event_max_10,-1,self_dist_high_63,-1,self_range_loc_63,1
triple|pos_event_max_10|-1|self_dist_high_63|-1|self_range_loc_63|-1,triple,pos_event_max_10,-1,self_dist_high_63,-1,self_range_loc_63,-1
triple|pos_event_max_21|+1|self_ret_5|+1|self_volume_ratio_5_20|+1,triple,pos_event_max_21,1,self_ret_5,1,self_volume_ratio_5_20,1
triple|pos_event_max_21|+1|self_ret_5|+1|self_volume_ratio_5_20|-1,triple,pos_event_max_21,1,self_ret_5,1,self_volume_ratio_5_20,-1
triple|pos_event_max_21|+1|self_ret_5|+1|self_compression_20_63|+1,triple,pos_event_max_21,1,self_ret_5,1,self_compression_20_63,1
triple|pos_event_max_21|+1|self_ret_5|+1|self_compression_20_63|-1,triple,pos_event_max_21,1,self_ret_5,1,self_compression_20_63,-1
triple|pos_event_max_21|+1|self_ret_5|+1|self_range_loc_63|+1,triple,pos_event_max_21,1,self_ret_5,1,self_range_loc_63,1
triple|pos_event_max_21|+1|self_ret_5|+1|self_range_loc_63|-1,triple,pos_event_max_21,1,self_ret_5,1,self_range_loc_63,-1
triple|pos_event_max_21|+1|self_ret_5|-1|self_volume_ratio_5_20|+1,triple,pos_event_max_21,1,self_ret_5,-1,self_volume_ratio_5_20,1
triple|pos_event_max_21|+1|self_ret_5|-1|self_volume_ratio_5_20|-1,triple,pos_event_max_21,1,self_ret_5,-1,self_volume_ratio_5_20,-1
triple|pos_event_max_21|+1|self_ret_5|-1|self_compression_20_63|+1,triple,pos_event_max_21,1,self_ret_5,-1,self_compression_20_63,1
triple|pos_event_max_21|+1|self_ret_5|-1|self_compression_20_63|-1,triple,pos_event_max_21,1,self_ret_5,-1,self_compression_20_63,-1
triple|pos_event_max_21|+1|self_ret_5|-1|self_range_loc_63|+1,triple,pos_event_max_21,1,self_ret_5,-1,self_range_loc_63,1
triple|pos_event_max_21|+1|self_ret_5|-1|self_range_loc_63|-1,triple,pos_event_max_21,1,self_ret_5,-1,self_range_loc_63,-1
triple|pos_event_max_21|+1|self_ret_21|+1|self_volume_ratio_5_20|+1,triple,pos_event_max_21,1,self_ret_21,1,self_volume_ratio_5_20,1
triple|pos_event_max_21|+1|self_ret_21|+1|self_volume_ratio_5_20|-1,triple,pos_event_max_21,1,self_ret_21,1,self_volume_ratio_5_20,-1
triple|pos_event_max_21|+1|self_ret_21|+1|self_compression_20_63|+1,triple,pos_event_max_21,1,self_ret_21,1,self_compression_20_63,1
triple|pos_event_max_21|+1|self_ret_21|+1|self_compression_20_63|-1,triple,pos_event_max_21,1,self_ret_21,1,self_compression_20_63,-1
triple|pos_event_max_21|+1|self_ret_21|+1|self_range_loc_63|+1,triple,pos_event_max_21,1,self_ret_21,1,self_range_loc_63,1
triple|pos_event_max_21|+1|self_ret_21|+1|self_range_loc_63|-1,triple,pos_event_max_21,1,self_ret_21,1,self_range_loc_63,-1
triple|pos_event_max_21|+1|self_ret_21|-1|self_volume_ratio_5_20|+1,triple,pos_event_max_21,1,self_ret_21,-1,self_volume_ratio_5_20,1
triple|pos_event_max_21|+1|self_ret_21|-1|self_volume_ratio_5_20|-1,triple,pos_event_max_21,1,self_ret_21,-1,self_volume_ratio_5_20,-1
triple|pos_event_max_21|+1|self_ret_21|-1|self_compression_20_63|+1,triple,pos_event_max_21,1,self_ret_21,-1,self_compression_20_63,1
triple|pos_event_max_21|+1|self_ret_21|-1|self_compression_20_63|-1,triple,pos_event_max_21,1,self_ret_21,-1,self_compression_20_63,-1
triple|pos_event_max_21|+1|self_ret_21|-1|self_range_loc_63|+1,triple,pos_event_max_21,1,self_ret_21,-1,self_range_loc_63,1
triple|pos_event_max_21|+1|self_ret_21|-1|self_range_loc_63|-1,triple,pos_event_max_21,1,self_ret_21,-1,self_range_loc_63,-1
triple|pos_event_max_21|+1|self_dist_high_63|+1|self_volume_ratio_5_20|+1,triple,pos_event_max_21,1,self_dist_high_63,1,self_volume_ratio_5_20,1
triple|pos_event_max_21|+1|self_dist_high_63|+1|self_volume_ratio_5_20|-1,triple,pos_event_max_21,1,self_dist_high_63,1,self_volume_ratio_5_20,-1
triple|pos_event_max_21|+1|self_dist_high_63|+1|self_compression_20_63|+1,triple,pos_event_max_21,1,self_dist_high_63,1,self_compression_20_63,1
triple|pos_event_max_21|+1|self_dist_high_63|+1|self_compression_20_63|-1,triple,pos_event_max_21,1,self_dist_high_63,1,self_compression_20_63,-1
triple|pos_event_max_21|+1|self_dist_high_63|+1|self_range_loc_63|+1,triple,pos_event_max_21,1,self_dist_high_63,1,self_range_loc_63,1
triple|pos_event_max_21|+1|self_dist_high_63|+1|self_range_loc_63|-1,triple,pos_event_max_21,1,self_dist_high_63,1,self_range_loc_63,-1
triple|pos_event_max_21|+1|self_dist_high_63|-1|self_volume_ratio_5_20|+1,triple,pos_event_max_21,1,self_dist_high_63,-1,self_volume_ratio_5_20,1
triple|pos_event_max_21|+1|self_dist_high_63|-1|self_volume_ratio_5_20|-1,triple,pos_event_max_21,1,self_dist_high_63,-1,self_volume_ratio_5_20,-1
triple|pos_event_max_21|+1|self_dist_high_63|-1|self_compression_20_63|+1,triple,pos_event_max_21,1,self_dist_high_63,-1,self_compression_20_63,1
triple|pos_event_max_21|+1|self_dist_high_63|-1|self_compression_20_63|-1,triple,pos_event_max_21,1,self_dist_high_63,-1,self_compression_20_63,-1
triple|pos_event_max_21|+1|self_dist_high_63|-1|self_range_loc_63|+1,triple,pos_event_max_21,1,self_dist_high_63,-1,self_range_loc_63,1
triple|pos_event_max_21|+1|self_dist_high_63|-1|self_range_loc_63|-1,triple,pos_event_max_21,1,self_dist_high_63,-1,self_range_loc_63,-1
triple|pos_event_max_21|-1|self_ret_5|+1|self_volume_ratio_5_20|+1,triple,pos_event_max_21,-1,self_ret_5,1,self_volume_ratio_5_20,1
triple|pos_event_max_21|-1|self_ret_5|+1|self_volume_ratio_5_20|-1,triple,pos_event_max_21,-1,self_ret_5,1,self_volume_ratio_5_20,-1
triple|pos_event_max_21|-1|self_ret_5|+1|self_compression_20_63|+1,triple,pos_event_max_21,-1,self_ret_5,1,self_compression_20_63,1
triple|pos_event_max_21|-1|self_ret_5|+1|self_compression_20_63|-1,triple,pos_event_max_21,-1,self_ret_5,1,self_compression_20_63,-1
triple|pos_event_max_21|-1|self_ret_5|+1|self_range_loc_63|+1,triple,pos_event_max_21,-1,self_ret_5,1,self_range_loc_63,1
triple|pos_event_max_21|-1|self_ret_5|+1|self_range_loc_63|-1,triple,pos_event_max_21,-1,self_ret_5,1,self_range_loc_63,-1
triple|pos_event_max_21|-1|self_ret_5|-1|self_volume_ratio_5_20|+1,triple,pos_event_max_21,-1,self_ret_5,-1,self_volume_ratio_5_20,1
triple|pos_event_max_21|-1|self_ret_5|-1|self_volume_ratio_5_20|-1,triple,pos_event_max_21,-1,self_ret_5,-1,self_volume_ratio_5_20,-1
triple|pos_event_max_21|-1|self_ret_5|-1|self_compression_20_63|+1,triple,pos_event_max_21,-1,self_ret_5,-1,self_compression_20_63,1
triple|pos_event_max_21|-1|self_ret_5|-1|self_compression_20_63|-1,triple,pos_event_max_21,-1,self_ret_5,-1,self_compression_20_63,-1
triple|pos_event_max_21|-1|self_ret_5|-1|self_range_loc_63|+1,triple,pos_event_max_21,-1,self_ret_5,-1,self_range_loc_63,1
triple|pos_event_max_21|-1|self_ret_5|-1|self_range_loc_63|-1,triple,pos_event_max_21,-1,self_ret_5,-1,self_range_loc_63,-1
triple|pos_event_max_21|-1|self_ret_21|+1|self_volume_ratio_5_20|+1,triple,pos_event_max_21,-1,self_ret_21,1,self_volume_ratio_5_20,1
triple|pos_event_max_21|-1|self_ret_21|+1|self_volume_ratio_5_20|-1,triple,pos_event_max_21,-1,self_ret_21,1,self_volume_ratio_5_20,-1
triple|pos_event_max_21|-1|self_ret_21|+1|self_compression_20_63|+1,triple,pos_event_max_21,-1,self_ret_21,1,self_compression_20_63,1
triple|pos_event_max_21|-1|self_ret_21|+1|self_compression_20_63|-1,triple,pos_event_max_21,-1,self_ret_21,1,self_compression_20_63,-1
triple|pos_event_max_21|-1|self_ret_21|+1|self_range_loc_63|+1,triple,pos_event_max_21,-1,self_ret_21,1,self_range_loc_63,1
triple|pos_event_max_21|-1|self_ret_21|+1|self_range_loc_63|-1,triple,pos_event_max_21,-1,self_ret_21,1,self_range_loc_63,-1
triple|pos_event_max_21|-1|self_ret_21|-1|self_volume_ratio_5_20|+1,triple,pos_event_max_21,-1,self_ret_21,-1,self_volume_ratio_5_20,1
triple|pos_event_max_21|-1|self_ret_21|-1|self_volume_ratio_5_20|-1,triple,pos_event_max_21,-1,self_ret_21,-1,self_volume_ratio_5_20,-1
triple|pos_event_max_21|-1|self_ret_21|-1|self_compression_20_63|+1,triple,pos_event_max_21,-1,self_ret_21,-1,self_compression_20_63,1
triple|pos_event_max_21|-1|self_ret_21|-1|self_compression_20_63|-1,triple,pos_event_max_21,-1,self_ret_21,-1,self_compression_20_63,-1
triple|pos_event_max_21|-1|self_ret_21|-1|self_range_loc_63|+1,triple,pos_event_max_21,-1,self_ret_21,-1,self_range_loc_63,1
triple|pos_event_max_21|-1|self_ret_21|-1|self_range_loc_63|-1,triple,pos_event_max_21,-1,self_ret_21,-1,self_range_loc_63,-1
triple|pos_event_max_21|-1|self_dist_high_63|+1|self_volume_ratio_5_20|+1,triple,pos_event_max_21,-1,self_dist_high_63,1,self_volume_ratio_5_20,1
triple|pos_event_max_21|-1|self_dist_high_63|+1|self_volume_ratio_5_20|-1,triple,pos_event_max_21,-1,self_dist_high_63,1,self_volume_ratio_5_20,-1
triple|pos_event_max_21|-1|self_dist_high_63|+1|self_compression_20_63|+1,triple,pos_event_max_21,-1,self_dist_high_63,1,self_compression_20_63,1
triple|pos_event_max_21|-1|self_dist_high_63|+1|self_compression_20_63|-1,triple,pos_event_max_21,-1,self_dist_high_63,1,self_compression_20_63,-1
triple|pos_event_max_21|-1|self_dist_high_63|+1|self_range_loc_63|+1,triple,pos_event_max_21,-1,self_dist_high_63,1,self_range_loc_63,1
triple|pos_event_max_21|-1|self_dist_high_63|+1|self_range_loc_63|-1,triple,pos_event_max_21,-1,self_dist_high_63,1,self_range_loc_63,-1
triple|pos_event_max_21|-1|self_dist_high_63|-1|self_volume_ratio_5_20|+1,triple,pos_event_max_21,-1,self_dist_high_63,-1,self_volume_ratio_5_20,1
triple|pos_event_max_21|-1|self_dist_high_63|-1|self_volume_ratio_5_20|-1,triple,pos_event_max_21,-1,self_dist_high_63,-1,self_volume_ratio_5_20,-1
triple|pos_event_max_21|-1|self_dist_high_63|-1|self_compression_20_63|+1,triple,pos_event_max_21,-1,self_dist_high_63,-1,self_compression_20_63,1
triple|pos_event_max_21|-1|self_dist_high_63|-1|self_compression_20_63|-1,triple,pos_event_max_21,-1,self_dist_high_63,-1,self_compression_20_63,-1
triple|pos_event_max_21|-1|self_dist_high_63|-1|self_range_loc_63|+1,triple,pos_event_max_21,-1,self_dist_high_63,-1,self_range_loc_63,1
triple|pos_event_max_21|-1|self_dist_high_63|-1|self_range_loc_63|-1,triple,pos_event_max_21,-1,self_dist_high_63,-1,self_range_loc_63,-1
triple|neg_event_max_5|+1|self_ret_5|+1|self_volume_ratio_5_20|+1,triple,neg_event_max_5,1,self_ret_5,1,self_volume_ratio_5_20,1
triple|neg_event_max_5|+1|self_ret_5|+1|self_volume_ratio_5_20|-1,triple,neg_event_max_5,1,self_ret_5,1,self_volume_ratio_5_20,-1
triple|neg_event_max_5|+1|self_ret_5|+1|self_compression_20_63|+1,triple,neg_event_max_5,1,self_ret_5,1,self_compression_20_63,1
triple|neg_event_max_5|+1|self_ret_5|+1|self_compression_20_63|-1,triple,neg_event_max_5,1,self_ret_5,1,self_compression_20_63,-1
triple|neg_event_max_5|+1|self_ret_5|+1|self_range_loc_63|+1,triple,neg_event_max_5,1,self_ret_5,1,self_range_loc_63,1
triple|neg_event_max_5|+1|self_ret_5|+1|self_range_loc_63|-1,triple,neg_event_max_5,1,self_ret_5,1,self_range_loc_63,-1
triple|neg_event_max_5|+1|self_ret_5|-1|self_volume_ratio_5_20|+1,triple,neg_event_max_5,1,self_ret_5,-1,self_volume_ratio_5_20,1
triple|neg_event_max_5|+1|self_ret_5|-1|self_volume_ratio_5_20|-1,triple,neg_event_max_5,1,self_ret_5,-1,self_volume_ratio_5_20,-1
triple|neg_event_max_5|+1|self_ret_5|-1|self_compression_20_63|+1,triple,neg_event_max_5,1,self_ret_5,-1,self_compression_20_63,1
triple|neg_event_max_5|+1|self_ret_5|-1|self_compression_20_63|-1,triple,neg_event_max_5,1,self_ret_5,-1,self_compression_20_63,-1
triple|neg_event_max_5|+1|self_ret_5|-1|self_range_loc_63|+1,triple,neg_event_max_5,1,self_ret_5,-1,self_range_loc_63,1
triple|neg_event_max_5|+1|self_ret_5|-1|self_range_loc_63|-1,triple,neg_event_max_5,1,self_ret_5,-1,self_range_loc_63,-1
triple|neg_event_max_5|+1|self_ret_21|+1|self_volume_ratio_5_20|+1,triple,neg_event_max_5,1,self_ret_21,1,self_volume_ratio_5_20,1
triple|neg_event_max_5|+1|self_ret_21|+1|self_volume_ratio_5_20|-1,triple,neg_event_max_5,1,self_ret_21,1,self_volume_ratio_5_20,-1
triple|neg_event_max_5|+1|self_ret_21|+1|self_compression_20_63|+1,triple,neg_event_max_5,1,self_ret_21,1,self_compression_20_63,1
triple|neg_event_max_5|+1|self_ret_21|+1|self_compression_20_63|-1,triple,neg_event_max_5,1,self_ret_21,1,self_compression_20_63,-1
triple|neg_event_max_5|+1|self_ret_21|+1|self_range_loc_63|+1,triple,neg_event_max_5,1,self_ret_21,1,self_range_loc_63,1
triple|neg_event_max_5|+1|self_ret_21|+1|self_range_loc_63|-1,triple,neg_event_max_5,1,self_ret_21,1,self_range_loc_63,-1
triple|neg_event_max_5|+1|self_ret_21|-1|self_volume_ratio_5_20|+1,triple,neg_event_max_5,1,self_ret_21,-1,self_volume_ratio_5_20,1
triple|neg_event_max_5|+1|self_ret_21|-1|self_volume_ratio_5_20|-1,triple,neg_event_max_5,1,self_ret_21,-1,self_volume_ratio_5_20,-1
triple|neg_event_max_5|+1|self_ret_21|-1|self_compression_20_63|+1,triple,neg_event_max_5,1,self_ret_21,-1,self_compression_20_63,1
triple|neg_event_max_5|+1|self_ret_21|-1|self_compression_20_63|-1,triple,neg_event_max_5,1,self_ret_21,-1,self_compression_20_63,-1
triple|neg_event_max_5|+1|self_ret_21|-1|self_range_loc_63|+1,triple,neg_event_max_5,1,self_ret_21,-1,self_range_loc_63,1
triple|neg_event_max_5|+1|self_ret_21|-1|self_range_loc_63|-1,triple,neg_event_max_5,1,self_ret_21,-1,self_range_loc_63,-1
triple|neg_event_max_5|+1|self_dist_high_63|+1|self_volume_ratio_5_20|+1,triple,neg_event_max_5,1,self_dist_high_63,1,self_volume_ratio_5_20,1
triple|neg_event_max_5|+1|self_dist_high_63|+1|self_volume_ratio_5_20|-1,triple,neg_event_max_5,1,self_dist_high_63,1,self_volume_ratio_5_20,-1
triple|neg_event_max_5|+1|self_dist_high_63|+1|self_compression_20_63|+1,triple,neg_event_max_5,1,self_dist_high_63,1,self_compression_20_63,1
triple|neg_event_max_5|+1|self_dist_high_63|+1|self_compression_20_63|-1,triple,neg_event_max_5,1,self_dist_high_63,1,self_compression_20_63,-1
triple|neg_event_max_5|+1|self_dist_high_63|+1|self_range_loc_63|+1,triple,neg_event_max_5,1,self_dist_high_63,1,self_range_loc_63,1
triple|neg_event_max_5|+1|self_dist_high_63|+1|self_range_loc_63|-1,triple,neg_event_max_5,1,self_dist_high_63,1,self_range_loc_63,-1
triple|neg_event_max_5|+1|self_dist_high_63|-1|self_volume_ratio_5_20|+1,triple,neg_event_max_5,1,self_dist_high_63,-1,self_volume_ratio_5_20,1
triple|neg_event_max_5|+1|self_dist_high_63|-1|self_volume_ratio_5_20|-1,triple,neg_event_max_5,1,self_dist_high_63,-1,self_volume_ratio_5_20,-1
triple|neg_event_max_5|+1|self_dist_high_63|-1|self_compression_20_63|+1,triple,neg_event_max_5,1,self_dist_high_63,-1,self_compression_20_63,1
triple|neg_event_max_5|+1|self_dist_high_63|-1|self_compression_20_63|-1,triple,neg_event_max_5,1,self_dist_high_63,-1,self_compression_20_63,-1
triple|neg_event_max_5|+1|self_dist_high_63|-1|self_range_loc_63|+1,triple,neg_event_max_5,1,self_dist_high_63,-1,self_range_loc_63,1
triple|neg_event_max_5|+1|self_dist_high_63|-1|self_range_loc_63|-1,triple,neg_event_max_5,1,self_dist_high_63,-1,self_range_loc_63,-1
triple|neg_event_max_5|-1|self_ret_5|+1|self_volume_ratio_5_20|+1,triple,neg_event_max_5,-1,self_ret_5,1,self_volume_ratio_5_20,1
triple|neg_event_max_5|-1|self_ret_5|+1|self_volume_ratio_5_20|-1,triple,neg_event_max_5,-1,self_ret_5,1,self_volume_ratio_5_20,-1
triple|neg_event_max_5|-1|self_ret_5|+1|self_compression_20_63|+1,triple,neg_event_max_5,-1,self_ret_5,1,self_compression_20_63,1
triple|neg_event_max_5|-1|self_ret_5|+1|self_compression_20_63|-1,triple,neg_event_max_5,-1,self_ret_5,1,self_compression_20_63,-1
triple|neg_event_max_5|-1|self_ret_5|+1|self_range_loc_63|+1,triple,neg_event_max_5,-1,self_ret_5,1,self_range_loc_63,1
triple|neg_event_max_5|-1|self_ret_5|+1|self_range_loc_63|-1,triple,neg_event_max_5,-1,self_ret_5,1,self_range_loc_63,-1
triple|neg_event_max_5|-1|self_ret_5|-1|self_volume_ratio_5_20|+1,triple,neg_event_max_5,-1,self_ret_5,-1,self_volume_ratio_5_20,1
triple|neg_event_max_5|-1|self_ret_5|-1|self_volume_ratio_5_20|-1,triple,neg_event_max_5,-1,self_ret_5,-1,self_volume_ratio_5_20,-1
triple|neg_event_max_5|-1|self_ret_5|-1|self_compression_20_63|+1,triple,neg_event_max_5,-1,self_ret_5,-1,self_compression_20_63,1
triple|neg_event_max_5|-1|self_ret_5|-1|self_compression_20_63|-1,triple,neg_event_max_5,-1,self_ret_5,-1,self_compression_20_63,-1
triple|neg_event_max_5|-1|self_ret_5|-1|self_range_loc_63|+1,triple,neg_event_max_5,-1,self_ret_5,-1,self_range_loc_63,1
triple|neg_event_max_5|-1|self_ret_5|-1|self_range_loc_63|-1,triple,neg_event_max_5,-1,self_ret_5,-1,self_range_loc_63,-1
triple|neg_event_max_5|-1|self_ret_21|+1|self_volume_ratio_5_20|+1,triple,neg_event_max_5,-1,self_ret_21,1,self_volume_ratio_5_20,1
triple|neg_event_max_5|-1|self_ret_21|+1|self_volume_ratio_5_20|-1,triple,neg_event_max_5,-1,self_ret_21,1,self_volume_ratio_5_20,-1
triple|neg_event_max_5|-1|self_ret_21|+1|self_compression_20_63|+1,triple,neg_event_max_5,-1,self_ret_21,1,self_compression_20_63,1
triple|neg_event_max_5|-1|self_ret_21|+1|self_compression_20_63|-1,triple,neg_event_max_5,-1,self_ret_21,1,self_compression_20_63,-1
triple|neg_event_max_5|-1|self_ret_21|+1|self_range_loc_63|+1,triple,neg_event_max_5,-1,self_ret_21,1,self_range_loc_63,1
triple|neg_event_max_5|-1|self_ret_21|+1|self_range_loc_63|-1,triple,neg_event_max_5,-1,self_ret_21,1,self_range_loc_63,-1
triple|neg_event_max_5|-1|self_ret_21|-1|self_volume_ratio_5_20|+1,triple,neg_event_max_5,-1,self_ret_21,-1,self_volume_ratio_5_20,1
triple|neg_event_max_5|-1|self_ret_21|-1|self_volume_ratio_5_20|-1,triple,neg_event_max_5,-1,self_ret_21,-1,self_volume_ratio_5_20,-1
triple|neg_event_max_5|-1|self_ret_21|-1|self_compression_20_63|+1,triple,neg_event_max_5,-1,self_ret_21,-1,self_compression_20_63,1
triple|neg_event_max_5|-1|self_ret_21|-1|self_compression_20_63|-1,triple,neg_event_max_5,-1,self_ret_21,-1,self_compression_20_63,-1
triple|neg_event_max_5|-1|self_ret_21|-1|self_range_loc_63|+1,triple,neg_event_max_5,-1,self_ret_21,-1,self_range_loc_63,1
triple|neg_event_max_5|-1|self_ret_21|-1|self_range_loc_63|-1,triple,neg_event_max_5,-1,self_ret_21,-1,self_range_loc_63,-1
triple|neg_event_max_5|-1|self_dist_high_63|+1|self_volume_ratio_5_20|+1,triple,neg_event_max_5,-1,self_dist_high_63,1,self_volume_ratio_5_20,1
triple|neg_event_max_5|-1|self_dist_high_63|+1|self_volume_ratio_5_20|-1,triple,neg_event_max_5,-1,self_dist_high_63,1,self_volume_ratio_5_20,-1
triple|neg_event_max_5|-1|self_dist_high_63|+1|self_compression_20_63|+1,triple,neg_event_max_5,-1,self_dist_high_63,1,self_compression_20_63,1
triple|neg_event_max_5|-1|self_dist_high_63|+1|self_compression_20_63|-1,triple,neg_event_max_5,-1,self_dist_high_63,1,self_compression_20_63,-1
triple|neg_event_max_5|-1|self_dist_high_63|+1|self_range_loc_63|+1,triple,neg_event_max_5,-1,self_dist_high_63,1,self_range_loc_63,1
triple|neg_event_max_5|-1|self_dist_high_63|+1|self_range_loc_63|-1,triple,neg_event_max_5,-1,self_dist_high_63,1,self_range_loc_63,-1
triple|neg_event_max_5|-1|self_dist_high_63|-1|self_volume_ratio_5_20|+1,triple,neg_event_max_5,-1,self_dist_high_63,-1,self_volume_ratio_5_20,1
triple|neg_event_max_5|-1|self_dist_high_63|-1|self_volume_ratio_5_20|-1,triple,neg_event_max_5,-1,self_dist_high_63,-1,self_volume_ratio_5_20,-1
triple|neg_event_max_5|-1|self_dist_high_63|-1|self_compression_20_63|+1,triple,neg_event_max_5,-1,self_dist_high_63,-1,self_compression_20_63,1
triple|neg_event_max_5|-1|self_dist_high_63|-1|self_compression_20_63|-1,triple,neg_event_max_5,-1,self_dist_high_63,-1,self_compression_20_63,-1
triple|neg_event_max_5|-1|self_dist_high_63|-1|self_range_loc_63|+1,triple,neg_event_max_5,-1,self_dist_high_63,-1,self_range_loc_63,1
triple|neg_event_max_5|-1|self_dist_high_63|-1|self_range_loc_63|-1,triple,neg_event_max_5,-1,self_dist_high_63,-1,self_range_loc_63,-1
triple|neg_event_max_10|+1|self_ret_5|+1|self_volume_ratio_5_20|+1,triple,neg_event_max_10,1,self_ret_5,1,self_volume_ratio_5_20,1
triple|neg_event_max_10|+1|self_ret_5|+1|self_volume_ratio_5_20|-1,triple,neg_event_max_10,1,self_ret_5,1,self_volume_ratio_5_20,-1
triple|neg_event_max_10|+1|self_ret_5|+1|self_compression_20_63|+1,triple,neg_event_max_10,1,self_ret_5,1,self_compression_20_63,1
triple|neg_event_max_10|+1|self_ret_5|+1|self_compression_20_63|-1,triple,neg_event_max_10,1,self_ret_5,1,self_compression_20_63,-1
triple|neg_event_max_10|+1|self_ret_5|+1|self_range_loc_63|+1,triple,neg_event_max_10,1,self_ret_5,1,self_range_loc_63,1
triple|neg_event_max_10|+1|self_ret_5|+1|self_range_loc_63|-1,triple,neg_event_max_10,1,self_ret_5,1,self_range_loc_63,-1
triple|neg_event_max_10|+1|self_ret_5|-1|self_volume_ratio_5_20|+1,triple,neg_event_max_10,1,self_ret_5,-1,self_volume_ratio_5_20,1
triple|neg_event_max_10|+1|self_ret_5|-1|self_volume_ratio_5_20|-1,triple,neg_event_max_10,1,self_ret_5,-1,self_volume_ratio_5_20,-1
triple|neg_event_max_10|+1|self_ret_5|-1|self_compression_20_63|+1,triple,neg_event_max_10,1,self_ret_5,-1,self_compression_20_63,1
triple|neg_event_max_10|+1|self_ret_5|-1|self_compression_20_63|-1,triple,neg_event_max_10,1,self_ret_5,-1,self_compression_20_63,-1
triple|neg_event_max_10|+1|self_ret_5|-1|self_range_loc_63|+1,triple,neg_event_max_10,1,self_ret_5,-1,self_range_loc_63,1
triple|neg_event_max_10|+1|self_ret_5|-1|self_range_loc_63|-1,triple,neg_event_max_10,1,self_ret_5,-1,self_range_loc_63,-1
triple|neg_event_max_10|+1|self_ret_21|+1|self_volume_ratio_5_20|+1,triple,neg_event_max_10,1,self_ret_21,1,self_volume_ratio_5_20,1
triple|neg_event_max_10|+1|self_ret_21|+1|self_volume_ratio_5_20|-1,triple,neg_event_max_10,1,self_ret_21,1,self_volume_ratio_5_20,-1
triple|neg_event_max_10|+1|self_ret_21|+1|self_compression_20_63|+1,triple,neg_event_max_10,1,self_ret_21,1,self_compression_20_63,1
triple|neg_event_max_10|+1|self_ret_21|+1|self_compression_20_63|-1,triple,neg_event_max_10,1,self_ret_21,1,self_compression_20_63,-1
triple|neg_event_max_10|+1|self_ret_21|+1|self_range_loc_63|+1,triple,neg_event_max_10,1,self_ret_21,1,self_range_loc_63,1
triple|neg_event_max_10|+1|self_ret_21|+1|self_range_loc_63|-1,triple,neg_event_max_10,1,self_ret_21,1,self_range_loc_63,-1
triple|neg_event_max_10|+1|self_ret_21|-1|self_volume_ratio_5_20|+1,triple,neg_event_max_10,1,self_ret_21,-1,self_volume_ratio_5_20,1
triple|neg_event_max_10|+1|self_ret_21|-1|self_volume_ratio_5_20|-1,triple,neg_event_max_10,1,self_ret_21,-1,self_volume_ratio_5_20,-1
triple|neg_event_max_10|+1|self_ret_21|-1|self_compression_20_63|+1,triple,neg_event_max_10,1,self_ret_21,-1,self_compression_20_63,1
triple|neg_event_max_10|+1|self_ret_21|-1|self_compression_20_63|-1,triple,neg_event_max_10,1,self_ret_21,-1,self_compression_20_63,-1
triple|neg_event_max_10|+1|self_ret_21|-1|self_range_loc_63|+1,triple,neg_event_max_10,1,self_ret_21,-1,self_range_loc_63,1
triple|neg_event_max_10|+1|self_ret_21|-1|self_range_loc_63|-1,triple,neg_event_max_10,1,self_ret_21,-1,self_range_loc_63,-1
triple|neg_event_max_10|+1|self_dist_high_63|+1|self_volume_ratio_5_20|+1,triple,neg_event_max_10,1,self_dist_high_63,1,self_volume_ratio_5_20,1
triple|neg_event_max_10|+1|self_dist_high_63|+1|self_volume_ratio_5_20|-1,triple,neg_event_max_10,1,self_dist_high_63,1,self_volume_ratio_5_20,-1
triple|neg_event_max_10|+1|self_dist_high_63|+1|self_compression_20_63|+1,triple,neg_event_max_10,1,self_dist_high_63,1,self_compression_20_63,1
triple|neg_event_max_10|+1|self_dist_high_63|+1|self_compression_20_63|-1,triple,neg_event_max_10,1,self_dist_high_63,1,self_compression_20_63,-1
triple|neg_event_max_10|+1|self_dist_high_63|+1|self_range_loc_63|+1,triple,neg_event_max_10,1,self_dist_high_63,1,self_range_loc_63,1
triple|neg_event_max_10|+1|self_dist_high_63|+1|self_range_loc_63|-1,triple,neg_event_max_10,1,self_dist_high_63,1,self_range_loc_63,-1
triple|neg_event_max_10|+1|self_dist_high_63|-1|self_volume_ratio_5_20|+1,triple,neg_event_max_10,1,self_dist_high_63,-1,self_volume_ratio_5_20,1
triple|neg_event_max_10|+1|self_dist_high_63|-1|self_volume_ratio_5_20|-1,triple,neg_event_max_10,1,self_dist_high_63,-1,self_volume_ratio_5_20,-1
triple|neg_event_max_10|+1|self_dist_high_63|-1|self_compression_20_63|+1,triple,neg_event_max_10,1,self_dist_high_63,-1,self_compression_20_63,1
triple|neg_event_max_10|+1|self_dist_high_63|-1|self_compression_20_63|-1,triple,neg_event_max_10,1,self_dist_high_63,-1,self_compression_20_63,-1
triple|neg_event_max_10|+1|self_dist_high_63|-1|self_range_loc_63|+1,triple,neg_event_max_10,1,self_dist_high_63,-1,self_range_loc_63,1
triple|neg_event_max_10|+1|self_dist_high_63|-1|self_range_loc_63|-1,triple,neg_event_max_10,1,self_dist_high_63,-1,self_range_loc_63,-1
triple|neg_event_max_10|-1|self_ret_5|+1|self_volume_ratio_5_20|+1,triple,neg_event_max_10,-1,self_ret_5,1,self_volume_ratio_5_20,1
triple|neg_event_max_10|-1|self_ret_5|+1|self_volume_ratio_5_20|-1,triple,neg_event_max_10,-1,self_ret_5,1,self_volume_ratio_5_20,-1
triple|neg_event_max_10|-1|self_ret_5|+1|self_compression_20_63|+1,triple,neg_event_max_10,-1,self_ret_5,1,self_compression_20_63,1
triple|neg_event_max_10|-1|self_ret_5|+1|self_compression_20_63|-1,triple,neg_event_max_10,-1,self_ret_5,1,self_compression_20_63,-1
triple|neg_event_max_10|-1|self_ret_5|+1|self_range_loc_63|+1,triple,neg_event_max_10,-1,self_ret_5,1,self_range_loc_63,1
triple|neg_event_max_10|-1|self_ret_5|+1|self_range_loc_63|-1,triple,neg_event_max_10,-1,self_ret_5,1,self_range_loc_63,-1
triple|neg_event_max_10|-1|self_ret_5|-1|self_volume_ratio_5_20|+1,triple,neg_event_max_10,-1,self_ret_5,-1,self_volume_ratio_5_20,1
triple|neg_event_max_10|-1|self_ret_5|-1|self_volume_ratio_5_20|-1,triple,neg_event_max_10,-1,self_ret_5,-1,self_volume_ratio_5_20,-1
triple|neg_event_max_10|-1|self_ret_5|-1|self_compression_20_63|+1,triple,neg_event_max_10,-1,self_ret_5,-1,self_compression_20_63,1
triple|neg_event_max_10|-1|self_ret_5|-1|self_compression_20_63|-1,triple,neg_event_max_10,-1,self_ret_5,-1,self_compression_20_63,-1
triple|neg_event_max_10|-1|self_ret_5|-1|self_range_loc_63|+1,triple,neg_event_max_10,-1,self_ret_5,-1,self_range_loc_63,1
triple|neg_event_max_10|-1|self_ret_5|-1|self_range_loc_63|-1,triple,neg_event_max_10,-1,self_ret_5,-1,self_range_loc_63,-1
triple|neg_event_max_10|-1|self_ret_21|+1|self_volume_ratio_5_20|+1,triple,neg_event_max_10,-1,self_ret_21,1,self_volume_ratio_5_20,1
triple|neg_event_max_10|-1|self_ret_21|+1|self_volume_ratio_5_20|-1,triple,neg_event_max_10,-1,self_ret_21,1,self_volume_ratio_5_20,-1
triple|neg_event_max_10|-1|self_ret_21|+1|self_compression_20_63|+1,triple,neg_event_max_10,-1,self_ret_21,1,self_compression_20_63,1
triple|neg_event_max_10|-1|self_ret_21|+1|self_compression_20_63|-1,triple,neg_event_max_10,-1,self_ret_21,1,self_compression_20_63,-1
triple|neg_event_max_10|-1|self_ret_21|+1|self_range_loc_63|+1,triple,neg_event_max_10,-1,self_ret_21,1,self_range_loc_63,1
triple|neg_event_max_10|-1|self_ret_21|+1|self_range_loc_63|-1,triple,neg_event_max_10,-1,self_ret_21,1,self_range_loc_63,-1
triple|neg_event_max_10|-1|self_ret_21|-1|self_volume_ratio_5_20|+1,triple,neg_event_max_10,-1,self_ret_21,-1,self_volume_ratio_5_20,1
triple|neg_event_max_10|-1|self_ret_21|-1|self_volume_ratio_5_20|-1,triple,neg_event_max_10,-1,self_ret_21,-1,self_volume_ratio_5_20,-1
triple|neg_event_max_10|-1|self_ret_21|-1|self_compression_20_63|+1,triple,neg_event_max_10,-1,self_ret_21,-1,self_compression_20_63,1
triple|neg_event_max_10|-1|self_ret_21|-1|self_compression_20_63|-1,triple,neg_event_max_10,-1,self_ret_21,-1,self_compression_20_63,-1
triple|neg_event_max_10|-1|self_ret_21|-1|self_range_loc_63|+1,triple,neg_event_max_10,-1,self_ret_21,-1,self_range_loc_63,1
triple|neg_event_max_10|-1|self_ret_21|-1|self_range_loc_63|-1,triple,neg_event_max_10,-1,self_ret_21,-1,self_range_loc_63,-1
triple|neg_event_max_10|-1|self_dist_high_63|+1|self_volume_ratio_5_20|+1,triple,neg_event_max_10,-1,self_dist_high_63,1,self_volume_ratio_5_20,1
triple|neg_event_max_10|-1|self_dist_high_63|+1|self_volume_ratio_5_20|-1,triple,neg_event_max_10,-1,self_dist_high_63,1,self_volume_ratio_5_20,-1
triple|neg_event_max_10|-1|self_dist_high_63|+1|self_compression_20_63|+1,triple,neg_event_max_10,-1,self_dist_high_63,1,self_compression_20_63,1
triple|neg_event_max_10|-1|self_dist_high_63|+1|self_compression_20_63|-1,triple,neg_event_max_10,-1,self_dist_high_63,1,self_compression_20_63,-1
triple|neg_event_max_10|-1|self_dist_high_63|+1|self_range_loc_63|+1,triple,neg_event_max_10,-1,self_dist_high_63,1,self_range_loc_63,1
triple|neg_event_max_10|-1|self_dist_high_63|+1|self_range_loc_63|-1,triple,neg_event_max_10,-1,self_dist_high_63,1,self_range_loc_63,-1
triple|neg_event_max_10|-1|self_dist_high_63|-1|self_volume_ratio_5_20|+1,triple,neg_event_max_10,-1,self_dist_high_63,-1,self_volume_ratio_5_20,1
triple|neg_event_max_10|-1|self_dist_high_63|-1|self_volume_ratio_5_20|-1,triple,neg_event_max_10,-1,self_dist_high_63,-1,self_volume_ratio_5_20,-1
triple|neg_event_max_10|-1|self_dist_high_63|-1|self_compression_20_63|+1,triple,neg_event_max_10,-1,self_dist_high_63,-1,self_compression_20_63,1
triple|neg_event_max_10|-1|self_dist_high_63|-1|self_compression_20_63|-1,triple,neg_event_max_10,-1,self_dist_high_63,-1,self_compression_20_63,-1
triple|neg_event_max_10|-1|self_dist_high_63|-1|self_range_loc_63|+1,triple,neg_event_max_10,-1,self_dist_high_63,-1,self_range_loc_63,1
triple|neg_event_max_10|-1|self_dist_high_63|-1|self_range_loc_63|-1,triple,neg_event_max_10,-1,self_dist_high_63,-1,self_range_loc_63,-1
triple|neg_event_max_21|+1|self_ret_5|+1|self_volume_ratio_5_20|+1,triple,neg_event_max_21,1,self_ret_5,1,self_volume_ratio_5_20,1
triple|neg_event_max_21|+1|self_ret_5|+1|self_volume_ratio_5_20|-1,triple,neg_event_max_21,1,self_ret_5,1,self_volume_ratio_5_20,-1
triple|neg_event_max_21|+1|self_ret_5|+1|self_compression_20_63|+1,triple,neg_event_max_21,1,self_ret_5,1,self_compression_20_63,1
triple|neg_event_max_21|+1|self_ret_5|+1|self_compression_20_63|-1,triple,neg_event_max_21,1,self_ret_5,1,self_compression_20_63,-1
triple|neg_event_max_21|+1|self_ret_5|+1|self_range_loc_63|+1,triple,neg_event_max_21,1,self_ret_5,1,self_range_loc_63,1
triple|neg_event_max_21|+1|self_ret_5|+1|self_range_loc_63|-1,triple,neg_event_max_21,1,self_ret_5,1,self_range_loc_63,-1
triple|neg_event_max_21|+1|self_ret_5|-1|self_volume_ratio_5_20|+1,triple,neg_event_max_21,1,self_ret_5,-1,self_volume_ratio_5_20,1
triple|neg_event_max_21|+1|self_ret_5|-1|self_volume_ratio_5_20|-1,triple,neg_event_max_21,1,self_ret_5,-1,self_volume_ratio_5_20,-1
triple|neg_event_max_21|+1|self_ret_5|-1|self_compression_20_63|+1,triple,neg_event_max_21,1,self_ret_5,-1,self_compression_20_63,1
triple|neg_event_max_21|+1|self_ret_5|-1|self_compression_20_63|-1,triple,neg_event_max_21,1,self_ret_5,-1,self_compression_20_63,-1
triple|neg_event_max_21|+1|self_ret_5|-1|self_range_loc_63|+1,triple,neg_event_max_21,1,self_ret_5,-1,self_range_loc_63,1
triple|neg_event_max_21|+1|self_ret_5|-1|self_range_loc_63|-1,triple,neg_event_max_21,1,self_ret_5,-1,self_range_loc_63,-1
triple|neg_event_max_21|+1|self_ret_21|+1|self_volume_ratio_5_20|+1,triple,neg_event_max_21,1,self_ret_21,1,self_volume_ratio_5_20,1
triple|neg_event_max_21|+1|self_ret_21|+1|self_volume_ratio_5_20|-1,triple,neg_event_max_21,1,self_ret_21,1,self_volume_ratio_5_20,-1
triple|neg_event_max_21|+1|self_ret_21|+1|self_compression_20_63|+1,triple,neg_event_max_21,1,self_ret_21,1,self_compression_20_63,1
triple|neg_event_max_21|+1|self_ret_21|+1|self_compression_20_63|-1,triple,neg_event_max_21,1,self_ret_21,1,self_compression_20_63,-1
triple|neg_event_max_21|+1|self_ret_21|+1|self_range_loc_63|+1,triple,neg_event_max_21,1,self_ret_21,1,self_range_loc_63,1
triple|neg_event_max_21|+1|self_ret_21|+1|self_range_loc_63|-1,triple,neg_event_max_21,1,self_ret_21,1,self_range_loc_63,-1
triple|neg_event_max_21|+1|self_ret_21|-1|self_volume_ratio_5_20|+1,triple,neg_event_max_21,1,self_ret_21,-1,self_volume_ratio_5_20,1
triple|neg_event_max_21|+1|self_ret_21|-1|self_volume_ratio_5_20|-1,triple,neg_event_max_21,1,self_ret_21,-1,self_volume_ratio_5_20,-1
triple|neg_event_max_21|+1|self_ret_21|-1|self_compression_20_63|+1,triple,neg_event_max_21,1,self_ret_21,-1,self_compression_20_63,1
triple|neg_event_max_21|+1|self_ret_21|-1|self_compression_20_63|-1,triple,neg_event_max_21,1,self_ret_21,-1,self_compression_20_63,-1
triple|neg_event_max_21|+1|self_ret_21|-1|self_range_loc_63|+1,triple,neg_event_max_21,1,self_ret_21,-1,self_range_loc_63,1
triple|neg_event_max_21|+1|self_ret_21|-1|self_range_loc_63|-1,triple,neg_event_max_21,1,self_ret_21,-1,self_range_loc_63,-1
triple|neg_event_max_21|+1|self_dist_high_63|+1|self_volume_ratio_5_20|+1,triple,neg_event_max_21,1,self_dist_high_63,1,self_volume_ratio_5_20,1
triple|neg_event_max_21|+1|self_dist_high_63|+1|self_volume_ratio_5_20|-1,triple,neg_event_max_21,1,self_dist_high_63,1,self_volume_ratio_5_20,-1
triple|neg_event_max_21|+1|self_dist_high_63|+1|self_compression_20_63|+1,triple,neg_event_max_21,1,self_dist_high_63,1,self_compression_20_63,1
triple|neg_event_max_21|+1|self_dist_high_63|+1|self_compression_20_63|-1,triple,neg_event_max_21,1,self_dist_high_63,1,self_compression_20_63,-1
triple|neg_event_max_21|+1|self_dist_high_63|+1|self_range_loc_63|+1,triple,neg_event_max_21,1,self_dist_high_63,1,self_range_loc_63,1
triple|neg_event_max_21|+1|self_dist_high_63|+1|self_range_loc_63|-1,triple,neg_event_max_21,1,self_dist_high_63,1,self_range_loc_63,-1
triple|neg_event_max_21|+1|self_dist_high_63|-1|self_volume_ratio_5_20|+1,triple,neg_event_max_21,1,self_dist_high_63,-1,self_volume_ratio_5_20,1
triple|neg_event_max_21|+1|self_dist_high_63|-1|self_volume_ratio_5_20|-1,triple,neg_event_max_21,1,self_dist_high_63,-1,self_volume_ratio_5_20,-1
triple|neg_event_max_21|+1|self_dist_high_63|-1|self_compression_20_63|+1,triple,neg_event_max_21,1,self_dist_high_63,-1,self_compression_20_63,1
triple|neg_event_max_21|+1|self_dist_high_63|-1|self_compression_20_63|-1,triple,neg_event_max_21,1,self_dist_high_63,-1,self_compression_20_63,-1
triple|neg_event_max_21|+1|self_dist_high_63|-1|self_range_loc_63|+1,triple,neg_event_max_21,1,self_dist_high_63,-1,self_range_loc_63,1
triple|neg_event_max_21|+1|self_dist_high_63|-1|self_range_loc_63|-1,triple,neg_event_max_21,1,self_dist_high_63,-1,self_range_loc_63,-1
triple|neg_event_max_21|-1|self_ret_5|+1|self_volume_ratio_5_20|+1,triple,neg_event_max_21,-1,self_ret_5,1,self_volume_ratio_5_20,1
triple|neg_event_max_21|-1|self_ret_5|+1|self_volume_ratio_5_20|-1,triple,neg_event_max_21,-1,self_ret_5,1,self_volume_ratio_5_20,-1
triple|neg_event_max_21|-1|self_ret_5|+1|self_compression_20_63|+1,triple,neg_event_max_21,-1,self_ret_5,1,self_compression_20_63,1
triple|neg_event_max_21|-1|self_ret_5|+1|self_compression_20_63|-1,triple,neg_event_max_21,-1,self_ret_5,1,self_compression_20_63,-1
triple|neg_event_max_21|-1|self_ret_5|+1|self_range_loc_63|+1,triple,neg_event_max_21,-1,self_ret_5,1,self_range_loc_63,1
triple|neg_event_max_21|-1|self_ret_5|+1|self_range_loc_63|-1,triple,neg_event_max_21,-1,self_ret_5,1,self_range_loc_63,-1
triple|neg_event_max_21|-1|self_ret_5|-1|self_volume_ratio_5_20|+1,triple,neg_event_max_21,-1,self_ret_5,-1,self_volume_ratio_5_20,1
triple|neg_event_max_21|-1|self_ret_5|-1|self_volume_ratio_5_20|-1,triple,neg_event_max_21,-1,self_ret_5,-1,self_volume_ratio_5_20,-1
triple|neg_event_max_21|-1|self_ret_5|-1|self_compression_20_63|+1,triple,neg_event_max_21,-1,self_ret_5,-1,self_compression_20_63,1
triple|neg_event_max_21|-1|self_ret_5|-1|self_compression_20_63|-1,triple,neg_event_max_21,-1,self_ret_5,-1,self_compression_20_63,-1
triple|neg_event_max_21|-1|self_ret_5|-1|self_range_loc_63|+1,triple,neg_event_max_21,-1,self_ret_5,-1,self_range_loc_63,1
triple|neg_event_max_21|-1|self_ret_5|-1|self_range_loc_63|-1,triple,neg_event_max_21,-1,self_ret_5,-1,self_range_loc_63,-1
triple|neg_event_max_21|-1|self_ret_21|+1|self_volume_ratio_5_20|+1,triple,neg_event_max_21,-1,self_ret_21,1,self_volume_ratio_5_20,1
triple|neg_event_max_21|-1|self_ret_21|+1|self_volume_ratio_5_20|-1,triple,neg_event_max_21,-1,self_ret_21,1,self_volume_ratio_5_20,-1
triple|neg_event_max_21|-1|self_ret_21|+1|self_compression_20_63|+1,triple,neg_event_max_21,-1,self_ret_21,1,self_compression_20_63,1
triple|neg_event_max_21|-1|self_ret_21|+1|self_compression_20_63|-1,triple,neg_event_max_21,-1,self_ret_21,1,self_compression_20_63,-1
triple|neg_event_max_21|-1|self_ret_21|+1|self_range_loc_63|+1,triple,neg_event_max_21,-1,self_ret_21,1,self_range_loc_63,1
triple|neg_event_max_21|-1|self_ret_21|+1|self_range_loc_63|-1,triple,neg_event_max_21,-1,self_ret_21,1,self_range_loc_63,-1
triple|neg_event_max_21|-1|self_ret_21|-1|self_volume_ratio_5_20|+1,triple,neg_event_max_21,-1,self_ret_21,-1,self_volume_ratio_5_20,1
triple|neg_event_max_21|-1|self_ret_21|-1|self_volume_ratio_5_20|-1,triple,neg_event_max_21,-1,self_ret_21,-1,self_volume_ratio_5_20,-1
triple|neg_event_max_21|-1|self_ret_21|-1|self_compression_20_63|+1,triple,neg_event_max_21,-1,self_ret_21,-1,self_compression_20_63,1
triple|neg_event_max_21|-1|self_ret_21|-1|self_compression_20_63|-1,triple,neg_event_max_21,-1,self_ret_21,-1,self_compression_20_63,-1
triple|neg_event_max_21|-1|self_ret_21|-1|self_range_loc_63|+1,triple,neg_event_max_21,-1,self_ret_21,-1,self_range_loc_63,1
triple|neg_event_max_21|-1|self_ret_21|-1|self_range_loc_63|-1,triple,neg_event_max_21,-1,self_ret_21,-1,self_range_loc_63,-1
triple|neg_event_max_21|-1|self_dist_high_63|+1|self_volume_ratio_5_20|+1,triple,neg_event_max_21,-1,self_dist_high_63,1,self_volume_ratio_5_20,1
triple|neg_event_max_21|-1|self_dist_high_63|+1|self_volume_ratio_5_20|-1,triple,neg_event_max_21,-1,self_dist_high_63,1,self_volume_ratio_5_20,-1
triple|neg_event_max_21|-1|self_dist_high_63|+1|self_compression_20_63|+1,triple,neg_event_max_21,-1,self_dist_high_63,1,self_compression_20_63,1
triple|neg_event_max_21|-1|self_dist_high_63|+1|self_compression_20_63|-1,triple,neg_event_max_21,-1,self_dist_high_63,1,self_compression_20_63,-1
triple|neg_event_max_21|-1|self_dist_high_63|+1|self_range_loc_63|+1,triple,neg_event_max_21,-1,self_dist_high_63,1,self_range_loc_63,1
triple|neg_event_max_21|-1|self_dist_high_63|+1|self_range_loc_63|-1,triple,neg_event_max_21,-1,self_dist_high_63,1,self_range_loc_63,-1
triple|neg_event_max_21|-1|self_dist_high_63|-1|self_volume_ratio_5_20|+1,triple,neg_event_max_21,-1,self_dist_high_63,-1,self_volume_ratio_5_20,1
triple|neg_event_max_21|-1|self_dist_high_63|-1|self_volume_ratio_5_20|-1,triple,neg_event_max_21,-1,self_dist_high_63,-1,self_volume_ratio_5_20,-1
triple|neg_event_max_21|-1|self_dist_high_63|-1|self_compression_20_63|+1,triple,neg_event_max_21,-1,self_dist_high_63,-1,self_compression_20_63,1
triple|neg_event_max_21|-1|self_dist_high_63|-1|self_compression_20_63|-1,triple,neg_event_max_21,-1,self_dist_high_63,-1,self_compression_20_63,-1
triple|neg_event_max_21|-1|self_dist_high_63|-1|self_range_loc_63|+1,triple,neg_event_max_21,-1,self_dist_high_63,-1,self_range_loc_63,1
triple|neg_event_max_21|-1|self_dist_high_63|-1|self_range_loc_63|-1,triple,neg_event_max_21,-1,self_dist_high_63,-1,self_range_loc_63,-1
triple|pos_event_ema_5|+1|self_ret_5|+1|self_volume_ratio_5_20|+1,triple,pos_event_ema_5,1,self_ret_5,1,self_volume_ratio_5_20,1
triple|pos_event_ema_5|+1|self_ret_5|+1|self_volume_ratio_5_20|-1,triple,pos_event_ema_5,1,self_ret_5,1,self_volume_ratio_5_20,-1
triple|pos_event_ema_5|+1|self_ret_5|+1|self_compression_20_63|+1,triple,pos_event_ema_5,1,self_ret_5,1,self_compression_20_63,1
triple|pos_event_ema_5|+1|self_ret_5|+1|self_compression_20_63|-1,triple,pos_event_ema_5,1,self_ret_5,1,self_compression_20_63,-1
triple|pos_event_ema_5|+1|self_ret_5|+1|self_range_loc_63|+1,triple,pos_event_ema_5,1,self_ret_5,1,self_range_loc_63,1
triple|pos_event_ema_5|+1|self_ret_5|+1|self_range_loc_63|-1,triple,pos_event_ema_5,1,self_ret_5,1,self_range_loc_63,-1
triple|pos_event_ema_5|+1|self_ret_5|-1|self_volume_ratio_5_20|+1,triple,pos_event_ema_5,1,self_ret_5,-1,self_volume_ratio_5_20,1
triple|pos_event_ema_5|+1|self_ret_5|-1|self_volume_ratio_5_20|-1,triple,pos_event_ema_5,1,self_ret_5,-1,self_volume_ratio_5_20,-1
triple|pos_event_ema_5|+1|self_ret_5|-1|self_compression_20_63|+1,triple,pos_event_ema_5,1,self_ret_5,-1,self_compression_20_63,1
triple|pos_event_ema_5|+1|self_ret_5|-1|self_compression_20_63|-1,triple,pos_event_ema_5,1,self_ret_5,-1,self_compression_20_63,-1
triple|pos_event_ema_5|+1|self_ret_5|-1|self_range_loc_63|+1,triple,pos_event_ema_5,1,self_ret_5,-1,self_range_loc_63,1
triple|pos_event_ema_5|+1|self_ret_5|-1|self_range_loc_63|-1,triple,pos_event_ema_5,1,self_ret_5,-1,self_range_loc_63,-1
triple|pos_event_ema_5|+1|self_ret_21|+1|self_volume_ratio_5_20|+1,triple,pos_event_ema_5,1,self_ret_21,1,self_volume_ratio_5_20,1
triple|pos_event_ema_5|+1|self_ret_21|+1|self_volume_ratio_5_20|-1,triple,pos_event_ema_5,1,self_ret_21,1,self_volume_ratio_5_20,-1
triple|pos_event_ema_5|+1|self_ret_21|+1|self_compression_20_63|+1,triple,pos_event_ema_5,1,self_ret_21,1,self_compression_20_63,1
triple|pos_event_ema_5|+1|self_ret_21|+1|self_compression_20_63|-1,triple,pos_event_ema_5,1,self_ret_21,1,self_compression_20_63,-1
triple|pos_event_ema_5|+1|self_ret_21|+1|self_range_loc_63|+1,triple,pos_event_ema_5,1,self_ret_21,1,self_range_loc_63,1
triple|pos_event_ema_5|+1|self_ret_21|+1|self_range_loc_63|-1,triple,pos_event_ema_5,1,self_ret_21,1,self_range_loc_63,-1
triple|pos_event_ema_5|+1|self_ret_21|-1|self_volume_ratio_5_20|+1,triple,pos_event_ema_5,1,self_ret_21,-1,self_volume_ratio_5_20,1
triple|pos_event_ema_5|+1|self_ret_21|-1|self_volume_ratio_5_20|-1,triple,pos_event_ema_5,1,self_ret_21,-1,self_volume_ratio_5_20,-1
triple|pos_event_ema_5|+1|self_ret_21|-1|self_compression_20_63|+1,triple,pos_event_ema_5,1,self_ret_21,-1,self_compression_20_63,1
triple|pos_event_ema_5|+1|self_ret_21|-1|self_compression_20_63|-1,triple,pos_event_ema_5,1,self_ret_21,-1,self_compression_20_63,-1
triple|pos_event_ema_5|+1|self_ret_21|-1|self_range_loc_63|+1,triple,pos_event_ema_5,1,self_ret_21,-1,self_range_loc_63,1
triple|pos_event_ema_5|+1|self_ret_21|-1|self_range_loc_63|-1,triple,pos_event_ema_5,1,self_ret_21,-1,self_range_loc_63,-1
triple|pos_event_ema_5|+1|self_dist_high_63|+1|self_volume_ratio_5_20|+1,triple,pos_event_ema_5,1,self_dist_high_63,1,self_volume_ratio_5_20,1
triple|pos_event_ema_5|+1|self_dist_high_63|+1|self_volume_ratio_5_20|-1,triple,pos_event_ema_5,1,self_dist_high_63,1,self_volume_ratio_5_20,-1
triple|pos_event_ema_5|+1|self_dist_high_63|+1|self_compression_20_63|+1,triple,pos_event_ema_5,1,self_dist_high_63,1,self_compression_20_63,1
triple|pos_event_ema_5|+1|self_dist_high_63|+1|self_compression_20_63|-1,triple,pos_event_ema_5,1,self_dist_high_63,1,self_compression_20_63,-1
triple|pos_event_ema_5|+1|self_dist_high_63|+1|self_range_loc_63|+1,triple,pos_event_ema_5,1,self_dist_high_63,1,self_range_loc_63,1
triple|pos_event_ema_5|+1|self_dist_high_63|+1|self_range_loc_63|-1,triple,pos_event_ema_5,1,self_dist_high_63,1,self_range_loc_63,-1
triple|pos_event_ema_5|+1|self_dist_high_63|-1|self_volume_ratio_5_20|+1,triple,pos_event_ema_5,1,self_dist_high_63,-1,self_volume_ratio_5_20,1
triple|pos_event_ema_5|+1|self_dist_high_63|-1|self_volume_ratio_5_20|-1,triple,pos_event_ema_5,1,self_dist_high_63,-1,self_volume_ratio_5_20,-1
triple|pos_event_ema_5|+1|self_dist_high_63|-1|self_compression_20_63|+1,triple,pos_event_ema_5,1,self_dist_high_63,-1,self_compression_20_63,1
triple|pos_event_ema_5|+1|self_dist_high_63|-1|self_compression_20_63|-1,triple,pos_event_ema_5,1,self_dist_high_63,-1,self_compression_20_63,-1
triple|pos_event_ema_5|+1|self_dist_high_63|-1|self_range_loc_63|+1,triple,pos_event_ema_5,1,self_dist_high_63,-1,self_range_loc_63,1
triple|pos_event_ema_5|+1|self_dist_high_63|-1|self_range_loc_63|-1,triple,pos_event_ema_5,1,self_dist_high_63,-1,self_range_loc_63,-1
triple|pos_event_ema_5|-1|self_ret_5|+1|self_volume_ratio_5_20|+1,triple,pos_event_ema_5,-1,self_ret_5,1,self_volume_ratio_5_20,1
triple|pos_event_ema_5|-1|self_ret_5|+1|self_volume_ratio_5_20|-1,triple,pos_event_ema_5,-1,self_ret_5,1,self_volume_ratio_5_20,-1
triple|pos_event_ema_5|-1|self_ret_5|+1|self_compression_20_63|+1,triple,pos_event_ema_5,-1,self_ret_5,1,self_compression_20_63,1
triple|pos_event_ema_5|-1|self_ret_5|+1|self_compression_20_63|-1,triple,pos_event_ema_5,-1,self_ret_5,1,self_compression_20_63,-1
triple|pos_event_ema_5|-1|self_ret_5|+1|self_range_loc_63|+1,triple,pos_event_ema_5,-1,self_ret_5,1,self_range_loc_63,1
triple|pos_event_ema_5|-1|self_ret_5|+1|self_range_loc_63|-1,triple,pos_event_ema_5,-1,self_ret_5,1,self_range_loc_63,-1
triple|pos_event_ema_5|-1|self_ret_5|-1|self_volume_ratio_5_20|+1,triple,pos_event_ema_5,-1,self_ret_5,-1,self_volume_ratio_5_20,1
triple|pos_event_ema_5|-1|self_ret_5|-1|self_volume_ratio_5_20|-1,triple,pos_event_ema_5,-1,self_ret_5,-1,self_volume_ratio_5_20,-1
triple|pos_event_ema_5|-1|self_ret_5|-1|self_compression_20_63|+1,triple,pos_event_ema_5,-1,self_ret_5,-1,self_compression_20_63,1
triple|pos_event_ema_5|-1|self_ret_5|-1|self_compression_20_63|-1,triple,pos_event_ema_5,-1,self_ret_5,-1,self_compression_20_63,-1
triple|pos_event_ema_5|-1|self_ret_5|-1|self_range_loc_63|+1,triple,pos_event_ema_5,-1,self_ret_5,-1,self_range_loc_63,1
triple|pos_event_ema_5|-1|self_ret_5|-1|self_range_loc_63|-1,triple,pos_event_ema_5,-1,self_ret_5,-1,self_range_loc_63,-1
triple|pos_event_ema_5|-1|self_ret_21|+1|self_volume_ratio_5_20|+1,triple,pos_event_ema_5,-1,self_ret_21,1,self_volume_ratio_5_20,1
triple|pos_event_ema_5|-1|self_ret_21|+1|self_volume_ratio_5_20|-1,triple,pos_event_ema_5,-1,self_ret_21,1,self_volume_ratio_5_20,-1
triple|pos_event_ema_5|-1|self_ret_21|+1|self_compression_20_63|+1,triple,pos_event_ema_5,-1,self_ret_21,1,self_compression_20_63,1
triple|pos_event_ema_5|-1|self_ret_21|+1|self_compression_20_63|-1,triple,pos_event_ema_5,-1,self_ret_21,1,self_compression_20_63,-1
triple|pos_event_ema_5|-1|self_ret_21|+1|self_range_loc_63|+1,triple,pos_event_ema_5,-1,self_ret_21,1,self_range_loc_63,1
triple|pos_event_ema_5|-1|self_ret_21|+1|self_range_loc_63|-1,triple,pos_event_ema_5,-1,self_ret_21,1,self_range_loc_63,-1
triple|pos_event_ema_5|-1|self_ret_21|-1|self_volume_ratio_5_20|+1,triple,pos_event_ema_5,-1,self_ret_21,-1,self_volume_ratio_5_20,1
triple|pos_event_ema_5|-1|self_ret_21|-1|self_volume_ratio_5_20|-1,triple,pos_event_ema_5,-1,self_ret_21,-1,self_volume_ratio_5_20,-1
triple|pos_event_ema_5|-1|self_ret_21|-1|self_compression_20_63|+1,triple,pos_event_ema_5,-1,self_ret_21,-1,self_compression_20_63,1
triple|pos_event_ema_5|-1|self_ret_21|-1|self_compression_20_63|-1,triple,pos_event_ema_5,-1,self_ret_21,-1,self_compression_20_63,-1
triple|pos_event_ema_5|-1|self_ret_21|-1|self_range_loc_63|+1,triple,pos_event_ema_5,-1,self_ret_21,-1,self_range_loc_63,1
triple|pos_event_ema_5|-1|self_ret_21|-1|self_range_loc_63|-1,triple,pos_event_ema_5,-1,self_ret_21,-1,self_range_loc_63,-1
triple|pos_event_ema_5|-1|self_dist_high_63|+1|self_volume_ratio_5_20|+1,triple,pos_event_ema_5,-1,self_dist_high_63,1,self_volume_ratio_5_20,1
triple|pos_event_ema_5|-1|self_dist_high_63|+1|self_volume_ratio_5_20|-1,triple,pos_event_ema_5,-1,self_dist_high_63,1,self_volume_ratio_5_20,-1
triple|pos_event_ema_5|-1|self_dist_high_63|+1|self_compression_20_63|+1,triple,pos_event_ema_5,-1,self_dist_high_63,1,self_compression_20_63,1
triple|pos_event_ema_5|-1|self_dist_high_63|+1|self_compression_20_63|-1,triple,pos_event_ema_5,-1,self_dist_high_63,1,self_compression_20_63,-1
triple|pos_event_ema_5|-1|self_dist_high_63|+1|self_range_loc_63|+1,triple,pos_event_ema_5,-1,self_dist_high_63,1,self_range_loc_63,1
triple|pos_event_ema_5|-1|self_dist_high_63|+1|self_range_loc_63|-1,triple,pos_event_ema_5,-1,self_dist_high_63,1,self_range_loc_63,-1
triple|pos_event_ema_5|-1|self_dist_high_63|-1|self_volume_ratio_5_20|+1,triple,pos_event_ema_5,-1,self_dist_high_63,-1,self_volume_ratio_5_20,1
triple|pos_event_ema_5|-1|self_dist_high_63|-1|self_volume_ratio_5_20|-1,triple,pos_event_ema_5,-1,self_dist_high_63,-1,self_volume_ratio_5_20,-1
triple|pos_event_ema_5|-1|self_dist_high_63|-1|self_compression_20_63|+1,triple,pos_event_ema_5,-1,self_dist_high_63,-1,self_compression_20_63,1
triple|pos_event_ema_5|-1|self_dist_high_63|-1|self_compression_20_63|-1,triple,pos_event_ema_5,-1,self_dist_high_63,-1,self_compression_20_63,-1
triple|pos_event_ema_5|-1|self_dist_high_63|-1|self_range_loc_63|+1,triple,pos_event_ema_5,-1,self_dist_high_63,-1,self_range_loc_63,1
triple|pos_event_ema_5|-1|self_dist_high_63|-1|self_range_loc_63|-1,triple,pos_event_ema_5,-1,self_dist_high_63,-1,self_range_loc_63,-1
triple|pos_event_ema_10|+1|self_ret_5|+1|self_volume_ratio_5_20|+1,triple,pos_event_ema_10,1,self_ret_5,1,self_volume_ratio_5_20,1
triple|pos_event_ema_10|+1|self_ret_5|+1|self_volume_ratio_5_20|-1,triple,pos_event_ema_10,1,self_ret_5,1,self_volume_ratio_5_20,-1
triple|pos_event_ema_10|+1|self_ret_5|+1|self_compression_20_63|+1,triple,pos_event_ema_10,1,self_ret_5,1,self_compression_20_63,1
triple|pos_event_ema_10|+1|self_ret_5|+1|self_compression_20_63|-1,triple,pos_event_ema_10,1,self_ret_5,1,self_compression_20_63,-1
triple|pos_event_ema_10|+1|self_ret_5|+1|self_range_loc_63|+1,triple,pos_event_ema_10,1,self_ret_5,1,self_range_loc_63,1
triple|pos_event_ema_10|+1|self_ret_5|+1|self_range_loc_63|-1,triple,pos_event_ema_10,1,self_ret_5,1,self_range_loc_63,-1
triple|pos_event_ema_10|+1|self_ret_5|-1|self_volume_ratio_5_20|+1,triple,pos_event_ema_10,1,self_ret_5,-1,self_volume_ratio_5_20,1
triple|pos_event_ema_10|+1|self_ret_5|-1|self_volume_ratio_5_20|-1,triple,pos_event_ema_10,1,self_ret_5,-1,self_volume_ratio_5_20,-1
triple|pos_event_ema_10|+1|self_ret_5|-1|self_compression_20_63|+1,triple,pos_event_ema_10,1,self_ret_5,-1,self_compression_20_63,1
triple|pos_event_ema_10|+1|self_ret_5|-1|self_compression_20_63|-1,triple,pos_event_ema_10,1,self_ret_5,-1,self_compression_20_63,-1
triple|pos_event_ema_10|+1|self_ret_5|-1|self_range_loc_63|+1,triple,pos_event_ema_10,1,self_ret_5,-1,self_range_loc_63,1
triple|pos_event_ema_10|+1|self_ret_5|-1|self_range_loc_63|-1,triple,pos_event_ema_10,1,self_ret_5,-1,self_range_loc_63,-1
triple|pos_event_ema_10|+1|self_ret_21|+1|self_volume_ratio_5_20|+1,triple,pos_event_ema_10,1,self_ret_21,1,self_volume_ratio_5_20,1
triple|pos_event_ema_10|+1|self_ret_21|+1|self_volume_ratio_5_20|-1,triple,pos_event_ema_10,1,self_ret_21,1,self_volume_ratio_5_20,-1
triple|pos_event_ema_10|+1|self_ret_21|+1|self_compression_20_63|+1,triple,pos_event_ema_10,1,self_ret_21,1,self_compression_20_63,1
triple|pos_event_ema_10|+1|self_ret_21|+1|self_compression_20_63|-1,triple,pos_event_ema_10,1,self_ret_21,1,self_compression_20_63,-1
triple|pos_event_ema_10|+1|self_ret_21|+1|self_range_loc_63|+1,triple,pos_event_ema_10,1,self_ret_21,1,self_range_loc_63,1
triple|pos_event_ema_10|+1|self_ret_21|+1|self_range_loc_63|-1,triple,pos_event_ema_10,1,self_ret_21,1,self_range_loc_63,-1
triple|pos_event_ema_10|+1|self_ret_21|-1|self_volume_ratio_5_20|+1,triple,pos_event_ema_10,1,self_ret_21,-1,self_volume_ratio_5_20,1
triple|pos_event_ema_10|+1|self_ret_21|-1|self_volume_ratio_5_20|-1,triple,pos_event_ema_10,1,self_ret_21,-1,self_volume_ratio_5_20,-1
triple|pos_event_ema_10|+1|self_ret_21|-1|self_compression_20_63|+1,triple,pos_event_ema_10,1,self_ret_21,-1,self_compression_20_63,1
triple|pos_event_ema_10|+1|self_ret_21|-1|self_compression_20_63|-1,triple,pos_event_ema_10,1,self_ret_21,-1,self_compression_20_63,-1
triple|pos_event_ema_10|+1|self_ret_21|-1|self_range_loc_63|+1,triple,pos_event_ema_10,1,self_ret_21,-1,self_range_loc_63,1
triple|pos_event_ema_10|+1|self_ret_21|-1|self_range_loc_63|-1,triple,pos_event_ema_10,1,self_ret_21,-1,self_range_loc_63,-1
triple|pos_event_ema_10|+1|self_dist_high_63|+1|self_volume_ratio_5_20|+1,triple,pos_event_ema_10,1,self_dist_high_63,1,self_volume_ratio_5_20,1
triple|pos_event_ema_10|+1|self_dist_high_63|+1|self_volume_ratio_5_20|-1,triple,pos_event_ema_10,1,self_dist_high_63,1,self_volume_ratio_5_20,-1
triple|pos_event_ema_10|+1|self_dist_high_63|+1|self_compression_20_63|+1,triple,pos_event_ema_10,1,self_dist_high_63,1,self_compression_20_63,1
triple|pos_event_ema_10|+1|self_dist_high_63|+1|self_compression_20_63|-1,triple,pos_event_ema_10,1,self_dist_high_63,1,self_compression_20_63,-1
triple|pos_event_ema_10|+1|self_dist_high_63|+1|self_range_loc_63|+1,triple,pos_event_ema_10,1,self_dist_high_63,1,self_range_loc_63,1
triple|pos_event_ema_10|+1|self_dist_high_63|+1|self_range_loc_63|-1,triple,pos_event_ema_10,1,self_dist_high_63,1,self_range_loc_63,-1
triple|pos_event_ema_10|+1|self_dist_high_63|-1|self_volume_ratio_5_20|+1,triple,pos_event_ema_10,1,self_dist_high_63,-1,self_volume_ratio_5_20,1
triple|pos_event_ema_10|+1|self_dist_high_63|-1|self_volume_ratio_5_20|-1,triple,pos_event_ema_10,1,self_dist_high_63,-1,self_volume_ratio_5_20,-1
triple|pos_event_ema_10|+1|self_dist_high_63|-1|self_compression_20_63|+1,triple,pos_event_ema_10,1,self_dist_high_63,-1,self_compression_20_63,1
triple|pos_event_ema_10|+1|self_dist_high_63|-1|self_compression_20_63|-1,triple,pos_event_ema_10,1,self_dist_high_63,-1,self_compression_20_63,-1
triple|pos_event_ema_10|+1|self_dist_high_63|-1|self_range_loc_63|+1,triple,pos_event_ema_10,1,self_dist_high_63,-1,self_range_loc_63,1
triple|pos_event_ema_10|+1|self_dist_high_63|-1|self_range_loc_63|-1,triple,pos_event_ema_10,1,self_dist_high_63,-1,self_range_loc_63,-1
triple|pos_event_ema_10|-1|self_ret_5|+1|self_volume_ratio_5_20|+1,triple,pos_event_ema_10,-1,self_ret_5,1,self_volume_ratio_5_20,1
triple|pos_event_ema_10|-1|self_ret_5|+1|self_volume_ratio_5_20|-1,triple,pos_event_ema_10,-1,self_ret_5,1,self_volume_ratio_5_20,-1
triple|pos_event_ema_10|-1|self_ret_5|+1|self_compression_20_63|+1,triple,pos_event_ema_10,-1,self_ret_5,1,self_compression_20_63,1
triple|pos_event_ema_10|-1|self_ret_5|+1|self_compression_20_63|-1,triple,pos_event_ema_10,-1,self_ret_5,1,self_compression_20_63,-1
triple|pos_event_ema_10|-1|self_ret_5|+1|self_range_loc_63|+1,triple,pos_event_ema_10,-1,self_ret_5,1,self_range_loc_63,1
triple|pos_event_ema_10|-1|self_ret_5|+1|self_range_loc_63|-1,triple,pos_event_ema_10,-1,self_ret_5,1,self_range_loc_63,-1
triple|pos_event_ema_10|-1|self_ret_5|-1|self_volume_ratio_5_20|+1,triple,pos_event_ema_10,-1,self_ret_5,-1,self_volume_ratio_5_20,1
triple|pos_event_ema_10|-1|self_ret_5|-1|self_volume_ratio_5_20|-1,triple,pos_event_ema_10,-1,self_ret_5,-1,self_volume_ratio_5_20,-1
triple|pos_event_ema_10|-1|self_ret_5|-1|self_compression_20_63|+1,triple,pos_event_ema_10,-1,self_ret_5,-1,self_compression_20_63,1
triple|pos_event_ema_10|-1|self_ret_5|-1|self_compression_20_63|-1,triple,pos_event_ema_10,-1,self_ret_5,-1,self_compression_20_63,-1
triple|pos_event_ema_10|-1|self_ret_5|-1|self_range_loc_63|+1,triple,pos_event_ema_10,-1,self_ret_5,-1,self_range_loc_63,1
triple|pos_event_ema_10|-1|self_ret_5|-1|self_range_loc_63|-1,triple,pos_event_ema_10,-1,self_ret_5,-1,self_range_loc_63,-1
triple|pos_event_ema_10|-1|self_ret_21|+1|self_volume_ratio_5_20|+1,triple,pos_event_ema_10,-1,self_ret_21,1,self_volume_ratio_5_20,1
triple|pos_event_ema_10|-1|self_ret_21|+1|self_volume_ratio_5_20|-1,triple,pos_event_ema_10,-1,self_ret_21,1,self_volume_ratio_5_20,-1
triple|pos_event_ema_10|-1|self_ret_21|+1|self_compression_20_63|+1,triple,pos_event_ema_10,-1,self_ret_21,1,self_compression_20_63,1
triple|pos_event_ema_10|-1|self_ret_21|+1|self_compression_20_63|-1,triple,pos_event_ema_10,-1,self_ret_21,1,self_compression_20_63,-1
triple|pos_event_ema_10|-1|self_ret_21|+1|self_range_loc_63|+1,triple,pos_event_ema_10,-1,self_ret_21,1,self_range_loc_63,1
triple|pos_event_ema_10|-1|self_ret_21|+1|self_range_loc_63|-1,triple,pos_event_ema_10,-1,self_ret_21,1,self_range_loc_63,-1
triple|pos_event_ema_10|-1|self_ret_21|-1|self_volume_ratio_5_20|+1,triple,pos_event_ema_10,-1,self_ret_21,-1,self_volume_ratio_5_20,1
triple|pos_event_ema_10|-1|self_ret_21|-1|self_volume_ratio_5_20|-1,triple,pos_event_ema_10,-1,self_ret_21,-1,self_volume_ratio_5_20,-1
triple|pos_event_ema_10|-1|self_ret_21|-1|self_compression_20_63|+1,triple,pos_event_ema_10,-1,self_ret_21,-1,self_compression_20_63,1
triple|pos_event_ema_10|-1|self_ret_21|-1|self_compression_20_63|-1,triple,pos_event_ema_10,-1,self_ret_21,-1,self_compression_20_63,-1
triple|pos_event_ema_10|-1|self_ret_21|-1|self_range_loc_63|+1,triple,pos_event_ema_10,-1,self_ret_21,-1,self_range_loc_63,1
triple|pos_event_ema_10|-1|self_ret_21|-1|self_range_loc_63|-1,triple,pos_event_ema_10,-1,self_ret_21,-1,self_range_loc_63,-1
triple|pos_event_ema_10|-1|self_dist_high_63|+1|self_volume_ratio_5_20|+1,triple,pos_event_ema_10,-1,self_dist_high_63,1,self_volume_ratio_5_20,1
triple|pos_event_ema_10|-1|self_dist_high_63|+1|self_volume_ratio_5_20|-1,triple,pos_event_ema_10,-1,self_dist_high_63,1,self_volume_ratio_5_20,-1
triple|pos_event_ema_10|-1|self_dist_high_63|+1|self_compression_20_63|+1,triple,pos_event_ema_10,-1,self_dist_high_63,1,self_compression_20_63,1
triple|pos_event_ema_10|-1|self_dist_high_63|+1|self_compression_20_63|-1,triple,pos_event_ema_10,-1,self_dist_high_63,1,self_compression_20_63,-1
triple|pos_event_ema_10|-1|self_dist_high_63|+1|self_range_loc_63|+1,triple,pos_event_ema_10,-1,self_dist_high_63,1,self_range_loc_63,1
triple|pos_event_ema_10|-1|self_dist_high_63|+1|self_range_loc_63|-1,triple,pos_event_ema_10,-1,self_dist_high_63,1,self_range_loc_63,-1
triple|pos_event_ema_10|-1|self_dist_high_63|-1|self_volume_ratio_5_20|+1,triple,pos_event_ema_10,-1,self_dist_high_63,-1,self_volume_ratio_5_20,1
triple|pos_event_ema_10|-1|self_dist_high_63|-1|self_volume_ratio_5_20|-1,triple,pos_event_ema_10,-1,self_dist_high_63,-1,self_volume_ratio_5_20,-1
triple|pos_event_ema_10|-1|self_dist_high_63|-1|self_compression_20_63|+1,triple,pos_event_ema_10,-1,self_dist_high_63,-1,self_compression_20_63,1
triple|pos_event_ema_10|-1|self_dist_high_63|-1|self_compression_20_63|-1,triple,pos_event_ema_10,-1,self_dist_high_63,-1,self_compression_20_63,-1
triple|pos_event_ema_10|-1|self_dist_high_63|-1|self_range_loc_63|+1,triple,pos_event_ema_10,-1,self_dist_high_63,-1,self_range_loc_63,1
triple|pos_event_ema_10|-1|self_dist_high_63|-1|self_range_loc_63|-1,triple,pos_event_ema_10,-1,self_dist_high_63,-1,self_range_loc_63,-1
triple|pos_event_ema_21|+1|self_ret_5|+1|self_volume_ratio_5_20|+1,triple,pos_event_ema_21,1,self_ret_5,1,self_volume_ratio_5_20,1
triple|pos_event_ema_21|+1|self_ret_5|+1|self_volume_ratio_5_20|-1,triple,pos_event_ema_21,1,self_ret_5,1,self_volume_ratio_5_20,-1
triple|pos_event_ema_21|+1|self_ret_5|+1|self_compression_20_63|+1,triple,pos_event_ema_21,1,self_ret_5,1,self_compression_20_63,1
triple|pos_event_ema_21|+1|self_ret_5|+1|self_compression_20_63|-1,triple,pos_event_ema_21,1,self_ret_5,1,self_compression_20_63,-1
triple|pos_event_ema_21|+1|self_ret_5|+1|self_range_loc_63|+1,triple,pos_event_ema_21,1,self_ret_5,1,self_range_loc_63,1
triple|pos_event_ema_21|+1|self_ret_5|+1|self_range_loc_63|-1,triple,pos_event_ema_21,1,self_ret_5,1,self_range_loc_63,-1
triple|pos_event_ema_21|+1|self_ret_5|-1|self_volume_ratio_5_20|+1,triple,pos_event_ema_21,1,self_ret_5,-1,self_volume_ratio_5_20,1
triple|pos_event_ema_21|+1|self_ret_5|-1|self_volume_ratio_5_20|-1,triple,pos_event_ema_21,1,self_ret_5,-1,self_volume_ratio_5_20,-1
triple|pos_event_ema_21|+1|self_ret_5|-1|self_compression_20_63|+1,triple,pos_event_ema_21,1,self_ret_5,-1,self_compression_20_63,1
triple|pos_event_ema_21|+1|self_ret_5|-1|self_compression_20_63|-1,triple,pos_event_ema_21,1,self_ret_5,-1,self_compression_20_63,-1
triple|pos_event_ema_21|+1|self_ret_5|-1|self_range_loc_63|+1,triple,pos_event_ema_21,1,self_ret_5,-1,self_range_loc_63,1
triple|pos_event_ema_21|+1|self_ret_5|-1|self_range_loc_63|-1,triple,pos_event_ema_21,1,self_ret_5,-1,self_range_loc_63,-1
triple|pos_event_ema_21|+1|self_ret_21|+1|self_volume_ratio_5_20|+1,triple,pos_event_ema_21,1,self_ret_21,1,self_volume_ratio_5_20,1
triple|pos_event_ema_21|+1|self_ret_21|+1|self_volume_ratio_5_20|-1,triple,pos_event_ema_21,1,self_ret_21,1,self_volume_ratio_5_20,-1
triple|pos_event_ema_21|+1|self_ret_21|+1|self_compression_20_63|+1,triple,pos_event_ema_21,1,self_ret_21,1,self_compression_20_63,1
triple|pos_event_ema_21|+1|self_ret_21|+1|self_compression_20_63|-1,triple,pos_event_ema_21,1,self_ret_21,1,self_compression_20_63,-1
triple|pos_event_ema_21|+1|self_ret_21|+1|self_range_loc_63|+1,triple,pos_event_ema_21,1,self_ret_21,1,self_range_loc_63,1
triple|pos_event_ema_21|+1|self_ret_21|+1|self_range_loc_63|-1,triple,pos_event_ema_21,1,self_ret_21,1,self_range_loc_63,-1
triple|pos_event_ema_21|+1|self_ret_21|-1|self_volume_ratio_5_20|+1,triple,pos_event_ema_21,1,self_ret_21,-1,self_volume_ratio_5_20,1
triple|pos_event_ema_21|+1|self_ret_21|-1|self_volume_ratio_5_20|-1,triple,pos_event_ema_21,1,self_ret_21,-1,self_volume_ratio_5_20,-1
triple|pos_event_ema_21|+1|self_ret_21|-1|self_compression_20_63|+1,triple,pos_event_ema_21,1,self_ret_21,-1,self_compression_20_63,1
triple|pos_event_ema_21|+1|self_ret_21|-1|self_compression_20_63|-1,triple,pos_event_ema_21,1,self_ret_21,-1,self_compression_20_63,-1
triple|pos_event_ema_21|+1|self_ret_21|-1|self_range_loc_63|+1,triple,pos_event_ema_21,1,self_ret_21,-1,self_range_loc_63,1
triple|pos_event_ema_21|+1|self_ret_21|-1|self_range_loc_63|-1,triple,pos_event_ema_21,1,self_ret_21,-1,self_range_loc_63,-1
triple|pos_event_ema_21|+1|self_dist_high_63|+1|self_volume_ratio_5_20|+1,triple,pos_event_ema_21,1,self_dist_high_63,1,self_volume_ratio_5_20,1
triple|pos_event_ema_21|+1|self_dist_high_63|+1|self_volume_ratio_5_20|-1,triple,pos_event_ema_21,1,self_dist_high_63,1,self_volume_ratio_5_20,-1
triple|pos_event_ema_21|+1|self_dist_high_63|+1|self_compression_20_63|+1,triple,pos_event_ema_21,1,self_dist_high_63,1,self_compression_20_63,1
triple|pos_event_ema_21|+1|self_dist_high_63|+1|self_compression_20_63|-1,triple,pos_event_ema_21,1,self_dist_high_63,1,self_compression_20_63,-1
triple|pos_event_ema_21|+1|self_dist_high_63|+1|self_range_loc_63|+1,triple,pos_event_ema_21,1,self_dist_high_63,1,self_range_loc_63,1
triple|pos_event_ema_21|+1|self_dist_high_63|+1|self_range_loc_63|-1,triple,pos_event_ema_21,1,self_dist_high_63,1,self_range_loc_63,-1
triple|pos_event_ema_21|+1|self_dist_high_63|-1|self_volume_ratio_5_20|+1,triple,pos_event_ema_21,1,self_dist_high_63,-1,self_volume_ratio_5_20,1
triple|pos_event_ema_21|+1|self_dist_high_63|-1|self_volume_ratio_5_20|-1,triple,pos_event_ema_21,1,self_dist_high_63,-1,self_volume_ratio_5_20,-1
triple|pos_event_ema_21|+1|self_dist_high_63|-1|self_compression_20_63|+1,triple,pos_event_ema_21,1,self_dist_high_63,-1,self_compression_20_63,1
triple|pos_event_ema_21|+1|self_dist_high_63|-1|self_compression_20_63|-1,triple,pos_event_ema_21,1,self_dist_high_63,-1,self_compression_20_63,-1
triple|pos_event_ema_21|+1|self_dist_high_63|-1|self_range_loc_63|+1,triple,pos_event_ema_21,1,self_dist_high_63,-1,self_range_loc_63,1
triple|pos_event_ema_21|+1|self_dist_high_63|-1|self_range_loc_63|-1,triple,pos_event_ema_21,1,self_dist_high_63,-1,self_range_loc_63,-1
triple|pos_event_ema_21|-1|self_ret_5|+1|self_volume_ratio_5_20|+1,triple,pos_event_ema_21,-1,self_ret_5,1,self_volume_ratio_5_20,1
triple|pos_event_ema_21|-1|self_ret_5|+1|self_volume_ratio_5_20|-1,triple,pos_event_ema_21,-1,self_ret_5,1,self_volume_ratio_5_20,-1
triple|pos_event_ema_21|-1|self_ret_5|+1|self_compression_20_63|+1,triple,pos_event_ema_21,-1,self_ret_5,1,self_compression_20_63,1
triple|pos_event_ema_21|-1|self_ret_5|+1|self_compression_20_63|-1,triple,pos_event_ema_21,-1,self_ret_5,1,self_compression_20_63,-1
triple|pos_event_ema_21|-1|self_ret_5|+1|self_range_loc_63|+1,triple,pos_event_ema_21,-1,self_ret_5,1,self_range_loc_63,1
triple|pos_event_ema_21|-1|self_ret_5|+1|self_range_loc_63|-1,triple,pos_event_ema_21,-1,self_ret_5,1,self_range_loc_63,-1
triple|pos_event_ema_21|-1|self_ret_5|-1|self_volume_ratio_5_20|+1,triple,pos_event_ema_21,-1,self_ret_5,-1,self_volume_ratio_5_20,1
triple|pos_event_ema_21|-1|self_ret_5|-1|self_volume_ratio_5_20|-1,triple,pos_event_ema_21,-1,self_ret_5,-1,self_volume_ratio_5_20,-1
triple|pos_event_ema_21|-1|self_ret_5|-1|self_compression_20_63|+1,triple,pos_event_ema_21,-1,self_ret_5,-1,self_compression_20_63,1
triple|pos_event_ema_21|-1|self_ret_5|-1|self_compression_20_63|-1,triple,pos_event_ema_21,-1,self_ret_5,-1,self_compression_20_63,-1
triple|pos_event_ema_21|-1|self_ret_5|-1|self_range_loc_63|+1,triple,pos_event_ema_21,-1,self_ret_5,-1,self_range_loc_63,1
triple|pos_event_ema_21|-1|self_ret_5|-1|self_range_loc_63|-1,triple,pos_event_ema_21,-1,self_ret_5,-1,self_range_loc_63,-1
triple|pos_event_ema_21|-1|self_ret_21|+1|self_volume_ratio_5_20|+1,triple,pos_event_ema_21,-1,self_ret_21,1,self_volume_ratio_5_20,1
triple|pos_event_ema_21|-1|self_ret_21|+1|self_volume_ratio_5_20|-1,triple,pos_event_ema_21,-1,self_ret_21,1,self_volume_ratio_5_20,-1
triple|pos_event_ema_21|-1|self_ret_21|+1|self_compression_20_63|+1,triple,pos_event_ema_21,-1,self_ret_21,1,self_compression_20_63,1
triple|pos_event_ema_21|-1|self_ret_21|+1|self_compression_20_63|-1,triple,pos_event_ema_21,-1,self_ret_21,1,self_compression_20_63,-1
triple|pos_event_ema_21|-1|self_ret_21|+1|self_range_loc_63|+1,triple,pos_event_ema_21,-1,self_ret_21,1,self_range_loc_63,1
triple|pos_event_ema_21|-1|self_ret_21|+1|self_range_loc_63|-1,triple,pos_event_ema_21,-1,self_ret_21,1,self_range_loc_63,-1
triple|pos_event_ema_21|-1|self_ret_21|-1|self_volume_ratio_5_20|+1,triple,pos_event_ema_21,-1,self_ret_21,-1,self_volume_ratio_5_20,1
triple|pos_event_ema_21|-1|self_ret_21|-1|self_volume_ratio_5_20|-1,triple,pos_event_ema_21,-1,self_ret_21,-1,self_volume_ratio_5_20,-1
triple|pos_event_ema_21|-1|self_ret_21|-1|self_compression_20_63|+1,triple,pos_event_ema_21,-1,self_ret_21,-1,self_compression_20_63,1
triple|pos_event_ema_21|-1|self_ret_21|-1|self_compression_20_63|-1,triple,pos_event_ema_21,-1,self_ret_21,-1,self_compression_20_63,-1
triple|pos_event_ema_21|-1|self_ret_21|-1|self_range_loc_63|+1,triple,pos_event_ema_21,-1,self_ret_21,-1,self_range_loc_63,1
triple|pos_event_ema_21|-1|self_ret_21|-1|self_range_loc_63|-1,triple,pos_event_ema_21,-1,self_ret_21,-1,self_range_loc_63,-1
triple|pos_event_ema_21|-1|self_dist_high_63|+1|self_volume_ratio_5_20|+1,triple,pos_event_ema_21,-1,self_dist_high_63,1,self_volume_ratio_5_20,1
triple|pos_event_ema_21|-1|self_dist_high_63|+1|self_volume_ratio_5_20|-1,triple,pos_event_ema_21,-1,self_dist_high_63,1,self_volume_ratio_5_20,-1
triple|pos_event_ema_21|-1|self_dist_high_63|+1|self_compression_20_63|+1,triple,pos_event_ema_21,-1,self_dist_high_63,1,self_compression_20_63,1
triple|pos_event_ema_21|-1|self_dist_high_63|+1|self_compression_20_63|-1,triple,pos_event_ema_21,-1,self_dist_high_63,1,self_compression_20_63,-1
triple|pos_event_ema_21|-1|self_dist_high_63|+1|self_range_loc_63|+1,triple,pos_event_ema_21,-1,self_dist_high_63,1,self_range_loc_63,1
triple|pos_event_ema_21|-1|self_dist_high_63|+1|self_range_loc_63|-1,triple,pos_event_ema_21,-1,self_dist_high_63,1,self_range_loc_63,-1
triple|pos_event_ema_21|-1|self_dist_high_63|-1|self_volume_ratio_5_20|+1,triple,pos_event_ema_21,-1,self_dist_high_63,-1,self_volume_ratio_5_20,1
triple|pos_event_ema_21|-1|self_dist_high_63|-1|self_volume_ratio_5_20|-1,triple,pos_event_ema_21,-1,self_dist_high_63,-1,self_volume_ratio_5_20,-1
triple|pos_event_ema_21|-1|self_dist_high_63|-1|self_compression_20_63|+1,triple,pos_event_ema_21,-1,self_dist_high_63,-1,self_compression_20_63,1
triple|pos_event_ema_21|-1|self_dist_high_63|-1|self_compression_20_63|-1,triple,pos_event_ema_21,-1,self_dist_high_63,-1,self_compression_20_63,-1
triple|pos_event_ema_21|-1|self_dist_high_63|-1|self_range_loc_63|+1,triple,pos_event_ema_21,-1,self_dist_high_63,-1,self_range_loc_63,1
triple|pos_event_ema_21|-1|self_dist_high_63|-1|self_range_loc_63|-1,triple,pos_event_ema_21,-1,self_dist_high_63,-1,self_range_loc_63,-1
triple|neg_event_ema_5|+1|self_ret_5|+1|self_volume_ratio_5_20|+1,triple,neg_event_ema_5,1,self_ret_5,1,self_volume_ratio_5_20,1
triple|neg_event_ema_5|+1|self_ret_5|+1|self_volume_ratio_5_20|-1,triple,neg_event_ema_5,1,self_ret_5,1,self_volume_ratio_5_20,-1
triple|neg_event_ema_5|+1|self_ret_5|+1|self_compression_20_63|+1,triple,neg_event_ema_5,1,self_ret_5,1,self_compression_20_63,1
triple|neg_event_ema_5|+1|self_ret_5|+1|self_compression_20_63|-1,triple,neg_event_ema_5,1,self_ret_5,1,self_compression_20_63,-1
triple|neg_event_ema_5|+1|self_ret_5|+1|self_range_loc_63|+1,triple,neg_event_ema_5,1,self_ret_5,1,self_range_loc_63,1
triple|neg_event_ema_5|+1|self_ret_5|+1|self_range_loc_63|-1,triple,neg_event_ema_5,1,self_ret_5,1,self_range_loc_63,-1
triple|neg_event_ema_5|+1|self_ret_5|-1|self_volume_ratio_5_20|+1,triple,neg_event_ema_5,1,self_ret_5,-1,self_volume_ratio_5_20,1
triple|neg_event_ema_5|+1|self_ret_5|-1|self_volume_ratio_5_20|-1,triple,neg_event_ema_5,1,self_ret_5,-1,self_volume_ratio_5_20,-1
triple|neg_event_ema_5|+1|self_ret_5|-1|self_compression_20_63|+1,triple,neg_event_ema_5,1,self_ret_5,-1,self_compression_20_63,1
triple|neg_event_ema_5|+1|self_ret_5|-1|self_compression_20_63|-1,triple,neg_event_ema_5,1,self_ret_5,-1,self_compression_20_63,-1
triple|neg_event_ema_5|+1|self_ret_5|-1|self_range_loc_63|+1,triple,neg_event_ema_5,1,self_ret_5,-1,self_range_loc_63,1
triple|neg_event_ema_5|+1|self_ret_5|-1|self_range_loc_63|-1,triple,neg_event_ema_5,1,self_ret_5,-1,self_range_loc_63,-1
triple|neg_event_ema_5|+1|self_ret_21|+1|self_volume_ratio_5_20|+1,triple,neg_event_ema_5,1,self_ret_21,1,self_volume_ratio_5_20,1
triple|neg_event_ema_5|+1|self_ret_21|+1|self_volume_ratio_5_20|-1,triple,neg_event_ema_5,1,self_ret_21,1,self_volume_ratio_5_20,-1
triple|neg_event_ema_5|+1|self_ret_21|+1|self_compression_20_63|+1,triple,neg_event_ema_5,1,self_ret_21,1,self_compression_20_63,1
triple|neg_event_ema_5|+1|self_ret_21|+1|self_compression_20_63|-1,triple,neg_event_ema_5,1,self_ret_21,1,self_compression_20_63,-1
triple|neg_event_ema_5|+1|self_ret_21|+1|self_range_loc_63|+1,triple,neg_event_ema_5,1,self_ret_21,1,self_range_loc_63,1
triple|neg_event_ema_5|+1|self_ret_21|+1|self_range_loc_63|-1,triple,neg_event_ema_5,1,self_ret_21,1,self_range_loc_63,-1
triple|neg_event_ema_5|+1|self_ret_21|-1|self_volume_ratio_5_20|+1,triple,neg_event_ema_5,1,self_ret_21,-1,self_volume_ratio_5_20,1
triple|neg_event_ema_5|+1|self_ret_21|-1|self_volume_ratio_5_20|-1,triple,neg_event_ema_5,1,self_ret_21,-1,self_volume_ratio_5_20,-1
triple|neg_event_ema_5|+1|self_ret_21|-1|self_compression_20_63|+1,triple,neg_event_ema_5,1,self_ret_21,-1,self_compression_20_63,1
triple|neg_event_ema_5|+1|self_ret_21|-1|self_compression_20_63|-1,triple,neg_event_ema_5,1,self_ret_21,-1,self_compression_20_63,-1
triple|neg_event_ema_5|+1|self_ret_21|-1|self_range_loc_63|+1,triple,neg_event_ema_5,1,self_ret_21,-1,self_range_loc_63,1
triple|neg_event_ema_5|+1|self_ret_21|-1|self_range_loc_63|-1,triple,neg_event_ema_5,1,self_ret_21,-1,self_range_loc_63,-1
triple|neg_event_ema_5|+1|self_dist_high_63|+1|self_volume_ratio_5_20|+1,triple,neg_event_ema_5,1,self_dist_high_63,1,self_volume_ratio_5_20,1
triple|neg_event_ema_5|+1|self_dist_high_63|+1|self_volume_ratio_5_20|-1,triple,neg_event_ema_5,1,self_dist_high_63,1,self_volume_ratio_5_20,-1
triple|neg_event_ema_5|+1|self_dist_high_63|+1|self_compression_20_63|+1,triple,neg_event_ema_5,1,self_dist_high_63,1,self_compression_20_63,1
triple|neg_event_ema_5|+1|self_dist_high_63|+1|self_compression_20_63|-1,triple,neg_event_ema_5,1,self_dist_high_63,1,self_compression_20_63,-1
triple|neg_event_ema_5|+1|self_dist_high_63|+1|self_range_loc_63|+1,triple,neg_event_ema_5,1,self_dist_high_63,1,self_range_loc_63,1
triple|neg_event_ema_5|+1|self_dist_high_63|+1|self_range_loc_63|-1,triple,neg_event_ema_5,1,self_dist_high_63,1,self_range_loc_63,-1
triple|neg_event_ema_5|+1|self_dist_high_63|-1|self_volume_ratio_5_20|+1,triple,neg_event_ema_5,1,self_dist_high_63,-1,self_volume_ratio_5_20,1
triple|neg_event_ema_5|+1|self_dist_high_63|-1|self_volume_ratio_5_20|-1,triple,neg_event_ema_5,1,self_dist_high_63,-1,self_volume_ratio_5_20,-1
triple|neg_event_ema_5|+1|self_dist_high_63|-1|self_compression_20_63|+1,triple,neg_event_ema_5,1,self_dist_high_63,-1,self_compression_20_63,1
triple|neg_event_ema_5|+1|self_dist_high_63|-1|self_compression_20_63|-1,triple,neg_event_ema_5,1,self_dist_high_63,-1,self_compression_20_63,-1
triple|neg_event_ema_5|+1|self_dist_high_63|-1|self_range_loc_63|+1,triple,neg_event_ema_5,1,self_dist_high_63,-1,self_range_loc_63,1
triple|neg_event_ema_5|+1|self_dist_high_63|-1|self_range_loc_63|-1,triple,neg_event_ema_5,1,self_dist_high_63,-1,self_range_loc_63,-1
triple|neg_event_ema_5|-1|self_ret_5|+1|self_volume_ratio_5_20|+1,triple,neg_event_ema_5,-1,self_ret_5,1,self_volume_ratio_5_20,1
triple|neg_event_ema_5|-1|self_ret_5|+1|self_volume_ratio_5_20|-1,triple,neg_event_ema_5,-1,self_ret_5,1,self_volume_ratio_5_20,-1
triple|neg_event_ema_5|-1|self_ret_5|+1|self_compression_20_63|+1,triple,neg_event_ema_5,-1,self_ret_5,1,self_compression_20_63,1
triple|neg_event_ema_5|-1|self_ret_5|+1|self_compression_20_63|-1,triple,neg_event_ema_5,-1,self_ret_5,1,self_compression_20_63,-1
triple|neg_event_ema_5|-1|self_ret_5|+1|self_range_loc_63|+1,triple,neg_event_ema_5,-1,self_ret_5,1,self_range_loc_63,1
triple|neg_event_ema_5|-1|self_ret_5|+1|self_range_loc_63|-1,triple,neg_event_ema_5,-1,self_ret_5,1,self_range_loc_63,-1
triple|neg_event_ema_5|-1|self_ret_5|-1|self_volume_ratio_5_20|+1,triple,neg_event_ema_5,-1,self_ret_5,-1,self_volume_ratio_5_20,1
triple|neg_event_ema_5|-1|self_ret_5|-1|self_volume_ratio_5_20|-1,triple,neg_event_ema_5,-1,self_ret_5,-1,self_volume_ratio_5_20,-1
triple|neg_event_ema_5|-1|self_ret_5|-1|self_compression_20_63|+1,triple,neg_event_ema_5,-1,self_ret_5,-1,self_compression_20_63,1
triple|neg_event_ema_5|-1|self_ret_5|-1|self_compression_20_63|-1,triple,neg_event_ema_5,-1,self_ret_5,-1,self_compression_20_63,-1
triple|neg_event_ema_5|-1|self_ret_5|-1|self_range_loc_63|+1,triple,neg_event_ema_5,-1,self_ret_5,-1,self_range_loc_63,1
triple|neg_event_ema_5|-1|self_ret_5|-1|self_range_loc_63|-1,triple,neg_event_ema_5,-1,self_ret_5,-1,self_range_loc_63,-1
triple|neg_event_ema_5|-1|self_ret_21|+1|self_volume_ratio_5_20|+1,triple,neg_event_ema_5,-1,self_ret_21,1,self_volume_ratio_5_20,1
triple|neg_event_ema_5|-1|self_ret_21|+1|self_volume_ratio_5_20|-1,triple,neg_event_ema_5,-1,self_ret_21,1,self_volume_ratio_5_20,-1
triple|neg_event_ema_5|-1|self_ret_21|+1|self_compression_20_63|+1,triple,neg_event_ema_5,-1,self_ret_21,1,self_compression_20_63,1
triple|neg_event_ema_5|-1|self_ret_21|+1|self_compression_20_63|-1,triple,neg_event_ema_5,-1,self_ret_21,1,self_compression_20_63,-1
triple|neg_event_ema_5|-1|self_ret_21|+1|self_range_loc_63|+1,triple,neg_event_ema_5,-1,self_ret_21,1,self_range_loc_63,1
triple|neg_event_ema_5|-1|self_ret_21|+1|self_range_loc_63|-1,triple,neg_event_ema_5,-1,self_ret_21,1,self_range_loc_63,-1
triple|neg_event_ema_5|-1|self_ret_21|-1|self_volume_ratio_5_20|+1,triple,neg_event_ema_5,-1,self_ret_21,-1,self_volume_ratio_5_20,1
triple|neg_event_ema_5|-1|self_ret_21|-1|self_volume_ratio_5_20|-1,triple,neg_event_ema_5,-1,self_ret_21,-1,self_volume_ratio_5_20,-1
triple|neg_event_ema_5|-1|self_ret_21|-1|self_compression_20_63|+1,triple,neg_event_ema_5,-1,self_ret_21,-1,self_compression_20_63,1
triple|neg_event_ema_5|-1|self_ret_21|-1|self_compression_20_63|-1,triple,neg_event_ema_5,-1,self_ret_21,-1,self_compression_20_63,-1
triple|neg_event_ema_5|-1|self_ret_21|-1|self_range_loc_63|+1,triple,neg_event_ema_5,-1,self_ret_21,-1,self_range_loc_63,1
triple|neg_event_ema_5|-1|self_ret_21|-1|self_range_loc_63|-1,triple,neg_event_ema_5,-1,self_ret_21,-1,self_range_loc_63,-1
triple|neg_event_ema_5|-1|self_dist_high_63|+1|self_volume_ratio_5_20|+1,triple,neg_event_ema_5,-1,self_dist_high_63,1,self_volume_ratio_5_20,1
triple|neg_event_ema_5|-1|self_dist_high_63|+1|self_volume_ratio_5_20|-1,triple,neg_event_ema_5,-1,self_dist_high_63,1,self_volume_ratio_5_20,-1
triple|neg_event_ema_5|-1|self_dist_high_63|+1|self_compression_20_63|+1,triple,neg_event_ema_5,-1,self_dist_high_63,1,self_compression_20_63,1
triple|neg_event_ema_5|-1|self_dist_high_63|+1|self_compression_20_63|-1,triple,neg_event_ema_5,-1,self_dist_high_63,1,self_compression_20_63,-1
triple|neg_event_ema_5|-1|self_dist_high_63|+1|self_range_loc_63|+1,triple,neg_event_ema_5,-1,self_dist_high_63,1,self_range_loc_63,1
triple|neg_event_ema_5|-1|self_dist_high_63|+1|self_range_loc_63|-1,triple,neg_event_ema_5,-1,self_dist_high_63,1,self_range_loc_63,-1
triple|neg_event_ema_5|-1|self_dist_high_63|-1|self_volume_ratio_5_20|+1,triple,neg_event_ema_5,-1,self_dist_high_63,-1,self_volume_ratio_5_20,1
triple|neg_event_ema_5|-1|self_dist_high_63|-1|self_volume_ratio_5_20|-1,triple,neg_event_ema_5,-1,self_dist_high_63,-1,self_volume_ratio_5_20,-1
triple|neg_event_ema_5|-1|self_dist_high_63|-1|self_compression_20_63|+1,triple,neg_event_ema_5,-1,self_dist_high_63,-1,self_compression_20_63,1
triple|neg_event_ema_5|-1|self_dist_high_63|-1|self_compression_20_63|-1,triple,neg_event_ema_5,-1,self_dist_high_63,-1,self_compression_20_63,-1
triple|neg_event_ema_5|-1|self_dist_high_63|-1|self_range_loc_63|+1,triple,neg_event_ema_5,-1,self_dist_high_63,-1,self_range_loc_63,1
triple|neg_event_ema_5|-1|self_dist_high_63|-1|self_range_loc_63|-1,triple,neg_event_ema_5,-1,self_dist_high_63,-1,self_range_loc_63,-1
triple|neg_event_ema_10|+1|self_ret_5|+1|self_volume_ratio_5_20|+1,triple,neg_event_ema_10,1,self_ret_5,1,self_volume_ratio_5_20,1
triple|neg_event_ema_10|+1|self_ret_5|+1|self_volume_ratio_5_20|-1,triple,neg_event_ema_10,1,self_ret_5,1,self_volume_ratio_5_20,-1
triple|neg_event_ema_10|+1|self_ret_5|+1|self_compression_20_63|+1,triple,neg_event_ema_10,1,self_ret_5,1,self_compression_20_63,1
triple|neg_event_ema_10|+1|self_ret_5|+1|self_compression_20_63|-1,triple,neg_event_ema_10,1,self_ret_5,1,self_compression_20_63,-1
triple|neg_event_ema_10|+1|self_ret_5|+1|self_range_loc_63|+1,triple,neg_event_ema_10,1,self_ret_5,1,self_range_loc_63,1
triple|neg_event_ema_10|+1|self_ret_5|+1|self_range_loc_63|-1,triple,neg_event_ema_10,1,self_ret_5,1,self_range_loc_63,-1
triple|neg_event_ema_10|+1|self_ret_5|-1|self_volume_ratio_5_20|+1,triple,neg_event_ema_10,1,self_ret_5,-1,self_volume_ratio_5_20,1
triple|neg_event_ema_10|+1|self_ret_5|-1|self_volume_ratio_5_20|-1,triple,neg_event_ema_10,1,self_ret_5,-1,self_volume_ratio_5_20,-1
triple|neg_event_ema_10|+1|self_ret_5|-1|self_compression_20_63|+1,triple,neg_event_ema_10,1,self_ret_5,-1,self_compression_20_63,1
triple|neg_event_ema_10|+1|self_ret_5|-1|self_compression_20_63|-1,triple,neg_event_ema_10,1,self_ret_5,-1,self_compression_20_63,-1
triple|neg_event_ema_10|+1|self_ret_5|-1|self_range_loc_63|+1,triple,neg_event_ema_10,1,self_ret_5,-1,self_range_loc_63,1
triple|neg_event_ema_10|+1|self_ret_5|-1|self_range_loc_63|-1,triple,neg_event_ema_10,1,self_ret_5,-1,self_range_loc_63,-1
triple|neg_event_ema_10|+1|self_ret_21|+1|self_volume_ratio_5_20|+1,triple,neg_event_ema_10,1,self_ret_21,1,self_volume_ratio_5_20,1
triple|neg_event_ema_10|+1|self_ret_21|+1|self_volume_ratio_5_20|-1,triple,neg_event_ema_10,1,self_ret_21,1,self_volume_ratio_5_20,-1
triple|neg_event_ema_10|+1|self_ret_21|+1|self_compression_20_63|+1,triple,neg_event_ema_10,1,self_ret_21,1,self_compression_20_63,1
triple|neg_event_ema_10|+1|self_ret_21|+1|self_compression_20_63|-1,triple,neg_event_ema_10,1,self_ret_21,1,self_compression_20_63,-1
triple|neg_event_ema_10|+1|self_ret_21|+1|self_range_loc_63|+1,triple,neg_event_ema_10,1,self_ret_21,1,self_range_loc_63,1
triple|neg_event_ema_10|+1|self_ret_21|+1|self_range_loc_63|-1,triple,neg_event_ema_10,1,self_ret_21,1,self_range_loc_63,-1
triple|neg_event_ema_10|+1|self_ret_21|-1|self_volume_ratio_5_20|+1,triple,neg_event_ema_10,1,self_ret_21,-1,self_volume_ratio_5_20,1
triple|neg_event_ema_10|+1|self_ret_21|-1|self_volume_ratio_5_20|-1,triple,neg_event_ema_10,1,self_ret_21,-1,self_volume_ratio_5_20,-1
triple|neg_event_ema_10|+1|self_ret_21|-1|self_compression_20_63|+1,triple,neg_event_ema_10,1,self_ret_21,-1,self_compression_20_63,1
triple|neg_event_ema_10|+1|self_ret_21|-1|self_compression_20_63|-1,triple,neg_event_ema_10,1,self_ret_21,-1,self_compression_20_63,-1
triple|neg_event_ema_10|+1|self_ret_21|-1|self_range_loc_63|+1,triple,neg_event_ema_10,1,self_ret_21,-1,self_range_loc_63,1
triple|neg_event_ema_10|+1|self_ret_21|-1|self_range_loc_63|-1,triple,neg_event_ema_10,1,self_ret_21,-1,self_range_loc_63,-1
triple|neg_event_ema_10|+1|self_dist_high_63|+1|self_volume_ratio_5_20|+1,triple,neg_event_ema_10,1,self_dist_high_63,1,self_volume_ratio_5_20,1
triple|neg_event_ema_10|+1|self_dist_high_63|+1|self_volume_ratio_5_20|-1,triple,neg_event_ema_10,1,self_dist_high_63,1,self_volume_ratio_5_20,-1
triple|neg_event_ema_10|+1|self_dist_high_63|+1|self_compression_20_63|+1,triple,neg_event_ema_10,1,self_dist_high_63,1,self_compression_20_63,1
triple|neg_event_ema_10|+1|self_dist_high_63|+1|self_compression_20_63|-1,triple,neg_event_ema_10,1,self_dist_high_63,1,self_compression_20_63,-1
triple|neg_event_ema_10|+1|self_dist_high_63|+1|self_range_loc_63|+1,triple,neg_event_ema_10,1,self_dist_high_63,1,self_range_loc_63,1
triple|neg_event_ema_10|+1|self_dist_high_63|+1|self_range_loc_63|-1,triple,neg_event_ema_10,1,self_dist_high_63,1,self_range_loc_63,-1
triple|neg_event_ema_10|+1|self_dist_high_63|-1|self_volume_ratio_5_20|+1,triple,neg_event_ema_10,1,self_dist_high_63,-1,self_volume_ratio_5_20,1
triple|neg_event_ema_10|+1|self_dist_high_63|-1|self_volume_ratio_5_20|-1,triple,neg_event_ema_10,1,self_dist_high_63,-1,self_volume_ratio_5_20,-1
triple|neg_event_ema_10|+1|self_dist_high_63|-1|self_compression_20_63|+1,triple,neg_event_ema_10,1,self_dist_high_63,-1,self_compression_20_63,1
triple|neg_event_ema_10|+1|self_dist_high_63|-1|self_compression_20_63|-1,triple,neg_event_ema_10,1,self_dist_high_63,-1,self_compression_20_63,-1
triple|neg_event_ema_10|+1|self_dist_high_63|-1|self_range_loc_63|+1,triple,neg_event_ema_10,1,self_dist_high_63,-1,self_range_loc_63,1
triple|neg_event_ema_10|+1|self_dist_high_63|-1|self_range_loc_63|-1,triple,neg_event_ema_10,1,self_dist_high_63,-1,self_range_loc_63,-1
triple|neg_event_ema_10|-1|self_ret_5|+1|self_volume_ratio_5_20|+1,triple,neg_event_ema_10,-1,self_ret_5,1,self_volume_ratio_5_20,1
triple|neg_event_ema_10|-1|self_ret_5|+1|self_volume_ratio_5_20|-1,triple,neg_event_ema_10,-1,self_ret_5,1,self_volume_ratio_5_20,-1
triple|neg_event_ema_10|-1|self_ret_5|+1|self_compression_20_63|+1,triple,neg_event_ema_10,-1,self_ret_5,1,self_compression_20_63,1
triple|neg_event_ema_10|-1|self_ret_5|+1|self_compression_20_63|-1,triple,neg_event_ema_10,-1,self_ret_5,1,self_compression_20_63,-1
triple|neg_event_ema_10|-1|self_ret_5|+1|self_range_loc_63|+1,triple,neg_event_ema_10,-1,self_ret_5,1,self_range_loc_63,1
triple|neg_event_ema_10|-1|self_ret_5|+1|self_range_loc_63|-1,triple,neg_event_ema_10,-1,self_ret_5,1,self_range_loc_63,-1
triple|neg_event_ema_10|-1|self_ret_5|-1|self_volume_ratio_5_20|+1,triple,neg_event_ema_10,-1,self_ret_5,-1,self_volume_ratio_5_20,1
triple|neg_event_ema_10|-1|self_ret_5|-1|self_volume_ratio_5_20|-1,triple,neg_event_ema_10,-1,self_ret_5,-1,self_volume_ratio_5_20,-1
triple|neg_event_ema_10|-1|self_ret_5|-1|self_compression_20_63|+1,triple,neg_event_ema_10,-1,self_ret_5,-1,self_compression_20_63,1
triple|neg_event_ema_10|-1|self_ret_5|-1|self_compression_20_63|-1,triple,neg_event_ema_10,-1,self_ret_5,-1,self_compression_20_63,-1
triple|neg_event_ema_10|-1|self_ret_5|-1|self_range_loc_63|+1,triple,neg_event_ema_10,-1,self_ret_5,-1,self_range_loc_63,1
triple|neg_event_ema_10|-1|self_ret_5|-1|self_range_loc_63|-1,triple,neg_event_ema_10,-1,self_ret_5,-1,self_range_loc_63,-1
triple|neg_event_ema_10|-1|self_ret_21|+1|self_volume_ratio_5_20|+1,triple,neg_event_ema_10,-1,self_ret_21,1,self_volume_ratio_5_20,1
triple|neg_event_ema_10|-1|self_ret_21|+1|self_volume_ratio_5_20|-1,triple,neg_event_ema_10,-1,self_ret_21,1,self_volume_ratio_5_20,-1
triple|neg_event_ema_10|-1|self_ret_21|+1|self_compression_20_63|+1,triple,neg_event_ema_10,-1,self_ret_21,1,self_compression_20_63,1
triple|neg_event_ema_10|-1|self_ret_21|+1|self_compression_20_63|-1,triple,neg_event_ema_10,-1,self_ret_21,1,self_compression_20_63,-1
triple|neg_event_ema_10|-1|self_ret_21|+1|self_range_loc_63|+1,triple,neg_event_ema_10,-1,self_ret_21,1,self_range_loc_63,1
triple|neg_event_ema_10|-1|self_ret_21|+1|self_range_loc_63|-1,triple,neg_event_ema_10,-1,self_ret_21,1,self_range_loc_63,-1
triple|neg_event_ema_10|-1|self_ret_21|-1|self_volume_ratio_5_20|+1,triple,neg_event_ema_10,-1,self_ret_21,-1,self_volume_ratio_5_20,1
triple|neg_event_ema_10|-1|self_ret_21|-1|self_volume_ratio_5_20|-1,triple,neg_event_ema_10,-1,self_ret_21,-1,self_volume_ratio_5_20,-1
triple|neg_event_ema_10|-1|self_ret_21|-1|self_compression_20_63|+1,triple,neg_event_ema_10,-1,self_ret_21,-1,self_compression_20_63,1
triple|neg_event_ema_10|-1|self_ret_21|-1|self_compression_20_63|-1,triple,neg_event_ema_10,-1,self_ret_21,-1,self_compression_20_63,-1
triple|neg_event_ema_10|-1|self_ret_21|-1|self_range_loc_63|+1,triple,neg_event_ema_10,-1,self_ret_21,-1,self_range_loc_63,1
triple|neg_event_ema_10|-1|self_ret_21|-1|self_range_loc_63|-1,triple,neg_event_ema_10,-1,self_ret_21,-1,self_range_loc_63,-1
triple|neg_event_ema_10|-1|self_dist_high_63|+1|self_volume_ratio_5_20|+1,triple,neg_event_ema_10,-1,self_dist_high_63,1,self_volume_ratio_5_20,1
triple|neg_event_ema_10|-1|self_dist_high_63|+1|self_volume_ratio_5_20|-1,triple,neg_event_ema_10,-1,self_dist_high_63,1,self_volume_ratio_5_20,-1
triple|neg_event_ema_10|-1|self_dist_high_63|+1|self_compression_20_63|+1,triple,neg_event_ema_10,-1,self_dist_high_63,1,self_compression_20_63,1
triple|neg_event_ema_10|-1|self_dist_high_63|+1|self_compression_20_63|-1,triple,neg_event_ema_10,-1,self_dist_high_63,1,self_compression_20_63,-1
triple|neg_event_ema_10|-1|self_dist_high_63|+1|self_range_loc_63|+1,triple,neg_event_ema_10,-1,self_dist_high_63,1,self_range_loc_63,1
triple|neg_event_ema_10|-1|self_dist_high_63|+1|self_range_loc_63|-1,triple,neg_event_ema_10,-1,self_dist_high_63,1,self_range_loc_63,-1
triple|neg_event_ema_10|-1|self_dist_high_63|-1|self_volume_ratio_5_20|+1,triple,neg_event_ema_10,-1,self_dist_high_63,-1,self_volume_ratio_5_20,1
triple|neg_event_ema_10|-1|self_dist_high_63|-1|self_volume_ratio_5_20|-1,triple,neg_event_ema_10,-1,self_dist_high_63,-1,self_volume_ratio_5_20,-1
triple|neg_event_ema_10|-1|self_dist_high_63|-1|self_compression_20_63|+1,triple,neg_event_ema_10,-1,self_dist_high_63,-1,self_compression_20_63,1
triple|neg_event_ema_10|-1|self_dist_high_63|-1|self_compression_20_63|-1,triple,neg_event_ema_10,-1,self_dist_high_63,-1,self_compression_20_63,-1
triple|neg_event_ema_10|-1|self_dist_high_63|-1|self_range_loc_63|+1,triple,neg_event_ema_10,-1,self_dist_high_63,-1,self_range_loc_63,1
triple|neg_event_ema_10|-1|self_dist_high_63|-1|self_range_loc_63|-1,triple,neg_event_ema_10,-1,self_dist_high_63,-1,self_range_loc_63,-1
triple|neg_event_ema_21|+1|self_ret_5|+1|self_volume_ratio_5_20|+1,triple,neg_event_ema_21,1,self_ret_5,1,self_volume_ratio_5_20,1
triple|neg_event_ema_21|+1|self_ret_5|+1|self_volume_ratio_5_20|-1,triple,neg_event_ema_21,1,self_ret_5,1,self_volume_ratio_5_20,-1
triple|neg_event_ema_21|+1|self_ret_5|+1|self_compression_20_63|+1,triple,neg_event_ema_21,1,self_ret_5,1,self_compression_20_63,1
triple|neg_event_ema_21|+1|self_ret_5|+1|self_compression_20_63|-1,triple,neg_event_ema_21,1,self_ret_5,1,self_compression_20_63,-1
triple|neg_event_ema_21|+1|self_ret_5|+1|self_range_loc_63|+1,triple,neg_event_ema_21,1,self_ret_5,1,self_range_loc_63,1
triple|neg_event_ema_21|+1|self_ret_5|+1|self_range_loc_63|-1,triple,neg_event_ema_21,1,self_ret_5,1,self_range_loc_63,-1
triple|neg_event_ema_21|+1|self_ret_5|-1|self_volume_ratio_5_20|+1,triple,neg_event_ema_21,1,self_ret_5,-1,self_volume_ratio_5_20,1
triple|neg_event_ema_21|+1|self_ret_5|-1|self_volume_ratio_5_20|-1,triple,neg_event_ema_21,1,self_ret_5,-1,self_volume_ratio_5_20,-1
triple|neg_event_ema_21|+1|self_ret_5|-1|self_compression_20_63|+1,triple,neg_event_ema_21,1,self_ret_5,-1,self_compression_20_63,1
triple|neg_event_ema_21|+1|self_ret_5|-1|self_compression_20_63|-1,triple,neg_event_ema_21,1,self_ret_5,-1,self_compression_20_63,-1
triple|neg_event_ema_21|+1|self_ret_5|-1|self_range_loc_63|+1,triple,neg_event_ema_21,1,self_ret_5,-1,self_range_loc_63,1
triple|neg_event_ema_21|+1|self_ret_5|-1|self_range_loc_63|-1,triple,neg_event_ema_21,1,self_ret_5,-1,self_range_loc_63,-1
triple|neg_event_ema_21|+1|self_ret_21|+1|self_volume_ratio_5_20|+1,triple,neg_event_ema_21,1,self_ret_21,1,self_volume_ratio_5_20,1
triple|neg_event_ema_21|+1|self_ret_21|+1|self_volume_ratio_5_20|-1,triple,neg_event_ema_21,1,self_ret_21,1,self_volume_ratio_5_20,-1
triple|neg_event_ema_21|+1|self_ret_21|+1|self_compression_20_63|+1,triple,neg_event_ema_21,1,self_ret_21,1,self_compression_20_63,1
triple|neg_event_ema_21|+1|self_ret_21|+1|self_compression_20_63|-1,triple,neg_event_ema_21,1,self_ret_21,1,self_compression_20_63,-1
triple|neg_event_ema_21|+1|self_ret_21|+1|self_range_loc_63|+1,triple,neg_event_ema_21,1,self_ret_21,1,self_range_loc_63,1
triple|neg_event_ema_21|+1|self_ret_21|+1|self_range_loc_63|-1,triple,neg_event_ema_21,1,self_ret_21,1,self_range_loc_63,-1
triple|neg_event_ema_21|+1|self_ret_21|-1|self_volume_ratio_5_20|+1,triple,neg_event_ema_21,1,self_ret_21,-1,self_volume_ratio_5_20,1
triple|neg_event_ema_21|+1|self_ret_21|-1|self_volume_ratio_5_20|-1,triple,neg_event_ema_21,1,self_ret_21,-1,self_volume_ratio_5_20,-1
triple|neg_event_ema_21|+1|self_ret_21|-1|self_compression_20_63|+1,triple,neg_event_ema_21,1,self_ret_21,-1,self_compression_20_63,1
triple|neg_event_ema_21|+1|self_ret_21|-1|self_compression_20_63|-1,triple,neg_event_ema_21,1,self_ret_21,-1,self_compression_20_63,-1
triple|neg_event_ema_21|+1|self_ret_21|-1|self_range_loc_63|+1,triple,neg_event_ema_21,1,self_ret_21,-1,self_range_loc_63,1
triple|neg_event_ema_21|+1|self_ret_21|-1|self_range_loc_63|-1,triple,neg_event_ema_21,1,self_ret_21,-1,self_range_loc_63,-1
triple|neg_event_ema_21|+1|self_dist_high_63|+1|self_volume_ratio_5_20|+1,triple,neg_event_ema_21,1,self_dist_high_63,1,self_volume_ratio_5_20,1
triple|neg_event_ema_21|+1|self_dist_high_63|+1|self_volume_ratio_5_20|-1,triple,neg_event_ema_21,1,self_dist_high_63,1,self_volume_ratio_5_20,-1
triple|neg_event_ema_21|+1|self_dist_high_63|+1|self_compression_20_63|+1,triple,neg_event_ema_21,1,self_dist_high_63,1,self_compression_20_63,1
triple|neg_event_ema_21|+1|self_dist_high_63|+1|self_compression_20_63|-1,triple,neg_event_ema_21,1,self_dist_high_63,1,self_compression_20_63,-1
triple|neg_event_ema_21|+1|self_dist_high_63|+1|self_range_loc_63|+1,triple,neg_event_ema_21,1,self_dist_high_63,1,self_range_loc_63,1
triple|neg_event_ema_21|+1|self_dist_high_63|+1|self_range_loc_63|-1,triple,neg_event_ema_21,1,self_dist_high_63,1,self_range_loc_63,-1
triple|neg_event_ema_21|+1|self_dist_high_63|-1|self_volume_ratio_5_20|+1,triple,neg_event_ema_21,1,self_dist_high_63,-1,self_volume_ratio_5_20,1
triple|neg_event_ema_21|+1|self_dist_high_63|-1|self_volume_ratio_5_20|-1,triple,neg_event_ema_21,1,self_dist_high_63,-1,self_volume_ratio_5_20,-1
triple|neg_event_ema_21|+1|self_dist_high_63|-1|self_compression_20_63|+1,triple,neg_event_ema_21,1,self_dist_high_63,-1,self_compression_20_63,1
triple|neg_event_ema_21|+1|self_dist_high_63|-1|self_compression_20_63|-1,triple,neg_event_ema_21,1,self_dist_high_63,-1,self_compression_20_63,-1
triple|neg_event_ema_21|+1|self_dist_high_63|-1|self_range_loc_63|+1,triple,neg_event_ema_21,1,self_dist_high_63,-1,self_range_loc_63,1
triple|neg_event_ema_21|+1|self_dist_high_63|-1|self_range_loc_63|-1,triple,neg_event_ema_21,1,self_dist_high_63,-1,self_range_loc_63,-1
triple|neg_event_ema_21|-1|self_ret_5|+1|self_volume_ratio_5_20|+1,triple,neg_event_ema_21,-1,self_ret_5,1,self_volume_ratio_5_20,1
triple|neg_event_ema_21|-1|self_ret_5|+1|self_volume_ratio_5_20|-1,triple,neg_event_ema_21,-1,self_ret_5,1,self_volume_ratio_5_20,-1
triple|neg_event_ema_21|-1|self_ret_5|+1|self_compression_20_63|+1,triple,neg_event_ema_21,-1,self_ret_5,1,self_compression_20_63,1
triple|neg_event_ema_21|-1|self_ret_5|+1|self_compression_20_63|-1,triple,neg_event_ema_21,-1,self_ret_5,1,self_compression_20_63,-1
triple|neg_event_ema_21|-1|self_ret_5|+1|self_range_loc_63|+1,triple,neg_event_ema_21,-1,self_ret_5,1,self_range_loc_63,1
triple|neg_event_ema_21|-1|self_ret_5|+1|self_range_loc_63|-1,triple,neg_event_ema_21,-1,self_ret_5,1,self_range_loc_63,-1
triple|neg_event_ema_21|-1|self_ret_5|-1|self_volume_ratio_5_20|+1,triple,neg_event_ema_21,-1,self_ret_5,-1,self_volume_ratio_5_20,1
triple|neg_event_ema_21|-1|self_ret_5|-1|self_volume_ratio_5_20|-1,triple,neg_event_ema_21,-1,self_ret_5,-1,self_volume_ratio_5_20,-1
triple|neg_event_ema_21|-1|self_ret_5|-1|self_compression_20_63|+1,triple,neg_event_ema_21,-1,self_ret_5,-1,self_compression_20_63,1
triple|neg_event_ema_21|-1|self_ret_5|-1|self_compression_20_63|-1,triple,neg_event_ema_21,-1,self_ret_5,-1,self_compression_20_63,-1
triple|neg_event_ema_21|-1|self_ret_5|-1|self_range_loc_63|+1,triple,neg_event_ema_21,-1,self_ret_5,-1,self_range_loc_63,1
triple|neg_event_ema_21|-1|self_ret_5|-1|self_range_loc_63|-1,triple,neg_event_ema_21,-1,self_ret_5,-1,self_range_loc_63,-1
triple|neg_event_ema_21|-1|self_ret_21|+1|self_volume_ratio_5_20|+1,triple,neg_event_ema_21,-1,self_ret_21,1,self_volume_ratio_5_20,1
triple|neg_event_ema_21|-1|self_ret_21|+1|self_volume_ratio_5_20|-1,triple,neg_event_ema_21,-1,self_ret_21,1,self_volume_ratio_5_20,-1
triple|neg_event_ema_21|-1|self_ret_21|+1|self_compression_20_63|+1,triple,neg_event_ema_21,-1,self_ret_21,1,self_compression_20_63,1
triple|neg_event_ema_21|-1|self_ret_21|+1|self_compression_20_63|-1,triple,neg_event_ema_21,-1,self_ret_21,1,self_compression_20_63,-1
triple|neg_event_ema_21|-1|self_ret_21|+1|self_range_loc_63|+1,triple,neg_event_ema_21,-1,self_ret_21,1,self_range_loc_63,1
triple|neg_event_ema_21|-1|self_ret_21|+1|self_range_loc_63|-1,triple,neg_event_ema_21,-1,self_ret_21,1,self_range_loc_63,-1
triple|neg_event_ema_21|-1|self_ret_21|-1|self_volume_ratio_5_20|+1,triple,neg_event_ema_21,-1,self_ret_21,-1,self_volume_ratio_5_20,1
triple|neg_event_ema_21|-1|self_ret_21|-1|self_volume_ratio_5_20|-1,triple,neg_event_ema_21,-1,self_ret_21,-1,self_volume_ratio_5_20,-1
triple|neg_event_ema_21|-1|self_ret_21|-1|self_compression_20_63|+1,triple,neg_event_ema_21,-1,self_ret_21,-1,self_compression_20_63,1
triple|neg_event_ema_21|-1|self_ret_21|-1|self_compression_20_63|-1,triple,neg_event_ema_21,-1,self_ret_21,-1,self_compression_20_63,-1
triple|neg_event_ema_21|-1|self_ret_21|-1|self_range_loc_63|+1,triple,neg_event_ema_21,-1,self_ret_21,-1,self_range_loc_63,1
triple|neg_event_ema_21|-1|self_ret_21|-1|self_range_loc_63|-1,triple,neg_event_ema_21,-1,self_ret_21,-1,self_range_loc_63,-1
triple|neg_event_ema_21|-1|self_dist_high_63|+1|self_volume_ratio_5_20|+1,triple,neg_event_ema_21,-1,self_dist_high_63,1,self_volume_ratio_5_20,1
triple|neg_event_ema_21|-1|self_dist_high_63|+1|self_volume_ratio_5_20|-1,triple,neg_event_ema_21,-1,self_dist_high_63,1,self_volume_ratio_5_20,-1
triple|neg_event_ema_21|-1|self_dist_high_63|+1|self_compression_20_63|+1,triple,neg_event_ema_21,-1,self_dist_high_63,1,self_compression_20_63,1
triple|neg_event_ema_21|-1|self_dist_high_63|+1|self_compression_20_63|-1,triple,neg_event_ema_21,-1,self_dist_high_63,1,self_compression_20_63,-1
triple|neg_event_ema_21|-1|self_dist_high_63|+1|self_range_loc_63|+1,triple,neg_event_ema_21,-1,self_dist_high_63,1,self_range_loc_63,1
triple|neg_event_ema_21|-1|self_dist_high_63|+1|self_range_loc_63|-1,triple,neg_event_ema_21,-1,self_dist_high_63,1,self_range_loc_63,-1
triple|neg_event_ema_21|-1|self_dist_high_63|-1|self_volume_ratio_5_20|+1,triple,neg_event_ema_21,-1,self_dist_high_63,-1,self_volume_ratio_5_20,1
triple|neg_event_ema_21|-1|self_dist_high_63|-1|self_volume_ratio_5_20|-1,triple,neg_event_ema_21,-1,self_dist_high_63,-1,self_volume_ratio_5_20,-1
triple|neg_event_ema_21|-1|self_dist_high_63|-1|self_compression_20_63|+1,triple,neg_event_ema_21,-1,self_dist_high_63,-1,self_compression_20_63,1
triple|neg_event_ema_21|-1|self_dist_high_63|-1|self_compression_20_63|-1,triple,neg_event_ema_21,-1,self_dist_high_63,-1,self_compression_20_63,-1
triple|neg_event_ema_21|-1|self_dist_high_63|-1|self_range_loc_63|+1,triple,neg_event_ema_21,-1,self_dist_high_63,-1,self_range_loc_63,1
triple|neg_event_ema_21|-1|self_dist_high_63|-1|self_range_loc_63|-1,triple,neg_event_ema_21,-1,self_dist_high_63,-1,self_range_loc_63,-1
