candidate,capital_permission,evaluation_status,family,global_795_status,global_lockbox_lb_25bps,global_lockbox_lb_gross,global_registered_trials,global_validation_lb_25bps,global_validation_lb_gross,historical_support,is_placebo,is_placebo_or_interaction,ledger_id,live_decision_weight,lockbox_lb,lockbox_lb_25bps,lockbox_lb_gross,name,proof_ceiling,protocol_sha256,registered_trial_count_family,study,validation_lb,validation_lb_25bps,validation_lb_gross
AM,BLOCKED,DIRECTIONALLY_PERSISTENT_ONLY,openap_predictor,DOES_NOT_SURVIVE_GLOBAL_795,-0.015160084110302894,-0.012660084110302892,795,-0.005448936271314465,-0.0029489362713144666,False,,,OPENAP:AM,0.0,,-0.013852272345623588,-0.011352272345623585,Total assets to market,"Maintained aggregate long-short return persistence only; requires fresh stock-level point-in-time replication, actual turnover/cost/borrow/capacity and untouched prospective evidence.",b8317a649c9aadf35f639eb91262f1abdf064c785f943c027d1070d186e77105,212,V58_OPENAP_212_POSTSAMPLE,,-0.0035698556534344665,-0.0010698556534344678
AOP,BLOCKED,FAILED_OR_UNIDENTIFIABLE,openap_predictor,DOES_NOT_SURVIVE_GLOBAL_795,-0.008001127849232615,-0.005501127849232614,795,-0.020077512686712543,-0.01757751268671254,False,,,OPENAP:AOP,0.0,,-0.007496649639226878,-0.004996649639226877,Analyst Optimism,"Maintained aggregate long-short return persistence only; requires fresh stock-level point-in-time replication, actual turnover/cost/borrow/capacity and untouched prospective evidence.",b8317a649c9aadf35f639eb91262f1abdf064c785f943c027d1070d186e77105,212,V58_OPENAP_212_POSTSAMPLE,,-0.018586763433046223,-0.01608676343304622
AbnormalAccruals,BLOCKED,FAILED_OR_UNIDENTIFIABLE,openap_predictor,DOES_NOT_SURVIVE_GLOBAL_795,-0.009727504020730929,-0.007227504020730928,795,-0.02151830247419846,-0.01901830247419846,False,,,OPENAP:AbnormalAccruals,0.0,,-0.009163712683061882,-0.006663712683061882,Abnormal Accruals,"Maintained aggregate long-short return persistence only; requires fresh stock-level point-in-time replication, actual turnover/cost/borrow/capacity and untouched prospective evidence.",b8317a649c9aadf35f639eb91262f1abdf064c785f943c027d1070d186e77105,212,V58_OPENAP_212_POSTSAMPLE,,-0.020127645809494926,-0.017627645809494923
Accruals,BLOCKED,DIRECTIONALLY_PERSISTENT_ONLY,openap_predictor,DOES_NOT_SURVIVE_GLOBAL_795,-0.006429070404125476,-0.003929070404125476,795,-0.013291202043352754,-0.010791202043352755,False,,,OPENAP:Accruals,0.0,,-0.006059138028443687,-0.003559138028443686,Accruals,"Maintained aggregate long-short return persistence only; requires fresh stock-level point-in-time replication, actual turnover/cost/borrow/capacity and untouched prospective evidence.",b8317a649c9aadf35f639eb91262f1abdf064c785f943c027d1070d186e77105,212,V58_OPENAP_212_POSTSAMPLE,,-0.011917451817015428,-0.00941745181701543
AccrualsBM,BLOCKED,DIRECTIONALLY_PERSISTENT_ONLY,openap_predictor,DOES_NOT_SURVIVE_GLOBAL_795,-0.011847771658500456,-0.009347771658500453,795,-0.033040770886518134,-0.030540770886518135,False,,,OPENAP:AccrualsBM,0.0,,-0.010413926092733786,-0.007913926092733784,Book-to-market and accruals,"Maintained aggregate long-short return persistence only; requires fresh stock-level point-in-time replication, actual turnover/cost/borrow/capacity and untouched prospective evidence.",b8317a649c9aadf35f639eb91262f1abdf064c785f943c027d1070d186e77105,212,V58_OPENAP_212_POSTSAMPLE,,-0.02910592498507153,-0.02660592498507153
Activism1,BLOCKED,FAILED_OR_UNIDENTIFIABLE,openap_predictor,DOES_NOT_SURVIVE_GLOBAL_795,,,795,-0.010154994935190016,-0.007654994935190019,False,,,OPENAP:Activism1,0.0,,,,Takeover vulnerability,"Maintained aggregate long-short return persistence only; requires fresh stock-level point-in-time replication, actual turnover/cost/borrow/capacity and untouched prospective evidence.",b8317a649c9aadf35f639eb91262f1abdf064c785f943c027d1070d186e77105,212,V58_OPENAP_212_POSTSAMPLE,,-0.009347598917776676,-0.006847598917776679
Activism2,BLOCKED,FAILED_OR_UNIDENTIFIABLE,openap_predictor,DOES_NOT_SURVIVE_GLOBAL_795,,,795,-0.031735760658385286,-0.029235760658385294,False,,,OPENAP:Activism2,0.0,,,,Active shareholders,"Maintained aggregate long-short return persistence only; requires fresh stock-level point-in-time replication, actual turnover/cost/borrow/capacity and untouched prospective evidence.",b8317a649c9aadf35f639eb91262f1abdf064c785f943c027d1070d186e77105,212,V58_OPENAP_212_POSTSAMPLE,,-0.02901516387909361,-0.026515163879093615
AdExp,BLOCKED,DIRECTIONALLY_PERSISTENT_ONLY,openap_predictor,DOES_NOT_SURVIVE_GLOBAL_795,-0.015061965143691356,-0.012561965143691355,795,-0.005190063155134693,-0.0026900631551346945,False,,,OPENAP:AdExp,0.0,,-0.013911352986109226,-0.011411352986109225,Advertising Expense,"Maintained aggregate long-short return persistence only; requires fresh stock-level point-in-time replication, actual turnover/cost/borrow/capacity and untouched prospective evidence.",b8317a649c9aadf35f639eb91262f1abdf064c785f943c027d1070d186e77105,212,V58_OPENAP_212_POSTSAMPLE,,-0.0038622452322527884,-0.0013622452322527897
AgeIPO,BLOCKED,DIRECTIONALLY_PERSISTENT_ONLY,openap_predictor,DOES_NOT_SURVIVE_GLOBAL_795,-0.008848410167428301,-0.006348410167428303,795,-0.01564902985354614,-0.013149029853546138,False,,,OPENAP:AgeIPO,0.0,,-0.0075553815363419005,-0.005055381536341901,IPO and age,"Maintained aggregate long-short return persistence only; requires fresh stock-level point-in-time replication, actual turnover/cost/borrow/capacity and untouched prospective evidence.",b8317a649c9aadf35f639eb91262f1abdf064c785f943c027d1070d186e77105,212,V58_OPENAP_212_POSTSAMPLE,,-0.014098135170171059,-0.011598135170171059
AnalystRevision,BLOCKED,ROBUST_GROSS_POSTSAMPLE,openap_predictor,SURVIVES_GLOBAL_GROSS_ONLY,-0.0016427133610250957,0.0008572866389749043,795,0.002149452699786148,0.004649452699786149,True,,,OPENAP:AnalystRevision,0.0,,-0.0013243281951650842,0.0011756718048349158,EPS forecast revision,"Maintained aggregate long-short return persistence only; requires fresh stock-level point-in-time replication, actual turnover/cost/borrow/capacity and untouched prospective evidence.",b8317a649c9aadf35f639eb91262f1abdf064c785f943c027d1070d186e77105,212,V58_OPENAP_212_POSTSAMPLE,,0.002759977839083422,0.005259977839083423
AnalystValue,BLOCKED,DIRECTIONALLY_PERSISTENT_ONLY,openap_predictor,DOES_NOT_SURVIVE_GLOBAL_795,-0.009511376384383978,-0.007011376384383978,795,-0.062328786904505246,-0.05982878690450524,False,,,OPENAP:AnalystValue,0.0,,-0.008552368260234915,-0.006052368260234915,Analyst Value,"Maintained aggregate long-short return persistence only; requires fresh stock-level point-in-time replication, actual turnover/cost/borrow/capacity and untouched prospective evidence.",b8317a649c9aadf35f639eb91262f1abdf064c785f943c027d1070d186e77105,212,V58_OPENAP_212_POSTSAMPLE,,-0.056587654535892776,-0.054087654535892773
AnnouncementReturn,BLOCKED,ROBUST_25BPS_POSTSAMPLE,openap_predictor,SURVIVES_GLOBAL_GROSS_ONLY,-0.0003428293612608513,0.00215717063873915,795,0.002461661007647999,0.004961661007648001,True,,,OPENAP:AnnouncementReturn,0.0,,6.878320506755603e-05,0.0025687832050675574,Earnings announcement return,"Maintained aggregate long-short return persistence only; requires fresh stock-level point-in-time replication, actual turnover/cost/borrow/capacity and untouched prospective evidence.",b8317a649c9aadf35f639eb91262f1abdf064c785f943c027d1070d186e77105,212,V58_OPENAP_212_POSTSAMPLE,,0.0031791048958902356,0.005679104895890238
AssetGrowth,BLOCKED,DIRECTIONALLY_PERSISTENT_ONLY,openap_predictor,DOES_NOT_SURVIVE_GLOBAL_795,-0.01306923981547489,-0.01056923981547489,795,-0.004782924233733457,-0.002282924233733462,False,,,OPENAP:AssetGrowth,0.0,,-0.011891619409182678,-0.009391619409182678,Asset growth,"Maintained aggregate long-short return persistence only; requires fresh stock-level point-in-time replication, actual turnover/cost/borrow/capacity and untouched prospective evidence.",b8317a649c9aadf35f639eb91262f1abdf064c785f943c027d1070d186e77105,212,V58_OPENAP_212_POSTSAMPLE,,-0.0033101855808321777,-0.0008101855808321807
BM,BLOCKED,DIRECTIONALLY_PERSISTENT_ONLY,openap_predictor,DOES_NOT_SURVIVE_GLOBAL_795,-0.007250048776122165,-0.004750048776122165,795,0.001803959683136156,0.004303959683136146,False,,,OPENAP:BM,0.0,,-0.006443488041673953,-0.003943488041673953,"Book to market, original (Stattman 1980)","Maintained aggregate long-short return persistence only; requires fresh stock-level point-in-time replication, actual turnover/cost/borrow/capacity and untouched prospective evidence.",b8317a649c9aadf35f639eb91262f1abdf064c785f943c027d1070d186e77105,212,V58_OPENAP_212_POSTSAMPLE,,0.003113657053572751,0.005613657053572741
BMdec,BLOCKED,DIRECTIONALLY_PERSISTENT_ONLY,openap_predictor,DOES_NOT_SURVIVE_GLOBAL_795,-0.00652970883937405,-0.00402970883937405,795,-0.003869034802294561,-0.0013690348022945588,False,,,OPENAP:BMdec,0.0,,-0.0057727939367248765,-0.003272793936724877,Book to market using December ME,"Maintained aggregate long-short return persistence only; requires fresh stock-level point-in-time replication, actual turnover/cost/borrow/capacity and untouched prospective evidence.",b8317a649c9aadf35f639eb91262f1abdf064c785f943c027d1070d186e77105,212,V58_OPENAP_212_POSTSAMPLE,,-0.002425837272748291,7.416272725171112e-05
BPEBM,BLOCKED,FAILED_OR_UNIDENTIFIABLE,openap_predictor,DOES_NOT_SURVIVE_GLOBAL_795,-0.010353075787942529,-0.007853075787942528,795,-0.009550279949751106,-0.0070502799497511055,False,,,OPENAP:BPEBM,0.0,,-0.009695341002668206,-0.007195341002668207,Leverage component of BM,"Maintained aggregate long-short return persistence only; requires fresh stock-level point-in-time replication, actual turnover/cost/borrow/capacity and untouched prospective evidence.",b8317a649c9aadf35f639eb91262f1abdf064c785f943c027d1070d186e77105,212,V58_OPENAP_212_POSTSAMPLE,,-0.008946734855829972,-0.006446734855829972
Beta,BLOCKED,DIRECTIONALLY_PERSISTENT_ONLY,openap_predictor,DOES_NOT_SURVIVE_GLOBAL_795,-0.013452903936087205,-0.010952903936087202,795,-0.017879787859170056,-0.015379787859170059,False,,,OPENAP:Beta,0.0,,-0.01233890474480314,-0.009838904744803138,CAPM beta,"Maintained aggregate long-short return persistence only; requires fresh stock-level point-in-time replication, actual turnover/cost/borrow/capacity and untouched prospective evidence.",b8317a649c9aadf35f639eb91262f1abdf064c785f943c027d1070d186e77105,212,V58_OPENAP_212_POSTSAMPLE,,-0.015627770061876503,-0.013127770061876506
BetaFP,BLOCKED,FAILED_OR_UNIDENTIFIABLE,openap_predictor,DOES_NOT_SURVIVE_GLOBAL_795,-0.036123907308713066,-0.033623907308713064,795,-0.03781657449223899,-0.03531657449223899,False,,,OPENAP:BetaFP,0.0,,-0.03271137717660896,-0.03021137717660896,Frazzini-Pedersen Beta,"Maintained aggregate long-short return persistence only; requires fresh stock-level point-in-time replication, actual turnover/cost/borrow/capacity and untouched prospective evidence.",b8317a649c9aadf35f639eb91262f1abdf064c785f943c027d1070d186e77105,212,V58_OPENAP_212_POSTSAMPLE,,-0.03528571780374137,-0.03278571780374138
BetaLiquidityPS,BLOCKED,FAILED_OR_UNIDENTIFIABLE,openap_predictor,DOES_NOT_SURVIVE_GLOBAL_795,-0.013752699837666221,-0.011252699837666219,795,-0.019471863390766304,-0.0169718633907663,False,,,OPENAP:BetaLiquidityPS,0.0,,-0.012988069344159456,-0.010488069344159454,Pastor-Stambaugh liquidity beta,"Maintained aggregate long-short return persistence only; requires fresh stock-level point-in-time replication, actual turnover/cost/borrow/capacity and untouched prospective evidence.",b8317a649c9aadf35f639eb91262f1abdf064c785f943c027d1070d186e77105,212,V58_OPENAP_212_POSTSAMPLE,,-0.01744633431833246,-0.014946334318332456
BetaTailRisk,BLOCKED,FAILED_OR_UNIDENTIFIABLE,openap_predictor,DOES_NOT_SURVIVE_GLOBAL_795,-0.006381621887761008,-0.0038816218877610054,795,-0.02260512967579586,-0.020105129675795856,False,,,OPENAP:BetaTailRisk,0.0,,-0.0051743926245591005,-0.0026743926245590983,Tail risk beta,"Maintained aggregate long-short return persistence only; requires fresh stock-level point-in-time replication, actual turnover/cost/borrow/capacity and untouched prospective evidence.",b8317a649c9aadf35f639eb91262f1abdf064c785f943c027d1070d186e77105,212,V58_OPENAP_212_POSTSAMPLE,,-0.021144111364982537,-0.018644111364982535
BidAskSpread,BLOCKED,FAILED_OR_UNIDENTIFIABLE,openap_predictor,DOES_NOT_SURVIVE_GLOBAL_795,-0.019441806446396932,-0.016941806446396934,795,-0.037577958965248584,-0.03507795896524859,False,,,OPENAP:BidAskSpread,0.0,,-0.017935346975545878,-0.015435346975545876,Bid-ask spread,"Maintained aggregate long-short return persistence only; requires fresh stock-level point-in-time replication, actual turnover/cost/borrow/capacity and untouched prospective evidence.",b8317a649c9aadf35f639eb91262f1abdf064c785f943c027d1070d186e77105,212,V58_OPENAP_212_POSTSAMPLE,,-0.0352207652657898,-0.0327207652657898
BookLeverage,BLOCKED,FAILED_OR_UNIDENTIFIABLE,openap_predictor,DOES_NOT_SURVIVE_GLOBAL_795,-0.014026953814502544,-0.011526953814502541,795,-0.027085454046293977,-0.024585454046293975,False,,,OPENAP:BookLeverage,0.0,,-0.012925997611341892,-0.01042599761134189,Book leverage (annual),"Maintained aggregate long-short return persistence only; requires fresh stock-level point-in-time replication, actual turnover/cost/borrow/capacity and untouched prospective evidence.",b8317a649c9aadf35f639eb91262f1abdf064c785f943c027d1070d186e77105,212,V58_OPENAP_212_POSTSAMPLE,,-0.02556795877786055,-0.023067958777860546
BrandInvest,BLOCKED,FAILED_OR_UNIDENTIFIABLE,openap_predictor,DOES_NOT_SURVIVE_GLOBAL_795,-0.04932468099984644,-0.04682468099984645,795,-0.02923673006462943,-0.026736730064629427,False,,,OPENAP:BrandInvest,0.0,,-0.045490367572020254,-0.042990367572020266,Brand capital investment,"Maintained aggregate long-short return persistence only; requires fresh stock-level point-in-time replication, actual turnover/cost/borrow/capacity and untouched prospective evidence.",b8317a649c9aadf35f639eb91262f1abdf064c785f943c027d1070d186e77105,212,V58_OPENAP_212_POSTSAMPLE,,-0.027510088829145185,-0.025010088829145183
CBOperProf,BLOCKED,FAILED_OR_UNIDENTIFIABLE,openap_predictor,DOES_NOT_SURVIVE_GLOBAL_795,-0.02969094887325334,-0.027190948873253337,795,-0.01884108144641799,-0.016341081446417993,False,,,OPENAP:CBOperProf,0.0,,-0.02719528155589002,-0.024695281555890018,Cash-based operating profitability,"Maintained aggregate long-short return persistence only; requires fresh stock-level point-in-time replication, actual turnover/cost/borrow/capacity and untouched prospective evidence.",b8317a649c9aadf35f639eb91262f1abdf064c785f943c027d1070d186e77105,212,V58_OPENAP_212_POSTSAMPLE,,-0.016557824369191062,-0.014057824369191067
CF,BLOCKED,DIRECTIONALLY_PERSISTENT_ONLY,openap_predictor,DOES_NOT_SURVIVE_GLOBAL_795,-0.010215972387744814,-0.00771597238774481,795,-0.02033135934604998,-0.01783135934604998,False,,,OPENAP:CF,0.0,,-0.009131169125117305,-0.006631169125117301,Cash flow to market,"Maintained aggregate long-short return persistence only; requires fresh stock-level point-in-time replication, actual turnover/cost/borrow/capacity and untouched prospective evidence.",b8317a649c9aadf35f639eb91262f1abdf064c785f943c027d1070d186e77105,212,V58_OPENAP_212_POSTSAMPLE,,-0.018511396672385456,-0.016011396672385454
CPVolSpread,BLOCKED,DIRECTIONALLY_PERSISTENT_ONLY,openap_predictor,DOES_NOT_SURVIVE_GLOBAL_795,-0.006411127718813148,-0.00391112771881315,795,-0.0016903515747498142,0.0008096484252501854,False,,,OPENAP:CPVolSpread,0.0,,-0.0057915583415040495,-0.0032915583415040503,Call minus Put Vol,"Maintained aggregate long-short return persistence only; requires fresh stock-level point-in-time replication, actual turnover/cost/borrow/capacity and untouched prospective evidence.",b8317a649c9aadf35f639eb91262f1abdf064c785f943c027d1070d186e77105,212,V58_OPENAP_212_POSTSAMPLE,,-0.0011391167368732863,0.0013608832631267125
Cash,BLOCKED,FAILED_OR_UNIDENTIFIABLE,openap_predictor,DOES_NOT_SURVIVE_GLOBAL_795,-0.04469990361439438,-0.04219990361439438,795,-0.019168016331348677,-0.01666801633134868,False,,,OPENAP:Cash,0.0,,-0.04150878697579231,-0.039008786975792305,Cash to assets,"Maintained aggregate long-short return persistence only; requires fresh stock-level point-in-time replication, actual turnover/cost/borrow/capacity and untouched prospective evidence.",b8317a649c9aadf35f639eb91262f1abdf064c785f943c027d1070d186e77105,212,V58_OPENAP_212_POSTSAMPLE,,-0.01732660456899602,-0.014826604568996019
CashProd,BLOCKED,DIRECTIONALLY_PERSISTENT_ONLY,openap_predictor,DOES_NOT_SURVIVE_GLOBAL_795,-0.017349381518288323,-0.014849381518288324,795,-0.012620738928730429,-0.010120738928730428,False,,,OPENAP:CashProd,0.0,,-0.015824863770428958,-0.01332486377042896,Cash Productivity,"Maintained aggregate long-short return persistence only; requires fresh stock-level point-in-time replication, actual turnover/cost/borrow/capacity and untouched prospective evidence.",b8317a649c9aadf35f639eb91262f1abdf064c785f943c027d1070d186e77105,212,V58_OPENAP_212_POSTSAMPLE,,-0.011567043896915118,-0.009067043896915117
ChAssetTurnover,BLOCKED,DIRECTIONALLY_PERSISTENT_ONLY,openap_predictor,DOES_NOT_SURVIVE_GLOBAL_795,-0.006337541578538705,-0.0038375415785387047,795,-0.007134780894929498,-0.004634780894929498,False,,,OPENAP:ChAssetTurnover,0.0,,-0.005943894483171636,-0.003443894483171636,Change in Asset Turnover,"Maintained aggregate long-short return persistence only; requires fresh stock-level point-in-time replication, actual turnover/cost/borrow/capacity and untouched prospective evidence.",b8317a649c9aadf35f639eb91262f1abdf064c785f943c027d1070d186e77105,212,V58_OPENAP_212_POSTSAMPLE,,-0.006694848326232538,-0.0041948483262325385
ChEQ,BLOCKED,DIRECTIONALLY_PERSISTENT_ONLY,openap_predictor,DOES_NOT_SURVIVE_GLOBAL_795,-0.010181482656625536,-0.007681482656625536,795,-0.013217142683251446,-0.010717142683251446,False,,,OPENAP:ChEQ,0.0,,-0.009001024469003093,-0.0065010244690030935,Growth in book equity,"Maintained aggregate long-short return persistence only; requires fresh stock-level point-in-time replication, actual turnover/cost/borrow/capacity and untouched prospective evidence.",b8317a649c9aadf35f639eb91262f1abdf064c785f943c027d1070d186e77105,212,V58_OPENAP_212_POSTSAMPLE,,-0.012197492262705386,-0.009697492262705385
ChForecastAccrual,BLOCKED,DIRECTIONALLY_PERSISTENT_ONLY,openap_predictor,DOES_NOT_SURVIVE_GLOBAL_795,-0.00516401200297472,-0.00266401200297472,795,-0.007601337820892012,-0.005101337820892011,False,,,OPENAP:ChForecastAccrual,0.0,,-0.004883002636650357,-0.002383002636650357,Change in Forecast and Accrual,"Maintained aggregate long-short return persistence only; requires fresh stock-level point-in-time replication, actual turnover/cost/borrow/capacity and untouched prospective evidence.",b8317a649c9aadf35f639eb91262f1abdf064c785f943c027d1070d186e77105,212,V58_OPENAP_212_POSTSAMPLE,,-0.006909326962527775,-0.004409326962527774
ChInv,BLOCKED,DIRECTIONALLY_PERSISTENT_ONLY,openap_predictor,DOES_NOT_SURVIVE_GLOBAL_795,-0.004814084481201561,-0.0023140844812015613,795,-0.015960416061576416,-0.013460416061576417,False,,,OPENAP:ChInv,0.0,,-0.004370751175747551,-0.0018707511757475514,Inventory Growth,"Maintained aggregate long-short return persistence only; requires fresh stock-level point-in-time replication, actual turnover/cost/borrow/capacity and untouched prospective evidence.",b8317a649c9aadf35f639eb91262f1abdf064c785f943c027d1070d186e77105,212,V58_OPENAP_212_POSTSAMPLE,,-0.01465568504636271,-0.012155685046362712
ChInvIA,BLOCKED,FAILED_OR_UNIDENTIFIABLE,openap_predictor,DOES_NOT_SURVIVE_GLOBAL_795,-0.008027534054570152,-0.005527534054570152,795,-0.005303466534434215,-0.002803466534434215,False,,,OPENAP:ChInvIA,0.0,,-0.007565384983317784,-0.005065384983317784,Change in capital inv (ind adj),"Maintained aggregate long-short return persistence only; requires fresh stock-level point-in-time replication, actual turnover/cost/borrow/capacity and untouched prospective evidence.",b8317a649c9aadf35f639eb91262f1abdf064c785f943c027d1070d186e77105,212,V58_OPENAP_212_POSTSAMPLE,,-0.004216518343615106,-0.0017165183436151053
ChNAnalyst,BLOCKED,FAILED_OR_UNIDENTIFIABLE,openap_predictor,DOES_NOT_SURVIVE_GLOBAL_795,-0.010733940905910963,-0.008233940905910963,795,-0.016437020753785857,-0.013937020753785856,False,,,OPENAP:ChNAnalyst,0.0,,-0.009850144467588917,-0.007350144467588917,Decline in Analyst Coverage,"Maintained aggregate long-short return persistence only; requires fresh stock-level point-in-time replication, actual turnover/cost/borrow/capacity and untouched prospective evidence.",b8317a649c9aadf35f639eb91262f1abdf064c785f943c027d1070d186e77105,212,V58_OPENAP_212_POSTSAMPLE,,-0.015250924123688663,-0.012750924123688662
ChNNCOA,BLOCKED,FAILED_OR_UNIDENTIFIABLE,openap_predictor,DOES_NOT_SURVIVE_GLOBAL_795,-0.007940402701574133,-0.0054404027015741326,795,-0.007187883616116818,-0.004687883616116818,False,,,OPENAP:ChNNCOA,0.0,,-0.00760490451202384,-0.00510490451202384,Change in Net Noncurrent Op Assets,"Maintained aggregate long-short return persistence only; requires fresh stock-level point-in-time replication, actual turnover/cost/borrow/capacity and untouched prospective evidence.",b8317a649c9aadf35f639eb91262f1abdf064c785f943c027d1070d186e77105,212,V58_OPENAP_212_POSTSAMPLE,,-0.006691422622040888,-0.004191422622040888
ChNWC,BLOCKED,FAILED_OR_UNIDENTIFIABLE,openap_predictor,DOES_NOT_SURVIVE_GLOBAL_795,-0.004809869351252625,-0.002309869351252624,795,-0.008228130543051755,-0.005728130543051755,False,,,OPENAP:ChNWC,0.0,,-0.004495124616438338,-0.001995124616438338,Change in Net Working Capital,"Maintained aggregate long-short return persistence only; requires fresh stock-level point-in-time replication, actual turnover/cost/borrow/capacity and untouched prospective evidence.",b8317a649c9aadf35f639eb91262f1abdf064c785f943c027d1070d186e77105,212,V58_OPENAP_212_POSTSAMPLE,,-0.0077650659871572325,-0.005265065987157233
ChTax,BLOCKED,DIRECTIONALLY_PERSISTENT_ONLY,openap_predictor,DOES_NOT_SURVIVE_GLOBAL_795,-0.007245233338063923,-0.004745233338063923,795,-0.006552529277751844,-0.004052529277751843,False,,,OPENAP:ChTax,0.0,,-0.006474863966508121,-0.003974863966508121,Change in Taxes,"Maintained aggregate long-short return persistence only; requires fresh stock-level point-in-time replication, actual turnover/cost/borrow/capacity and untouched prospective evidence.",b8317a649c9aadf35f639eb91262f1abdf064c785f943c027d1070d186e77105,212,V58_OPENAP_212_POSTSAMPLE,,-0.005804667938276361,-0.00330466793827636
ChangeInRecommendation,BLOCKED,DIRECTIONALLY_PERSISTENT_ONLY,openap_predictor,DOES_NOT_SURVIVE_GLOBAL_795,-0.0032195451280135306,-0.0007195451280135302,795,-0.005384612438604011,-0.0028846124386040124,False,,,OPENAP:ChangeInRecommendation,0.0,,-0.0029147114336722083,-0.00041471143367220785,Change in recommendation,"Maintained aggregate long-short return persistence only; requires fresh stock-level point-in-time replication, actual turnover/cost/borrow/capacity and untouched prospective evidence.",b8317a649c9aadf35f639eb91262f1abdf064c785f943c027d1070d186e77105,212,V58_OPENAP_212_POSTSAMPLE,,-0.004941462765908594,-0.0024414627659085945
CitationsRD,BLOCKED,DIRECTIONALLY_PERSISTENT_ONLY,openap_predictor,DOES_NOT_SURVIVE_GLOBAL_795,-0.01620855496657216,-0.013708554966572159,795,-0.010488230532650892,-0.007988230532650893,False,,,OPENAP:CitationsRD,0.0,,-0.014960023205824178,-0.012460023205824178,Citations to RD expenses,"Maintained aggregate long-short return persistence only; requires fresh stock-level point-in-time replication, actual turnover/cost/borrow/capacity and untouched prospective evidence.",b8317a649c9aadf35f639eb91262f1abdf064c785f943c027d1070d186e77105,212,V58_OPENAP_212_POSTSAMPLE,,-0.0096859810348971,-0.007185981034897102
CompEquIss,BLOCKED,DIRECTIONALLY_PERSISTENT_ONLY,openap_predictor,DOES_NOT_SURVIVE_GLOBAL_795,-0.0057132593549460205,-0.003213259354946021,795,-0.012397136551000894,-0.009897136551000897,False,,,OPENAP:CompEquIss,0.0,,-0.005155091105788031,-0.002655091105788031,Composite equity issuance,"Maintained aggregate long-short return persistence only; requires fresh stock-level point-in-time replication, actual turnover/cost/borrow/capacity and untouched prospective evidence.",b8317a649c9aadf35f639eb91262f1abdf064c785f943c027d1070d186e77105,212,V58_OPENAP_212_POSTSAMPLE,,-0.011122397678645243,-0.008622397678645246
CompositeDebtIssuance,BLOCKED,DIRECTIONALLY_PERSISTENT_ONLY,openap_predictor,DOES_NOT_SURVIVE_GLOBAL_795,-0.006360575032742003,-0.0038605750327420016,795,-0.0039880636226610235,-0.0014880636226610217,False,,,OPENAP:CompositeDebtIssuance,0.0,,-0.005851109168607635,-0.0033511091686076336,Composite debt issuance,"Maintained aggregate long-short return persistence only; requires fresh stock-level point-in-time replication, actual turnover/cost/borrow/capacity and untouched prospective evidence.",b8317a649c9aadf35f639eb91262f1abdf064c785f943c027d1070d186e77105,212,V58_OPENAP_212_POSTSAMPLE,,-0.0036019127017412793,-0.0011019127017412775
ConsRecomm,BLOCKED,DIRECTIONALLY_PERSISTENT_ONLY,openap_predictor,DOES_NOT_SURVIVE_GLOBAL_795,-0.01156920218159425,-0.00906920218159425,795,-0.006898090053101614,-0.0043980900531016155,False,,,OPENAP:ConsRecomm,0.0,,-0.010755700529826558,-0.008255700529826557,Consensus Recommendation,"Maintained aggregate long-short return persistence only; requires fresh stock-level point-in-time replication, actual turnover/cost/borrow/capacity and untouched prospective evidence.",b8317a649c9aadf35f639eb91262f1abdf064c785f943c027d1070d186e77105,212,V58_OPENAP_212_POSTSAMPLE,,-0.006099302967800493,-0.0035993029678004947
ConvDebt,BLOCKED,FAILED_OR_UNIDENTIFIABLE,openap_predictor,DOES_NOT_SURVIVE_GLOBAL_795,-0.011883282055440092,-0.009383282055440086,795,-0.008893895045261158,-0.006393895045261157,False,,,OPENAP:ConvDebt,0.0,,-0.01066635760511206,-0.008166357605112057,Convertible debt indicator,"Maintained aggregate long-short return persistence only; requires fresh stock-level point-in-time replication, actual turnover/cost/borrow/capacity and untouched prospective evidence.",b8317a649c9aadf35f639eb91262f1abdf064c785f943c027d1070d186e77105,212,V58_OPENAP_212_POSTSAMPLE,,-0.008164173530225739,-0.005664173530225736
CoskewACX,BLOCKED,DIRECTIONALLY_PERSISTENT_ONLY,openap_predictor,DOES_NOT_SURVIVE_GLOBAL_795,-0.008586382675300696,-0.006086382675300697,795,-0.023468526248799,-0.020968526248799,False,,,OPENAP:CoskewACX,0.0,,-0.007852418860941953,-0.005352418860941954,Coskewness using daily returns,"Maintained aggregate long-short return persistence only; requires fresh stock-level point-in-time replication, actual turnover/cost/borrow/capacity and untouched prospective evidence.",b8317a649c9aadf35f639eb91262f1abdf064c785f943c027d1070d186e77105,212,V58_OPENAP_212_POSTSAMPLE,,-0.0211992219734475,-0.0186992219734475
Coskewness,BLOCKED,FAILED_OR_UNIDENTIFIABLE,openap_predictor,DOES_NOT_SURVIVE_GLOBAL_795,-0.0050167374789902505,-0.00251673747899025,795,-0.014119305784786138,-0.011619305784786137,False,,,OPENAP:Coskewness,0.0,,-0.0045049320293465474,-0.002004932029346547,Coskewness,"Maintained aggregate long-short return persistence only; requires fresh stock-level point-in-time replication, actual turnover/cost/borrow/capacity and untouched prospective evidence.",b8317a649c9aadf35f639eb91262f1abdf064c785f943c027d1070d186e77105,212,V58_OPENAP_212_POSTSAMPLE,,-0.013104562590206826,-0.010604562590206826
CredRatDG,BLOCKED,DIRECTIONALLY_PERSISTENT_ONLY,openap_predictor,DOES_NOT_SURVIVE_GLOBAL_795,-0.012174709323108745,-0.009674709323108745,795,-0.007297618458202614,-0.0047976184582026165,False,,,OPENAP:CredRatDG,0.0,,-0.011230562741484517,-0.008730562741484517,Credit Rating Downgrade,"Maintained aggregate long-short return persistence only; requires fresh stock-level point-in-time replication, actual turnover/cost/borrow/capacity and untouched prospective evidence.",b8317a649c9aadf35f639eb91262f1abdf064c785f943c027d1070d186e77105,212,V58_OPENAP_212_POSTSAMPLE,,-0.0061729804826910215,-0.0036729804826910236
CustomerMomentum,BLOCKED,DIRECTIONALLY_PERSISTENT_ONLY,openap_predictor,DOES_NOT_SURVIVE_GLOBAL_795,-0.011494132169933228,-0.008994132169933226,795,-0.0029988655297860786,-0.0004988655297860772,False,,,OPENAP:CustomerMomentum,0.0,,-0.010495878002630491,-0.007995878002630491,Customer momentum,"Maintained aggregate long-short return persistence only; requires fresh stock-level point-in-time replication, actual turnover/cost/borrow/capacity and untouched prospective evidence.",b8317a649c9aadf35f639eb91262f1abdf064c785f943c027d1070d186e77105,212,V58_OPENAP_212_POSTSAMPLE,,-0.002211780628663485,0.00028821937133651637
DebtIssuance,BLOCKED,DIRECTIONALLY_PERSISTENT_ONLY,openap_predictor,DOES_NOT_SURVIVE_GLOBAL_795,-0.007024119192465944,-0.004524119192465943,795,-0.007464357767197754,-0.004964357767197753,False,,,OPENAP:DebtIssuance,0.0,,-0.006620592386836703,-0.004120592386836703,Debt Issuance,"Maintained aggregate long-short return persistence only; requires fresh stock-level point-in-time replication, actual turnover/cost/borrow/capacity and untouched prospective evidence.",b8317a649c9aadf35f639eb91262f1abdf064c785f943c027d1070d186e77105,212,V58_OPENAP_212_POSTSAMPLE,,-0.006650856329587171,-0.004150856329587171
DelBreadth,BLOCKED,DIRECTIONALLY_PERSISTENT_ONLY,openap_predictor,DOES_NOT_SURVIVE_GLOBAL_795,-0.009752751562239537,-0.007252751562239536,795,-0.01296568316309584,-0.010465683163095839,False,,,OPENAP:DelBreadth,0.0,,-0.008896156020044116,-0.006396156020044116,Breadth of ownership,"Maintained aggregate long-short return persistence only; requires fresh stock-level point-in-time replication, actual turnover/cost/borrow/capacity and untouched prospective evidence.",b8317a649c9aadf35f639eb91262f1abdf064c785f943c027d1070d186e77105,212,V58_OPENAP_212_POSTSAMPLE,,-0.011517361470537245,-0.009017361470537246
DelCOA,BLOCKED,FAILED_OR_UNIDENTIFIABLE,openap_predictor,DOES_NOT_SURVIVE_GLOBAL_795,-0.006936089825488819,-0.004436089825488819,795,-0.012951303569642194,-0.010451303569642193,False,,,OPENAP:DelCOA,0.0,,-0.0063555468032431735,-0.0038555468032431734,Change in current operating assets,"Maintained aggregate long-short return persistence only; requires fresh stock-level point-in-time replication, actual turnover/cost/borrow/capacity and untouched prospective evidence.",b8317a649c9aadf35f639eb91262f1abdf064c785f943c027d1070d186e77105,212,V58_OPENAP_212_POSTSAMPLE,,-0.012089733379489365,-0.009589733379489365
DelCOL,BLOCKED,DIRECTIONALLY_PERSISTENT_ONLY,openap_predictor,DOES_NOT_SURVIVE_GLOBAL_795,-0.0066981157049362024,-0.004198115704936202,795,-0.013220874408187137,-0.010720874408187135,False,,,OPENAP:DelCOL,0.0,,-0.006215829438853163,-0.003715829438853163,Change in current operating liabilities,"Maintained aggregate long-short return persistence only; requires fresh stock-level point-in-time replication, actual turnover/cost/borrow/capacity and untouched prospective evidence.",b8317a649c9aadf35f639eb91262f1abdf064c785f943c027d1070d186e77105,212,V58_OPENAP_212_POSTSAMPLE,,-0.012262401316537124,-0.009762401316537122
DelDRC,BLOCKED,DIRECTIONALLY_PERSISTENT_ONLY,openap_predictor,DOES_NOT_SURVIVE_GLOBAL_795,-0.013234892842220777,-0.010734892842220775,795,-0.005843397381525473,-0.0033433973815254724,False,,,OPENAP:DelDRC,0.0,,-0.012253206488996434,-0.009753206488996432,Deferred Revenue,"Maintained aggregate long-short return persistence only; requires fresh stock-level point-in-time replication, actual turnover/cost/borrow/capacity and untouched prospective evidence.",b8317a649c9aadf35f639eb91262f1abdf064c785f943c027d1070d186e77105,212,V58_OPENAP_212_POSTSAMPLE,,-0.005113112683473803,-0.0026131126834738026
DelEqu,BLOCKED,DIRECTIONALLY_PERSISTENT_ONLY,openap_predictor,DOES_NOT_SURVIVE_GLOBAL_795,-0.009777926956400122,-0.00727792695640012,795,-0.016936906351370525,-0.014436906351370526,False,,,OPENAP:DelEqu,0.0,,-0.008890522001788139,-0.006390522001788137,Change in equity to assets,"Maintained aggregate long-short return persistence only; requires fresh stock-level point-in-time replication, actual turnover/cost/borrow/capacity and untouched prospective evidence.",b8317a649c9aadf35f639eb91262f1abdf064c785f943c027d1070d186e77105,212,V58_OPENAP_212_POSTSAMPLE,,-0.015419859007891086,-0.012919859007891086
DelFINL,BLOCKED,DIRECTIONALLY_PERSISTENT_ONLY,openap_predictor,DOES_NOT_SURVIVE_GLOBAL_795,-0.0063243653867130194,-0.003824365386713022,795,-0.002482858224236672,1.7141775763326872e-05,False,,,OPENAP:DelFINL,0.0,,-0.005881692121709294,-0.0033816921217092954,Change in financial liabilities,"Maintained aggregate long-short return persistence only; requires fresh stock-level point-in-time replication, actual turnover/cost/borrow/capacity and untouched prospective evidence.",b8317a649c9aadf35f639eb91262f1abdf064c785f943c027d1070d186e77105,212,V58_OPENAP_212_POSTSAMPLE,,-0.0021303235876262874,0.00036967641237371134
DelLTI,BLOCKED,DIRECTIONALLY_PERSISTENT_ONLY,openap_predictor,DOES_NOT_SURVIVE_GLOBAL_795,-0.00495692367601152,-0.00245692367601152,795,-0.005550106092155394,-0.0030501060921553948,False,,,OPENAP:DelLTI,0.0,,-0.004630899645120364,-0.0021308996451203637,Change in long-term investment,"Maintained aggregate long-short return persistence only; requires fresh stock-level point-in-time replication, actual turnover/cost/borrow/capacity and untouched prospective evidence.",b8317a649c9aadf35f639eb91262f1abdf064c785f943c027d1070d186e77105,212,V58_OPENAP_212_POSTSAMPLE,,-0.005189576841659823,-0.0026895768416598225
DelNetFin,BLOCKED,FAILED_OR_UNIDENTIFIABLE,openap_predictor,DOES_NOT_SURVIVE_GLOBAL_795,-0.008712859741807046,-0.006212859741807046,795,-0.008776363168608714,-0.006276363168608714,False,,,OPENAP:DelNetFin,0.0,,-0.008184161157907613,-0.005684161157907612,Change in net financial assets,"Maintained aggregate long-short return persistence only; requires fresh stock-level point-in-time replication, actual turnover/cost/borrow/capacity and untouched prospective evidence.",b8317a649c9aadf35f639eb91262f1abdf064c785f943c027d1070d186e77105,212,V58_OPENAP_212_POSTSAMPLE,,-0.008067342599386625,-0.005567342599386625
DivInit,BLOCKED,DIRECTIONALLY_PERSISTENT_ONLY,openap_predictor,DOES_NOT_SURVIVE_GLOBAL_795,-0.007308987330003548,-0.004808987330003548,795,-0.021538601997402842,-0.01903860199740285,False,,,OPENAP:DivInit,0.0,,-0.006638287521971685,-0.004138287521971684,Dividend Initiation,"Maintained aggregate long-short return persistence only; requires fresh stock-level point-in-time replication, actual turnover/cost/borrow/capacity and untouched prospective evidence.",b8317a649c9aadf35f639eb91262f1abdf064c785f943c027d1070d186e77105,212,V58_OPENAP_212_POSTSAMPLE,,-0.019378045725582937,-0.016878045725582942
DivOmit,BLOCKED,DIRECTIONALLY_PERSISTENT_ONLY,openap_predictor,DOES_NOT_SURVIVE_GLOBAL_795,-0.006619493371780459,-0.004119493371780454,795,-0.03137528050920895,-0.02887528050920895,False,,,OPENAP:DivOmit,0.0,,-0.005414488064934625,-0.00291448806493462,Dividend Omission,"Maintained aggregate long-short return persistence only; requires fresh stock-level point-in-time replication, actual turnover/cost/borrow/capacity and untouched prospective evidence.",b8317a649c9aadf35f639eb91262f1abdf064c785f943c027d1070d186e77105,212,V58_OPENAP_212_POSTSAMPLE,,-0.02845300431018578,-0.025953004310185778
DivSeason,BLOCKED,DIRECTIONALLY_PERSISTENT_ONLY,openap_predictor,DOES_NOT_SURVIVE_GLOBAL_795,-0.003977682035734738,-0.0014776820357347376,795,-0.0033872113762824715,-0.0008872113762824715,False,,,OPENAP:DivSeason,0.0,,-0.0037490742222391358,-0.001249074222239136,Dividend seasonality,"Maintained aggregate long-short return persistence only; requires fresh stock-level point-in-time replication, actual turnover/cost/borrow/capacity and untouched prospective evidence.",b8317a649c9aadf35f639eb91262f1abdf064c785f943c027d1070d186e77105,212,V58_OPENAP_212_POSTSAMPLE,,-0.0032463490020125003,-0.0007463490020125001
DivYieldST,BLOCKED,ROBUST_GROSS_POSTSAMPLE,openap_predictor,SURVIVES_GLOBAL_GROSS_ONLY,0.000741926808542561,0.003241926808542562,795,-0.0011407126599724399,0.0013592873400275624,True,,,OPENAP:DivYieldST,0.0,,0.0009684963788908654,0.0034684963788908663,Predicted div yield next month,"Maintained aggregate long-short return persistence only; requires fresh stock-level point-in-time replication, actual turnover/cost/borrow/capacity and untouched prospective evidence.",b8317a649c9aadf35f639eb91262f1abdf064c785f943c027d1070d186e77105,212,V58_OPENAP_212_POSTSAMPLE,,-0.0003024866860809345,0.002197513313919066
DolVol,BLOCKED,DIRECTIONALLY_PERSISTENT_ONLY,openap_predictor,DOES_NOT_SURVIVE_GLOBAL_795,-0.00794111263145659,-0.005441112631456589,795,-0.001960923662297654,0.0005390763377023447,False,,,OPENAP:DolVol,0.0,,-0.007458151835375253,-0.004958151835375252,Past trading volume,"Maintained aggregate long-short return persistence only; requires fresh stock-level point-in-time replication, actual turnover/cost/borrow/capacity and untouched prospective evidence.",b8317a649c9aadf35f639eb91262f1abdf064c785f943c027d1070d186e77105,212,V58_OPENAP_212_POSTSAMPLE,,-0.0003321332824335957,0.002167866717566403
DownRecomm,BLOCKED,DIRECTIONALLY_PERSISTENT_ONLY,openap_predictor,DOES_NOT_SURVIVE_GLOBAL_795,-0.0034121544279112547,-0.0009121544279112549,795,-0.0025148184882901135,-1.4818488290114715e-05,False,,,OPENAP:DownRecomm,0.0,,-0.0032236772263301164,-0.0007236772263301164,Down forecast EPS,"Maintained aggregate long-short return persistence only; requires fresh stock-level point-in-time replication, actual turnover/cost/borrow/capacity and untouched prospective evidence.",b8317a649c9aadf35f639eb91262f1abdf064c785f943c027d1070d186e77105,212,V58_OPENAP_212_POSTSAMPLE,,-0.0021640020774144402,0.0003359979225855585
EBM,BLOCKED,FAILED_OR_UNIDENTIFIABLE,openap_predictor,DOES_NOT_SURVIVE_GLOBAL_795,-0.005605056949250613,-0.0031050569492506127,795,-0.010405159170417566,-0.007905159170417567,False,,,OPENAP:EBM,0.0,,-0.005061875311562394,-0.0025618753115623943,Enterprise component of BM,"Maintained aggregate long-short return persistence only; requires fresh stock-level point-in-time replication, actual turnover/cost/borrow/capacity and untouched prospective evidence.",b8317a649c9aadf35f639eb91262f1abdf064c785f943c027d1070d186e77105,212,V58_OPENAP_212_POSTSAMPLE,,-0.00973584413908218,-0.007235844139082181
EP,BLOCKED,DIRECTIONALLY_PERSISTENT_ONLY,openap_predictor,DOES_NOT_SURVIVE_GLOBAL_795,-0.005823082855146931,-0.0033230828551469305,795,-0.019860725081734826,-0.017360725081734824,False,,,OPENAP:EP,0.0,,-0.00533672340796103,-0.0028367234079610297,Earnings-to-Price Ratio,"Maintained aggregate long-short return persistence only; requires fresh stock-level point-in-time replication, actual turnover/cost/borrow/capacity and untouched prospective evidence.",b8317a649c9aadf35f639eb91262f1abdf064c785f943c027d1070d186e77105,212,V58_OPENAP_212_POSTSAMPLE,,-0.018240232839302924,-0.015740232839302922
EarnSupBig,BLOCKED,DIRECTIONALLY_PERSISTENT_ONLY,openap_predictor,DOES_NOT_SURVIVE_GLOBAL_795,-0.006729181196315494,-0.0042291811963154945,795,-0.011359269067217983,-0.008859269067217984,False,,,OPENAP:EarnSupBig,0.0,,-0.005803250727618101,-0.003303250727618101,Earnings surprise of big firms,"Maintained aggregate long-short return persistence only; requires fresh stock-level point-in-time replication, actual turnover/cost/borrow/capacity and untouched prospective evidence.",b8317a649c9aadf35f639eb91262f1abdf064c785f943c027d1070d186e77105,212,V58_OPENAP_212_POSTSAMPLE,,-0.010475038266309373,-0.007975038266309374
EarningsConsistency,BLOCKED,FAILED_OR_UNIDENTIFIABLE,openap_predictor,DOES_NOT_SURVIVE_GLOBAL_795,-0.005368445214304093,-0.0028684452143040943,795,-0.01673756701624962,-0.014237567016249623,False,,,OPENAP:EarningsConsistency,0.0,,-0.004607328988448536,-0.002107328988448537,Earnings consistency,"Maintained aggregate long-short return persistence only; requires fresh stock-level point-in-time replication, actual turnover/cost/borrow/capacity and untouched prospective evidence.",b8317a649c9aadf35f639eb91262f1abdf064c785f943c027d1070d186e77105,212,V58_OPENAP_212_POSTSAMPLE,,-0.015539052775584615,-0.013039052775584616
EarningsForecastDisparity,BLOCKED,FAILED_OR_UNIDENTIFIABLE,openap_predictor,DOES_NOT_SURVIVE_GLOBAL_795,-0.01751879828262923,-0.015018798282629236,795,-0.005713370774618541,-0.0032133707746185404,False,,,OPENAP:EarningsForecastDisparity,0.0,,-0.016295986691427712,-0.013795986691427713,Long-vs-short EPS forecasts,"Maintained aggregate long-short return persistence only; requires fresh stock-level point-in-time replication, actual turnover/cost/borrow/capacity and untouched prospective evidence.",b8317a649c9aadf35f639eb91262f1abdf064c785f943c027d1070d186e77105,212,V58_OPENAP_212_POSTSAMPLE,,-0.004987334494646549,-0.0024873344946465484
EarningsStreak,BLOCKED,DIRECTIONALLY_PERSISTENT_ONLY,openap_predictor,DOES_NOT_SURVIVE_GLOBAL_795,-0.006276581063068353,-0.0037765810630683537,795,-0.003178073216097725,-0.0006780732160977252,False,,,OPENAP:EarningsStreak,0.0,,-0.005200238334538866,-0.002700238334538866,Earnings surprise streak,"Maintained aggregate long-short return persistence only; requires fresh stock-level point-in-time replication, actual turnover/cost/borrow/capacity and untouched prospective evidence.",b8317a649c9aadf35f639eb91262f1abdf064c785f943c027d1070d186e77105,212,V58_OPENAP_212_POSTSAMPLE,,-0.0026972929069723458,-0.00019729290697234614
EarningsSurprise,BLOCKED,DIRECTIONALLY_PERSISTENT_ONLY,openap_predictor,DOES_NOT_SURVIVE_GLOBAL_795,-0.003371426125727149,-0.000871426125727149,795,0.001785286268016776,0.004285286268016776,False,,,OPENAP:EarningsSurprise,0.0,,-0.0030147618132852073,-0.0005147618132852073,Earnings Surprise,"Maintained aggregate long-short return persistence only; requires fresh stock-level point-in-time replication, actual turnover/cost/borrow/capacity and untouched prospective evidence.",b8317a649c9aadf35f639eb91262f1abdf064c785f943c027d1070d186e77105,212,V58_OPENAP_212_POSTSAMPLE,,0.002235432566703329,0.004735432566703329
EntMult,BLOCKED,DIRECTIONALLY_PERSISTENT_ONLY,openap_predictor,DOES_NOT_SURVIVE_GLOBAL_795,-0.025236869017508417,-0.022736869017508415,795,-0.007466282398246577,-0.004966282398246574,False,,,OPENAP:EntMult,0.0,,-0.023177431657758388,-0.020677431657758386,Enterprise Multiple,"Maintained aggregate long-short return persistence only; requires fresh stock-level point-in-time replication, actual turnover/cost/borrow/capacity and untouched prospective evidence.",b8317a649c9aadf35f639eb91262f1abdf064c785f943c027d1070d186e77105,212,V58_OPENAP_212_POSTSAMPLE,,-0.006440313839458177,-0.003940313839458175
EquityDuration,BLOCKED,FAILED_OR_UNIDENTIFIABLE,openap_predictor,DOES_NOT_SURVIVE_GLOBAL_795,-0.015364118875107123,-0.012864118875107125,795,-0.013698893995909726,-0.011198893995909726,False,,,OPENAP:EquityDuration,0.0,,-0.014323992138010866,-0.011823992138010865,Equity Duration,"Maintained aggregate long-short return persistence only; requires fresh stock-level point-in-time replication, actual turnover/cost/borrow/capacity and untouched prospective evidence.",b8317a649c9aadf35f639eb91262f1abdf064c785f943c027d1070d186e77105,212,V58_OPENAP_212_POSTSAMPLE,,-0.012405479903573918,-0.009905479903573917
ExchSwitch,BLOCKED,DIRECTIONALLY_PERSISTENT_ONLY,openap_predictor,DOES_NOT_SURVIVE_GLOBAL_795,-0.0027129079976296617,-0.0002129079976296612,795,-0.015487473697501654,-0.012987473697501655,False,,,OPENAP:ExchSwitch,0.0,,-0.0019455590843055481,0.0005544409156944523,Exchange Switch,"Maintained aggregate long-short return persistence only; requires fresh stock-level point-in-time replication, actual turnover/cost/borrow/capacity and untouched prospective evidence.",b8317a649c9aadf35f639eb91262f1abdf064c785f943c027d1070d186e77105,212,V58_OPENAP_212_POSTSAMPLE,,-0.01404381501702298,-0.011543815017022981
ExclExp,BLOCKED,FAILED_OR_UNIDENTIFIABLE,openap_predictor,DOES_NOT_SURVIVE_GLOBAL_795,-0.007283659392535228,-0.004783659392535227,795,-0.0059592243796361905,-0.0034592243796361896,False,,,OPENAP:ExclExp,0.0,,-0.006876160503178552,-0.004376160503178551,Excluded Expenses,"Maintained aggregate long-short return persistence only; requires fresh stock-level point-in-time replication, actual turnover/cost/borrow/capacity and untouched prospective evidence.",b8317a649c9aadf35f639eb91262f1abdf064c785f943c027d1070d186e77105,212,V58_OPENAP_212_POSTSAMPLE,,-0.005399326458185544,-0.0028993264581855436
FEPS,BLOCKED,DIRECTIONALLY_PERSISTENT_ONLY,openap_predictor,DOES_NOT_SURVIVE_GLOBAL_795,-0.014285105765658397,-0.011785105765658395,795,-0.018005139993097274,-0.015505139993097274,False,,,OPENAP:FEPS,0.0,,-0.012616401379751712,-0.01011640137975171,Analyst earnings per share,"Maintained aggregate long-short return persistence only; requires fresh stock-level point-in-time replication, actual turnover/cost/borrow/capacity and untouched prospective evidence.",b8317a649c9aadf35f639eb91262f1abdf064c785f943c027d1070d186e77105,212,V58_OPENAP_212_POSTSAMPLE,,-0.01616788711792825,-0.013667887117928249
FR,BLOCKED,FAILED_OR_UNIDENTIFIABLE,openap_predictor,DOES_NOT_SURVIVE_GLOBAL_795,-0.02225274905774738,-0.019752749057747376,795,-0.04310631297576601,-0.04060631297576601,False,,,OPENAP:FR,0.0,,-0.02086221572181024,-0.018362215721810238,Pension Funding Status,"Maintained aggregate long-short return persistence only; requires fresh stock-level point-in-time replication, actual turnover/cost/borrow/capacity and untouched prospective evidence.",b8317a649c9aadf35f639eb91262f1abdf064c785f943c027d1070d186e77105,212,V58_OPENAP_212_POSTSAMPLE,,-0.039969506837570785,-0.03746950683757078
FirmAge,BLOCKED,FAILED_OR_UNIDENTIFIABLE,openap_predictor,DOES_NOT_SURVIVE_GLOBAL_795,-0.00888007028988393,-0.006380070289883928,795,-0.017541011445667526,-0.015041011445667527,False,,,OPENAP:FirmAge,0.0,,-0.008382749876470297,-0.005882749876470298,Firm age based on CRSP,"Maintained aggregate long-short return persistence only; requires fresh stock-level point-in-time replication, actual turnover/cost/borrow/capacity and untouched prospective evidence.",b8317a649c9aadf35f639eb91262f1abdf064c785f943c027d1070d186e77105,212,V58_OPENAP_212_POSTSAMPLE,,-0.016705143587128775,-0.014205143587128776
FirmAgeMom,BLOCKED,DIRECTIONALLY_PERSISTENT_ONLY,openap_predictor,DOES_NOT_SURVIVE_GLOBAL_795,-0.005684841625068469,-0.0031848416250684682,795,-0.028857144196538877,-0.026357144196538878,False,,,OPENAP:FirmAgeMom,0.0,,-0.004506029901371281,-0.002006029901371281,Firm Age - Momentum,"Maintained aggregate long-short return persistence only; requires fresh stock-level point-in-time replication, actual turnover/cost/borrow/capacity and untouched prospective evidence.",b8317a649c9aadf35f639eb91262f1abdf064c785f943c027d1070d186e77105,212,V58_OPENAP_212_POSTSAMPLE,,-0.026059548205131705,-0.023559548205131706
ForecastDispersion,BLOCKED,FAILED_OR_UNIDENTIFIABLE,openap_predictor,DOES_NOT_SURVIVE_GLOBAL_795,-0.012450019907564176,-0.00995001990756417,795,-0.023837336622564716,-0.021337336622564717,False,,,OPENAP:ForecastDispersion,0.0,,-0.011171200089989524,-0.00867120008998952,EPS Forecast Dispersion,"Maintained aggregate long-short return persistence only; requires fresh stock-level point-in-time replication, actual turnover/cost/borrow/capacity and untouched prospective evidence.",b8317a649c9aadf35f639eb91262f1abdf064c785f943c027d1070d186e77105,212,V58_OPENAP_212_POSTSAMPLE,,-0.02205545942101974,-0.01955545942101974
Frontier,BLOCKED,DIRECTIONALLY_PERSISTENT_ONLY,openap_predictor,DOES_NOT_SURVIVE_GLOBAL_795,-0.030178756852916877,-0.027678756852916875,795,-0.010439455571902423,-0.00793945557190243,False,,,OPENAP:Frontier,0.0,,-0.027422962778456343,-0.02492296277845634,Efficient frontier index,"Maintained aggregate long-short return persistence only; requires fresh stock-level point-in-time replication, actual turnover/cost/borrow/capacity and untouched prospective evidence.",b8317a649c9aadf35f639eb91262f1abdf064c785f943c027d1070d186e77105,212,V58_OPENAP_212_POSTSAMPLE,,-0.009072314636785093,-0.006572314636785099
GP,BLOCKED,DIRECTIONALLY_PERSISTENT_ONLY,openap_predictor,DOES_NOT_SURVIVE_GLOBAL_795,-0.010637015908954477,-0.008137015908954477,795,-0.010908167986657984,-0.008408167986657989,False,,,OPENAP:GP,0.0,,-0.008762001577191824,-0.0062620015771918235,gross profits / total assets,"Maintained aggregate long-short return persistence only; requires fresh stock-level point-in-time replication, actual turnover/cost/borrow/capacity and untouched prospective evidence.",b8317a649c9aadf35f639eb91262f1abdf064c785f943c027d1070d186e77105,212,V58_OPENAP_212_POSTSAMPLE,,-0.009563510504313925,-0.007063510504313927
Governance,BLOCKED,FAILED_OR_UNIDENTIFIABLE,openap_predictor,DOES_NOT_SURVIVE_GLOBAL_795,,,795,-0.019450853522143978,-0.01695085352214398,False,,,OPENAP:Governance,0.0,,,,Governance Index,"Maintained aggregate long-short return persistence only; requires fresh stock-level point-in-time replication, actual turnover/cost/borrow/capacity and untouched prospective evidence.",b8317a649c9aadf35f639eb91262f1abdf064c785f943c027d1070d186e77105,212,V58_OPENAP_212_POSTSAMPLE,,-0.018430725617755814,-0.01593072561775581
GrAdExp,BLOCKED,FAILED_OR_UNIDENTIFIABLE,openap_predictor,DOES_NOT_SURVIVE_GLOBAL_795,-0.019500322795261697,-0.017000322795261695,795,-0.008774800716278477,-0.006274800716278477,False,,,OPENAP:GrAdExp,0.0,,-0.017883641851652567,-0.015383641851652566,Growth in advertising expenses,"Maintained aggregate long-short return persistence only; requires fresh stock-level point-in-time replication, actual turnover/cost/borrow/capacity and untouched prospective evidence.",b8317a649c9aadf35f639eb91262f1abdf064c785f943c027d1070d186e77105,212,V58_OPENAP_212_POSTSAMPLE,,-0.008119202537842922,-0.005619202537842923
GrLTNOA,BLOCKED,FAILED_OR_UNIDENTIFIABLE,openap_predictor,DOES_NOT_SURVIVE_GLOBAL_795,-0.007764476509978397,-0.005264476509978397,795,-0.005866631739184296,-0.0033666317391842955,False,,,OPENAP:GrLTNOA,0.0,,-0.007411599105120181,-0.004911599105120181,Growth in long term operating assets,"Maintained aggregate long-short return persistence only; requires fresh stock-level point-in-time replication, actual turnover/cost/borrow/capacity and untouched prospective evidence.",b8317a649c9aadf35f639eb91262f1abdf064c785f943c027d1070d186e77105,212,V58_OPENAP_212_POSTSAMPLE,,-0.005398919400243231,-0.0028989194002432316
GrSaleToGrInv,BLOCKED,FAILED_OR_UNIDENTIFIABLE,openap_predictor,DOES_NOT_SURVIVE_GLOBAL_795,-0.00789032978097687,-0.005390329780976871,795,-0.005728548867793434,-0.0032285488677934356,False,,,OPENAP:GrSaleToGrInv,0.0,,-0.007544165663117165,-0.005044165663117166,Sales growth over inventory growth,"Maintained aggregate long-short return persistence only; requires fresh stock-level point-in-time replication, actual turnover/cost/borrow/capacity and untouched prospective evidence.",b8317a649c9aadf35f639eb91262f1abdf064c785f943c027d1070d186e77105,212,V58_OPENAP_212_POSTSAMPLE,,-0.005057947013698579,-0.00255794701369858
GrSaleToGrOverhead,BLOCKED,FAILED_OR_UNIDENTIFIABLE,openap_predictor,DOES_NOT_SURVIVE_GLOBAL_795,-0.00742064710689538,-0.00492064710689538,795,-0.02007785542353984,-0.01757785542353984,False,,,OPENAP:GrSaleToGrOverhead,0.0,,-0.0069938178636517676,-0.004493817863651766,Sales growth over overhead growth,"Maintained aggregate long-short return persistence only; requires fresh stock-level point-in-time replication, actual turnover/cost/borrow/capacity and untouched prospective evidence.",b8317a649c9aadf35f639eb91262f1abdf064c785f943c027d1070d186e77105,212,V58_OPENAP_212_POSTSAMPLE,,-0.019099086455171152,-0.01659908645517115
Herf,BLOCKED,FAILED_OR_UNIDENTIFIABLE,openap_predictor,DOES_NOT_SURVIVE_GLOBAL_795,-0.017298506663658664,-0.014798506663658662,795,-0.01263859422969272,-0.01013859422969272,False,,,OPENAP:Herf,0.0,,-0.01632593189204182,-0.013825931892041819,Industry concentration (sales),"Maintained aggregate long-short return persistence only; requires fresh stock-level point-in-time replication, actual turnover/cost/borrow/capacity and untouched prospective evidence.",b8317a649c9aadf35f639eb91262f1abdf064c785f943c027d1070d186e77105,212,V58_OPENAP_212_POSTSAMPLE,,-0.011866802688116053,-0.009366802688116054
HerfAsset,BLOCKED,FAILED_OR_UNIDENTIFIABLE,openap_predictor,DOES_NOT_SURVIVE_GLOBAL_795,-0.015767925939919606,-0.013267925939919604,795,-0.02068726978166434,-0.01818726978166434,False,,,OPENAP:HerfAsset,0.0,,-0.014878859724922325,-0.012378859724922326,Industry concentration (assets),"Maintained aggregate long-short return persistence only; requires fresh stock-level point-in-time replication, actual turnover/cost/borrow/capacity and untouched prospective evidence.",b8317a649c9aadf35f639eb91262f1abdf064c785f943c027d1070d186e77105,212,V58_OPENAP_212_POSTSAMPLE,,-0.019554976364955512,-0.01705497636495551
HerfBE,BLOCKED,FAILED_OR_UNIDENTIFIABLE,openap_predictor,DOES_NOT_SURVIVE_GLOBAL_795,-0.015391639459403967,-0.012891639459403968,795,-0.019045208484009223,-0.016545208484009224,False,,,OPENAP:HerfBE,0.0,,-0.014546652273853714,-0.012046652273853715,Industry concentration (equity),"Maintained aggregate long-short return persistence only; requires fresh stock-level point-in-time replication, actual turnover/cost/borrow/capacity and untouched prospective evidence.",b8317a649c9aadf35f639eb91262f1abdf064c785f943c027d1070d186e77105,212,V58_OPENAP_212_POSTSAMPLE,,-0.017909578984728104,-0.015409578984728105
High52,BLOCKED,FAILED_OR_UNIDENTIFIABLE,openap_predictor,DOES_NOT_SURVIVE_GLOBAL_795,-0.01279139559164641,-0.010291395591646409,795,-0.047473247950654114,-0.04497324795065412,False,,,OPENAP:High52,0.0,,-0.011553957279672252,-0.009053957279672252,52 week high,"Maintained aggregate long-short return persistence only; requires fresh stock-level point-in-time replication, actual turnover/cost/borrow/capacity and untouched prospective evidence.",b8317a649c9aadf35f639eb91262f1abdf064c785f943c027d1070d186e77105,212,V58_OPENAP_212_POSTSAMPLE,,-0.04368371069481546,-0.04118371069481547
IO_ShortInterest,BLOCKED,DIRECTIONALLY_PERSISTENT_ONLY,openap_predictor,DOES_NOT_SURVIVE_GLOBAL_795,-0.022555166868989382,-0.020055166868989352,795,-0.05717476519555999,-0.054674765195559985,False,,,OPENAP:IO_ShortInterest,0.0,,-0.014824587833371011,-0.012324587833370981,Inst own among high short interest,"Maintained aggregate long-short return persistence only; requires fresh stock-level point-in-time replication, actual turnover/cost/borrow/capacity and untouched prospective evidence.",b8317a649c9aadf35f639eb91262f1abdf064c785f943c027d1070d186e77105,212,V58_OPENAP_212_POSTSAMPLE,,-0.049602801935495947,-0.047102801935495944
IdioVol3F,BLOCKED,DIRECTIONALLY_PERSISTENT_ONLY,openap_predictor,DOES_NOT_SURVIVE_GLOBAL_795,-0.017553320038274617,-0.015053320038274616,795,-0.04574096944978522,-0.04324096944978522,False,,,OPENAP:IdioVol3F,0.0,,-0.01593069655884728,-0.013430696558847278,Idiosyncratic risk (3 factor),"Maintained aggregate long-short return persistence only; requires fresh stock-level point-in-time replication, actual turnover/cost/borrow/capacity and untouched prospective evidence.",b8317a649c9aadf35f639eb91262f1abdf064c785f943c027d1070d186e77105,212,V58_OPENAP_212_POSTSAMPLE,,-0.04170554798142619,-0.03920554798142619
IdioVolAHT,BLOCKED,DIRECTIONALLY_PERSISTENT_ONLY,openap_predictor,DOES_NOT_SURVIVE_GLOBAL_795,-0.021689329412760954,-0.019189329412760952,795,-0.02218453897473606,-0.019684538974736057,False,,,OPENAP:IdioVolAHT,0.0,,-0.019981221969304633,-0.01748122196930463,Idiosyncratic risk (AHT),"Maintained aggregate long-short return persistence only; requires fresh stock-level point-in-time replication, actual turnover/cost/borrow/capacity and untouched prospective evidence.",b8317a649c9aadf35f639eb91262f1abdf064c785f943c027d1070d186e77105,212,V58_OPENAP_212_POSTSAMPLE,,-0.019681141675853882,-0.017181141675853877
Illiquidity,BLOCKED,FAILED_OR_UNIDENTIFIABLE,openap_predictor,DOES_NOT_SURVIVE_GLOBAL_795,-0.007142762770726818,-0.004642762770726817,795,-0.006801291724061022,-0.004301291724061023,False,,,OPENAP:Illiquidity,0.0,,-0.006759863883791902,-0.0042598638837919025,Amihud's illiquidity,"Maintained aggregate long-short return persistence only; requires fresh stock-level point-in-time replication, actual turnover/cost/borrow/capacity and untouched prospective evidence.",b8317a649c9aadf35f639eb91262f1abdf064c785f943c027d1070d186e77105,212,V58_OPENAP_212_POSTSAMPLE,,-0.006211609730544555,-0.003711609730544556
IndIPO,BLOCKED,DIRECTIONALLY_PERSISTENT_ONLY,openap_predictor,DOES_NOT_SURVIVE_GLOBAL_795,-0.006956065731345914,-0.004456065731345914,795,-0.004858930318959213,-0.0023589303189592084,False,,,OPENAP:IndIPO,0.0,,-0.006244231214003466,-0.0037442312140034658,Initial Public Offerings,"Maintained aggregate long-short return persistence only; requires fresh stock-level point-in-time replication, actual turnover/cost/borrow/capacity and untouched prospective evidence.",b8317a649c9aadf35f639eb91262f1abdf064c785f943c027d1070d186e77105,212,V58_OPENAP_212_POSTSAMPLE,,-0.0038579036623818284,-0.0013579036623818236
IndMom,BLOCKED,DIRECTIONALLY_PERSISTENT_ONLY,openap_predictor,DOES_NOT_SURVIVE_GLOBAL_795,-0.0089962219654577,-0.006496221965457699,795,-0.011381713902829115,-0.00888171390282912,False,,,OPENAP:IndMom,0.0,,-0.008397656966291257,-0.0058976569662912565,Industry Momentum,"Maintained aggregate long-short return persistence only; requires fresh stock-level point-in-time replication, actual turnover/cost/borrow/capacity and untouched prospective evidence.",b8317a649c9aadf35f639eb91262f1abdf064c785f943c027d1070d186e77105,212,V58_OPENAP_212_POSTSAMPLE,,-0.009361219829452979,-0.006861219829452984
IndRetBig,BLOCKED,DIRECTIONALLY_PERSISTENT_ONLY,openap_predictor,DOES_NOT_SURVIVE_GLOBAL_795,-0.008059221360781701,-0.005559221360781701,795,-0.016694431913042297,-0.014194431913042291,False,,,OPENAP:IndRetBig,0.0,,-0.007251656033989066,-0.004751656033989067,Industry return of big firms,"Maintained aggregate long-short return persistence only; requires fresh stock-level point-in-time replication, actual turnover/cost/borrow/capacity and untouched prospective evidence.",b8317a649c9aadf35f639eb91262f1abdf064c785f943c027d1070d186e77105,212,V58_OPENAP_212_POSTSAMPLE,,-0.01444434467550278,-0.011944344675502774
IntMom,BLOCKED,DIRECTIONALLY_PERSISTENT_ONLY,openap_predictor,DOES_NOT_SURVIVE_GLOBAL_795,-0.03172642862501978,-0.029226428625019785,795,-0.022127918560708237,-0.019627918560708234,False,,,OPENAP:IntMom,0.0,,-0.028405308441347015,-0.025905308441347016,Intermediate Momentum,"Maintained aggregate long-short return persistence only; requires fresh stock-level point-in-time replication, actual turnover/cost/borrow/capacity and untouched prospective evidence.",b8317a649c9aadf35f639eb91262f1abdf064c785f943c027d1070d186e77105,212,V58_OPENAP_212_POSTSAMPLE,,-0.020071730171171316,-0.017571730171171314
IntanBM,BLOCKED,FAILED_OR_UNIDENTIFIABLE,openap_predictor,DOES_NOT_SURVIVE_GLOBAL_795,-0.013248614388527532,-0.010748614388527531,795,-0.025615552217177862,-0.02311555221717786,False,,,OPENAP:IntanBM,0.0,,-0.012167541689014792,-0.009667541689014791,Intangible return using BM,"Maintained aggregate long-short return persistence only; requires fresh stock-level point-in-time replication, actual turnover/cost/borrow/capacity and untouched prospective evidence.",b8317a649c9aadf35f639eb91262f1abdf064c785f943c027d1070d186e77105,212,V58_OPENAP_212_POSTSAMPLE,,-0.023662400331949343,-0.02116240033194934
IntanCFP,BLOCKED,DIRECTIONALLY_PERSISTENT_ONLY,openap_predictor,DOES_NOT_SURVIVE_GLOBAL_795,-0.011169635208598283,-0.008669635208598283,795,-0.022563814301744086,-0.020063814301744084,False,,,OPENAP:IntanCFP,0.0,,-0.010137959473382344,-0.007637959473382344,Intangible return using CFtoP,"Maintained aggregate long-short return persistence only; requires fresh stock-level point-in-time replication, actual turnover/cost/borrow/capacity and untouched prospective evidence.",b8317a649c9aadf35f639eb91262f1abdf064c785f943c027d1070d186e77105,212,V58_OPENAP_212_POSTSAMPLE,,-0.020589869188762103,-0.0180898691887621
IntanEP,BLOCKED,FAILED_OR_UNIDENTIFIABLE,openap_predictor,DOES_NOT_SURVIVE_GLOBAL_795,-0.00998952187784972,-0.007489521877849719,795,-0.019108609589090157,-0.016608609589090165,False,,,OPENAP:IntanEP,0.0,,-0.009032621202759864,-0.006532621202759863,Intangible return using EP,"Maintained aggregate long-short return persistence only; requires fresh stock-level point-in-time replication, actual turnover/cost/borrow/capacity and untouched prospective evidence.",b8317a649c9aadf35f639eb91262f1abdf064c785f943c027d1070d186e77105,212,V58_OPENAP_212_POSTSAMPLE,,-0.01767492159077907,-0.015174921590779078
IntanSP,BLOCKED,FAILED_OR_UNIDENTIFIABLE,openap_predictor,DOES_NOT_SURVIVE_GLOBAL_795,-0.018723792769568044,-0.016223792769568042,795,-0.03831651239053684,-0.03581651239053684,False,,,OPENAP:IntanSP,0.0,,-0.0170425760053741,-0.014542576005374099,Intangible return using Sale2P,"Maintained aggregate long-short return persistence only; requires fresh stock-level point-in-time replication, actual turnover/cost/borrow/capacity and untouched prospective evidence.",b8317a649c9aadf35f639eb91262f1abdf064c785f943c027d1070d186e77105,212,V58_OPENAP_212_POSTSAMPLE,,-0.03529701338677819,-0.032797013386778186
InvGrowth,BLOCKED,DIRECTIONALLY_PERSISTENT_ONLY,openap_predictor,DOES_NOT_SURVIVE_GLOBAL_795,-0.005793327348984225,-0.0032933273489842247,795,-0.015427179423505273,-0.012927179423505271,False,,,OPENAP:InvGrowth,0.0,,-0.00494224255136804,-0.0024422425513680396,Inventory Growth,"Maintained aggregate long-short return persistence only; requires fresh stock-level point-in-time replication, actual turnover/cost/borrow/capacity and untouched prospective evidence.",b8317a649c9aadf35f639eb91262f1abdf064c785f943c027d1070d186e77105,212,V58_OPENAP_212_POSTSAMPLE,,-0.014188557031435371,-0.011688557031435369
InvestPPEInv,BLOCKED,DIRECTIONALLY_PERSISTENT_ONLY,openap_predictor,DOES_NOT_SURVIVE_GLOBAL_795,-0.006467957222476924,-0.003967957222476923,795,-0.0022500951474342854,0.0002499048525657164,False,,,OPENAP:InvestPPEInv,0.0,,-0.006105555958648609,-0.0036055559586486083,change in ppe and inv/assets,"Maintained aggregate long-short return persistence only; requires fresh stock-level point-in-time replication, actual turnover/cost/borrow/capacity and untouched prospective evidence.",b8317a649c9aadf35f639eb91262f1abdf064c785f943c027d1070d186e77105,212,V58_OPENAP_212_POSTSAMPLE,,-0.0017281877260688391,0.0007718122739311627
Investment,BLOCKED,FAILED_OR_UNIDENTIFIABLE,openap_predictor,DOES_NOT_SURVIVE_GLOBAL_795,-0.008491518811659826,-0.005991518811659826,795,-0.02134393075177573,-0.01884393075177573,False,,,OPENAP:Investment,0.0,,-0.0078102466256605475,-0.005310246625660547,Investment to revenue,"Maintained aggregate long-short return persistence only; requires fresh stock-level point-in-time replication, actual turnover/cost/borrow/capacity and untouched prospective evidence.",b8317a649c9aadf35f639eb91262f1abdf064c785f943c027d1070d186e77105,212,V58_OPENAP_212_POSTSAMPLE,,-0.019859945267603915,-0.017359945267603916
LRreversal,BLOCKED,FAILED_OR_UNIDENTIFIABLE,openap_predictor,DOES_NOT_SURVIVE_GLOBAL_795,-0.009409965419856281,-0.0069099654198562805,795,-0.028289958403701135,-0.02578995840370113,False,,,OPENAP:LRreversal,0.0,,-0.008275217192139748,-0.005775217192139748,Long-run reversal,"Maintained aggregate long-short return persistence only; requires fresh stock-level point-in-time replication, actual turnover/cost/borrow/capacity and untouched prospective evidence.",b8317a649c9aadf35f639eb91262f1abdf064c785f943c027d1070d186e77105,212,V58_OPENAP_212_POSTSAMPLE,,-0.026371415376741716,-0.023871415376741714
Leverage,BLOCKED,DIRECTIONALLY_PERSISTENT_ONLY,openap_predictor,DOES_NOT_SURVIVE_GLOBAL_795,-0.013687825396225973,-0.011187825396225972,795,-0.020001147886467913,-0.017501147886467908,False,,,OPENAP:Leverage,0.0,,-0.012441254296768333,-0.009941254296768332,Market leverage,"Maintained aggregate long-short return persistence only; requires fresh stock-level point-in-time replication, actual turnover/cost/borrow/capacity and untouched prospective evidence.",b8317a649c9aadf35f639eb91262f1abdf064c785f943c027d1070d186e77105,212,V58_OPENAP_212_POSTSAMPLE,,-0.018064307068782554,-0.015564307068782549
MRreversal,BLOCKED,DIRECTIONALLY_PERSISTENT_ONLY,openap_predictor,DOES_NOT_SURVIVE_GLOBAL_795,-0.007957767292653324,-0.005457767292653325,795,-0.009999348415614288,-0.007499348415614287,False,,,OPENAP:MRreversal,0.0,,-0.007198020727903234,-0.004698020727903234,Medium-run reversal,"Maintained aggregate long-short return persistence only; requires fresh stock-level point-in-time replication, actual turnover/cost/borrow/capacity and untouched prospective evidence.",b8317a649c9aadf35f639eb91262f1abdf064c785f943c027d1070d186e77105,212,V58_OPENAP_212_POSTSAMPLE,,-0.009092351751494202,-0.006592351751494202
MS,BLOCKED,DIRECTIONALLY_PERSISTENT_ONLY,openap_predictor,DOES_NOT_SURVIVE_GLOBAL_795,-0.00878125743904144,-0.006281257439041439,795,-0.007200973718218889,-0.0047009737182188895,False,,,OPENAP:MS,0.0,,-0.007819333801885243,-0.005319333801885243,Mohanram G-score,"Maintained aggregate long-short return persistence only; requires fresh stock-level point-in-time replication, actual turnover/cost/borrow/capacity and untouched prospective evidence.",b8317a649c9aadf35f639eb91262f1abdf064c785f943c027d1070d186e77105,212,V58_OPENAP_212_POSTSAMPLE,,-0.006093670359201649,-0.0035936703592016495
MaxRet,BLOCKED,DIRECTIONALLY_PERSISTENT_ONLY,openap_predictor,DOES_NOT_SURVIVE_GLOBAL_795,-0.025323035999267655,-0.022823035999267653,795,-0.024013437587338888,-0.02151343758733889,False,,,OPENAP:MaxRet,0.0,,-0.02309908429328623,-0.020599084293286225,Maximum return over month,"Maintained aggregate long-short return persistence only; requires fresh stock-level point-in-time replication, actual turnover/cost/borrow/capacity and untouched prospective evidence.",b8317a649c9aadf35f639eb91262f1abdf064c785f943c027d1070d186e77105,212,V58_OPENAP_212_POSTSAMPLE,,-0.021920237754932115,-0.019420237754932117
MeanRankRevGrowth,BLOCKED,FAILED_OR_UNIDENTIFIABLE,openap_predictor,DOES_NOT_SURVIVE_GLOBAL_795,-0.006726070608820066,-0.004226070608820067,795,-0.009871043881643364,-0.007371043881643362,False,,,OPENAP:MeanRankRevGrowth,0.0,,-0.006297931038983439,-0.003797931038983439,Revenue Growth Rank,"Maintained aggregate long-short return persistence only; requires fresh stock-level point-in-time replication, actual turnover/cost/borrow/capacity and untouched prospective evidence.",b8317a649c9aadf35f639eb91262f1abdf064c785f943c027d1070d186e77105,212,V58_OPENAP_212_POSTSAMPLE,,-0.009357754632773094,-0.006857754632773093
Mom12m,BLOCKED,DIRECTIONALLY_PERSISTENT_ONLY,openap_predictor,DOES_NOT_SURVIVE_GLOBAL_795,-0.015792439152125762,-0.013292439152125761,795,-0.0039215085953348185,-0.0014215085953348146,False,,,OPENAP:Mom12m,0.0,,-0.01393292074572248,-0.011432920745722478,Momentum (12 month),"Maintained aggregate long-short return persistence only; requires fresh stock-level point-in-time replication, actual turnover/cost/borrow/capacity and untouched prospective evidence.",b8317a649c9aadf35f639eb91262f1abdf064c785f943c027d1070d186e77105,212,V58_OPENAP_212_POSTSAMPLE,,-0.0024793371768402524,2.0662823159751584e-05
Mom12mOffSeason,BLOCKED,FAILED_OR_UNIDENTIFIABLE,openap_predictor,DOES_NOT_SURVIVE_GLOBAL_795,-0.006681883120242574,-0.00418188312024257,795,-0.08035168730069772,-0.07785168730069773,False,,,OPENAP:Mom12mOffSeason,0.0,,-0.0049064265528112935,-0.0024064265528112895,Momentum without the seasonal part,"Maintained aggregate long-short return persistence only; requires fresh stock-level point-in-time replication, actual turnover/cost/borrow/capacity and untouched prospective evidence.",b8317a649c9aadf35f639eb91262f1abdf064c785f943c027d1070d186e77105,212,V58_OPENAP_212_POSTSAMPLE,,-0.07394427033757608,-0.0714442703375761
Mom6m,BLOCKED,DIRECTIONALLY_PERSISTENT_ONLY,openap_predictor,DOES_NOT_SURVIVE_GLOBAL_795,-0.008878751157755693,-0.006378751157755694,795,-0.0042261002334865565,-0.0017261002334865612,False,,,OPENAP:Mom6m,0.0,,-0.007430366489055047,-0.004930366489055047,Momentum (6 month),"Maintained aggregate long-short return persistence only; requires fresh stock-level point-in-time replication, actual turnover/cost/borrow/capacity and untouched prospective evidence.",b8317a649c9aadf35f639eb91262f1abdf064c785f943c027d1070d186e77105,212,V58_OPENAP_212_POSTSAMPLE,,-0.0027966008519459736,-0.00029660085194597834
Mom6mJunk,BLOCKED,FAILED_OR_UNIDENTIFIABLE,openap_predictor,DOES_NOT_SURVIVE_GLOBAL_795,-0.008810877038524071,-0.0063108770385240705,795,-0.055553139731347234,-0.05305313973134723,False,,,OPENAP:Mom6mJunk,0.0,,-0.007363915754102887,-0.004863915754102888,Junk Stock Momentum,"Maintained aggregate long-short return persistence only; requires fresh stock-level point-in-time replication, actual turnover/cost/borrow/capacity and untouched prospective evidence.",b8317a649c9aadf35f639eb91262f1abdf064c785f943c027d1070d186e77105,212,V58_OPENAP_212_POSTSAMPLE,,-0.05165369728206176,-0.04915369728206176
MomOffSeason,BLOCKED,DIRECTIONALLY_PERSISTENT_ONLY,openap_predictor,DOES_NOT_SURVIVE_GLOBAL_795,-0.025487015212676,-0.022987015212676,795,-0.03185050642843118,-0.029350506428431174,False,,,OPENAP:MomOffSeason,0.0,,-0.02328337494166509,-0.02078337494166509,Off season long-term reversal,"Maintained aggregate long-short return persistence only; requires fresh stock-level point-in-time replication, actual turnover/cost/borrow/capacity and untouched prospective evidence.",b8317a649c9aadf35f639eb91262f1abdf064c785f943c027d1070d186e77105,212,V58_OPENAP_212_POSTSAMPLE,,-0.028538575223241273,-0.02603857522324127
MomOffSeason06YrPlus,BLOCKED,DIRECTIONALLY_PERSISTENT_ONLY,openap_predictor,DOES_NOT_SURVIVE_GLOBAL_795,-0.012557948031933443,-0.010057948031933443,795,-0.00470730409468258,-0.002207304094682585,False,,,OPENAP:MomOffSeason06YrPlus,0.0,,-0.011413409354415514,-0.008913409354415513,Off season reversal years 6 to 10,"Maintained aggregate long-short return persistence only; requires fresh stock-level point-in-time replication, actual turnover/cost/borrow/capacity and untouched prospective evidence.",b8317a649c9aadf35f639eb91262f1abdf064c785f943c027d1070d186e77105,212,V58_OPENAP_212_POSTSAMPLE,,-0.0036622047972987484,-0.001162204797298753
MomOffSeason11YrPlus,BLOCKED,FAILED_OR_UNIDENTIFIABLE,openap_predictor,DOES_NOT_SURVIVE_GLOBAL_795,-0.010656172459996194,-0.008156172459996194,795,-0.012302453569169832,-0.009802453569169832,False,,,OPENAP:MomOffSeason11YrPlus,0.0,,-0.009980696715884935,-0.007480696715884934,Off season reversal years 11 to 15,"Maintained aggregate long-short return persistence only; requires fresh stock-level point-in-time replication, actual turnover/cost/borrow/capacity and untouched prospective evidence.",b8317a649c9aadf35f639eb91262f1abdf064c785f943c027d1070d186e77105,212,V58_OPENAP_212_POSTSAMPLE,,-0.011228510698565718,-0.008728510698565718
MomOffSeason16YrPlus,BLOCKED,DIRECTIONALLY_PERSISTENT_ONLY,openap_predictor,DOES_NOT_SURVIVE_GLOBAL_795,-0.008976684759550133,-0.006476684759550133,795,-0.010958245928362292,-0.008458245928362295,False,,,OPENAP:MomOffSeason16YrPlus,0.0,,-0.008143312000874717,-0.005643312000874716,Off season reversal years 16 to 20,"Maintained aggregate long-short return persistence only; requires fresh stock-level point-in-time replication, actual turnover/cost/borrow/capacity and untouched prospective evidence.",b8317a649c9aadf35f639eb91262f1abdf064c785f943c027d1070d186e77105,212,V58_OPENAP_212_POSTSAMPLE,,-0.01019254844543091,-0.007692548445430912
MomRev,BLOCKED,FAILED_OR_UNIDENTIFIABLE,openap_predictor,DOES_NOT_SURVIVE_GLOBAL_795,-0.019049531647395854,-0.01654953164739585,795,-0.042880207325710754,-0.04038020732571075,False,,,OPENAP:MomRev,0.0,,-0.01707563368521696,-0.014575633685216959,Momentum and LT Reversal,"Maintained aggregate long-short return persistence only; requires fresh stock-level point-in-time replication, actual turnover/cost/borrow/capacity and untouched prospective evidence.",b8317a649c9aadf35f639eb91262f1abdf064c785f943c027d1070d186e77105,212,V58_OPENAP_212_POSTSAMPLE,,-0.04021558945959561,-0.03771558945959561
MomSeason,BLOCKED,FAILED_OR_UNIDENTIFIABLE,openap_predictor,DOES_NOT_SURVIVE_GLOBAL_795,-0.019798932460588226,-0.017298932460588223,795,-0.022135910263689863,-0.01963591026368986,False,,,OPENAP:MomSeason,0.0,,-0.01826372167383031,-0.01576372167383031,Return seasonality years 2 to 5,"Maintained aggregate long-short return persistence only; requires fresh stock-level point-in-time replication, actual turnover/cost/borrow/capacity and untouched prospective evidence.",b8317a649c9aadf35f639eb91262f1abdf064c785f943c027d1070d186e77105,212,V58_OPENAP_212_POSTSAMPLE,,-0.020757869521736312,-0.018257869521736313
MomSeason06YrPlus,BLOCKED,FAILED_OR_UNIDENTIFIABLE,openap_predictor,DOES_NOT_SURVIVE_GLOBAL_795,-0.017055624337095423,-0.014555624337095424,795,-0.012395313660925507,-0.009895313660925506,False,,,OPENAP:MomSeason06YrPlus,0.0,,-0.015942009663011222,-0.013442009663011224,Return seasonality years 6 to 10,"Maintained aggregate long-short return persistence only; requires fresh stock-level point-in-time replication, actual turnover/cost/borrow/capacity and untouched prospective evidence.",b8317a649c9aadf35f639eb91262f1abdf064c785f943c027d1070d186e77105,212,V58_OPENAP_212_POSTSAMPLE,,-0.010934704492484997,-0.008434704492484997
MomSeason11YrPlus,BLOCKED,DIRECTIONALLY_PERSISTENT_ONLY,openap_predictor,DOES_NOT_SURVIVE_GLOBAL_795,-0.010317379150385214,-0.007817379150385214,795,-0.00996560088212587,-0.007465600882125868,False,,,OPENAP:MomSeason11YrPlus,0.0,,-0.009554233504357367,-0.007054233504357366,Return seasonality years 11 to 15,"Maintained aggregate long-short return persistence only; requires fresh stock-level point-in-time replication, actual turnover/cost/borrow/capacity and untouched prospective evidence.",b8317a649c9aadf35f639eb91262f1abdf064c785f943c027d1070d186e77105,212,V58_OPENAP_212_POSTSAMPLE,,-0.00904888983845646,-0.0065488898384564575
MomSeason16YrPlus,BLOCKED,DIRECTIONALLY_PERSISTENT_ONLY,openap_predictor,DOES_NOT_SURVIVE_GLOBAL_795,-0.006637517099089669,-0.004137517099089669,795,-0.008721904579628768,-0.006221904579628766,False,,,OPENAP:MomSeason16YrPlus,0.0,,-0.005873477999530676,-0.0033734779995306767,Return seasonality years 16 to 20,"Maintained aggregate long-short return persistence only; requires fresh stock-level point-in-time replication, actual turnover/cost/borrow/capacity and untouched prospective evidence.",b8317a649c9aadf35f639eb91262f1abdf064c785f943c027d1070d186e77105,212,V58_OPENAP_212_POSTSAMPLE,,-0.007804675810109445,-0.005304675810109444
MomSeasonShort,BLOCKED,DIRECTIONALLY_PERSISTENT_ONLY,openap_predictor,DOES_NOT_SURVIVE_GLOBAL_795,-0.016063216090062962,-0.013563216090062962,795,-0.01591771215694902,-0.013417712156949022,False,,,OPENAP:MomSeasonShort,0.0,,-0.01474513630252534,-0.01224513630252534,Return seasonality last year,"Maintained aggregate long-short return persistence only; requires fresh stock-level point-in-time replication, actual turnover/cost/borrow/capacity and untouched prospective evidence.",b8317a649c9aadf35f639eb91262f1abdf064c785f943c027d1070d186e77105,212,V58_OPENAP_212_POSTSAMPLE,,-0.014545371017865552,-0.012045371017865554
MomVol,BLOCKED,FAILED_OR_UNIDENTIFIABLE,openap_predictor,DOES_NOT_SURVIVE_GLOBAL_795,-0.013701707662474034,-0.011201707662474034,795,-0.047960034841364206,-0.045460034841364204,False,,,OPENAP:MomVol,0.0,,-0.011426665798524381,-0.00892666579852438,Momentum in high volume stocks,"Maintained aggregate long-short return persistence only; requires fresh stock-level point-in-time replication, actual turnover/cost/borrow/capacity and untouched prospective evidence.",b8317a649c9aadf35f639eb91262f1abdf064c785f943c027d1070d186e77105,212,V58_OPENAP_212_POSTSAMPLE,,-0.04415781329954692,-0.04165781329954692
NOA,BLOCKED,FAILED_OR_UNIDENTIFIABLE,openap_predictor,DOES_NOT_SURVIVE_GLOBAL_795,-0.013893916867158417,-0.011393916867158418,795,-0.02168875525784326,-0.019188755257843262,False,,,OPENAP:NOA,0.0,,-0.012831606535557961,-0.010331606535557961,Net Operating Assets,"Maintained aggregate long-short return persistence only; requires fresh stock-level point-in-time replication, actual turnover/cost/borrow/capacity and untouched prospective evidence.",b8317a649c9aadf35f639eb91262f1abdf064c785f943c027d1070d186e77105,212,V58_OPENAP_212_POSTSAMPLE,,-0.020133165488291707,-0.01763316548829171
NetDebtFinance,BLOCKED,DIRECTIONALLY_PERSISTENT_ONLY,openap_predictor,DOES_NOT_SURVIVE_GLOBAL_795,-0.0071125876839735706,-0.00461258768397357,795,-0.004203135925692027,-0.001703135925692028,False,,,OPENAP:NetDebtFinance,0.0,,-0.006473584917182287,-0.003973584917182286,Net debt financing,"Maintained aggregate long-short return persistence only; requires fresh stock-level point-in-time replication, actual turnover/cost/borrow/capacity and untouched prospective evidence.",b8317a649c9aadf35f639eb91262f1abdf064c785f943c027d1070d186e77105,212,V58_OPENAP_212_POSTSAMPLE,,-0.003513126218961439,-0.0010131262189614397
NetDebtPrice,BLOCKED,DIRECTIONALLY_PERSISTENT_ONLY,openap_predictor,DOES_NOT_SURVIVE_GLOBAL_795,-0.02228644279001956,-0.019786442790019558,795,-0.023513331082826855,-0.021013331082826856,False,,,OPENAP:NetDebtPrice,0.0,,-0.020476099512189913,-0.01797609951218991,Net debt to price,"Maintained aggregate long-short return persistence only; requires fresh stock-level point-in-time replication, actual turnover/cost/borrow/capacity and untouched prospective evidence.",b8317a649c9aadf35f639eb91262f1abdf064c785f943c027d1070d186e77105,212,V58_OPENAP_212_POSTSAMPLE,,-0.02150330223329602,-0.01900330223329602
NetEquityFinance,BLOCKED,DIRECTIONALLY_PERSISTENT_ONLY,openap_predictor,DOES_NOT_SURVIVE_GLOBAL_795,-0.009992803121666042,-0.0074928031216660446,795,-0.016728760048299172,-0.01422876004829917,False,,,OPENAP:NetEquityFinance,0.0,,-0.008323551602439217,-0.00582355160243922,Net equity financing,"Maintained aggregate long-short return persistence only; requires fresh stock-level point-in-time replication, actual turnover/cost/borrow/capacity and untouched prospective evidence.",b8317a649c9aadf35f639eb91262f1abdf064c785f943c027d1070d186e77105,212,V58_OPENAP_212_POSTSAMPLE,,-0.014748370402170521,-0.01224837040217052
NetPayoutYield,BLOCKED,DIRECTIONALLY_PERSISTENT_ONLY,openap_predictor,DOES_NOT_SURVIVE_GLOBAL_795,-0.008566416134689163,-0.006066416134689164,795,-0.00723431371192787,-0.0047343137119278695,False,,,OPENAP:NetPayoutYield,0.0,,-0.006544195884940485,-0.004044195884940486,Net Payout Yield,"Maintained aggregate long-short return persistence only; requires fresh stock-level point-in-time replication, actual turnover/cost/borrow/capacity and untouched prospective evidence.",b8317a649c9aadf35f639eb91262f1abdf064c785f943c027d1070d186e77105,212,V58_OPENAP_212_POSTSAMPLE,,-0.005849517349067853,-0.0033495173490678525
NumEarnIncrease,BLOCKED,DIRECTIONALLY_PERSISTENT_ONLY,openap_predictor,DOES_NOT_SURVIVE_GLOBAL_795,-0.009306787577407976,-0.0068067875774079755,795,-0.0053254101037940186,-0.002825410103794018,False,,,OPENAP:NumEarnIncrease,0.0,,-0.008410263605091636,-0.0059102636050916355,Earnings streak length,"Maintained aggregate long-short return persistence only; requires fresh stock-level point-in-time replication, actual turnover/cost/borrow/capacity and untouched prospective evidence.",b8317a649c9aadf35f639eb91262f1abdf064c785f943c027d1070d186e77105,212,V58_OPENAP_212_POSTSAMPLE,,-0.004836896915565945,-0.002336896915565945
OPLeverage,BLOCKED,FAILED_OR_UNIDENTIFIABLE,openap_predictor,DOES_NOT_SURVIVE_GLOBAL_795,-0.023879217663534007,-0.02137921766353401,795,-0.013572256611098643,-0.01107225661109864,False,,,OPENAP:OPLeverage,0.0,,-0.021977468178139267,-0.019477468178139272,Operating leverage,"Maintained aggregate long-short return persistence only; requires fresh stock-level point-in-time replication, actual turnover/cost/borrow/capacity and untouched prospective evidence.",b8317a649c9aadf35f639eb91262f1abdf064c785f943c027d1070d186e77105,212,V58_OPENAP_212_POSTSAMPLE,,-0.012692358766488988,-0.010192358766488985
OScore,BLOCKED,DIRECTIONALLY_PERSISTENT_ONLY,openap_predictor,DOES_NOT_SURVIVE_GLOBAL_795,-0.004110895893184524,-0.0016108958931845222,795,-0.042831140929432535,-0.04033114092943253,False,,,OPENAP:OScore,0.0,,-0.0028347494372598075,-0.00033474943725980526,O Score,"Maintained aggregate long-short return persistence only; requires fresh stock-level point-in-time replication, actual turnover/cost/borrow/capacity and untouched prospective evidence.",b8317a649c9aadf35f639eb91262f1abdf064c785f943c027d1070d186e77105,212,V58_OPENAP_212_POSTSAMPLE,,-0.038862511417096825,-0.03636251141709682
OperProf,BLOCKED,DIRECTIONALLY_PERSISTENT_ONLY,openap_predictor,DOES_NOT_SURVIVE_GLOBAL_795,-0.007930873537471227,-0.005430873537471228,795,-0.007451937145106351,-0.0049519371451063506,False,,,OPENAP:OperProf,0.0,,-0.0070823954397655955,-0.004582395439765597,operating profits / book equity,"Maintained aggregate long-short return persistence only; requires fresh stock-level point-in-time replication, actual turnover/cost/borrow/capacity and untouched prospective evidence.",b8317a649c9aadf35f639eb91262f1abdf064c785f943c027d1070d186e77105,212,V58_OPENAP_212_POSTSAMPLE,,-0.00650625982196106,-0.00400625982196106
OperProfRD,BLOCKED,FAILED_OR_UNIDENTIFIABLE,openap_predictor,DOES_NOT_SURVIVE_GLOBAL_795,-0.027715832589801426,-0.025215832589801434,795,-0.01897938670489693,-0.01647938670489693,False,,,OPENAP:OperProfRD,0.0,,-0.024709154074555352,-0.02220915407455536,Operating profitability R&D adjusted,"Maintained aggregate long-short return persistence only; requires fresh stock-level point-in-time replication, actual turnover/cost/borrow/capacity and untouched prospective evidence.",b8317a649c9aadf35f639eb91262f1abdf064c785f943c027d1070d186e77105,212,V58_OPENAP_212_POSTSAMPLE,,-0.016532058896093816,-0.014032058896093819
OptionVolume1,BLOCKED,FAILED_OR_UNIDENTIFIABLE,openap_predictor,DOES_NOT_SURVIVE_GLOBAL_795,-0.02114230318462474,-0.01864230318462474,795,-0.0071861046361159555,-0.004686104636115956,False,,,OPENAP:OptionVolume1,0.0,,-0.019512949753401964,-0.017012949753401965,Option to stock volume,"Maintained aggregate long-short return persistence only; requires fresh stock-level point-in-time replication, actual turnover/cost/borrow/capacity and untouched prospective evidence.",b8317a649c9aadf35f639eb91262f1abdf064c785f943c027d1070d186e77105,212,V58_OPENAP_212_POSTSAMPLE,,-0.006561515386352467,-0.004061515386352467
OptionVolume2,BLOCKED,FAILED_OR_UNIDENTIFIABLE,openap_predictor,DOES_NOT_SURVIVE_GLOBAL_795,-0.014141154441352981,-0.011641154441352981,795,-0.0067809290005286784,-0.004280929000528678,False,,,OPENAP:OptionVolume2,0.0,,-0.01336351890583461,-0.01086351890583461,Option volume to average,"Maintained aggregate long-short return persistence only; requires fresh stock-level point-in-time replication, actual turnover/cost/borrow/capacity and untouched prospective evidence.",b8317a649c9aadf35f639eb91262f1abdf064c785f943c027d1070d186e77105,212,V58_OPENAP_212_POSTSAMPLE,,-0.006487432878855882,-0.003987432878855881
OrderBacklog,BLOCKED,FAILED_OR_UNIDENTIFIABLE,openap_predictor,DOES_NOT_SURVIVE_GLOBAL_795,-0.01124074086352799,-0.008740740863527989,795,-0.023746503365197513,-0.021246503365197515,False,,,OPENAP:OrderBacklog,0.0,,-0.010543003690215658,-0.008043003690215657,Order backlog,"Maintained aggregate long-short return persistence only; requires fresh stock-level point-in-time replication, actual turnover/cost/borrow/capacity and untouched prospective evidence.",b8317a649c9aadf35f639eb91262f1abdf064c785f943c027d1070d186e77105,212,V58_OPENAP_212_POSTSAMPLE,,-0.02280025694107542,-0.02030025694107542
OrderBacklogChg,BLOCKED,FAILED_OR_UNIDENTIFIABLE,openap_predictor,DOES_NOT_SURVIVE_GLOBAL_795,-0.0047700745874987615,-0.002270074587498762,795,-0.01865706089870758,-0.016157060898707578,False,,,OPENAP:OrderBacklogChg,0.0,,-0.0037344183509327904,-0.0012344183509327908,Change in order backlog,"Maintained aggregate long-short return persistence only; requires fresh stock-level point-in-time replication, actual turnover/cost/borrow/capacity and untouched prospective evidence.",b8317a649c9aadf35f639eb91262f1abdf064c785f943c027d1070d186e77105,212,V58_OPENAP_212_POSTSAMPLE,,-0.017319873297708958,-0.014819873297708955
OrgCap,BLOCKED,DIRECTIONALLY_PERSISTENT_ONLY,openap_predictor,DOES_NOT_SURVIVE_GLOBAL_795,-0.018227549814343966,-0.015727549814343968,795,-0.007984287440770687,-0.005484287440770688,False,,,OPENAP:OrgCap,0.0,,-0.01668126764330637,-0.01418126764330637,Organizational capital,"Maintained aggregate long-short return persistence only; requires fresh stock-level point-in-time replication, actual turnover/cost/borrow/capacity and untouched prospective evidence.",b8317a649c9aadf35f639eb91262f1abdf064c785f943c027d1070d186e77105,212,V58_OPENAP_212_POSTSAMPLE,,-0.007349796424267978,-0.004849796424267978
PS,BLOCKED,DIRECTIONALLY_PERSISTENT_ONLY,openap_predictor,DOES_NOT_SURVIVE_GLOBAL_795,-0.018721762812541978,-0.016221762812541975,795,-0.05395586746898274,-0.05145586746898274,False,,,OPENAP:PS,0.0,,-0.016781710460198388,-0.014281710460198386,Piotroski F-score,"Maintained aggregate long-short return persistence only; requires fresh stock-level point-in-time replication, actual turnover/cost/borrow/capacity and untouched prospective evidence.",b8317a649c9aadf35f639eb91262f1abdf064c785f943c027d1070d186e77105,212,V58_OPENAP_212_POSTSAMPLE,,-0.04874271204394244,-0.04624271204394244
PatentsRD,BLOCKED,FAILED_OR_UNIDENTIFIABLE,openap_predictor,DOES_NOT_SURVIVE_GLOBAL_795,,,795,-0.14308810902923605,-0.14058810902923605,False,,,OPENAP:PatentsRD,0.0,,,,Patents to RD expenses,"Maintained aggregate long-short return persistence only; requires fresh stock-level point-in-time replication, actual turnover/cost/borrow/capacity and untouched prospective evidence.",b8317a649c9aadf35f639eb91262f1abdf064c785f943c027d1070d186e77105,212,V58_OPENAP_212_POSTSAMPLE,,-0.13529604575952672,-0.13279604575952672
PayoutYield,BLOCKED,DIRECTIONALLY_PERSISTENT_ONLY,openap_predictor,DOES_NOT_SURVIVE_GLOBAL_795,-0.013358240074515918,-0.010858240074515918,795,-0.0236526145412183,-0.0211526145412183,False,,,OPENAP:PayoutYield,0.0,,-0.012198414351665021,-0.00969841435166502,Payout Yield,"Maintained aggregate long-short return persistence only; requires fresh stock-level point-in-time replication, actual turnover/cost/borrow/capacity and untouched prospective evidence.",b8317a649c9aadf35f639eb91262f1abdf064c785f943c027d1070d186e77105,212,V58_OPENAP_212_POSTSAMPLE,,-0.021682200948517496,-0.019182200948517494
PctAcc,BLOCKED,FAILED_OR_UNIDENTIFIABLE,openap_predictor,DOES_NOT_SURVIVE_GLOBAL_795,-0.008625671063241315,-0.006125671063241314,795,-0.008443103797344437,-0.005943103797344439,False,,,OPENAP:PctAcc,0.0,,-0.007926992938033367,-0.0054269929380333665,Percent Operating Accruals,"Maintained aggregate long-short return persistence only; requires fresh stock-level point-in-time replication, actual turnover/cost/borrow/capacity and untouched prospective evidence.",b8317a649c9aadf35f639eb91262f1abdf064c785f943c027d1070d186e77105,212,V58_OPENAP_212_POSTSAMPLE,,-0.007922347636529234,-0.005422347636529235
PctTotAcc,BLOCKED,DIRECTIONALLY_PERSISTENT_ONLY,openap_predictor,DOES_NOT_SURVIVE_GLOBAL_795,-0.007992095108937974,-0.0054920951089379765,795,-0.006413056135180773,-0.0039130561351807735,False,,,OPENAP:PctTotAcc,0.0,,-0.007097525105599888,-0.004597525105599889,Percent Total Accruals,"Maintained aggregate long-short return persistence only; requires fresh stock-level point-in-time replication, actual turnover/cost/borrow/capacity and untouched prospective evidence.",b8317a649c9aadf35f639eb91262f1abdf064c785f943c027d1070d186e77105,212,V58_OPENAP_212_POSTSAMPLE,,-0.005836672841355388,-0.0033366728413553887
PredictedFE,BLOCKED,FAILED_OR_UNIDENTIFIABLE,openap_predictor,DOES_NOT_SURVIVE_GLOBAL_795,-0.00971152251227583,-0.00721152251227583,795,-0.04189767758717142,-0.03939767758717143,False,,,OPENAP:PredictedFE,0.0,,-0.00908445355714011,-0.00658445355714011,Predicted Analyst forecast error,"Maintained aggregate long-short return persistence only; requires fresh stock-level point-in-time replication, actual turnover/cost/borrow/capacity and untouched prospective evidence.",b8317a649c9aadf35f639eb91262f1abdf064c785f943c027d1070d186e77105,212,V58_OPENAP_212_POSTSAMPLE,,-0.0384979456449157,-0.035997945644915715
Price,BLOCKED,DIRECTIONALLY_PERSISTENT_ONLY,openap_predictor,DOES_NOT_SURVIVE_GLOBAL_795,-0.015436643836290644,-0.012936643836290646,795,-0.006956701159090278,-0.004456701159090283,False,,,OPENAP:Price,0.0,,-0.01423836918759782,-0.011738369187597818,Price,"Maintained aggregate long-short return persistence only; requires fresh stock-level point-in-time replication, actual turnover/cost/borrow/capacity and untouched prospective evidence.",b8317a649c9aadf35f639eb91262f1abdf064c785f943c027d1070d186e77105,212,V58_OPENAP_212_POSTSAMPLE,,-0.004246781712246031,-0.0017467817122460358
PriceDelayRsq,BLOCKED,FAILED_OR_UNIDENTIFIABLE,openap_predictor,DOES_NOT_SURVIVE_GLOBAL_795,-0.017104108787375744,-0.014604108787375742,795,-0.020453423031258407,-0.01795342303125841,False,,,OPENAP:PriceDelayRsq,0.0,,-0.01609106171639121,-0.013591061716391212,Price delay r square,"Maintained aggregate long-short return persistence only; requires fresh stock-level point-in-time replication, actual turnover/cost/borrow/capacity and untouched prospective evidence.",b8317a649c9aadf35f639eb91262f1abdf064c785f943c027d1070d186e77105,212,V58_OPENAP_212_POSTSAMPLE,,-0.01903065771627343,-0.016530657716273427
PriceDelaySlope,BLOCKED,FAILED_OR_UNIDENTIFIABLE,openap_predictor,DOES_NOT_SURVIVE_GLOBAL_795,-0.011285136762781523,-0.008785136762781523,795,-0.016982570618115034,-0.014482570618115042,False,,,OPENAP:PriceDelaySlope,0.0,,-0.010657969728003348,-0.008157969728003348,Price delay coeff,"Maintained aggregate long-short return persistence only; requires fresh stock-level point-in-time replication, actual turnover/cost/borrow/capacity and untouched prospective evidence.",b8317a649c9aadf35f639eb91262f1abdf064c785f943c027d1070d186e77105,212,V58_OPENAP_212_POSTSAMPLE,,-0.01571721871047707,-0.01321721871047708
PriceDelayTstat,BLOCKED,FAILED_OR_UNIDENTIFIABLE,openap_predictor,DOES_NOT_SURVIVE_GLOBAL_795,-0.011087091307013176,-0.008587091307013175,795,-0.01696975273612891,-0.014469752736128905,False,,,OPENAP:PriceDelayTstat,0.0,,-0.010469745092674742,-0.007969745092674741,Price delay SE adjusted,"Maintained aggregate long-short return persistence only; requires fresh stock-level point-in-time replication, actual turnover/cost/borrow/capacity and untouched prospective evidence.",b8317a649c9aadf35f639eb91262f1abdf064c785f943c027d1070d186e77105,212,V58_OPENAP_212_POSTSAMPLE,,-0.015712050909923614,-0.013212050909923612
ProbInformedTrading,BLOCKED,FAILED_OR_UNIDENTIFIABLE,openap_predictor,DOES_NOT_SURVIVE_GLOBAL_795,-0.07265501688222638,-0.07015501688222638,795,-0.019000846175141542,-0.016500846175141536,False,,,OPENAP:ProbInformedTrading,0.0,,-0.06673707553302367,-0.06423707553302367,Probability of Informed Trading,"Maintained aggregate long-short return persistence only; requires fresh stock-level point-in-time replication, actual turnover/cost/borrow/capacity and untouched prospective evidence.",b8317a649c9aadf35f639eb91262f1abdf064c785f943c027d1070d186e77105,212,V58_OPENAP_212_POSTSAMPLE,,-0.016312655059416717,-0.013812655059416715
RD,BLOCKED,DIRECTIONALLY_PERSISTENT_ONLY,openap_predictor,DOES_NOT_SURVIVE_GLOBAL_795,-0.01613780086334236,-0.013637800863342361,795,-0.04205512319225912,-0.03955512319225912,False,,,OPENAP:RD,0.0,,-0.014893390235117729,-0.01239339023511773,R&D over market cap,"Maintained aggregate long-short return persistence only; requires fresh stock-level point-in-time replication, actual turnover/cost/borrow/capacity and untouched prospective evidence.",b8317a649c9aadf35f639eb91262f1abdf064c785f943c027d1070d186e77105,212,V58_OPENAP_212_POSTSAMPLE,,-0.03780603490706464,-0.035306034907064646
RDAbility,BLOCKED,FAILED_OR_UNIDENTIFIABLE,openap_predictor,DOES_NOT_SURVIVE_GLOBAL_795,-0.012509759448100923,-0.010009759448100924,795,-0.012201117742675365,-0.009701117742675364,False,,,OPENAP:RDAbility,0.0,,-0.011226734038613927,-0.008726734038613931,R&D ability,"Maintained aggregate long-short return persistence only; requires fresh stock-level point-in-time replication, actual turnover/cost/borrow/capacity and untouched prospective evidence.",b8317a649c9aadf35f639eb91262f1abdf064c785f943c027d1070d186e77105,212,V58_OPENAP_212_POSTSAMPLE,,-0.011391960500448866,-0.008891960500448865
RDIPO,BLOCKED,DIRECTIONALLY_PERSISTENT_ONLY,openap_predictor,DOES_NOT_SURVIVE_GLOBAL_795,-0.007162374438648406,-0.004662374438648408,795,-0.011750889264611038,-0.009250889264611038,False,,,OPENAP:RDIPO,0.0,,-0.006173149606602142,-0.003673149606602144,IPO and no R&D spending,"Maintained aggregate long-short return persistence only; requires fresh stock-level point-in-time replication, actual turnover/cost/borrow/capacity and untouched prospective evidence.",b8317a649c9aadf35f639eb91262f1abdf064c785f943c027d1070d186e77105,212,V58_OPENAP_212_POSTSAMPLE,,-0.01020433319706297,-0.007704333197062969
RDS,BLOCKED,FAILED_OR_UNIDENTIFIABLE,openap_predictor,DOES_NOT_SURVIVE_GLOBAL_795,-0.014573147982130757,-0.012073147982130758,795,-0.010956812233089794,-0.008456812233089793,False,,,OPENAP:RDS,0.0,,-0.013629228663108107,-0.011129228663108108,Real dirty surplus,"Maintained aggregate long-short return persistence only; requires fresh stock-level point-in-time replication, actual turnover/cost/borrow/capacity and untouched prospective evidence.",b8317a649c9aadf35f639eb91262f1abdf064c785f943c027d1070d186e77105,212,V58_OPENAP_212_POSTSAMPLE,,-0.010270076096764169,-0.00777007609676417
RDcap,BLOCKED,FAILED_OR_UNIDENTIFIABLE,openap_predictor,DOES_NOT_SURVIVE_GLOBAL_795,-0.02859830843656111,-0.026098308436561107,795,-0.02096475692819693,-0.018464756928196928,False,,,OPENAP:RDcap,0.0,,-0.026345511324533284,-0.023845511324533282,R&D capital-to-assets,"Maintained aggregate long-short return persistence only; requires fresh stock-level point-in-time replication, actual turnover/cost/borrow/capacity and untouched prospective evidence.",b8317a649c9aadf35f639eb91262f1abdf064c785f943c027d1070d186e77105,212,V58_OPENAP_212_POSTSAMPLE,,-0.01972085103088426,-0.017220851030884263
REV6,BLOCKED,DIRECTIONALLY_PERSISTENT_ONLY,openap_predictor,DOES_NOT_SURVIVE_GLOBAL_795,-0.004088090127859438,-0.001588090127859436,795,-0.010094856290403575,-0.007594856290403575,False,,,OPENAP:REV6,0.0,,-0.0034803481475275486,-0.0009803481475275464,Earnings forecast revisions,"Maintained aggregate long-short return persistence only; requires fresh stock-level point-in-time replication, actual turnover/cost/borrow/capacity and untouched prospective evidence.",b8317a649c9aadf35f639eb91262f1abdf064c785f943c027d1070d186e77105,212,V58_OPENAP_212_POSTSAMPLE,,-0.00888117690264474,-0.006381176902644739
RIO_Disp,BLOCKED,FAILED_OR_UNIDENTIFIABLE,openap_predictor,DOES_NOT_SURVIVE_GLOBAL_795,-0.004491585022238384,-0.0019915850222383836,795,-0.024097538688678262,-0.021597538688678263,False,,,OPENAP:RIO_Disp,0.0,,-0.003800472216685277,-0.001300472216685276,Inst Own and Forecast Dispersion,"Maintained aggregate long-short return persistence only; requires fresh stock-level point-in-time replication, actual turnover/cost/borrow/capacity and untouched prospective evidence.",b8317a649c9aadf35f639eb91262f1abdf064c785f943c027d1070d186e77105,212,V58_OPENAP_212_POSTSAMPLE,,-0.022318137712337677,-0.019818137712337675
RIO_MB,BLOCKED,FAILED_OR_UNIDENTIFIABLE,openap_predictor,DOES_NOT_SURVIVE_GLOBAL_795,-0.00924235495985272,-0.006742354959852719,795,-0.01590390669800583,-0.01340390669800583,False,,,OPENAP:RIO_MB,0.0,,-0.008536199294029814,-0.006036199294029813,Inst Own and Market to Book,"Maintained aggregate long-short return persistence only; requires fresh stock-level point-in-time replication, actual turnover/cost/borrow/capacity and untouched prospective evidence.",b8317a649c9aadf35f639eb91262f1abdf064c785f943c027d1070d186e77105,212,V58_OPENAP_212_POSTSAMPLE,,-0.014735405465927623,-0.012235405465927622
RIO_Turnover,BLOCKED,FAILED_OR_UNIDENTIFIABLE,openap_predictor,DOES_NOT_SURVIVE_GLOBAL_795,-0.0029530030081422326,-0.0004530030081422321,795,-0.027157959370283376,-0.024657959370283374,False,,,OPENAP:RIO_Turnover,0.0,,-0.0022926791898474266,0.00020732081015257392,Inst Own and Turnover,"Maintained aggregate long-short return persistence only; requires fresh stock-level point-in-time replication, actual turnover/cost/borrow/capacity and untouched prospective evidence.",b8317a649c9aadf35f639eb91262f1abdf064c785f943c027d1070d186e77105,212,V58_OPENAP_212_POSTSAMPLE,,-0.025259644731072745,-0.022759644731072743
RIO_Volatility,BLOCKED,FAILED_OR_UNIDENTIFIABLE,openap_predictor,DOES_NOT_SURVIVE_GLOBAL_795,-0.0003579736262799872,0.002142026373720015,795,-0.025431030367131992,-0.022931030367131993,False,,,OPENAP:RIO_Volatility,0.0,,0.0006508023278230281,0.0031508023278230303,Inst Own and Idio Vol,"Maintained aggregate long-short return persistence only; requires fresh stock-level point-in-time replication, actual turnover/cost/borrow/capacity and untouched prospective evidence.",b8317a649c9aadf35f639eb91262f1abdf064c785f943c027d1070d186e77105,212,V58_OPENAP_212_POSTSAMPLE,,-0.023645547574865255,-0.021145547574865257
RIVolSpread,BLOCKED,DIRECTIONALLY_PERSISTENT_ONLY,openap_predictor,DOES_NOT_SURVIVE_GLOBAL_795,-0.018125053299905148,-0.015625053299905146,795,-0.009954787682099071,-0.007454787682099067,False,,,OPENAP:RIVolSpread,0.0,,-0.016670849863850586,-0.014170849863850586,Realized minus Implied Vol,"Maintained aggregate long-short return persistence only; requires fresh stock-level point-in-time replication, actual turnover/cost/borrow/capacity and untouched prospective evidence.",b8317a649c9aadf35f639eb91262f1abdf064c785f943c027d1070d186e77105,212,V58_OPENAP_212_POSTSAMPLE,,-0.009055913664409034,-0.006555913664409028
RealizedVol,BLOCKED,FAILED_OR_UNIDENTIFIABLE,openap_predictor,DOES_NOT_SURVIVE_GLOBAL_795,-0.023475039767804465,-0.020975039767804463,795,-0.04536402029653968,-0.04286402029653968,False,,,OPENAP:RealizedVol,0.0,,-0.02170718269988845,-0.01920718269988845,Realized (Total) Volatility,"Maintained aggregate long-short return persistence only; requires fresh stock-level point-in-time replication, actual turnover/cost/borrow/capacity and untouched prospective evidence.",b8317a649c9aadf35f639eb91262f1abdf064c785f943c027d1070d186e77105,212,V58_OPENAP_212_POSTSAMPLE,,-0.04104266745449382,-0.03854266745449382
Recomm_ShortInterest,BLOCKED,DIRECTIONALLY_PERSISTENT_ONLY,openap_predictor,DOES_NOT_SURVIVE_GLOBAL_795,-0.02769379840044995,-0.025193798400449947,795,-0.007697188906737358,-0.005197188906737357,False,,,OPENAP:Recomm_ShortInterest,0.0,,-0.025164825168119916,-0.022664825168119913,Analyst Recommendations and Short-Interest,"Maintained aggregate long-short return persistence only; requires fresh stock-level point-in-time replication, actual turnover/cost/borrow/capacity and untouched prospective evidence.",b8317a649c9aadf35f639eb91262f1abdf064c785f943c027d1070d186e77105,212,V58_OPENAP_212_POSTSAMPLE,,-0.006702115045223209,-0.004202115045223208
ResidualMomentum,BLOCKED,FAILED_OR_UNIDENTIFIABLE,openap_predictor,DOES_NOT_SURVIVE_GLOBAL_795,-0.008260199004231044,-0.005760199004231045,795,-0.017457002270498928,-0.014957002270498926,False,,,OPENAP:ResidualMomentum,0.0,,-0.0072928438994185225,-0.004792843899418524,Momentum based on FF3 residuals,"Maintained aggregate long-short return persistence only; requires fresh stock-level point-in-time replication, actual turnover/cost/borrow/capacity and untouched prospective evidence.",b8317a649c9aadf35f639eb91262f1abdf064c785f943c027d1070d186e77105,212,V58_OPENAP_212_POSTSAMPLE,,-0.016139796789057716,-0.013639796789057714
ReturnSkew,BLOCKED,FAILED_OR_UNIDENTIFIABLE,openap_predictor,DOES_NOT_SURVIVE_GLOBAL_795,-0.003431272523597112,-0.0009312725235971148,795,-0.01178375271294374,-0.009283752712943742,False,,,OPENAP:ReturnSkew,0.0,,-0.0026739544517344624,-0.0001739544517344654,Return skewness,"Maintained aggregate long-short return persistence only; requires fresh stock-level point-in-time replication, actual turnover/cost/borrow/capacity and untouched prospective evidence.",b8317a649c9aadf35f639eb91262f1abdf064c785f943c027d1070d186e77105,212,V58_OPENAP_212_POSTSAMPLE,,-0.01091232310268006,-0.008412323102680062
ReturnSkew3F,BLOCKED,FAILED_OR_UNIDENTIFIABLE,openap_predictor,DOES_NOT_SURVIVE_GLOBAL_795,-0.0012310118579819769,0.001268988142018028,795,-0.009749454558247161,-0.007249454558247161,False,,,OPENAP:ReturnSkew3F,0.0,,-0.0005999126443354515,0.0019000873556645525,Idiosyncratic skewness (3F model),"Maintained aggregate long-short return persistence only; requires fresh stock-level point-in-time replication, actual turnover/cost/borrow/capacity and untouched prospective evidence.",b8317a649c9aadf35f639eb91262f1abdf064c785f943c027d1070d186e77105,212,V58_OPENAP_212_POSTSAMPLE,,-0.009198770758690522,-0.00669877075869052
RevenueSurprise,BLOCKED,DIRECTIONALLY_PERSISTENT_ONLY,openap_predictor,DOES_NOT_SURVIVE_GLOBAL_795,-0.0059384184050038325,-0.003438418405003833,795,-0.012149529033505246,-0.009649529033505244,False,,,OPENAP:RevenueSurprise,0.0,,-0.005256770415079103,-0.0027567704150791034,Revenue Surprise,"Maintained aggregate long-short return persistence only; requires fresh stock-level point-in-time replication, actual turnover/cost/borrow/capacity and untouched prospective evidence.",b8317a649c9aadf35f639eb91262f1abdf064c785f943c027d1070d186e77105,212,V58_OPENAP_212_POSTSAMPLE,,-0.0110487305711462,-0.008548730571146197
RoE,BLOCKED,DIRECTIONALLY_PERSISTENT_ONLY,openap_predictor,DOES_NOT_SURVIVE_GLOBAL_795,-0.005591319719540234,-0.0030913197195402355,795,-0.03219378749564536,-0.029693787495645364,False,,,OPENAP:RoE,0.0,,-0.005015992128994151,-0.0025159921289941525,net income / book equity,"Maintained aggregate long-short return persistence only; requires fresh stock-level point-in-time replication, actual turnover/cost/borrow/capacity and untouched prospective evidence.",b8317a649c9aadf35f639eb91262f1abdf064c785f943c027d1070d186e77105,212,V58_OPENAP_212_POSTSAMPLE,,-0.029179271313871387,-0.02667927131387139
SP,BLOCKED,DIRECTIONALLY_PERSISTENT_ONLY,openap_predictor,DOES_NOT_SURVIVE_GLOBAL_795,-0.005948801908065488,-0.0034488019080654905,795,-0.043354107378060745,-0.04085410737806074,False,,,OPENAP:SP,0.0,,-0.004780351163441704,-0.0022803511634417063,Sales-to-price,"Maintained aggregate long-short return persistence only; requires fresh stock-level point-in-time replication, actual turnover/cost/borrow/capacity and untouched prospective evidence.",b8317a649c9aadf35f639eb91262f1abdf064c785f943c027d1070d186e77105,212,V58_OPENAP_212_POSTSAMPLE,,-0.039520432218854144,-0.03702043221885414
STreversal,BLOCKED,DIRECTIONALLY_PERSISTENT_ONLY,openap_predictor,DOES_NOT_SURVIVE_GLOBAL_795,-0.004539407285403838,-0.002039407285403836,795,0.011428250668054155,0.013928250668054164,False,,,OPENAP:STreversal,0.0,,-0.0032643910044620472,-0.000764391004462045,Short term reversal,"Maintained aggregate long-short return persistence only; requires fresh stock-level point-in-time replication, actual turnover/cost/borrow/capacity and untouched prospective evidence.",b8317a649c9aadf35f639eb91262f1abdf064c785f943c027d1070d186e77105,212,V58_OPENAP_212_POSTSAMPLE,,0.013401879232202398,0.015901879232202407
ShareIss1Y,BLOCKED,DIRECTIONALLY_PERSISTENT_ONLY,openap_predictor,DOES_NOT_SURVIVE_GLOBAL_795,-0.009270821021816799,-0.006770821021816798,795,-0.020758266826398773,-0.018258266826398774,False,,,OPENAP:ShareIss1Y,0.0,,-0.0075611201751015125,-0.005061120175101512,Share issuance (1 year),"Maintained aggregate long-short return persistence only; requires fresh stock-level point-in-time replication, actual turnover/cost/borrow/capacity and untouched prospective evidence.",b8317a649c9aadf35f639eb91262f1abdf064c785f943c027d1070d186e77105,212,V58_OPENAP_212_POSTSAMPLE,,-0.019056847962908817,-0.016556847962908818
ShareIss5Y,BLOCKED,DIRECTIONALLY_PERSISTENT_ONLY,openap_predictor,DOES_NOT_SURVIVE_GLOBAL_795,-0.006302697034912579,-0.003802697034912584,795,-0.01407224005470392,-0.01157224005470392,False,,,OPENAP:ShareIss5Y,0.0,,-0.005054280050780645,-0.0025542800507806496,Share issuance (5 year),"Maintained aggregate long-short return persistence only; requires fresh stock-level point-in-time replication, actual turnover/cost/borrow/capacity and untouched prospective evidence.",b8317a649c9aadf35f639eb91262f1abdf064c785f943c027d1070d186e77105,212,V58_OPENAP_212_POSTSAMPLE,,-0.012540901848659058,-0.010040901848659058
ShareRepurchase,BLOCKED,DIRECTIONALLY_PERSISTENT_ONLY,openap_predictor,DOES_NOT_SURVIVE_GLOBAL_795,-0.005000795837714211,-0.002500795837714211,795,-0.01446765860981646,-0.01196765860981646,False,,,OPENAP:ShareRepurchase,0.0,,-0.004479985265947087,-0.001979985265947087,Share repurchases,"Maintained aggregate long-short return persistence only; requires fresh stock-level point-in-time replication, actual turnover/cost/borrow/capacity and untouched prospective evidence.",b8317a649c9aadf35f639eb91262f1abdf064c785f943c027d1070d186e77105,212,V58_OPENAP_212_POSTSAMPLE,,-0.013269499164671465,-0.010769499164671464
ShareVol,BLOCKED,FAILED_OR_UNIDENTIFIABLE,openap_predictor,DOES_NOT_SURVIVE_GLOBAL_795,-0.008377281625003744,-0.005877281625003743,795,-0.0270312888350753,-0.0245312888350753,False,,,OPENAP:ShareVol,0.0,,-0.007735219811964758,-0.005235219811964757,Share Volume,"Maintained aggregate long-short return persistence only; requires fresh stock-level point-in-time replication, actual turnover/cost/borrow/capacity and untouched prospective evidence.",b8317a649c9aadf35f639eb91262f1abdf064c785f943c027d1070d186e77105,212,V58_OPENAP_212_POSTSAMPLE,,-0.025166610477956302,-0.0226666104779563
ShortInterest,BLOCKED,ROBUST_GROSS_POSTSAMPLE,openap_predictor,DOES_NOT_SURVIVE_GLOBAL_795,-0.0017876511173940202,0.0007123488826059803,795,-0.003633078908290708,-0.0011330789082907074,True,,,OPENAP:ShortInterest,0.0,,-0.0011120417139108933,0.0013879582860891072,Short Interest,"Maintained aggregate long-short return persistence only; requires fresh stock-level point-in-time replication, actual turnover/cost/borrow/capacity and untouched prospective evidence.",b8317a649c9aadf35f639eb91262f1abdf064c785f943c027d1070d186e77105,212,V58_OPENAP_212_POSTSAMPLE,,-0.0022143565903649833,0.00028564340963501723
Size,BLOCKED,FAILED_OR_UNIDENTIFIABLE,openap_predictor,DOES_NOT_SURVIVE_GLOBAL_795,-0.0079458375324187,-0.0054458375324187005,795,-0.023838486007669368,-0.02133848600766937,False,,,OPENAP:Size,0.0,,-0.007391322681401933,-0.004891322681401933,Size,"Maintained aggregate long-short return persistence only; requires fresh stock-level point-in-time replication, actual turnover/cost/borrow/capacity and untouched prospective evidence.",b8317a649c9aadf35f639eb91262f1abdf064c785f943c027d1070d186e77105,212,V58_OPENAP_212_POSTSAMPLE,,-0.022154019627245572,-0.019654019627245573
SmileSlope,BLOCKED,DIRECTIONALLY_PERSISTENT_ONLY,openap_predictor,DOES_NOT_SURVIVE_GLOBAL_795,-0.006378365472814569,-0.0038783654728145687,795,-0.001412353867719947,0.0010876461322800492,False,,,OPENAP:SmileSlope,0.0,,-0.005374114632109111,-0.0028741146321091104,Put volatility minus call volatility,"Maintained aggregate long-short return persistence only; requires fresh stock-level point-in-time replication, actual turnover/cost/borrow/capacity and untouched prospective evidence.",b8317a649c9aadf35f639eb91262f1abdf064c785f943c027d1070d186e77105,212,V58_OPENAP_212_POSTSAMPLE,,-0.000674044092515356,0.0018259559074846402
Spinoff,BLOCKED,FAILED_OR_UNIDENTIFIABLE,openap_predictor,DOES_NOT_SURVIVE_GLOBAL_795,-0.012477236039340905,-0.009977236039340904,795,-0.009131013661206111,-0.006631013661206111,False,,,OPENAP:Spinoff,0.0,,-0.011713639817614965,-0.009213639817614964,Spinoffs,"Maintained aggregate long-short return persistence only; requires fresh stock-level point-in-time replication, actual turnover/cost/borrow/capacity and untouched prospective evidence.",b8317a649c9aadf35f639eb91262f1abdf064c785f943c027d1070d186e77105,212,V58_OPENAP_212_POSTSAMPLE,,-0.008212816716183884,-0.005712816716183885
SurpriseRD,BLOCKED,FAILED_OR_UNIDENTIFIABLE,openap_predictor,DOES_NOT_SURVIVE_GLOBAL_795,-0.008164401059325966,-0.0056644010593259655,795,-0.007836595757666993,-0.005336595757666993,False,,,OPENAP:SurpriseRD,0.0,,-0.007695080832343017,-0.005195080832343016,Unexpected R&D increase,"Maintained aggregate long-short return persistence only; requires fresh stock-level point-in-time replication, actual turnover/cost/borrow/capacity and untouched prospective evidence.",b8317a649c9aadf35f639eb91262f1abdf064c785f943c027d1070d186e77105,212,V58_OPENAP_212_POSTSAMPLE,,-0.0073481800393148475,-0.004848180039314847
Tax,BLOCKED,DIRECTIONALLY_PERSISTENT_ONLY,openap_predictor,DOES_NOT_SURVIVE_GLOBAL_795,-0.003728289524978288,-0.0012282895249782879,795,-0.004247133163738245,-0.0017471331637382457,False,,,OPENAP:Tax,0.0,,-0.00333026469499613,-0.0008302646949961299,Taxable income to income,"Maintained aggregate long-short return persistence only; requires fresh stock-level point-in-time replication, actual turnover/cost/borrow/capacity and untouched prospective evidence.",b8317a649c9aadf35f639eb91262f1abdf064c785f943c027d1070d186e77105,212,V58_OPENAP_212_POSTSAMPLE,,-0.0036547634811868054,-0.0011547634811868053
TotalAccruals,BLOCKED,FAILED_OR_UNIDENTIFIABLE,openap_predictor,DOES_NOT_SURVIVE_GLOBAL_795,-0.011133075835577131,-0.008633075835577132,795,-0.0182065958093553,-0.015706595809355302,False,,,OPENAP:TotalAccruals,0.0,,-0.010374843866728595,-0.007874843866728596,Total accruals,"Maintained aggregate long-short return persistence only; requires fresh stock-level point-in-time replication, actual turnover/cost/borrow/capacity and untouched prospective evidence.",b8317a649c9aadf35f639eb91262f1abdf064c785f943c027d1070d186e77105,212,V58_OPENAP_212_POSTSAMPLE,,-0.01678148516825295,-0.014281485168252948
TrendFactor,BLOCKED,FAILED_OR_UNIDENTIFIABLE,openap_predictor,DOES_NOT_SURVIVE_GLOBAL_795,-0.026163882121635583,-0.02366388212163558,795,-0.01586761307849742,-0.013367613078497426,False,,,OPENAP:TrendFactor,0.0,,-0.023885734997812737,-0.021385734997812732,Trend Factor,"Maintained aggregate long-short return persistence only; requires fresh stock-level point-in-time replication, actual turnover/cost/borrow/capacity and untouched prospective evidence.",b8317a649c9aadf35f639eb91262f1abdf064c785f943c027d1070d186e77105,212,V58_OPENAP_212_POSTSAMPLE,,-0.014549820514892765,-0.01204982051489277
UpRecomm,BLOCKED,DIRECTIONALLY_PERSISTENT_ONLY,openap_predictor,DOES_NOT_SURVIVE_GLOBAL_795,-0.003451005580009779,-0.0009510055800097791,795,-0.002769831136805986,-0.00026983113680598527,False,,,OPENAP:UpRecomm,0.0,,-0.0032283325438537524,-0.0007283325438537526,Up Forecast,"Maintained aggregate long-short return persistence only; requires fresh stock-level point-in-time replication, actual turnover/cost/borrow/capacity and untouched prospective evidence.",b8317a649c9aadf35f639eb91262f1abdf064c785f943c027d1070d186e77105,212,V58_OPENAP_212_POSTSAMPLE,,-0.0025057632411187533,-5.7632411187523436e-06
VarCF,BLOCKED,FAILED_OR_UNIDENTIFIABLE,openap_predictor,DOES_NOT_SURVIVE_GLOBAL_795,-0.020468446225743606,-0.017968446225743607,795,-0.039262573156415854,-0.03676257315641585,False,,,OPENAP:VarCF,0.0,,-0.018902269417388866,-0.016402269417388867,Cash-flow  to price variance,"Maintained aggregate long-short return persistence only; requires fresh stock-level point-in-time replication, actual turnover/cost/borrow/capacity and untouched prospective evidence.",b8317a649c9aadf35f639eb91262f1abdf064c785f943c027d1070d186e77105,212,V58_OPENAP_212_POSTSAMPLE,,-0.03611878143142816,-0.03361878143142816
VolMkt,BLOCKED,DIRECTIONALLY_PERSISTENT_ONLY,openap_predictor,DOES_NOT_SURVIVE_GLOBAL_795,-0.008134506020483517,-0.005634506020483515,795,-0.04549265042032948,-0.04299265042032947,False,,,OPENAP:VolMkt,0.0,,-0.007351794999552822,-0.00485179499955282,Volume to market equity,"Maintained aggregate long-short return persistence only; requires fresh stock-level point-in-time replication, actual turnover/cost/borrow/capacity and untouched prospective evidence.",b8317a649c9aadf35f639eb91262f1abdf064c785f943c027d1070d186e77105,212,V58_OPENAP_212_POSTSAMPLE,,-0.041302014026793496,-0.03880201402679349
VolSD,BLOCKED,FAILED_OR_UNIDENTIFIABLE,openap_predictor,DOES_NOT_SURVIVE_GLOBAL_795,-0.01342422361500833,-0.01092422361500833,795,-0.017598993355365033,-0.015098993355365038,False,,,OPENAP:VolSD,0.0,,-0.01247680028917146,-0.00997680028917146,Volume Variance,"Maintained aggregate long-short return persistence only; requires fresh stock-level point-in-time replication, actual turnover/cost/borrow/capacity and untouched prospective evidence.",b8317a649c9aadf35f639eb91262f1abdf064c785f943c027d1070d186e77105,212,V58_OPENAP_212_POSTSAMPLE,,-0.016150126721203598,-0.0136501267212036
VolumeTrend,BLOCKED,DIRECTIONALLY_PERSISTENT_ONLY,openap_predictor,DOES_NOT_SURVIVE_GLOBAL_795,-0.002117883706828761,0.0003821162931712391,795,-0.005329583917135921,-0.0028295839171359194,False,,,OPENAP:VolumeTrend,0.0,,-0.0016269024786502088,0.0008730975213497912,Volume Trend,"Maintained aggregate long-short return persistence only; requires fresh stock-level point-in-time replication, actual turnover/cost/borrow/capacity and untouched prospective evidence.",b8317a649c9aadf35f639eb91262f1abdf064c785f943c027d1070d186e77105,212,V58_OPENAP_212_POSTSAMPLE,,-0.004227569924781156,-0.0017275699247811544
XFIN,BLOCKED,DIRECTIONALLY_PERSISTENT_ONLY,openap_predictor,DOES_NOT_SURVIVE_GLOBAL_795,-0.008354584197236213,-0.005854584197236213,795,-0.019923374039612755,-0.017423374039612752,False,,,OPENAP:XFIN,0.0,,-0.00656976955057602,-0.00406976955057602,Net external financing,"Maintained aggregate long-short return persistence only; requires fresh stock-level point-in-time replication, actual turnover/cost/borrow/capacity and untouched prospective evidence.",b8317a649c9aadf35f639eb91262f1abdf064c785f943c027d1070d186e77105,212,V58_OPENAP_212_POSTSAMPLE,,-0.017651059661818486,-0.015151059661818483
betaVIX,BLOCKED,DIRECTIONALLY_PERSISTENT_ONLY,openap_predictor,DOES_NOT_SURVIVE_GLOBAL_795,-0.012371101639146787,-0.009871101639146786,795,-0.014890561379692656,-0.012390561379692657,False,,,OPENAP:betaVIX,0.0,,-0.011440558104724335,-0.008940558104724335,Systematic volatility,"Maintained aggregate long-short return persistence only; requires fresh stock-level point-in-time replication, actual turnover/cost/borrow/capacity and untouched prospective evidence.",b8317a649c9aadf35f639eb91262f1abdf064c785f943c027d1070d186e77105,212,V58_OPENAP_212_POSTSAMPLE,,-0.013214823641038115,-0.010714823641038117
cfp,BLOCKED,DIRECTIONALLY_PERSISTENT_ONLY,openap_predictor,DOES_NOT_SURVIVE_GLOBAL_795,-0.010175541222220346,-0.007675541222220342,795,-0.018933848612900688,-0.01643384861290069,False,,,OPENAP:cfp,0.0,,-0.008617624961583383,-0.006117624961583379,Operating Cash flows to price,"Maintained aggregate long-short return persistence only; requires fresh stock-level point-in-time replication, actual turnover/cost/borrow/capacity and untouched prospective evidence.",b8317a649c9aadf35f639eb91262f1abdf064c785f943c027d1070d186e77105,212,V58_OPENAP_212_POSTSAMPLE,,-0.016855178166997855,-0.014355178166997854
dCPVolSpread,BLOCKED,FAILED_OR_UNIDENTIFIABLE,openap_predictor,DOES_NOT_SURVIVE_GLOBAL_795,-0.006641731806797382,-0.004141731806797385,795,-0.0034741131576589562,-0.0009741131576589592,False,,,OPENAP:dCPVolSpread,0.0,,-0.0059245716914536305,-0.0034245716914536335,Change in put vol minus change in call vol,"Maintained aggregate long-short return persistence only; requires fresh stock-level point-in-time replication, actual turnover/cost/borrow/capacity and untouched prospective evidence.",b8317a649c9aadf35f639eb91262f1abdf064c785f943c027d1070d186e77105,212,V58_OPENAP_212_POSTSAMPLE,,-0.0026456687555043226,-0.0001456687555043256
dNoa,BLOCKED,DIRECTIONALLY_PERSISTENT_ONLY,openap_predictor,DOES_NOT_SURVIVE_GLOBAL_795,-0.00623617207936379,-0.0037361720793637893,795,-0.012765132743326179,-0.01026513274332618,False,,,OPENAP:dNoa,0.0,,-0.005735339400187313,-0.0032353394001873124,change in net operating assets,"Maintained aggregate long-short return persistence only; requires fresh stock-level point-in-time replication, actual turnover/cost/borrow/capacity and untouched prospective evidence.",b8317a649c9aadf35f639eb91262f1abdf064c785f943c027d1070d186e77105,212,V58_OPENAP_212_POSTSAMPLE,,-0.011708747194035822,-0.009208747194035824
dVolCall,BLOCKED,FAILED_OR_UNIDENTIFIABLE,openap_predictor,DOES_NOT_SURVIVE_GLOBAL_795,-0.01238562893755468,-0.00988562893755468,795,-0.0033740592214979532,-0.0008740592214979475,False,,,OPENAP:dVolCall,0.0,,-0.011233197477528014,-0.008733197477528012,Change in call vol,"Maintained aggregate long-short return persistence only; requires fresh stock-level point-in-time replication, actual turnover/cost/borrow/capacity and untouched prospective evidence.",b8317a649c9aadf35f639eb91262f1abdf064c785f943c027d1070d186e77105,212,V58_OPENAP_212_POSTSAMPLE,,-0.0026724135337905216,-0.00017241353379051673
dVolPut,BLOCKED,FAILED_OR_UNIDENTIFIABLE,openap_predictor,DOES_NOT_SURVIVE_GLOBAL_795,-0.007233053174277605,-0.004733053174277608,795,-0.010918483125133539,-0.008418483125133538,False,,,OPENAP:dVolPut,0.0,,-0.006429463011476659,-0.003929463011476662,Change in put vol,"Maintained aggregate long-short return persistence only; requires fresh stock-level point-in-time replication, actual turnover/cost/borrow/capacity and untouched prospective evidence.",b8317a649c9aadf35f639eb91262f1abdf064c785f943c027d1070d186e77105,212,V58_OPENAP_212_POSTSAMPLE,,-0.010039947605859011,-0.0075399476058590105
fgr5yrLag,BLOCKED,FAILED_OR_UNIDENTIFIABLE,openap_predictor,DOES_NOT_SURVIVE_GLOBAL_795,-0.012854529552527688,-0.010354529552527686,795,-0.05014117462076246,-0.04764117462076244,False,,,OPENAP:fgr5yrLag,0.0,,-0.011915149255981588,-0.009415149255981586,Long-term EPS forecast,"Maintained aggregate long-short return persistence only; requires fresh stock-level point-in-time replication, actual turnover/cost/borrow/capacity and untouched prospective evidence.",b8317a649c9aadf35f639eb91262f1abdf064c785f943c027d1070d186e77105,212,V58_OPENAP_212_POSTSAMPLE,,-0.04615647396232615,-0.04365647396232614
grcapx,BLOCKED,FAILED_OR_UNIDENTIFIABLE,openap_predictor,DOES_NOT_SURVIVE_GLOBAL_795,-0.005441511424111947,-0.0029415114241119478,795,-0.010933657847461404,-0.008433657847461406,False,,,OPENAP:grcapx,0.0,,-0.004931423865813903,-0.0024314238658139035,Change in capex (two years),"Maintained aggregate long-short return persistence only; requires fresh stock-level point-in-time replication, actual turnover/cost/borrow/capacity and untouched prospective evidence.",b8317a649c9aadf35f639eb91262f1abdf064c785f943c027d1070d186e77105,212,V58_OPENAP_212_POSTSAMPLE,,-0.010275456754421023,-0.007775456754421024
grcapx3y,BLOCKED,FAILED_OR_UNIDENTIFIABLE,openap_predictor,DOES_NOT_SURVIVE_GLOBAL_795,-0.0074564700965786285,-0.004956470096578627,795,-0.013499201416234508,-0.010999201416234509,False,,,OPENAP:grcapx3y,0.0,,-0.006859706187553571,-0.0043597061875535695,Change in capex (three years),"Maintained aggregate long-short return persistence only; requires fresh stock-level point-in-time replication, actual turnover/cost/borrow/capacity and untouched prospective evidence.",b8317a649c9aadf35f639eb91262f1abdf064c785f943c027d1070d186e77105,212,V58_OPENAP_212_POSTSAMPLE,,-0.0128158702379902,-0.010315870237990202
hire,BLOCKED,FAILED_OR_UNIDENTIFIABLE,openap_predictor,DOES_NOT_SURVIVE_GLOBAL_795,-0.013146344375997255,-0.010646344375997253,795,-0.015931612767055906,-0.013431612767055906,False,,,OPENAP:hire,0.0,,-0.011637934895519345,-0.009137934895519347,Employment growth,"Maintained aggregate long-short return persistence only; requires fresh stock-level point-in-time replication, actual turnover/cost/borrow/capacity and untouched prospective evidence.",b8317a649c9aadf35f639eb91262f1abdf064c785f943c027d1070d186e77105,212,V58_OPENAP_212_POSTSAMPLE,,-0.014975591510573536,-0.012475591510573536
iomom_cust,BLOCKED,FAILED_OR_UNIDENTIFIABLE,openap_predictor,DOES_NOT_SURVIVE_GLOBAL_795,-0.020481574850089425,-0.017981574850089423,795,-0.007733245790907674,-0.005233245790907675,False,,,OPENAP:iomom_cust,0.0,,-0.019177299643063677,-0.016677299643063675,Customers momentum,"Maintained aggregate long-short return persistence only; requires fresh stock-level point-in-time replication, actual turnover/cost/borrow/capacity and untouched prospective evidence.",b8317a649c9aadf35f639eb91262f1abdf064c785f943c027d1070d186e77105,212,V58_OPENAP_212_POSTSAMPLE,,-0.006737260024285124,-0.004237260024285126
iomom_supp,BLOCKED,FAILED_OR_UNIDENTIFIABLE,openap_predictor,DOES_NOT_SURVIVE_GLOBAL_795,-0.014342481943564515,-0.011842481943564515,795,-0.009211966179120209,-0.006711966179120207,False,,,OPENAP:iomom_supp,0.0,,-0.013410820499148018,-0.010910820499148018,Suppliers momentum,"Maintained aggregate long-short return persistence only; requires fresh stock-level point-in-time replication, actual turnover/cost/borrow/capacity and untouched prospective evidence.",b8317a649c9aadf35f639eb91262f1abdf064c785f943c027d1070d186e77105,212,V58_OPENAP_212_POSTSAMPLE,,-0.008172823612906315,-0.005672823612906314
realestate,BLOCKED,FAILED_OR_UNIDENTIFIABLE,openap_predictor,DOES_NOT_SURVIVE_GLOBAL_795,-0.016700878530632856,-0.014200878530632854,795,-0.01008826729969909,-0.007588267299699089,False,,,OPENAP:realestate,0.0,,-0.015499958186923686,-0.012999958186923684,Real estate holdings,"Maintained aggregate long-short return persistence only; requires fresh stock-level point-in-time replication, actual turnover/cost/borrow/capacity and untouched prospective evidence.",b8317a649c9aadf35f639eb91262f1abdf064c785f943c027d1070d186e77105,212,V58_OPENAP_212_POSTSAMPLE,,-0.009075399158183763,-0.006575399158183762
retConglomerate,BLOCKED,DIRECTIONALLY_PERSISTENT_ONLY,openap_predictor,DOES_NOT_SURVIVE_GLOBAL_795,-0.013256477091390882,-0.010756477091390881,795,-0.008573087230734296,-0.0060730872307342984,False,,,OPENAP:retConglomerate,0.0,,-0.012208243870492089,-0.009708243870492088,Conglomerate return,"Maintained aggregate long-short return persistence only; requires fresh stock-level point-in-time replication, actual turnover/cost/borrow/capacity and untouched prospective evidence.",b8317a649c9aadf35f639eb91262f1abdf064c785f943c027d1070d186e77105,212,V58_OPENAP_212_POSTSAMPLE,,-0.007539315089135224,-0.005039315089135225
roaq,BLOCKED,DIRECTIONALLY_PERSISTENT_ONLY,openap_predictor,DOES_NOT_SURVIVE_GLOBAL_795,-0.014389846811059587,-0.011889846811059587,795,-0.011766881607314662,-0.009266881607314665,False,,,OPENAP:roaq,0.0,,-0.012062168942346392,-0.009562168942346391,Return on assets (qtrly),"Maintained aggregate long-short return persistence only; requires fresh stock-level point-in-time replication, actual turnover/cost/borrow/capacity and untouched prospective evidence.",b8317a649c9aadf35f639eb91262f1abdf064c785f943c027d1070d186e77105,212,V58_OPENAP_212_POSTSAMPLE,,-0.010243052368008336,-0.007743052368008339
sfe,BLOCKED,DIRECTIONALLY_PERSISTENT_ONLY,openap_predictor,DOES_NOT_SURVIVE_GLOBAL_795,-0.013459723322110467,-0.010959723322110464,795,-0.04418773100517976,-0.04168773100517975,False,,,OPENAP:sfe,0.0,,-0.011855472704547405,-0.009355472704547403,Earnings Forecast to price,"Maintained aggregate long-short return persistence only; requires fresh stock-level point-in-time replication, actual turnover/cost/borrow/capacity and untouched prospective evidence.",b8317a649c9aadf35f639eb91262f1abdf064c785f943c027d1070d186e77105,212,V58_OPENAP_212_POSTSAMPLE,,-0.03976754147312351,-0.0372675414731235
sinAlgo,BLOCKED,FAILED_OR_UNIDENTIFIABLE,openap_predictor,DOES_NOT_SURVIVE_GLOBAL_795,-0.01791115755997698,-0.015411157559976978,795,-0.013000405731064443,-0.010500405731064442,False,,,OPENAP:sinAlgo,0.0,,-0.01661433915911128,-0.014114339159111278,Sin Stock (selection criteria),"Maintained aggregate long-short return persistence only; requires fresh stock-level point-in-time replication, actual turnover/cost/borrow/capacity and untouched prospective evidence.",b8317a649c9aadf35f639eb91262f1abdf064c785f943c027d1070d186e77105,212,V58_OPENAP_212_POSTSAMPLE,,-0.012134668627881588,-0.009634668627881588
skew1,BLOCKED,DIRECTIONALLY_PERSISTENT_ONLY,openap_predictor,DOES_NOT_SURVIVE_GLOBAL_795,-0.011824619035676165,-0.009324619035676166,795,-0.004346970171848052,-0.0018469701718480517,False,,,OPENAP:skew1,0.0,,-0.01090999681547658,-0.008409996815476582,Volatility smirk near the money,"Maintained aggregate long-short return persistence only; requires fresh stock-level point-in-time replication, actual turnover/cost/borrow/capacity and untouched prospective evidence.",b8317a649c9aadf35f639eb91262f1abdf064c785f943c027d1070d186e77105,212,V58_OPENAP_212_POSTSAMPLE,,-0.0039039760044827436,-0.001403976004482744
std_turn,BLOCKED,FAILED_OR_UNIDENTIFIABLE,openap_predictor,DOES_NOT_SURVIVE_GLOBAL_795,-0.0251041497837811,-0.022604149783781103,795,-0.03690834989682795,-0.03440834989682796,False,,,OPENAP:std_turn,0.0,,-0.022981335689133724,-0.020481335689133726,Share turnover volatility,"Maintained aggregate long-short return persistence only; requires fresh stock-level point-in-time replication, actual turnover/cost/borrow/capacity and untouched prospective evidence.",b8317a649c9aadf35f639eb91262f1abdf064c785f943c027d1070d186e77105,212,V58_OPENAP_212_POSTSAMPLE,,-0.03445595544868909,-0.03195595544868909
tang,BLOCKED,FAILED_OR_UNIDENTIFIABLE,openap_predictor,DOES_NOT_SURVIVE_GLOBAL_795,-0.021434532655347435,-0.018934532655347433,795,-0.013911176138181155,-0.011411176138181158,False,,,OPENAP:tang,0.0,,-0.019875229117320887,-0.017375229117320885,Tangibility,"Maintained aggregate long-short return persistence only; requires fresh stock-level point-in-time replication, actual turnover/cost/borrow/capacity and untouched prospective evidence.",b8317a649c9aadf35f639eb91262f1abdf064c785f943c027d1070d186e77105,212,V58_OPENAP_212_POSTSAMPLE,,-0.013034912381761125,-0.010534912381761127
zerotrade12M,BLOCKED,DIRECTIONALLY_PERSISTENT_ONLY,openap_predictor,DOES_NOT_SURVIVE_GLOBAL_795,-0.01855585218646809,-0.016055852186468086,795,-0.0350509435588639,-0.0325509435588639,False,,,OPENAP:zerotrade12M,0.0,,-0.017044095840306923,-0.014544095840306921,Days with zero trades,"Maintained aggregate long-short return persistence only; requires fresh stock-level point-in-time replication, actual turnover/cost/borrow/capacity and untouched prospective evidence.",b8317a649c9aadf35f639eb91262f1abdf064c785f943c027d1070d186e77105,212,V58_OPENAP_212_POSTSAMPLE,,-0.0317501863823879,-0.029250186382387897
zerotrade1M,BLOCKED,DIRECTIONALLY_PERSISTENT_ONLY,openap_predictor,DOES_NOT_SURVIVE_GLOBAL_795,-0.016582894254937326,-0.014082894254937325,795,-0.03589740520566126,-0.03339740520566126,False,,,OPENAP:zerotrade1M,0.0,,-0.015145071791232418,-0.012645071791232417,Days with zero trades,"Maintained aggregate long-short return persistence only; requires fresh stock-level point-in-time replication, actual turnover/cost/borrow/capacity and untouched prospective evidence.",b8317a649c9aadf35f639eb91262f1abdf064c785f943c027d1070d186e77105,212,V58_OPENAP_212_POSTSAMPLE,,-0.03258506225470863,-0.03008506225470863
zerotrade6M,BLOCKED,DIRECTIONALLY_PERSISTENT_ONLY,openap_predictor,DOES_NOT_SURVIVE_GLOBAL_795,-0.01932064648786058,-0.016820646487860576,795,-0.030835445670656887,-0.028335445670656892,False,,,OPENAP:zerotrade6M,0.0,,-0.01775116316350125,-0.01525116316350125,Days with zero trades,"Maintained aggregate long-short return persistence only; requires fresh stock-level point-in-time replication, actual turnover/cost/borrow/capacity and untouched prospective evidence.",b8317a649c9aadf35f639eb91262f1abdf064c785f943c027d1070d186e77105,212,V58_OPENAP_212_POSTSAMPLE,,-0.02762733518297726,-0.025127335182977266
TSMOM,BLOCKED,DIRECTIONALLY_PERSISTENT_ONLY,time_series_momentum,,,,,,,False,,,TSMOM:TSMOM,0.0,,,-0.009063278506267924,TSMOM:TSMOM,Public maintained factor portfolio diagnostic; no strict simultaneous validation+lockbox survivor.,e824f120d251fbe9f99f4afa484169ac3b2f79cd2531a50f46e70dee1d2cbf4f,39,V58_PUBLIC_FACTOR_POSTSAMPLE,,,-0.004139907304558381
TSMOM^CM,BLOCKED,DIRECTIONALLY_PERSISTENT_ONLY,time_series_momentum,,,,,,,False,,,TSMOM:TSMOM^CM,0.0,,,-0.009751465798859958,TSMOM:TSMOM^CM,Public maintained factor portfolio diagnostic; no strict simultaneous validation+lockbox survivor.,e824f120d251fbe9f99f4afa484169ac3b2f79cd2531a50f46e70dee1d2cbf4f,39,V58_PUBLIC_FACTOR_POSTSAMPLE,,,-0.013695552678210815
TSMOM^EQ,BLOCKED,FAILED_OR_UNIDENTIFIABLE,time_series_momentum,,,,,,,False,,,TSMOM:TSMOM^EQ,0.0,,,-0.02949714082112498,TSMOM:TSMOM^EQ,Public maintained factor portfolio diagnostic; no strict simultaneous validation+lockbox survivor.,e824f120d251fbe9f99f4afa484169ac3b2f79cd2531a50f46e70dee1d2cbf4f,39,V58_PUBLIC_FACTOR_POSTSAMPLE,,,-0.01478590888065225
TSMOM^FI,BLOCKED,DIRECTIONALLY_PERSISTENT_ONLY,time_series_momentum,,,,,,,False,,,TSMOM:TSMOM^FI,0.0,,,-0.023005299353799052,TSMOM:TSMOM^FI,Public maintained factor portfolio diagnostic; no strict simultaneous validation+lockbox survivor.,e824f120d251fbe9f99f4afa484169ac3b2f79cd2531a50f46e70dee1d2cbf4f,39,V58_PUBLIC_FACTOR_POSTSAMPLE,,,-0.009867156850886384
TSMOM^FX,BLOCKED,FAILED_OR_UNIDENTIFIABLE,time_series_momentum,,,,,,,False,,,TSMOM:TSMOM^FX,0.0,,,-0.014467725302648686,TSMOM:TSMOM^FX,Public maintained factor portfolio diagnostic; no strict simultaneous validation+lockbox survivor.,e824f120d251fbe9f99f4afa484169ac3b2f79cd2531a50f46e70dee1d2cbf4f,39,V58_PUBLIC_FACTOR_POSTSAMPLE,,,-0.009735898938180925
VAL,BLOCKED,DIRECTIONALLY_PERSISTENT_ONLY,value_momentum_everywhere,,,,,,,False,,,VME:VAL,0.0,,,-0.006139554252617905,VME:VAL,Public maintained factor portfolio diagnostic; no strict simultaneous validation+lockbox survivor.,e824f120d251fbe9f99f4afa484169ac3b2f79cd2531a50f46e70dee1d2cbf4f,39,V58_PUBLIC_FACTOR_POSTSAMPLE,,,-0.0036313595226683463
MOM,BLOCKED,DIRECTIONALLY_PERSISTENT_ONLY,value_momentum_everywhere,,,,,,,False,,,VME:MOM,0.0,,,-0.0041911215850107385,VME:MOM,Public maintained factor portfolio diagnostic; no strict simultaneous validation+lockbox survivor.,e824f120d251fbe9f99f4afa484169ac3b2f79cd2531a50f46e70dee1d2cbf4f,39,V58_PUBLIC_FACTOR_POSTSAMPLE,,,-0.0027002971808894284
VAL^SS,BLOCKED,FAILED_OR_UNIDENTIFIABLE,value_momentum_everywhere,,,,,,,False,,,VME:VAL^SS,0.0,,,-0.014197423438878474,VME:VAL^SS,Public maintained factor portfolio diagnostic; no strict simultaneous validation+lockbox survivor.,e824f120d251fbe9f99f4afa484169ac3b2f79cd2531a50f46e70dee1d2cbf4f,39,V58_PUBLIC_FACTOR_POSTSAMPLE,,,-0.008618140093597574
MOM^SS,BLOCKED,DIRECTIONALLY_PERSISTENT_ONLY,value_momentum_everywhere,,,,,,,False,,,VME:MOM^SS,0.0,,,-0.00526850810243536,VME:MOM^SS,Public maintained factor portfolio diagnostic; no strict simultaneous validation+lockbox survivor.,e824f120d251fbe9f99f4afa484169ac3b2f79cd2531a50f46e70dee1d2cbf4f,39,V58_PUBLIC_FACTOR_POSTSAMPLE,,,-0.003759162595593067
VAL^AA,BLOCKED,DIRECTIONALLY_PERSISTENT_ONLY,value_momentum_everywhere,,,,,,,False,,,VME:VAL^AA,0.0,,,-0.004014870572349494,VME:VAL^AA,Public maintained factor portfolio diagnostic; no strict simultaneous validation+lockbox survivor.,e824f120d251fbe9f99f4afa484169ac3b2f79cd2531a50f46e70dee1d2cbf4f,39,V58_PUBLIC_FACTOR_POSTSAMPLE,,,-0.0010689391972860858
MOM^AA,BLOCKED,FAILED_OR_UNIDENTIFIABLE,value_momentum_everywhere,,,,,,,False,,,VME:MOM^AA,0.0,,,-0.005528011244381536,VME:MOM^AA,Public maintained factor portfolio diagnostic; no strict simultaneous validation+lockbox survivor.,e824f120d251fbe9f99f4afa484169ac3b2f79cd2531a50f46e70dee1d2cbf4f,39,V58_PUBLIC_FACTOR_POSTSAMPLE,,,-0.0031943091696781784
VALLS_VME_US90,BLOCKED,FAILED_OR_UNIDENTIFIABLE,value_momentum_everywhere,,,,,,,False,,,VME:VALLS_VME_US90,0.0,,,-0.01845395594550846,VME:VALLS_VME_US90,Public maintained factor portfolio diagnostic; no strict simultaneous validation+lockbox survivor.,e824f120d251fbe9f99f4afa484169ac3b2f79cd2531a50f46e70dee1d2cbf4f,39,V58_PUBLIC_FACTOR_POSTSAMPLE,,,-0.011196049975300836
MOMLS_VME_US90,BLOCKED,DIRECTIONALLY_PERSISTENT_ONLY,value_momentum_everywhere,,,,,,,False,,,VME:MOMLS_VME_US90,0.0,,,-0.004592216633984326,VME:MOMLS_VME_US90,Public maintained factor portfolio diagnostic; no strict simultaneous validation+lockbox survivor.,e824f120d251fbe9f99f4afa484169ac3b2f79cd2531a50f46e70dee1d2cbf4f,39,V58_PUBLIC_FACTOR_POSTSAMPLE,,,-0.005439076560212542
VALLS_VME_UK90,BLOCKED,FAILED_OR_UNIDENTIFIABLE,value_momentum_everywhere,,,,,,,False,,,VME:VALLS_VME_UK90,0.0,,,-0.018665463698942338,VME:VALLS_VME_UK90,Public maintained factor portfolio diagnostic; no strict simultaneous validation+lockbox survivor.,e824f120d251fbe9f99f4afa484169ac3b2f79cd2531a50f46e70dee1d2cbf4f,39,V58_PUBLIC_FACTOR_POSTSAMPLE,,,-0.010582245652766234
MOMLS_VME_UK90,BLOCKED,DIRECTIONALLY_PERSISTENT_ONLY,value_momentum_everywhere,,,,,,,False,,,VME:MOMLS_VME_UK90,0.0,,,-0.009327014830828855,VME:MOMLS_VME_UK90,Public maintained factor portfolio diagnostic; no strict simultaneous validation+lockbox survivor.,e824f120d251fbe9f99f4afa484169ac3b2f79cd2531a50f46e70dee1d2cbf4f,39,V58_PUBLIC_FACTOR_POSTSAMPLE,,,-0.0023538394058313684
VALLS_VME_ROE90,BLOCKED,FAILED_OR_UNIDENTIFIABLE,value_momentum_everywhere,,,,,,,False,,,VME:VALLS_VME_ROE90,0.0,,,-0.012478101114595427,VME:VALLS_VME_ROE90,Public maintained factor portfolio diagnostic; no strict simultaneous validation+lockbox survivor.,e824f120d251fbe9f99f4afa484169ac3b2f79cd2531a50f46e70dee1d2cbf4f,39,V58_PUBLIC_FACTOR_POSTSAMPLE,,,-0.010993256415956693
MOMLS_VME_ROE90,BLOCKED,DIRECTIONALLY_PERSISTENT_ONLY,value_momentum_everywhere,,,,,,,False,,,VME:MOMLS_VME_ROE90,0.0,,,-0.004026569448431145,VME:MOMLS_VME_ROE90,Public maintained factor portfolio diagnostic; no strict simultaneous validation+lockbox survivor.,e824f120d251fbe9f99f4afa484169ac3b2f79cd2531a50f46e70dee1d2cbf4f,39,V58_PUBLIC_FACTOR_POSTSAMPLE,,,-0.0038159876385505044
VALLS_VME_JP90,BLOCKED,DIRECTIONALLY_PERSISTENT_ONLY,value_momentum_everywhere,,,,,,,False,,,VME:VALLS_VME_JP90,0.0,,,-0.010086491396794472,VME:VALLS_VME_JP90,Public maintained factor portfolio diagnostic; no strict simultaneous validation+lockbox survivor.,e824f120d251fbe9f99f4afa484169ac3b2f79cd2531a50f46e70dee1d2cbf4f,39,V58_PUBLIC_FACTOR_POSTSAMPLE,,,-0.008641641689036288
MOMLS_VME_JP90,BLOCKED,DIRECTIONALLY_PERSISTENT_ONLY,value_momentum_everywhere,,,,,,,False,,,VME:MOMLS_VME_JP90,0.0,,,-0.009065509537054673,VME:MOMLS_VME_JP90,Public maintained factor portfolio diagnostic; no strict simultaneous validation+lockbox survivor.,e824f120d251fbe9f99f4afa484169ac3b2f79cd2531a50f46e70dee1d2cbf4f,39,V58_PUBLIC_FACTOR_POSTSAMPLE,,,-0.009047721732349977
VALLS_VME_EQ,BLOCKED,FAILED_OR_UNIDENTIFIABLE,value_momentum_everywhere,,,,,,,False,,,VME:VALLS_VME_EQ,0.0,,,-0.011761188023971074,VME:VALLS_VME_EQ,Public maintained factor portfolio diagnostic; no strict simultaneous validation+lockbox survivor.,e824f120d251fbe9f99f4afa484169ac3b2f79cd2531a50f46e70dee1d2cbf4f,39,V58_PUBLIC_FACTOR_POSTSAMPLE,,,-0.008909025170014307
MOMLS_VME_EQ,BLOCKED,FAILED_OR_UNIDENTIFIABLE,value_momentum_everywhere,,,,,,,False,,,VME:MOMLS_VME_EQ,0.0,,,-0.006391752751917855,VME:MOMLS_VME_EQ,Public maintained factor portfolio diagnostic; no strict simultaneous validation+lockbox survivor.,e824f120d251fbe9f99f4afa484169ac3b2f79cd2531a50f46e70dee1d2cbf4f,39,V58_PUBLIC_FACTOR_POSTSAMPLE,,,-0.005467080499393322
VALLS_VME_FX,BLOCKED,FAILED_OR_UNIDENTIFIABLE,value_momentum_everywhere,,,,,,,False,,,VME:VALLS_VME_FX,0.0,,,-0.006945275901839387,VME:VALLS_VME_FX,Public maintained factor portfolio diagnostic; no strict simultaneous validation+lockbox survivor.,e824f120d251fbe9f99f4afa484169ac3b2f79cd2531a50f46e70dee1d2cbf4f,39,V58_PUBLIC_FACTOR_POSTSAMPLE,,,-0.0044045842515588445
MOMLS_VME_FX,BLOCKED,FAILED_OR_UNIDENTIFIABLE,value_momentum_everywhere,,,,,,,False,,,VME:MOMLS_VME_FX,0.0,,,-0.005744889871058339,VME:MOMLS_VME_FX,Public maintained factor portfolio diagnostic; no strict simultaneous validation+lockbox survivor.,e824f120d251fbe9f99f4afa484169ac3b2f79cd2531a50f46e70dee1d2cbf4f,39,V58_PUBLIC_FACTOR_POSTSAMPLE,,,-0.005038310148012247
VALLS_VME_FI,BLOCKED,FAILED_OR_UNIDENTIFIABLE,value_momentum_everywhere,,,,,,,False,,,VME:VALLS_VME_FI,0.0,,,-0.002621554958890761,VME:VALLS_VME_FI,Public maintained factor portfolio diagnostic; no strict simultaneous validation+lockbox survivor.,e824f120d251fbe9f99f4afa484169ac3b2f79cd2531a50f46e70dee1d2cbf4f,39,V58_PUBLIC_FACTOR_POSTSAMPLE,,,-0.0019491186405755576
MOMLS_VME_FI,BLOCKED,DIRECTIONALLY_PERSISTENT_ONLY,value_momentum_everywhere,,,,,,,False,,,VME:MOMLS_VME_FI,0.0,,,-0.0025200066345025633,VME:MOMLS_VME_FI,Public maintained factor portfolio diagnostic; no strict simultaneous validation+lockbox survivor.,e824f120d251fbe9f99f4afa484169ac3b2f79cd2531a50f46e70dee1d2cbf4f,39,V58_PUBLIC_FACTOR_POSTSAMPLE,,,-0.0014402530938904061
VALLS_VME_COM,BLOCKED,DIRECTIONALLY_PERSISTENT_ONLY,value_momentum_everywhere,,,,,,,False,,,VME:VALLS_VME_COM,0.0,,,-0.01530812112099578,VME:VALLS_VME_COM,Public maintained factor portfolio diagnostic; no strict simultaneous validation+lockbox survivor.,e824f120d251fbe9f99f4afa484169ac3b2f79cd2531a50f46e70dee1d2cbf4f,39,V58_PUBLIC_FACTOR_POSTSAMPLE,,,0.0011491034922884516
MOMLS_VME_COM,BLOCKED,FAILED_OR_UNIDENTIFIABLE,value_momentum_everywhere,,,,,,,False,,,VME:MOMLS_VME_COM,0.0,,,-0.029467699008610525,VME:MOMLS_VME_COM,Public maintained factor portfolio diagnostic; no strict simultaneous validation+lockbox survivor.,e824f120d251fbe9f99f4afa484169ac3b2f79cd2531a50f46e70dee1d2cbf4f,39,V58_PUBLIC_FACTOR_POSTSAMPLE,,,-0.0128978423141269
USA,BLOCKED,DIRECTIONALLY_PERSISTENT_ONLY,betting_against_beta,,,,,,,False,,,BAB:USA,0.0,,,-0.005626752024548129,BAB:USA,Public maintained factor portfolio diagnostic; no strict simultaneous validation+lockbox survivor.,e824f120d251fbe9f99f4afa484169ac3b2f79cd2531a50f46e70dee1d2cbf4f,39,V58_PUBLIC_FACTOR_POSTSAMPLE,,,0.004355456760436533
Global,BLOCKED,DIRECTIONALLY_PERSISTENT_ONLY,betting_against_beta,,,,,,,False,,,BAB:Global,0.0,,,-0.003041772263270835,BAB:Global,Public maintained factor portfolio diagnostic; no strict simultaneous validation+lockbox survivor.,e824f120d251fbe9f99f4afa484169ac3b2f79cd2531a50f46e70dee1d2cbf4f,39,V58_PUBLIC_FACTOR_POSTSAMPLE,,,0.006041417072594606
Global Ex USA,BLOCKED,DIRECTIONALLY_PERSISTENT_ONLY,betting_against_beta,,,,,,,False,,,BAB:Global Ex USA,0.0,,,-0.0021877353618389916,BAB:Global Ex USA,Public maintained factor portfolio diagnostic; no strict simultaneous validation+lockbox survivor.,e824f120d251fbe9f99f4afa484169ac3b2f79cd2531a50f46e70dee1d2cbf4f,39,V58_PUBLIC_FACTOR_POSTSAMPLE,,,0.004923822241543526
Europe,BLOCKED,DIRECTIONALLY_PERSISTENT_ONLY,betting_against_beta,,,,,,,False,,,BAB:Europe,0.0,,,-0.0033274690786260627,BAB:Europe,Public maintained factor portfolio diagnostic; no strict simultaneous validation+lockbox survivor.,e824f120d251fbe9f99f4afa484169ac3b2f79cd2531a50f46e70dee1d2cbf4f,39,V58_PUBLIC_FACTOR_POSTSAMPLE,,,0.001660442505119839
North America,BLOCKED,DIRECTIONALLY_PERSISTENT_ONLY,betting_against_beta,,,,,,,False,,,BAB:North America,0.0,,,-0.0047214841002376755,BAB:North America,Public maintained factor portfolio diagnostic; no strict simultaneous validation+lockbox survivor.,e824f120d251fbe9f99f4afa484169ac3b2f79cd2531a50f46e70dee1d2cbf4f,39,V58_PUBLIC_FACTOR_POSTSAMPLE,,,0.0056556476605603345
Pacific,BLOCKED,DIRECTIONALLY_PERSISTENT_ONLY,betting_against_beta,,,,,,,False,,,BAB:Pacific,0.0,,,-0.005014153929964131,BAB:Pacific,Public maintained factor portfolio diagnostic; no strict simultaneous validation+lockbox survivor.,e824f120d251fbe9f99f4afa484169ac3b2f79cd2531a50f46e70dee1d2cbf4f,39,V58_PUBLIC_FACTOR_POSTSAMPLE,,,0.005198785685327858
USA,BLOCKED,FAILED_OR_UNIDENTIFIABLE,quality_minus_junk,,,,,,,False,,,QMJ:USA,0.0,,,-0.011235832338157366,QMJ:USA,Public maintained factor portfolio diagnostic; no strict simultaneous validation+lockbox survivor.,e824f120d251fbe9f99f4afa484169ac3b2f79cd2531a50f46e70dee1d2cbf4f,39,V58_PUBLIC_FACTOR_POSTSAMPLE,,,-0.0019157950377908552
Global,BLOCKED,DIRECTIONALLY_PERSISTENT_ONLY,quality_minus_junk,,,,,,,False,,,QMJ:Global,0.0,,,-0.007140755505461468,QMJ:Global,Public maintained factor portfolio diagnostic; no strict simultaneous validation+lockbox survivor.,e824f120d251fbe9f99f4afa484169ac3b2f79cd2531a50f46e70dee1d2cbf4f,39,V58_PUBLIC_FACTOR_POSTSAMPLE,,,-1.8806227663240374e-05
Global Ex USA,BLOCKED,DIRECTIONALLY_PERSISTENT_ONLY,quality_minus_junk,,,,,,,False,,,QMJ:Global Ex USA,0.0,,,-0.00313826603826609,QMJ:Global Ex USA,Public maintained factor portfolio diagnostic; no strict simultaneous validation+lockbox survivor.,e824f120d251fbe9f99f4afa484169ac3b2f79cd2531a50f46e70dee1d2cbf4f,39,V58_PUBLIC_FACTOR_POSTSAMPLE,,,0.0008833647002709586
Europe,BLOCKED,DIRECTIONALLY_PERSISTENT_ONLY,quality_minus_junk,,,,,,,False,,,QMJ:Europe,0.0,,,-0.0028569717005146513,QMJ:Europe,Public maintained factor portfolio diagnostic; no strict simultaneous validation+lockbox survivor.,e824f120d251fbe9f99f4afa484169ac3b2f79cd2531a50f46e70dee1d2cbf4f,39,V58_PUBLIC_FACTOR_POSTSAMPLE,,,-0.0003533556601743454
North America,BLOCKED,FAILED_OR_UNIDENTIFIABLE,quality_minus_junk,,,,,,,False,,,QMJ:North America,0.0,,,-0.010901804873760036,QMJ:North America,Public maintained factor portfolio diagnostic; no strict simultaneous validation+lockbox survivor.,e824f120d251fbe9f99f4afa484169ac3b2f79cd2531a50f46e70dee1d2cbf4f,39,V58_PUBLIC_FACTOR_POSTSAMPLE,,,-0.001585186270381238
Pacific,BLOCKED,DIRECTIONALLY_PERSISTENT_ONLY,quality_minus_junk,,,,,,,False,,,QMJ:Pacific,0.0,,,-0.004147092707172881,QMJ:Pacific,Public maintained factor portfolio diagnostic; no strict simultaneous validation+lockbox survivor.,e824f120d251fbe9f99f4afa484169ac3b2f79cd2531a50f46e70dee1d2cbf4f,39,V58_PUBLIC_FACTOR_POSTSAMPLE,,,-9.370627548388466e-05
mom_1,BLOCKED,REJECTED,momentum,,,,,,,,False,,mom_1:future_21d_return,0.0,-0.029125025135781992,,,mom_1:future_21d_return,Reused fixed 483-name panel diagnostic; even a survivor would require fresh point-in-time replication.,df754ae9cbd7af9e2ad056f7daf07c522a44e6fa050228b0a9d0085d2a0288b7,200,V58_PRICE_VOLUME_SWEEP,-0.0064806366671278145,,
mom_1,BLOCKED,REJECTED,momentum,,,,,,,,False,,mom_1:future_63d_return,0.0,-0.0645337571628559,,,mom_1:future_63d_return,Reused fixed 483-name panel diagnostic; even a survivor would require fresh point-in-time replication.,df754ae9cbd7af9e2ad056f7daf07c522a44e6fa050228b0a9d0085d2a0288b7,200,V58_PRICE_VOLUME_SWEEP,-0.05933981746174883,,
mom_3,BLOCKED,REJECTED,momentum,,,,,,,,False,,mom_3:future_21d_return,0.0,-0.09457302514446474,,,mom_3:future_21d_return,Reused fixed 483-name panel diagnostic; even a survivor would require fresh point-in-time replication.,df754ae9cbd7af9e2ad056f7daf07c522a44e6fa050228b0a9d0085d2a0288b7,200,V58_PRICE_VOLUME_SWEEP,-0.06359331843475957,,
mom_3,BLOCKED,REJECTED,momentum,,,,,,,,False,,mom_3:future_63d_return,0.0,-0.12668875836826904,,,mom_3:future_63d_return,Reused fixed 483-name panel diagnostic; even a survivor would require fresh point-in-time replication.,df754ae9cbd7af9e2ad056f7daf07c522a44e6fa050228b0a9d0085d2a0288b7,200,V58_PRICE_VOLUME_SWEEP,-0.14416204149420486,,
mom_5,BLOCKED,REJECTED,momentum,,,,,,,,False,,mom_5:future_21d_return,0.0,-0.06448171883513525,,,mom_5:future_21d_return,Reused fixed 483-name panel diagnostic; even a survivor would require fresh point-in-time replication.,df754ae9cbd7af9e2ad056f7daf07c522a44e6fa050228b0a9d0085d2a0288b7,200,V58_PRICE_VOLUME_SWEEP,-0.027208097131970713,,
mom_5,BLOCKED,REJECTED,momentum,,,,,,,,False,,mom_5:future_63d_return,0.0,-0.15978486794394892,,,mom_5:future_63d_return,Reused fixed 483-name panel diagnostic; even a survivor would require fresh point-in-time replication.,df754ae9cbd7af9e2ad056f7daf07c522a44e6fa050228b0a9d0085d2a0288b7,200,V58_PRICE_VOLUME_SWEEP,-0.10277198482938596,,
mom_10,BLOCKED,REJECTED,momentum,,,,,,,,False,,mom_10:future_21d_return,0.0,-0.13180780744404538,,,mom_10:future_21d_return,Reused fixed 483-name panel diagnostic; even a survivor would require fresh point-in-time replication.,df754ae9cbd7af9e2ad056f7daf07c522a44e6fa050228b0a9d0085d2a0288b7,200,V58_PRICE_VOLUME_SWEEP,-0.040555637405822034,,
mom_10,BLOCKED,REJECTED,momentum,,,,,,,,False,,mom_10:future_63d_return,0.0,-0.0271663316114531,,,mom_10:future_63d_return,Reused fixed 483-name panel diagnostic; even a survivor would require fresh point-in-time replication.,df754ae9cbd7af9e2ad056f7daf07c522a44e6fa050228b0a9d0085d2a0288b7,200,V58_PRICE_VOLUME_SWEEP,-0.1719477610201145,,
mom_21,BLOCKED,REJECTED,momentum,,,,,,,,False,,mom_21:future_21d_return,0.0,-0.12205103364152875,,,mom_21:future_21d_return,Reused fixed 483-name panel diagnostic; even a survivor would require fresh point-in-time replication.,df754ae9cbd7af9e2ad056f7daf07c522a44e6fa050228b0a9d0085d2a0288b7,200,V58_PRICE_VOLUME_SWEEP,-0.054198649918664854,,
mom_21,BLOCKED,REJECTED,momentum,,,,,,,,False,,mom_21:future_63d_return,0.0,-0.20198223194388337,,,mom_21:future_63d_return,Reused fixed 483-name panel diagnostic; even a survivor would require fresh point-in-time replication.,df754ae9cbd7af9e2ad056f7daf07c522a44e6fa050228b0a9d0085d2a0288b7,200,V58_PRICE_VOLUME_SWEEP,-0.12313248368996413,,
mom_42,BLOCKED,REJECTED,momentum,,,,,,,,False,,mom_42:future_21d_return,0.0,-0.11588362319821309,,,mom_42:future_21d_return,Reused fixed 483-name panel diagnostic; even a survivor would require fresh point-in-time replication.,df754ae9cbd7af9e2ad056f7daf07c522a44e6fa050228b0a9d0085d2a0288b7,200,V58_PRICE_VOLUME_SWEEP,-0.22359422545663543,,
mom_42,BLOCKED,REJECTED,momentum,,,,,,,,False,,mom_42:future_63d_return,0.0,-0.0342497096181007,,,mom_42:future_63d_return,Reused fixed 483-name panel diagnostic; even a survivor would require fresh point-in-time replication.,df754ae9cbd7af9e2ad056f7daf07c522a44e6fa050228b0a9d0085d2a0288b7,200,V58_PRICE_VOLUME_SWEEP,-0.3072940706213476,,
mom_63,BLOCKED,REJECTED,momentum,,,,,,,,False,,mom_63:future_21d_return,0.0,-0.022543493632366907,,,mom_63:future_21d_return,Reused fixed 483-name panel diagnostic; even a survivor would require fresh point-in-time replication.,df754ae9cbd7af9e2ad056f7daf07c522a44e6fa050228b0a9d0085d2a0288b7,200,V58_PRICE_VOLUME_SWEEP,-0.27434189309162327,,
mom_63,BLOCKED,REJECTED,momentum,,,,,,,,False,,mom_63:future_63d_return,0.0,-0.2602355937207603,,,mom_63:future_63d_return,Reused fixed 483-name panel diagnostic; even a survivor would require fresh point-in-time replication.,df754ae9cbd7af9e2ad056f7daf07c522a44e6fa050228b0a9d0085d2a0288b7,200,V58_PRICE_VOLUME_SWEEP,-0.0895156833778755,,
mom_126,BLOCKED,REJECTED,momentum,,,,,,,,False,,mom_126:future_21d_return,0.0,-0.03690973096821174,,,mom_126:future_21d_return,Reused fixed 483-name panel diagnostic; even a survivor would require fresh point-in-time replication.,df754ae9cbd7af9e2ad056f7daf07c522a44e6fa050228b0a9d0085d2a0288b7,200,V58_PRICE_VOLUME_SWEEP,-0.17852817529644063,,
mom_126,BLOCKED,REJECTED,momentum,,,,,,,,False,,mom_126:future_63d_return,0.0,-0.0634271151097895,,,mom_126:future_63d_return,Reused fixed 483-name panel diagnostic; even a survivor would require fresh point-in-time replication.,df754ae9cbd7af9e2ad056f7daf07c522a44e6fa050228b0a9d0085d2a0288b7,200,V58_PRICE_VOLUME_SWEEP,-0.22252459286964252,,
mom_252,BLOCKED,REJECTED,momentum,,,,,,,,False,,mom_252:future_21d_return,0.0,-0.07872949844468219,,,mom_252:future_21d_return,Reused fixed 483-name panel diagnostic; even a survivor would require fresh point-in-time replication.,df754ae9cbd7af9e2ad056f7daf07c522a44e6fa050228b0a9d0085d2a0288b7,200,V58_PRICE_VOLUME_SWEEP,-0.26751036519706317,,
mom_252,BLOCKED,REJECTED,momentum,,,,,,,,False,,mom_252:future_63d_return,0.0,-0.008181935231068464,,,mom_252:future_63d_return,Reused fixed 483-name panel diagnostic; even a survivor would require fresh point-in-time replication.,df754ae9cbd7af9e2ad056f7daf07c522a44e6fa050228b0a9d0085d2a0288b7,200,V58_PRICE_VOLUME_SWEEP,-0.3606669724805275,,
reversal_1,BLOCKED,REJECTED,reversal,,,,,,,,False,,reversal_1:future_21d_return,0.0,-0.029125025135781992,,,reversal_1:future_21d_return,Reused fixed 483-name panel diagnostic; even a survivor would require fresh point-in-time replication.,df754ae9cbd7af9e2ad056f7daf07c522a44e6fa050228b0a9d0085d2a0288b7,200,V58_PRICE_VOLUME_SWEEP,-0.0064806366671278145,,
reversal_1,BLOCKED,REJECTED,reversal,,,,,,,,False,,reversal_1:future_63d_return,0.0,-0.0645337571628559,,,reversal_1:future_63d_return,Reused fixed 483-name panel diagnostic; even a survivor would require fresh point-in-time replication.,df754ae9cbd7af9e2ad056f7daf07c522a44e6fa050228b0a9d0085d2a0288b7,200,V58_PRICE_VOLUME_SWEEP,-0.05933981746174883,,
reversal_3,BLOCKED,REJECTED,reversal,,,,,,,,False,,reversal_3:future_21d_return,0.0,-0.09457302514446474,,,reversal_3:future_21d_return,Reused fixed 483-name panel diagnostic; even a survivor would require fresh point-in-time replication.,df754ae9cbd7af9e2ad056f7daf07c522a44e6fa050228b0a9d0085d2a0288b7,200,V58_PRICE_VOLUME_SWEEP,-0.06359331843475957,,
reversal_3,BLOCKED,REJECTED,reversal,,,,,,,,False,,reversal_3:future_63d_return,0.0,-0.12668875836826904,,,reversal_3:future_63d_return,Reused fixed 483-name panel diagnostic; even a survivor would require fresh point-in-time replication.,df754ae9cbd7af9e2ad056f7daf07c522a44e6fa050228b0a9d0085d2a0288b7,200,V58_PRICE_VOLUME_SWEEP,-0.14416204149420486,,
reversal_5,BLOCKED,REJECTED,reversal,,,,,,,,False,,reversal_5:future_21d_return,0.0,-0.06448171883513525,,,reversal_5:future_21d_return,Reused fixed 483-name panel diagnostic; even a survivor would require fresh point-in-time replication.,df754ae9cbd7af9e2ad056f7daf07c522a44e6fa050228b0a9d0085d2a0288b7,200,V58_PRICE_VOLUME_SWEEP,-0.027208097131970713,,
reversal_5,BLOCKED,REJECTED,reversal,,,,,,,,False,,reversal_5:future_63d_return,0.0,-0.15978486794394892,,,reversal_5:future_63d_return,Reused fixed 483-name panel diagnostic; even a survivor would require fresh point-in-time replication.,df754ae9cbd7af9e2ad056f7daf07c522a44e6fa050228b0a9d0085d2a0288b7,200,V58_PRICE_VOLUME_SWEEP,-0.10277198482938596,,
reversal_10,BLOCKED,REJECTED,reversal,,,,,,,,False,,reversal_10:future_21d_return,0.0,-0.13180780744404538,,,reversal_10:future_21d_return,Reused fixed 483-name panel diagnostic; even a survivor would require fresh point-in-time replication.,df754ae9cbd7af9e2ad056f7daf07c522a44e6fa050228b0a9d0085d2a0288b7,200,V58_PRICE_VOLUME_SWEEP,-0.040555637405822034,,
reversal_10,BLOCKED,REJECTED,reversal,,,,,,,,False,,reversal_10:future_63d_return,0.0,-0.0271663316114531,,,reversal_10:future_63d_return,Reused fixed 483-name panel diagnostic; even a survivor would require fresh point-in-time replication.,df754ae9cbd7af9e2ad056f7daf07c522a44e6fa050228b0a9d0085d2a0288b7,200,V58_PRICE_VOLUME_SWEEP,-0.1719477610201145,,
reversal_21,BLOCKED,REJECTED,reversal,,,,,,,,False,,reversal_21:future_21d_return,0.0,-0.12205103364152875,,,reversal_21:future_21d_return,Reused fixed 483-name panel diagnostic; even a survivor would require fresh point-in-time replication.,df754ae9cbd7af9e2ad056f7daf07c522a44e6fa050228b0a9d0085d2a0288b7,200,V58_PRICE_VOLUME_SWEEP,-0.054198649918664854,,
reversal_21,BLOCKED,REJECTED,reversal,,,,,,,,False,,reversal_21:future_63d_return,0.0,-0.20198223194388337,,,reversal_21:future_63d_return,Reused fixed 483-name panel diagnostic; even a survivor would require fresh point-in-time replication.,df754ae9cbd7af9e2ad056f7daf07c522a44e6fa050228b0a9d0085d2a0288b7,200,V58_PRICE_VOLUME_SWEEP,-0.12313248368996413,,
mom_63_skip_5,BLOCKED,REJECTED,momentum,,,,,,,,False,,mom_63_skip_5:future_21d_return,0.0,-0.020661046004832248,,,mom_63_skip_5:future_21d_return,Reused fixed 483-name panel diagnostic; even a survivor would require fresh point-in-time replication.,df754ae9cbd7af9e2ad056f7daf07c522a44e6fa050228b0a9d0085d2a0288b7,200,V58_PRICE_VOLUME_SWEEP,-0.24837384265138446,,
mom_63_skip_5,BLOCKED,REJECTED,momentum,,,,,,,,False,,mom_63_skip_5:future_63d_return,0.0,-0.023208666302894462,,,mom_63_skip_5:future_63d_return,Reused fixed 483-name panel diagnostic; even a survivor would require fresh point-in-time replication.,df754ae9cbd7af9e2ad056f7daf07c522a44e6fa050228b0a9d0085d2a0288b7,200,V58_PRICE_VOLUME_SWEEP,-0.25444407104730576,,
mom_126_skip_21,BLOCKED,REJECTED,momentum,,,,,,,,False,,mom_126_skip_21:future_21d_return,0.0,-0.061387161920300214,,,mom_126_skip_21:future_21d_return,Reused fixed 483-name panel diagnostic; even a survivor would require fresh point-in-time replication.,df754ae9cbd7af9e2ad056f7daf07c522a44e6fa050228b0a9d0085d2a0288b7,200,V58_PRICE_VOLUME_SWEEP,-0.1700378954596502,,
mom_126_skip_21,BLOCKED,REJECTED,momentum,,,,,,,,False,,mom_126_skip_21:future_63d_return,0.0,-0.11396253752418394,,,mom_126_skip_21:future_63d_return,Reused fixed 483-name panel diagnostic; even a survivor would require fresh point-in-time replication.,df754ae9cbd7af9e2ad056f7daf07c522a44e6fa050228b0a9d0085d2a0288b7,200,V58_PRICE_VOLUME_SWEEP,-0.21804299060868296,,
mom_252_skip_21,BLOCKED,REJECTED,momentum,,,,,,,,False,,mom_252_skip_21:future_21d_return,0.0,-0.08676946598908747,,,mom_252_skip_21:future_21d_return,Reused fixed 483-name panel diagnostic; even a survivor would require fresh point-in-time replication.,df754ae9cbd7af9e2ad056f7daf07c522a44e6fa050228b0a9d0085d2a0288b7,200,V58_PRICE_VOLUME_SWEEP,-0.26745778092078376,,
mom_252_skip_21,BLOCKED,REJECTED,momentum,,,,,,,,False,,mom_252_skip_21:future_63d_return,0.0,-0.03878425666619545,,,mom_252_skip_21:future_63d_return,Reused fixed 483-name panel diagnostic; even a survivor would require fresh point-in-time replication.,df754ae9cbd7af9e2ad056f7daf07c522a44e6fa050228b0a9d0085d2a0288b7,200,V58_PRICE_VOLUME_SWEEP,-0.35237628343242866,,
vol_5,BLOCKED,REJECTED,volatility,,,,,,,,False,,vol_5:future_21d_return,0.0,-0.14613853797993012,,,vol_5:future_21d_return,Reused fixed 483-name panel diagnostic; even a survivor would require fresh point-in-time replication.,df754ae9cbd7af9e2ad056f7daf07c522a44e6fa050228b0a9d0085d2a0288b7,200,V58_PRICE_VOLUME_SWEEP,-0.12102770391014195,,
vol_5,BLOCKED,REJECTED,volatility,,,,,,,,False,,vol_5:future_63d_return,0.0,-0.08296195036029158,,,vol_5:future_63d_return,Reused fixed 483-name panel diagnostic; even a survivor would require fresh point-in-time replication.,df754ae9cbd7af9e2ad056f7daf07c522a44e6fa050228b0a9d0085d2a0288b7,200,V58_PRICE_VOLUME_SWEEP,-0.20945034091057918,,
downvol_5,BLOCKED,REJECTED,volatility,,,,,,,,False,,downvol_5:future_21d_return,0.0,-0.12012419102731298,,,downvol_5:future_21d_return,Reused fixed 483-name panel diagnostic; even a survivor would require fresh point-in-time replication.,df754ae9cbd7af9e2ad056f7daf07c522a44e6fa050228b0a9d0085d2a0288b7,200,V58_PRICE_VOLUME_SWEEP,-0.0032296118100040155,,
downvol_5,BLOCKED,REJECTED,volatility,,,,,,,,False,,downvol_5:future_63d_return,0.0,-0.04983008652372892,,,downvol_5:future_63d_return,Reused fixed 483-name panel diagnostic; even a survivor would require fresh point-in-time replication.,df754ae9cbd7af9e2ad056f7daf07c522a44e6fa050228b0a9d0085d2a0288b7,200,V58_PRICE_VOLUME_SWEEP,-0.1921757553201359,,
vol_10,BLOCKED,REJECTED,volatility,,,,,,,,False,,vol_10:future_21d_return,0.0,-0.11737410095432949,,,vol_10:future_21d_return,Reused fixed 483-name panel diagnostic; even a survivor would require fresh point-in-time replication.,df754ae9cbd7af9e2ad056f7daf07c522a44e6fa050228b0a9d0085d2a0288b7,200,V58_PRICE_VOLUME_SWEEP,-0.1375840030800082,,
vol_10,BLOCKED,REJECTED,volatility,,,,,,,,False,,vol_10:future_63d_return,0.0,-0.1434816595324222,,,vol_10:future_63d_return,Reused fixed 483-name panel diagnostic; even a survivor would require fresh point-in-time replication.,df754ae9cbd7af9e2ad056f7daf07c522a44e6fa050228b0a9d0085d2a0288b7,200,V58_PRICE_VOLUME_SWEEP,-0.23417107814281685,,
downvol_10,BLOCKED,REJECTED,volatility,,,,,,,,False,,downvol_10:future_21d_return,0.0,-0.035393272293112545,,,downvol_10:future_21d_return,Reused fixed 483-name panel diagnostic; even a survivor would require fresh point-in-time replication.,df754ae9cbd7af9e2ad056f7daf07c522a44e6fa050228b0a9d0085d2a0288b7,200,V58_PRICE_VOLUME_SWEEP,-0.17893162379300076,,
downvol_10,BLOCKED,REJECTED,volatility,,,,,,,,False,,downvol_10:future_63d_return,0.0,-0.11238563851758517,,,downvol_10:future_63d_return,Reused fixed 483-name panel diagnostic; even a survivor would require fresh point-in-time replication.,df754ae9cbd7af9e2ad056f7daf07c522a44e6fa050228b0a9d0085d2a0288b7,200,V58_PRICE_VOLUME_SWEEP,-0.22327927720000645,,
vol_21,BLOCKED,REJECTED,volatility,,,,,,,,False,,vol_21:future_21d_return,0.0,-0.15954660625828834,,,vol_21:future_21d_return,Reused fixed 483-name panel diagnostic; even a survivor would require fresh point-in-time replication.,df754ae9cbd7af9e2ad056f7daf07c522a44e6fa050228b0a9d0085d2a0288b7,200,V58_PRICE_VOLUME_SWEEP,-0.19537182413524834,,
vol_21,BLOCKED,REJECTED,volatility,,,,,,,,False,,vol_21:future_63d_return,0.0,-0.14546239709805425,,,vol_21:future_63d_return,Reused fixed 483-name panel diagnostic; even a survivor would require fresh point-in-time replication.,df754ae9cbd7af9e2ad056f7daf07c522a44e6fa050228b0a9d0085d2a0288b7,200,V58_PRICE_VOLUME_SWEEP,-0.2980762439734104,,
downvol_21,BLOCKED,REJECTED,volatility,,,,,,,,False,,downvol_21:future_21d_return,0.0,-0.13462785039441366,,,downvol_21:future_21d_return,Reused fixed 483-name panel diagnostic; even a survivor would require fresh point-in-time replication.,df754ae9cbd7af9e2ad056f7daf07c522a44e6fa050228b0a9d0085d2a0288b7,200,V58_PRICE_VOLUME_SWEEP,-0.20822520318190485,,
downvol_21,BLOCKED,REJECTED,volatility,,,,,,,,False,,downvol_21:future_63d_return,0.0,-0.1414095528486872,,,downvol_21:future_63d_return,Reused fixed 483-name panel diagnostic; even a survivor would require fresh point-in-time replication.,df754ae9cbd7af9e2ad056f7daf07c522a44e6fa050228b0a9d0085d2a0288b7,200,V58_PRICE_VOLUME_SWEEP,-0.278796577901134,,
vol_42,BLOCKED,REJECTED,volatility,,,,,,,,False,,vol_42:future_21d_return,0.0,-0.15887288933184365,,,vol_42:future_21d_return,Reused fixed 483-name panel diagnostic; even a survivor would require fresh point-in-time replication.,df754ae9cbd7af9e2ad056f7daf07c522a44e6fa050228b0a9d0085d2a0288b7,200,V58_PRICE_VOLUME_SWEEP,-0.255090965031041,,
vol_42,BLOCKED,REJECTED,volatility,,,,,,,,False,,vol_42:future_63d_return,0.0,-0.14796278177095257,,,vol_42:future_63d_return,Reused fixed 483-name panel diagnostic; even a survivor would require fresh point-in-time replication.,df754ae9cbd7af9e2ad056f7daf07c522a44e6fa050228b0a9d0085d2a0288b7,200,V58_PRICE_VOLUME_SWEEP,-0.36056315588992627,,
downvol_42,BLOCKED,REJECTED,volatility,,,,,,,,False,,downvol_42:future_21d_return,0.0,-0.15676486469024628,,,downvol_42:future_21d_return,Reused fixed 483-name panel diagnostic; even a survivor would require fresh point-in-time replication.,df754ae9cbd7af9e2ad056f7daf07c522a44e6fa050228b0a9d0085d2a0288b7,200,V58_PRICE_VOLUME_SWEEP,-0.26410898662001003,,
downvol_42,BLOCKED,REJECTED,volatility,,,,,,,,False,,downvol_42:future_63d_return,0.0,-0.1430659595077796,,,downvol_42:future_63d_return,Reused fixed 483-name panel diagnostic; even a survivor would require fresh point-in-time replication.,df754ae9cbd7af9e2ad056f7daf07c522a44e6fa050228b0a9d0085d2a0288b7,200,V58_PRICE_VOLUME_SWEEP,-0.36244598600025013,,
vol_63,BLOCKED,REJECTED,volatility,,,,,,,,False,,vol_63:future_21d_return,0.0,-0.1631312035513437,,,vol_63:future_21d_return,Reused fixed 483-name panel diagnostic; even a survivor would require fresh point-in-time replication.,df754ae9cbd7af9e2ad056f7daf07c522a44e6fa050228b0a9d0085d2a0288b7,200,V58_PRICE_VOLUME_SWEEP,-0.24805309465388498,,
vol_63,BLOCKED,REJECTED,volatility,,,,,,,,False,,vol_63:future_63d_return,0.0,-0.15388085647435523,,,vol_63:future_63d_return,Reused fixed 483-name panel diagnostic; even a survivor would require fresh point-in-time replication.,df754ae9cbd7af9e2ad056f7daf07c522a44e6fa050228b0a9d0085d2a0288b7,200,V58_PRICE_VOLUME_SWEEP,-0.38186555458956606,,
downvol_63,BLOCKED,REJECTED,volatility,,,,,,,,False,,downvol_63:future_21d_return,0.0,-0.14069320177476624,,,downvol_63:future_21d_return,Reused fixed 483-name panel diagnostic; even a survivor would require fresh point-in-time replication.,df754ae9cbd7af9e2ad056f7daf07c522a44e6fa050228b0a9d0085d2a0288b7,200,V58_PRICE_VOLUME_SWEEP,-0.25670018627910307,,
downvol_63,BLOCKED,REJECTED,volatility,,,,,,,,False,,downvol_63:future_63d_return,0.0,-0.1355194689392706,,,downvol_63:future_63d_return,Reused fixed 483-name panel diagnostic; even a survivor would require fresh point-in-time replication.,df754ae9cbd7af9e2ad056f7daf07c522a44e6fa050228b0a9d0085d2a0288b7,200,V58_PRICE_VOLUME_SWEEP,-0.4004955606090915,,
vol_126,BLOCKED,REJECTED,volatility,,,,,,,,False,,vol_126:future_21d_return,0.0,-0.18040833596780617,,,vol_126:future_21d_return,Reused fixed 483-name panel diagnostic; even a survivor would require fresh point-in-time replication.,df754ae9cbd7af9e2ad056f7daf07c522a44e6fa050228b0a9d0085d2a0288b7,200,V58_PRICE_VOLUME_SWEEP,-0.26190915339372617,,
vol_126,BLOCKED,REJECTED,volatility,,,,,,,,False,,vol_126:future_63d_return,0.0,-0.18619974417906154,,,vol_126:future_63d_return,Reused fixed 483-name panel diagnostic; even a survivor would require fresh point-in-time replication.,df754ae9cbd7af9e2ad056f7daf07c522a44e6fa050228b0a9d0085d2a0288b7,200,V58_PRICE_VOLUME_SWEEP,-0.36555388522286997,,
downvol_126,BLOCKED,REJECTED,volatility,,,,,,,,False,,downvol_126:future_21d_return,0.0,-0.1630624915585647,,,downvol_126:future_21d_return,Reused fixed 483-name panel diagnostic; even a survivor would require fresh point-in-time replication.,df754ae9cbd7af9e2ad056f7daf07c522a44e6fa050228b0a9d0085d2a0288b7,200,V58_PRICE_VOLUME_SWEEP,-0.26633884297349936,,
downvol_126,BLOCKED,REJECTED,volatility,,,,,,,,False,,downvol_126:future_63d_return,0.0,-0.15121625095702296,,,downvol_126:future_63d_return,Reused fixed 483-name panel diagnostic; even a survivor would require fresh point-in-time replication.,df754ae9cbd7af9e2ad056f7daf07c522a44e6fa050228b0a9d0085d2a0288b7,200,V58_PRICE_VOLUME_SWEEP,-0.39073260227368223,,
skew_21,BLOCKED,REJECTED,distribution,,,,,,,,False,,skew_21:future_21d_return,0.0,-0.029318189983483532,,,skew_21:future_21d_return,Reused fixed 483-name panel diagnostic; even a survivor would require fresh point-in-time replication.,df754ae9cbd7af9e2ad056f7daf07c522a44e6fa050228b0a9d0085d2a0288b7,200,V58_PRICE_VOLUME_SWEEP,-0.198967200762694,,
skew_21,BLOCKED,REJECTED,distribution,,,,,,,,False,,skew_21:future_63d_return,0.0,-0.07751058835360003,,,skew_21:future_63d_return,Reused fixed 483-name panel diagnostic; even a survivor would require fresh point-in-time replication.,df754ae9cbd7af9e2ad056f7daf07c522a44e6fa050228b0a9d0085d2a0288b7,200,V58_PRICE_VOLUME_SWEEP,-0.20870414862516354,,
kurt_21,BLOCKED,REJECTED,distribution,,,,,,,,False,,kurt_21:future_21d_return,0.0,-0.03244016101837287,,,kurt_21:future_21d_return,Reused fixed 483-name panel diagnostic; even a survivor would require fresh point-in-time replication.,df754ae9cbd7af9e2ad056f7daf07c522a44e6fa050228b0a9d0085d2a0288b7,200,V58_PRICE_VOLUME_SWEEP,-0.10435193514392868,,
kurt_21,BLOCKED,REJECTED,distribution,,,,,,,,False,,kurt_21:future_63d_return,0.0,-0.039353115526195664,,,kurt_21:future_63d_return,Reused fixed 483-name panel diagnostic; even a survivor would require fresh point-in-time replication.,df754ae9cbd7af9e2ad056f7daf07c522a44e6fa050228b0a9d0085d2a0288b7,200,V58_PRICE_VOLUME_SWEEP,-0.07809035652122767,,
maxret_21,BLOCKED,REJECTED,distribution,,,,,,,,False,,maxret_21:future_21d_return,0.0,-0.15289063956667662,,,maxret_21:future_21d_return,Reused fixed 483-name panel diagnostic; even a survivor would require fresh point-in-time replication.,df754ae9cbd7af9e2ad056f7daf07c522a44e6fa050228b0a9d0085d2a0288b7,200,V58_PRICE_VOLUME_SWEEP,-0.17407049654298967,,
maxret_21,BLOCKED,REJECTED,distribution,,,,,,,,False,,maxret_21:future_63d_return,0.0,-0.10067758826409834,,,maxret_21:future_63d_return,Reused fixed 483-name panel diagnostic; even a survivor would require fresh point-in-time replication.,df754ae9cbd7af9e2ad056f7daf07c522a44e6fa050228b0a9d0085d2a0288b7,200,V58_PRICE_VOLUME_SWEEP,-0.24096165623070775,,
minret_21,BLOCKED,REJECTED,distribution,,,,,,,,False,,minret_21:future_21d_return,0.0,-0.12370510566606557,,,minret_21:future_21d_return,Reused fixed 483-name panel diagnostic; even a survivor would require fresh point-in-time replication.,df754ae9cbd7af9e2ad056f7daf07c522a44e6fa050228b0a9d0085d2a0288b7,200,V58_PRICE_VOLUME_SWEEP,-0.20546804687571754,,
minret_21,BLOCKED,REJECTED,distribution,,,,,,,,False,,minret_21:future_63d_return,0.0,-0.1403977672965122,,,minret_21:future_63d_return,Reused fixed 483-name panel diagnostic; even a survivor would require fresh point-in-time replication.,df754ae9cbd7af9e2ad056f7daf07c522a44e6fa050228b0a9d0085d2a0288b7,200,V58_PRICE_VOLUME_SWEEP,-0.27282243939045686,,
skew_63,BLOCKED,REJECTED,distribution,,,,,,,,False,,skew_63:future_21d_return,0.0,-0.042426813954297884,,,skew_63:future_21d_return,Reused fixed 483-name panel diagnostic; even a survivor would require fresh point-in-time replication.,df754ae9cbd7af9e2ad056f7daf07c522a44e6fa050228b0a9d0085d2a0288b7,200,V58_PRICE_VOLUME_SWEEP,-0.18272067464731487,,
skew_63,BLOCKED,REJECTED,distribution,,,,,,,,False,,skew_63:future_63d_return,0.0,-0.1023700100114481,,,skew_63:future_63d_return,Reused fixed 483-name panel diagnostic; even a survivor would require fresh point-in-time replication.,df754ae9cbd7af9e2ad056f7daf07c522a44e6fa050228b0a9d0085d2a0288b7,200,V58_PRICE_VOLUME_SWEEP,-0.04741540791492478,,
kurt_63,BLOCKED,REJECTED,distribution,,,,,,,,False,,kurt_63:future_21d_return,0.0,-0.09368175381296806,,,kurt_63:future_21d_return,Reused fixed 483-name panel diagnostic; even a survivor would require fresh point-in-time replication.,df754ae9cbd7af9e2ad056f7daf07c522a44e6fa050228b0a9d0085d2a0288b7,200,V58_PRICE_VOLUME_SWEEP,-0.09458287273863689,,
kurt_63,BLOCKED,REJECTED,distribution,,,,,,,,False,,kurt_63:future_63d_return,0.0,-0.06894966526923414,,,kurt_63:future_63d_return,Reused fixed 483-name panel diagnostic; even a survivor would require fresh point-in-time replication.,df754ae9cbd7af9e2ad056f7daf07c522a44e6fa050228b0a9d0085d2a0288b7,200,V58_PRICE_VOLUME_SWEEP,-0.06679993245830637,,
maxret_63,BLOCKED,REJECTED,distribution,,,,,,,,False,,maxret_63:future_21d_return,0.0,-0.11273812677825261,,,maxret_63:future_21d_return,Reused fixed 483-name panel diagnostic; even a survivor would require fresh point-in-time replication.,df754ae9cbd7af9e2ad056f7daf07c522a44e6fa050228b0a9d0085d2a0288b7,200,V58_PRICE_VOLUME_SWEEP,-0.1728456036746248,,
maxret_63,BLOCKED,REJECTED,distribution,,,,,,,,False,,maxret_63:future_63d_return,0.0,-0.11824380460575587,,,maxret_63:future_63d_return,Reused fixed 483-name panel diagnostic; even a survivor would require fresh point-in-time replication.,df754ae9cbd7af9e2ad056f7daf07c522a44e6fa050228b0a9d0085d2a0288b7,200,V58_PRICE_VOLUME_SWEEP,-0.22475868006271912,,
minret_63,BLOCKED,REJECTED,distribution,,,,,,,,False,,minret_63:future_21d_return,0.0,-0.1322488239588513,,,minret_63:future_21d_return,Reused fixed 483-name panel diagnostic; even a survivor would require fresh point-in-time replication.,df754ae9cbd7af9e2ad056f7daf07c522a44e6fa050228b0a9d0085d2a0288b7,200,V58_PRICE_VOLUME_SWEEP,-0.25046014560314894,,
minret_63,BLOCKED,REJECTED,distribution,,,,,,,,False,,minret_63:future_63d_return,0.0,-0.1271597542395937,,,minret_63:future_63d_return,Reused fixed 483-name panel diagnostic; even a survivor would require fresh point-in-time replication.,df754ae9cbd7af9e2ad056f7daf07c522a44e6fa050228b0a9d0085d2a0288b7,200,V58_PRICE_VOLUME_SWEEP,-0.3763225037557103,,
dist_high_21,BLOCKED,REJECTED,breakout,,,,,,,,False,,dist_high_21:future_21d_return,0.0,-0.09993320431053783,,,dist_high_21:future_21d_return,Reused fixed 483-name panel diagnostic; even a survivor would require fresh point-in-time replication.,df754ae9cbd7af9e2ad056f7daf07c522a44e6fa050228b0a9d0085d2a0288b7,200,V58_PRICE_VOLUME_SWEEP,0.003288306255750755,,
dist_high_21,BLOCKED,REJECTED,breakout,,,,,,,,False,,dist_high_21:future_63d_return,0.0,-0.07447140069174762,,,dist_high_21:future_63d_return,Reused fixed 483-name panel diagnostic; even a survivor would require fresh point-in-time replication.,df754ae9cbd7af9e2ad056f7daf07c522a44e6fa050228b0a9d0085d2a0288b7,200,V58_PRICE_VOLUME_SWEEP,-0.2292273059266418,,
dist_low_21,BLOCKED,REJECTED,breakout,,,,,,,,False,,dist_low_21:future_21d_return,0.0,-0.08786802275597587,,,dist_low_21:future_21d_return,Reused fixed 483-name panel diagnostic; even a survivor would require fresh point-in-time replication.,df754ae9cbd7af9e2ad056f7daf07c522a44e6fa050228b0a9d0085d2a0288b7,200,V58_PRICE_VOLUME_SWEEP,-0.08015637552173778,,
dist_low_21,BLOCKED,REJECTED,breakout,,,,,,,,False,,dist_low_21:future_63d_return,0.0,-0.14524727412589017,,,dist_low_21:future_63d_return,Reused fixed 483-name panel diagnostic; even a survivor would require fresh point-in-time replication.,df754ae9cbd7af9e2ad056f7daf07c522a44e6fa050228b0a9d0085d2a0288b7,200,V58_PRICE_VOLUME_SWEEP,-0.1581378244923797,,
dist_high_63,BLOCKED,REJECTED,breakout,,,,,,,,False,,dist_high_63:future_21d_return,0.0,-0.19002684938768177,,,dist_high_63:future_21d_return,Reused fixed 483-name panel diagnostic; even a survivor would require fresh point-in-time replication.,df754ae9cbd7af9e2ad056f7daf07c522a44e6fa050228b0a9d0085d2a0288b7,200,V58_PRICE_VOLUME_SWEEP,-0.004244300506618642,,
dist_high_63,BLOCKED,REJECTED,breakout,,,,,,,,False,,dist_high_63:future_63d_return,0.0,-0.06524578231333746,,,dist_high_63:future_63d_return,Reused fixed 483-name panel diagnostic; even a survivor would require fresh point-in-time replication.,df754ae9cbd7af9e2ad056f7daf07c522a44e6fa050228b0a9d0085d2a0288b7,200,V58_PRICE_VOLUME_SWEEP,-0.29914541840631653,,
dist_low_63,BLOCKED,REJECTED,breakout,,,,,,,,False,,dist_low_63:future_21d_return,0.0,-0.17303804319242702,,,dist_low_63:future_21d_return,Reused fixed 483-name panel diagnostic; even a survivor would require fresh point-in-time replication.,df754ae9cbd7af9e2ad056f7daf07c522a44e6fa050228b0a9d0085d2a0288b7,200,V58_PRICE_VOLUME_SWEEP,-0.08093612376708943,,
dist_low_63,BLOCKED,REJECTED,breakout,,,,,,,,False,,dist_low_63:future_63d_return,0.0,-0.2364228393045274,,,dist_low_63:future_63d_return,Reused fixed 483-name panel diagnostic; even a survivor would require fresh point-in-time replication.,df754ae9cbd7af9e2ad056f7daf07c522a44e6fa050228b0a9d0085d2a0288b7,200,V58_PRICE_VOLUME_SWEEP,-0.1486578142952449,,
dist_high_126,BLOCKED,REJECTED,breakout,,,,,,,,False,,dist_high_126:future_21d_return,0.0,-0.09890508179049909,,,dist_high_126:future_21d_return,Reused fixed 483-name panel diagnostic; even a survivor would require fresh point-in-time replication.,df754ae9cbd7af9e2ad056f7daf07c522a44e6fa050228b0a9d0085d2a0288b7,200,V58_PRICE_VOLUME_SWEEP,-0.24528905001314477,,
dist_high_126,BLOCKED,REJECTED,breakout,,,,,,,,False,,dist_high_126:future_63d_return,0.0,-0.0833029589747698,,,dist_high_126:future_63d_return,Reused fixed 483-name panel diagnostic; even a survivor would require fresh point-in-time replication.,df754ae9cbd7af9e2ad056f7daf07c522a44e6fa050228b0a9d0085d2a0288b7,200,V58_PRICE_VOLUME_SWEEP,-0.2876820142375732,,
dist_low_126,BLOCKED,REJECTED,breakout,,,,,,,,False,,dist_low_126:future_21d_return,0.0,-0.14654386580305362,,,dist_low_126:future_21d_return,Reused fixed 483-name panel diagnostic; even a survivor would require fresh point-in-time replication.,df754ae9cbd7af9e2ad056f7daf07c522a44e6fa050228b0a9d0085d2a0288b7,200,V58_PRICE_VOLUME_SWEEP,-0.09009092323736874,,
dist_low_126,BLOCKED,REJECTED,breakout,,,,,,,,False,,dist_low_126:future_63d_return,0.0,-0.23591057833159385,,,dist_low_126:future_63d_return,Reused fixed 483-name panel diagnostic; even a survivor would require fresh point-in-time replication.,df754ae9cbd7af9e2ad056f7daf07c522a44e6fa050228b0a9d0085d2a0288b7,200,V58_PRICE_VOLUME_SWEEP,-0.11098111309251461,,
dist_high_252,BLOCKED,REJECTED,breakout,,,,,,,,False,,dist_high_252:future_21d_return,0.0,-0.11689124635698064,,,dist_high_252:future_21d_return,Reused fixed 483-name panel diagnostic; even a survivor would require fresh point-in-time replication.,df754ae9cbd7af9e2ad056f7daf07c522a44e6fa050228b0a9d0085d2a0288b7,200,V58_PRICE_VOLUME_SWEEP,-0.26138559815061,,
dist_high_252,BLOCKED,REJECTED,breakout,,,,,,,,False,,dist_high_252:future_63d_return,0.0,-0.09115300767612622,,,dist_high_252:future_63d_return,Reused fixed 483-name panel diagnostic; even a survivor would require fresh point-in-time replication.,df754ae9cbd7af9e2ad056f7daf07c522a44e6fa050228b0a9d0085d2a0288b7,200,V58_PRICE_VOLUME_SWEEP,-0.34681828985403007,,
dist_low_252,BLOCKED,REJECTED,breakout,,,,,,,,False,,dist_low_252:future_21d_return,0.0,-0.03492173395457908,,,dist_low_252:future_21d_return,Reused fixed 483-name panel diagnostic; even a survivor would require fresh point-in-time replication.,df754ae9cbd7af9e2ad056f7daf07c522a44e6fa050228b0a9d0085d2a0288b7,200,V58_PRICE_VOLUME_SWEEP,-0.13722771223441457,,
dist_low_252,BLOCKED,REJECTED,breakout,,,,,,,,False,,dist_low_252:future_63d_return,0.0,-0.018999708209199023,,,dist_low_252:future_63d_return,Reused fixed 483-name panel diagnostic; even a survivor would require fresh point-in-time replication.,df754ae9cbd7af9e2ad056f7daf07c522a44e6fa050228b0a9d0085d2a0288b7,200,V58_PRICE_VOLUME_SWEEP,-0.11586006606945748,,
sma_dist_5,BLOCKED,REJECTED,trend,,,,,,,,False,,sma_dist_5:future_21d_return,0.0,-0.07658096838718761,,,sma_dist_5:future_21d_return,Reused fixed 483-name panel diagnostic; even a survivor would require fresh point-in-time replication.,df754ae9cbd7af9e2ad056f7daf07c522a44e6fa050228b0a9d0085d2a0288b7,200,V58_PRICE_VOLUME_SWEEP,-0.02945751236785151,,
sma_dist_5,BLOCKED,REJECTED,trend,,,,,,,,False,,sma_dist_5:future_63d_return,0.0,-0.10704254614946507,,,sma_dist_5:future_63d_return,Reused fixed 483-name panel diagnostic; even a survivor would require fresh point-in-time replication.,df754ae9cbd7af9e2ad056f7daf07c522a44e6fa050228b0a9d0085d2a0288b7,200,V58_PRICE_VOLUME_SWEEP,-0.11556594469905364,,
sma_dist_10,BLOCKED,REJECTED,trend,,,,,,,,False,,sma_dist_10:future_21d_return,0.0,-0.07297091359308586,,,sma_dist_10:future_21d_return,Reused fixed 483-name panel diagnostic; even a survivor would require fresh point-in-time replication.,df754ae9cbd7af9e2ad056f7daf07c522a44e6fa050228b0a9d0085d2a0288b7,200,V58_PRICE_VOLUME_SWEEP,-0.019149037618883605,,
sma_dist_10,BLOCKED,REJECTED,trend,,,,,,,,False,,sma_dist_10:future_63d_return,0.0,-0.15298512262912395,,,sma_dist_10:future_63d_return,Reused fixed 483-name panel diagnostic; even a survivor would require fresh point-in-time replication.,df754ae9cbd7af9e2ad056f7daf07c522a44e6fa050228b0a9d0085d2a0288b7,200,V58_PRICE_VOLUME_SWEEP,-0.10544253358519248,,
sma_dist_21,BLOCKED,REJECTED,trend,,,,,,,,False,,sma_dist_21:future_21d_return,0.0,-0.10129299453128583,,,sma_dist_21:future_21d_return,Reused fixed 483-name panel diagnostic; even a survivor would require fresh point-in-time replication.,df754ae9cbd7af9e2ad056f7daf07c522a44e6fa050228b0a9d0085d2a0288b7,200,V58_PRICE_VOLUME_SWEEP,-0.0255114890518216,,
sma_dist_21,BLOCKED,REJECTED,trend,,,,,,,,False,,sma_dist_21:future_63d_return,0.0,-0.17541894387184165,,,sma_dist_21:future_63d_return,Reused fixed 483-name panel diagnostic; even a survivor would require fresh point-in-time replication.,df754ae9cbd7af9e2ad056f7daf07c522a44e6fa050228b0a9d0085d2a0288b7,200,V58_PRICE_VOLUME_SWEEP,-0.08426944997158917,,
sma_dist_42,BLOCKED,REJECTED,trend,,,,,,,,False,,sma_dist_42:future_21d_return,0.0,-0.15854195228118642,,,sma_dist_42:future_21d_return,Reused fixed 483-name panel diagnostic; even a survivor would require fresh point-in-time replication.,df754ae9cbd7af9e2ad056f7daf07c522a44e6fa050228b0a9d0085d2a0288b7,200,V58_PRICE_VOLUME_SWEEP,-0.04253264910315187,,
sma_dist_42,BLOCKED,REJECTED,trend,,,,,,,,False,,sma_dist_42:future_63d_return,0.0,-0.017492530586318403,,,sma_dist_42:future_63d_return,Reused fixed 483-name panel diagnostic; even a survivor would require fresh point-in-time replication.,df754ae9cbd7af9e2ad056f7daf07c522a44e6fa050228b0a9d0085d2a0288b7,200,V58_PRICE_VOLUME_SWEEP,-0.2643689231588752,,
sma_dist_63,BLOCKED,REJECTED,trend,,,,,,,,False,,sma_dist_63:future_21d_return,0.0,-0.18832178957552664,,,sma_dist_63:future_21d_return,Reused fixed 483-name panel diagnostic; even a survivor would require fresh point-in-time replication.,df754ae9cbd7af9e2ad056f7daf07c522a44e6fa050228b0a9d0085d2a0288b7,200,V58_PRICE_VOLUME_SWEEP,-0.04196043829612622,,
sma_dist_63,BLOCKED,REJECTED,trend,,,,,,,,False,,sma_dist_63:future_63d_return,0.0,-0.006096432900829701,,,sma_dist_63:future_63d_return,Reused fixed 483-name panel diagnostic; even a survivor would require fresh point-in-time replication.,df754ae9cbd7af9e2ad056f7daf07c522a44e6fa050228b0a9d0085d2a0288b7,200,V58_PRICE_VOLUME_SWEEP,-0.2826773034415824,,
sma_dist_126,BLOCKED,REJECTED,trend,,,,,,,,False,,sma_dist_126:future_21d_return,0.0,-0.03437908972002707,,,sma_dist_126:future_21d_return,Reused fixed 483-name panel diagnostic; even a survivor would require fresh point-in-time replication.,df754ae9cbd7af9e2ad056f7daf07c522a44e6fa050228b0a9d0085d2a0288b7,200,V58_PRICE_VOLUME_SWEEP,-0.23101438422013504,,
sma_dist_126,BLOCKED,REJECTED,trend,,,,,,,,False,,sma_dist_126:future_63d_return,0.0,-0.014435806628552011,,,sma_dist_126:future_63d_return,Reused fixed 483-name panel diagnostic; even a survivor would require fresh point-in-time replication.,df754ae9cbd7af9e2ad056f7daf07c522a44e6fa050228b0a9d0085d2a0288b7,200,V58_PRICE_VOLUME_SWEEP,-0.22762865493752424,,
sma_dist_252,BLOCKED,REJECTED,trend,,,,,,,,False,,sma_dist_252:future_21d_return,0.0,-0.04781472444230729,,,sma_dist_252:future_21d_return,Reused fixed 483-name panel diagnostic; even a survivor would require fresh point-in-time replication.,df754ae9cbd7af9e2ad056f7daf07c522a44e6fa050228b0a9d0085d2a0288b7,200,V58_PRICE_VOLUME_SWEEP,-0.24768648822413497,,
sma_dist_252,BLOCKED,REJECTED,trend,,,,,,,,False,,sma_dist_252:future_63d_return,0.0,-0.040543625524404325,,,sma_dist_252:future_63d_return,Reused fixed 483-name panel diagnostic; even a survivor would require fresh point-in-time replication.,df754ae9cbd7af9e2ad056f7daf07c522a44e6fa050228b0a9d0085d2a0288b7,200,V58_PRICE_VOLUME_SWEEP,-0.31543831781338016,,
efficiency_10,BLOCKED,REJECTED,path,,,,,,,,False,,efficiency_10:future_21d_return,0.0,-0.0309940516984702,,,efficiency_10:future_21d_return,Reused fixed 483-name panel diagnostic; even a survivor would require fresh point-in-time replication.,df754ae9cbd7af9e2ad056f7daf07c522a44e6fa050228b0a9d0085d2a0288b7,200,V58_PRICE_VOLUME_SWEEP,-0.04618748875731794,,
efficiency_10,BLOCKED,REJECTED,path,,,,,,,,False,,efficiency_10:future_63d_return,0.0,-0.06059032099347552,,,efficiency_10:future_63d_return,Reused fixed 483-name panel diagnostic; even a survivor would require fresh point-in-time replication.,df754ae9cbd7af9e2ad056f7daf07c522a44e6fa050228b0a9d0085d2a0288b7,200,V58_PRICE_VOLUME_SWEEP,-0.12687703874238995,,
efficiency_21,BLOCKED,REJECTED,path,,,,,,,,False,,efficiency_21:future_21d_return,0.0,-0.06938525493369502,,,efficiency_21:future_21d_return,Reused fixed 483-name panel diagnostic; even a survivor would require fresh point-in-time replication.,df754ae9cbd7af9e2ad056f7daf07c522a44e6fa050228b0a9d0085d2a0288b7,200,V58_PRICE_VOLUME_SWEEP,-0.06494859193771402,,
efficiency_21,BLOCKED,REJECTED,path,,,,,,,,False,,efficiency_21:future_63d_return,0.0,-0.06367892894628627,,,efficiency_21:future_63d_return,Reused fixed 483-name panel diagnostic; even a survivor would require fresh point-in-time replication.,df754ae9cbd7af9e2ad056f7daf07c522a44e6fa050228b0a9d0085d2a0288b7,200,V58_PRICE_VOLUME_SWEEP,-0.10536783330679778,,
efficiency_42,BLOCKED,REJECTED,path,,,,,,,,False,,efficiency_42:future_21d_return,0.0,-0.140366409238982,,,efficiency_42:future_21d_return,Reused fixed 483-name panel diagnostic; even a survivor would require fresh point-in-time replication.,df754ae9cbd7af9e2ad056f7daf07c522a44e6fa050228b0a9d0085d2a0288b7,200,V58_PRICE_VOLUME_SWEEP,-0.09498217836629988,,
efficiency_42,BLOCKED,REJECTED,path,,,,,,,,False,,efficiency_42:future_63d_return,0.0,-0.131292372805297,,,efficiency_42:future_63d_return,Reused fixed 483-name panel diagnostic; even a survivor would require fresh point-in-time replication.,df754ae9cbd7af9e2ad056f7daf07c522a44e6fa050228b0a9d0085d2a0288b7,200,V58_PRICE_VOLUME_SWEEP,-0.13265481361010847,,
efficiency_63,BLOCKED,REJECTED,path,,,,,,,,False,,efficiency_63:future_21d_return,0.0,-0.05137367371491673,,,efficiency_63:future_21d_return,Reused fixed 483-name panel diagnostic; even a survivor would require fresh point-in-time replication.,df754ae9cbd7af9e2ad056f7daf07c522a44e6fa050228b0a9d0085d2a0288b7,200,V58_PRICE_VOLUME_SWEEP,-0.14294366788651897,,
efficiency_63,BLOCKED,REJECTED,path,,,,,,,,False,,efficiency_63:future_63d_return,0.0,-0.09613345468278225,,,efficiency_63:future_63d_return,Reused fixed 483-name panel diagnostic; even a survivor would require fresh point-in-time replication.,df754ae9cbd7af9e2ad056f7daf07c522a44e6fa050228b0a9d0085d2a0288b7,200,V58_PRICE_VOLUME_SWEEP,-0.1412378007225711,,
efficiency_126,BLOCKED,REJECTED,path,,,,,,,,False,,efficiency_126:future_21d_return,0.0,-0.06541770222355724,,,efficiency_126:future_21d_return,Reused fixed 483-name panel diagnostic; even a survivor would require fresh point-in-time replication.,df754ae9cbd7af9e2ad056f7daf07c522a44e6fa050228b0a9d0085d2a0288b7,200,V58_PRICE_VOLUME_SWEEP,-0.060136987342057455,,
efficiency_126,BLOCKED,REJECTED,path,,,,,,,,False,,efficiency_126:future_63d_return,0.0,-0.163619987050721,,,efficiency_126:future_63d_return,Reused fixed 483-name panel diagnostic; even a survivor would require fresh point-in-time replication.,df754ae9cbd7af9e2ad056f7daf07c522a44e6fa050228b0a9d0085d2a0288b7,200,V58_PRICE_VOLUME_SWEEP,-0.15514539353616782,,
volume_z_5,BLOCKED,REJECTED,volume,,,,,,,,False,,volume_z_5:future_21d_return,0.0,-0.05016137594579747,,,volume_z_5:future_21d_return,Reused fixed 483-name panel diagnostic; even a survivor would require fresh point-in-time replication.,df754ae9cbd7af9e2ad056f7daf07c522a44e6fa050228b0a9d0085d2a0288b7,200,V58_PRICE_VOLUME_SWEEP,-0.07082218228507652,,
volume_z_5,BLOCKED,REJECTED,volume,,,,,,,,False,,volume_z_5:future_63d_return,0.0,-0.05447634877333703,,,volume_z_5:future_63d_return,Reused fixed 483-name panel diagnostic; even a survivor would require fresh point-in-time replication.,df754ae9cbd7af9e2ad056f7daf07c522a44e6fa050228b0a9d0085d2a0288b7,200,V58_PRICE_VOLUME_SWEEP,-0.025387218179761264,,
dollar_volume_5,BLOCKED,REJECTED,liquidity,,,,,,,,False,,dollar_volume_5:future_21d_return,0.0,-0.09542300115991934,,,dollar_volume_5:future_21d_return,Reused fixed 483-name panel diagnostic; even a survivor would require fresh point-in-time replication.,df754ae9cbd7af9e2ad056f7daf07c522a44e6fa050228b0a9d0085d2a0288b7,200,V58_PRICE_VOLUME_SWEEP,-0.0782053627770683,,
dollar_volume_5,BLOCKED,REJECTED,liquidity,,,,,,,,False,,dollar_volume_5:future_63d_return,0.0,-0.09235927351170217,,,dollar_volume_5:future_63d_return,Reused fixed 483-name panel diagnostic; even a survivor would require fresh point-in-time replication.,df754ae9cbd7af9e2ad056f7daf07c522a44e6fa050228b0a9d0085d2a0288b7,200,V58_PRICE_VOLUME_SWEEP,-0.11029675014157264,,
amihud_5,BLOCKED,REJECTED,liquidity,,,,,,,,False,,amihud_5:future_21d_return,0.0,-0.08966682590564783,,,amihud_5:future_21d_return,Reused fixed 483-name panel diagnostic; even a survivor would require fresh point-in-time replication.,df754ae9cbd7af9e2ad056f7daf07c522a44e6fa050228b0a9d0085d2a0288b7,200,V58_PRICE_VOLUME_SWEEP,-0.09048026551643396,,
amihud_5,BLOCKED,REJECTED,liquidity,,,,,,,,False,,amihud_5:future_63d_return,0.0,-0.10061600817645534,,,amihud_5:future_63d_return,Reused fixed 483-name panel diagnostic; even a survivor would require fresh point-in-time replication.,df754ae9cbd7af9e2ad056f7daf07c522a44e6fa050228b0a9d0085d2a0288b7,200,V58_PRICE_VOLUME_SWEEP,-0.09241554242587441,,
range_5,BLOCKED,REJECTED,range,,,,,,,,False,,range_5:future_21d_return,0.0,-0.17737345082314512,,,range_5:future_21d_return,Reused fixed 483-name panel diagnostic; even a survivor would require fresh point-in-time replication.,df754ae9cbd7af9e2ad056f7daf07c522a44e6fa050228b0a9d0085d2a0288b7,200,V58_PRICE_VOLUME_SWEEP,-0.1750335760686848,,
range_5,BLOCKED,REJECTED,range,,,,,,,,False,,range_5:future_63d_return,0.0,-0.14039639672027554,,,range_5:future_63d_return,Reused fixed 483-name panel diagnostic; even a survivor would require fresh point-in-time replication.,df754ae9cbd7af9e2ad056f7daf07c522a44e6fa050228b0a9d0085d2a0288b7,200,V58_PRICE_VOLUME_SWEEP,-0.2183951923980027,,
clv_5,BLOCKED,REJECTED,microstructure,,,,,,,,False,,clv_5:future_21d_return,0.0,-0.045958476413741456,,,clv_5:future_21d_return,Reused fixed 483-name panel diagnostic; even a survivor would require fresh point-in-time replication.,df754ae9cbd7af9e2ad056f7daf07c522a44e6fa050228b0a9d0085d2a0288b7,200,V58_PRICE_VOLUME_SWEEP,-0.008762015840634886,,
clv_5,BLOCKED,REJECTED,microstructure,,,,,,,,False,,clv_5:future_63d_return,0.0,-0.10366957489371341,,,clv_5:future_63d_return,Reused fixed 483-name panel diagnostic; even a survivor would require fresh point-in-time replication.,df754ae9cbd7af9e2ad056f7daf07c522a44e6fa050228b0a9d0085d2a0288b7,200,V58_PRICE_VOLUME_SWEEP,-0.06658523216043108,,
volume_z_21,BLOCKED,REJECTED,volume,,,,,,,,False,,volume_z_21:future_21d_return,0.0,-0.09298748346047335,,,volume_z_21:future_21d_return,Reused fixed 483-name panel diagnostic; even a survivor would require fresh point-in-time replication.,df754ae9cbd7af9e2ad056f7daf07c522a44e6fa050228b0a9d0085d2a0288b7,200,V58_PRICE_VOLUME_SWEEP,-0.13037547277239908,,
volume_z_21,BLOCKED,REJECTED,volume,,,,,,,,False,,volume_z_21:future_63d_return,0.0,-0.131180419431074,,,volume_z_21:future_63d_return,Reused fixed 483-name panel diagnostic; even a survivor would require fresh point-in-time replication.,df754ae9cbd7af9e2ad056f7daf07c522a44e6fa050228b0a9d0085d2a0288b7,200,V58_PRICE_VOLUME_SWEEP,-0.13084840095743291,,
dollar_volume_21,BLOCKED,REJECTED,liquidity,,,,,,,,False,,dollar_volume_21:future_21d_return,0.0,-0.11622577528105066,,,dollar_volume_21:future_21d_return,Reused fixed 483-name panel diagnostic; even a survivor would require fresh point-in-time replication.,df754ae9cbd7af9e2ad056f7daf07c522a44e6fa050228b0a9d0085d2a0288b7,200,V58_PRICE_VOLUME_SWEEP,-0.09470630125294706,,
dollar_volume_21,BLOCKED,REJECTED,liquidity,,,,,,,,False,,dollar_volume_21:future_63d_return,0.0,-0.10063771521718154,,,dollar_volume_21:future_63d_return,Reused fixed 483-name panel diagnostic; even a survivor would require fresh point-in-time replication.,df754ae9cbd7af9e2ad056f7daf07c522a44e6fa050228b0a9d0085d2a0288b7,200,V58_PRICE_VOLUME_SWEEP,-0.12297851777735751,,
amihud_21,BLOCKED,REJECTED,liquidity,,,,,,,,False,,amihud_21:future_21d_return,0.0,-0.09446644762658757,,,amihud_21:future_21d_return,Reused fixed 483-name panel diagnostic; even a survivor would require fresh point-in-time replication.,df754ae9cbd7af9e2ad056f7daf07c522a44e6fa050228b0a9d0085d2a0288b7,200,V58_PRICE_VOLUME_SWEEP,-0.07139706411948696,,
amihud_21,BLOCKED,REJECTED,liquidity,,,,,,,,False,,amihud_21:future_63d_return,0.0,-0.10376886125189759,,,amihud_21:future_63d_return,Reused fixed 483-name panel diagnostic; even a survivor would require fresh point-in-time replication.,df754ae9cbd7af9e2ad056f7daf07c522a44e6fa050228b0a9d0085d2a0288b7,200,V58_PRICE_VOLUME_SWEEP,-0.06130437276507568,,
range_21,BLOCKED,REJECTED,range,,,,,,,,False,,range_21:future_21d_return,0.0,-0.19519040541979113,,,range_21:future_21d_return,Reused fixed 483-name panel diagnostic; even a survivor would require fresh point-in-time replication.,df754ae9cbd7af9e2ad056f7daf07c522a44e6fa050228b0a9d0085d2a0288b7,200,V58_PRICE_VOLUME_SWEEP,-0.20167979502857203,,
range_21,BLOCKED,REJECTED,range,,,,,,,,False,,range_21:future_63d_return,0.0,-0.16261864544200982,,,range_21:future_63d_return,Reused fixed 483-name panel diagnostic; even a survivor would require fresh point-in-time replication.,df754ae9cbd7af9e2ad056f7daf07c522a44e6fa050228b0a9d0085d2a0288b7,200,V58_PRICE_VOLUME_SWEEP,-0.2694054494640859,,
clv_21,BLOCKED,REJECTED,microstructure,,,,,,,,False,,clv_21:future_21d_return,0.0,-0.11126048930278176,,,clv_21:future_21d_return,Reused fixed 483-name panel diagnostic; even a survivor would require fresh point-in-time replication.,df754ae9cbd7af9e2ad056f7daf07c522a44e6fa050228b0a9d0085d2a0288b7,200,V58_PRICE_VOLUME_SWEEP,-0.054839359559617634,,
clv_21,BLOCKED,REJECTED,microstructure,,,,,,,,False,,clv_21:future_63d_return,0.0,-0.22421325175394613,,,clv_21:future_63d_return,Reused fixed 483-name panel diagnostic; even a survivor would require fresh point-in-time replication.,df754ae9cbd7af9e2ad056f7daf07c522a44e6fa050228b0a9d0085d2a0288b7,200,V58_PRICE_VOLUME_SWEEP,-0.03742682629911699,,
volume_z_63,BLOCKED,REJECTED,volume,,,,,,,,False,,volume_z_63:future_21d_return,0.0,-0.031094063783116174,,,volume_z_63:future_21d_return,Reused fixed 483-name panel diagnostic; even a survivor would require fresh point-in-time replication.,df754ae9cbd7af9e2ad056f7daf07c522a44e6fa050228b0a9d0085d2a0288b7,200,V58_PRICE_VOLUME_SWEEP,-0.10234245115845356,,
volume_z_63,BLOCKED,REJECTED,volume,,,,,,,,False,,volume_z_63:future_63d_return,0.0,-0.14183393021353202,,,volume_z_63:future_63d_return,Reused fixed 483-name panel diagnostic; even a survivor would require fresh point-in-time replication.,df754ae9cbd7af9e2ad056f7daf07c522a44e6fa050228b0a9d0085d2a0288b7,200,V58_PRICE_VOLUME_SWEEP,-0.12960781936216353,,
dollar_volume_63,BLOCKED,REJECTED,liquidity,,,,,,,,False,,dollar_volume_63:future_21d_return,0.0,-0.10689591613804608,,,dollar_volume_63:future_21d_return,Reused fixed 483-name panel diagnostic; even a survivor would require fresh point-in-time replication.,df754ae9cbd7af9e2ad056f7daf07c522a44e6fa050228b0a9d0085d2a0288b7,200,V58_PRICE_VOLUME_SWEEP,-0.09576303486928343,,
dollar_volume_63,BLOCKED,REJECTED,liquidity,,,,,,,,False,,dollar_volume_63:future_63d_return,0.0,-0.0990530742606318,,,dollar_volume_63:future_63d_return,Reused fixed 483-name panel diagnostic; even a survivor would require fresh point-in-time replication.,df754ae9cbd7af9e2ad056f7daf07c522a44e6fa050228b0a9d0085d2a0288b7,200,V58_PRICE_VOLUME_SWEEP,-0.12079873038077454,,
amihud_63,BLOCKED,REJECTED,liquidity,,,,,,,,False,,amihud_63:future_21d_return,0.0,-0.08763063515382241,,,amihud_63:future_21d_return,Reused fixed 483-name panel diagnostic; even a survivor would require fresh point-in-time replication.,df754ae9cbd7af9e2ad056f7daf07c522a44e6fa050228b0a9d0085d2a0288b7,200,V58_PRICE_VOLUME_SWEEP,-0.062116940432702605,,
amihud_63,BLOCKED,REJECTED,liquidity,,,,,,,,False,,amihud_63:future_63d_return,0.0,-0.08859713445622139,,,amihud_63:future_63d_return,Reused fixed 483-name panel diagnostic; even a survivor would require fresh point-in-time replication.,df754ae9cbd7af9e2ad056f7daf07c522a44e6fa050228b0a9d0085d2a0288b7,200,V58_PRICE_VOLUME_SWEEP,-0.04636997371176867,,
range_63,BLOCKED,REJECTED,range,,,,,,,,False,,range_63:future_21d_return,0.0,-0.1759422815399118,,,range_63:future_21d_return,Reused fixed 483-name panel diagnostic; even a survivor would require fresh point-in-time replication.,df754ae9cbd7af9e2ad056f7daf07c522a44e6fa050228b0a9d0085d2a0288b7,200,V58_PRICE_VOLUME_SWEEP,-0.2202402792540616,,
range_63,BLOCKED,REJECTED,range,,,,,,,,False,,range_63:future_63d_return,0.0,-0.17473338329970678,,,range_63:future_63d_return,Reused fixed 483-name panel diagnostic; even a survivor would require fresh point-in-time replication.,df754ae9cbd7af9e2ad056f7daf07c522a44e6fa050228b0a9d0085d2a0288b7,200,V58_PRICE_VOLUME_SWEEP,-0.29784553767587363,,
clv_63,BLOCKED,REJECTED,microstructure,,,,,,,,False,,clv_63:future_21d_return,0.0,-0.16566144352721146,,,clv_63:future_21d_return,Reused fixed 483-name panel diagnostic; even a survivor would require fresh point-in-time replication.,df754ae9cbd7af9e2ad056f7daf07c522a44e6fa050228b0a9d0085d2a0288b7,200,V58_PRICE_VOLUME_SWEEP,-0.07886858419230951,,
clv_63,BLOCKED,REJECTED,microstructure,,,,,,,,False,,clv_63:future_63d_return,0.0,-0.26056051082889586,,,clv_63:future_63d_return,Reused fixed 483-name panel diagnostic; even a survivor would require fresh point-in-time replication.,df754ae9cbd7af9e2ad056f7daf07c522a44e6fa050228b0a9d0085d2a0288b7,200,V58_PRICE_VOLUME_SWEEP,-0.09364527286426076,,
volume_ratio_5_21,BLOCKED,REJECTED,volume,,,,,,,,False,,volume_ratio_5_21:future_21d_return,0.0,-0.08210530979553345,,,volume_ratio_5_21:future_21d_return,Reused fixed 483-name panel diagnostic; even a survivor would require fresh point-in-time replication.,df754ae9cbd7af9e2ad056f7daf07c522a44e6fa050228b0a9d0085d2a0288b7,200,V58_PRICE_VOLUME_SWEEP,-0.05123899222588384,,
volume_ratio_5_21,BLOCKED,REJECTED,volume,,,,,,,,False,,volume_ratio_5_21:future_63d_return,0.0,-0.08385182065545144,,,volume_ratio_5_21:future_63d_return,Reused fixed 483-name panel diagnostic; even a survivor would require fresh point-in-time replication.,df754ae9cbd7af9e2ad056f7daf07c522a44e6fa050228b0a9d0085d2a0288b7,200,V58_PRICE_VOLUME_SWEEP,-0.0543850456806488,,
volume_ratio_10_63,BLOCKED,REJECTED,volume,,,,,,,,False,,volume_ratio_10_63:future_21d_return,0.0,-0.07911833533443818,,,volume_ratio_10_63:future_21d_return,Reused fixed 483-name panel diagnostic; even a survivor would require fresh point-in-time replication.,df754ae9cbd7af9e2ad056f7daf07c522a44e6fa050228b0a9d0085d2a0288b7,200,V58_PRICE_VOLUME_SWEEP,-0.051045951248345295,,
volume_ratio_10_63,BLOCKED,REJECTED,volume,,,,,,,,False,,volume_ratio_10_63:future_63d_return,0.0,-0.013861337560196477,,,volume_ratio_10_63:future_63d_return,Reused fixed 483-name panel diagnostic; even a survivor would require fresh point-in-time replication.,df754ae9cbd7af9e2ad056f7daf07c522a44e6fa050228b0a9d0085d2a0288b7,200,V58_PRICE_VOLUME_SWEEP,-0.05089293650420615,,
volume_ratio_21_63,BLOCKED,REJECTED,volume,,,,,,,,False,,volume_ratio_21_63:future_21d_return,0.0,-0.05484637059500472,,,volume_ratio_21_63:future_21d_return,Reused fixed 483-name panel diagnostic; even a survivor would require fresh point-in-time replication.,df754ae9cbd7af9e2ad056f7daf07c522a44e6fa050228b0a9d0085d2a0288b7,200,V58_PRICE_VOLUME_SWEEP,-0.05622718326426728,,
volume_ratio_21_63,BLOCKED,REJECTED,volume,,,,,,,,False,,volume_ratio_21_63:future_63d_return,0.0,-0.0417341038472859,,,volume_ratio_21_63:future_63d_return,Reused fixed 483-name panel diagnostic; even a survivor would require fresh point-in-time replication.,df754ae9cbd7af9e2ad056f7daf07c522a44e6fa050228b0a9d0085d2a0288b7,200,V58_PRICE_VOLUME_SWEEP,-0.04620469567610562,,
intraday_5,BLOCKED,REJECTED,session,,,,,,,,False,,intraday_5:future_21d_return,0.0,-0.0548248056733877,,,intraday_5:future_21d_return,Reused fixed 483-name panel diagnostic; even a survivor would require fresh point-in-time replication.,df754ae9cbd7af9e2ad056f7daf07c522a44e6fa050228b0a9d0085d2a0288b7,200,V58_PRICE_VOLUME_SWEEP,-0.03976401995271265,,
intraday_5,BLOCKED,REJECTED,session,,,,,,,,False,,intraday_5:future_63d_return,0.0,-0.12437656156226878,,,intraday_5:future_63d_return,Reused fixed 483-name panel diagnostic; even a survivor would require fresh point-in-time replication.,df754ae9cbd7af9e2ad056f7daf07c522a44e6fa050228b0a9d0085d2a0288b7,200,V58_PRICE_VOLUME_SWEEP,-0.12501965256335107,,
overnight_5,BLOCKED,REJECTED,session,,,,,,,,False,,overnight_5:future_21d_return,0.0,-0.08956963351675899,,,overnight_5:future_21d_return,Reused fixed 483-name panel diagnostic; even a survivor would require fresh point-in-time replication.,df754ae9cbd7af9e2ad056f7daf07c522a44e6fa050228b0a9d0085d2a0288b7,200,V58_PRICE_VOLUME_SWEEP,-0.21123771471363073,,
overnight_5,BLOCKED,REJECTED,session,,,,,,,,False,,overnight_5:future_63d_return,0.0,-0.024694338979400487,,,overnight_5:future_63d_return,Reused fixed 483-name panel diagnostic; even a survivor would require fresh point-in-time replication.,df754ae9cbd7af9e2ad056f7daf07c522a44e6fa050228b0a9d0085d2a0288b7,200,V58_PRICE_VOLUME_SWEEP,-0.12973183851015727,,
intraday_21,BLOCKED,REJECTED,session,,,,,,,,False,,intraday_21:future_21d_return,0.0,-0.133190370257455,,,intraday_21:future_21d_return,Reused fixed 483-name panel diagnostic; even a survivor would require fresh point-in-time replication.,df754ae9cbd7af9e2ad056f7daf07c522a44e6fa050228b0a9d0085d2a0288b7,200,V58_PRICE_VOLUME_SWEEP,-0.05623938106174895,,
intraday_21,BLOCKED,REJECTED,session,,,,,,,,False,,intraday_21:future_63d_return,0.0,-0.20382157354452227,,,intraday_21:future_63d_return,Reused fixed 483-name panel diagnostic; even a survivor would require fresh point-in-time replication.,df754ae9cbd7af9e2ad056f7daf07c522a44e6fa050228b0a9d0085d2a0288b7,200,V58_PRICE_VOLUME_SWEEP,-0.13584590725390966,,
overnight_21,BLOCKED,REJECTED,session,,,,,,,,False,,overnight_21:future_21d_return,0.0,-0.09577144719436102,,,overnight_21:future_21d_return,Reused fixed 483-name panel diagnostic; even a survivor would require fresh point-in-time replication.,df754ae9cbd7af9e2ad056f7daf07c522a44e6fa050228b0a9d0085d2a0288b7,200,V58_PRICE_VOLUME_SWEEP,-0.05077080422167209,,
overnight_21,BLOCKED,REJECTED,session,,,,,,,,False,,overnight_21:future_63d_return,0.0,-0.011080662339890406,,,overnight_21:future_63d_return,Reused fixed 483-name panel diagnostic; even a survivor would require fresh point-in-time replication.,df754ae9cbd7af9e2ad056f7daf07c522a44e6fa050228b0a9d0085d2a0288b7,200,V58_PRICE_VOLUME_SWEEP,-0.10606271821002256,,
intraday_63,BLOCKED,REJECTED,session,,,,,,,,False,,intraday_63:future_21d_return,0.0,-0.1567209925705817,,,intraday_63:future_21d_return,Reused fixed 483-name panel diagnostic; even a survivor would require fresh point-in-time replication.,df754ae9cbd7af9e2ad056f7daf07c522a44e6fa050228b0a9d0085d2a0288b7,200,V58_PRICE_VOLUME_SWEEP,-0.10285683359695072,,
intraday_63,BLOCKED,REJECTED,session,,,,,,,,False,,intraday_63:future_63d_return,0.0,-0.21812905239220712,,,intraday_63:future_63d_return,Reused fixed 483-name panel diagnostic; even a survivor would require fresh point-in-time replication.,df754ae9cbd7af9e2ad056f7daf07c522a44e6fa050228b0a9d0085d2a0288b7,200,V58_PRICE_VOLUME_SWEEP,-0.10751700228889546,,
overnight_63,BLOCKED,REJECTED,session,,,,,,,,False,,overnight_63:future_21d_return,0.0,-0.01991514768234169,,,overnight_63:future_21d_return,Reused fixed 483-name panel diagnostic; even a survivor would require fresh point-in-time replication.,df754ae9cbd7af9e2ad056f7daf07c522a44e6fa050228b0a9d0085d2a0288b7,200,V58_PRICE_VOLUME_SWEEP,-0.11885672737645121,,
overnight_63,BLOCKED,REJECTED,session,,,,,,,,False,,overnight_63:future_63d_return,0.0,-0.015524213490160324,,,overnight_63:future_63d_return,Reused fixed 483-name panel diagnostic; even a survivor would require fresh point-in-time replication.,df754ae9cbd7af9e2ad056f7daf07c522a44e6fa050228b0a9d0085d2a0288b7,200,V58_PRICE_VOLUME_SWEEP,-0.13075946510905556,,
beta_21,BLOCKED,REJECTED,market,,,,,,,,False,,beta_21:future_21d_return,0.0,-0.21881124538481692,,,beta_21:future_21d_return,Reused fixed 483-name panel diagnostic; even a survivor would require fresh point-in-time replication.,df754ae9cbd7af9e2ad056f7daf07c522a44e6fa050228b0a9d0085d2a0288b7,200,V58_PRICE_VOLUME_SWEEP,-0.29210850294475676,,
beta_21,BLOCKED,REJECTED,market,,,,,,,,False,,beta_21:future_63d_return,0.0,-0.2444231319554813,,,beta_21:future_63d_return,Reused fixed 483-name panel diagnostic; even a survivor would require fresh point-in-time replication.,df754ae9cbd7af9e2ad056f7daf07c522a44e6fa050228b0a9d0085d2a0288b7,200,V58_PRICE_VOLUME_SWEEP,-0.41410724983662156,,
beta_63,BLOCKED,REJECTED,market,,,,,,,,False,,beta_63:future_21d_return,0.0,-0.2047609337474688,,,beta_63:future_21d_return,Reused fixed 483-name panel diagnostic; even a survivor would require fresh point-in-time replication.,df754ae9cbd7af9e2ad056f7daf07c522a44e6fa050228b0a9d0085d2a0288b7,200,V58_PRICE_VOLUME_SWEEP,-0.29963041626102416,,
beta_63,BLOCKED,REJECTED,market,,,,,,,,False,,beta_63:future_63d_return,0.0,-0.28224032436369045,,,beta_63:future_63d_return,Reused fixed 483-name panel diagnostic; even a survivor would require fresh point-in-time replication.,df754ae9cbd7af9e2ad056f7daf07c522a44e6fa050228b0a9d0085d2a0288b7,200,V58_PRICE_VOLUME_SWEEP,-0.4612321814333637,,
beta_126,BLOCKED,REJECTED,market,,,,,,,,False,,beta_126:future_21d_return,0.0,-0.25289450701494604,,,beta_126:future_21d_return,Reused fixed 483-name panel diagnostic; even a survivor would require fresh point-in-time replication.,df754ae9cbd7af9e2ad056f7daf07c522a44e6fa050228b0a9d0085d2a0288b7,200,V58_PRICE_VOLUME_SWEEP,-0.32732441742445895,,
beta_126,BLOCKED,REJECTED,market,,,,,,,,False,,beta_126:future_63d_return,0.0,-0.3285266720048188,,,beta_126:future_63d_return,Reused fixed 483-name panel diagnostic; even a survivor would require fresh point-in-time replication.,df754ae9cbd7af9e2ad056f7daf07c522a44e6fa050228b0a9d0085d2a0288b7,200,V58_PRICE_VOLUME_SWEEP,-0.49699537154802187,,
residual_mom_21,BLOCKED,REJECTED,market,,,,,,,,False,,residual_mom_21:future_21d_return,0.0,-0.12625867559894866,,,residual_mom_21:future_21d_return,Reused fixed 483-name panel diagnostic; even a survivor would require fresh point-in-time replication.,df754ae9cbd7af9e2ad056f7daf07c522a44e6fa050228b0a9d0085d2a0288b7,200,V58_PRICE_VOLUME_SWEEP,-0.033384099849920815,,
residual_mom_21,BLOCKED,REJECTED,market,,,,,,,,False,,residual_mom_21:future_63d_return,0.0,-0.04651706069857159,,,residual_mom_21:future_63d_return,Reused fixed 483-name panel diagnostic; even a survivor would require fresh point-in-time replication.,df754ae9cbd7af9e2ad056f7daf07c522a44e6fa050228b0a9d0085d2a0288b7,200,V58_PRICE_VOLUME_SWEEP,-0.2503296398299799,,
residual_mom_63,BLOCKED,REJECTED,market,,,,,,,,False,,residual_mom_63:future_21d_return,0.0,-0.060350070790425106,,,residual_mom_63:future_21d_return,Reused fixed 483-name panel diagnostic; even a survivor would require fresh point-in-time replication.,df754ae9cbd7af9e2ad056f7daf07c522a44e6fa050228b0a9d0085d2a0288b7,200,V58_PRICE_VOLUME_SWEEP,-0.27889977098389634,,
residual_mom_63,BLOCKED,REJECTED,market,,,,,,,,False,,residual_mom_63:future_63d_return,0.0,-0.03933509391937044,,,residual_mom_63:future_63d_return,Reused fixed 483-name panel diagnostic; even a survivor would require fresh point-in-time replication.,df754ae9cbd7af9e2ad056f7daf07c522a44e6fa050228b0a9d0085d2a0288b7,200,V58_PRICE_VOLUME_SWEEP,-0.29337541156292735,,
residual_mom_126,BLOCKED,REJECTED,market,,,,,,,,False,,residual_mom_126:future_21d_return,0.0,-0.0704775211160328,,,residual_mom_126:future_21d_return,Reused fixed 483-name panel diagnostic; even a survivor would require fresh point-in-time replication.,df754ae9cbd7af9e2ad056f7daf07c522a44e6fa050228b0a9d0085d2a0288b7,200,V58_PRICE_VOLUME_SWEEP,-0.2260898331554254,,
residual_mom_126,BLOCKED,REJECTED,market,,,,,,,,False,,residual_mom_126:future_63d_return,0.0,-0.09909706897672146,,,residual_mom_126:future_63d_return,Reused fixed 483-name panel diagnostic; even a survivor would require fresh point-in-time replication.,df754ae9cbd7af9e2ad056f7daf07c522a44e6fa050228b0a9d0085d2a0288b7,200,V58_PRICE_VOLUME_SWEEP,-0.316418773935354,,
mom63_over_vol21,BLOCKED,REJECTED,mom_vol,,,,,,,,False,,mom63_over_vol21:future_21d_return,0.0,-0.03496213809436294,,,mom63_over_vol21:future_21d_return,Reused fixed 483-name panel diagnostic; even a survivor would require fresh point-in-time replication.,df754ae9cbd7af9e2ad056f7daf07c522a44e6fa050228b0a9d0085d2a0288b7,200,V58_PRICE_VOLUME_SWEEP,-0.27977897629394,,
mom63_over_vol21,BLOCKED,REJECTED,mom_vol,,,,,,,,False,,mom63_over_vol21:future_63d_return,0.0,-0.26141871505490216,,,mom63_over_vol21:future_63d_return,Reused fixed 483-name panel diagnostic; even a survivor would require fresh point-in-time replication.,df754ae9cbd7af9e2ad056f7daf07c522a44e6fa050228b0a9d0085d2a0288b7,200,V58_PRICE_VOLUME_SWEEP,-0.09835516834444469,,
mom126_over_vol63,BLOCKED,REJECTED,mom_vol,,,,,,,,False,,mom126_over_vol63:future_21d_return,0.0,-0.048250660617884376,,,mom126_over_vol63:future_21d_return,Reused fixed 483-name panel diagnostic; even a survivor would require fresh point-in-time replication.,df754ae9cbd7af9e2ad056f7daf07c522a44e6fa050228b0a9d0085d2a0288b7,200,V58_PRICE_VOLUME_SWEEP,-0.20889674674092648,,
mom126_over_vol63,BLOCKED,REJECTED,mom_vol,,,,,,,,False,,mom126_over_vol63:future_63d_return,0.0,-0.06432966072146519,,,mom126_over_vol63:future_63d_return,Reused fixed 483-name panel diagnostic; even a survivor would require fresh point-in-time replication.,df754ae9cbd7af9e2ad056f7daf07c522a44e6fa050228b0a9d0085d2a0288b7,200,V58_PRICE_VOLUME_SWEEP,-0.267851189195569,,
mom252_over_vol63,BLOCKED,REJECTED,mom_vol,,,,,,,,False,,mom252_over_vol63:future_21d_return,0.0,-0.08853618337941183,,,mom252_over_vol63:future_21d_return,Reused fixed 483-name panel diagnostic; even a survivor would require fresh point-in-time replication.,df754ae9cbd7af9e2ad056f7daf07c522a44e6fa050228b0a9d0085d2a0288b7,200,V58_PRICE_VOLUME_SWEEP,-0.27270063844101355,,
mom252_over_vol63,BLOCKED,REJECTED,mom_vol,,,,,,,,False,,mom252_over_vol63:future_63d_return,0.0,0.0007086967567475969,,,mom252_over_vol63:future_63d_return,Reused fixed 483-name panel diagnostic; even a survivor would require fresh point-in-time replication.,df754ae9cbd7af9e2ad056f7daf07c522a44e6fa050228b0a9d0085d2a0288b7,200,V58_PRICE_VOLUME_SWEEP,-0.36886637248729226,,
mom63_x_volumez21,BLOCKED,REJECTED,interaction,,,,,,,,False,,mom63_x_volumez21:future_21d_return,0.0,-0.04868988866729166,,,mom63_x_volumez21:future_21d_return,Reused fixed 483-name panel diagnostic; even a survivor would require fresh point-in-time replication.,df754ae9cbd7af9e2ad056f7daf07c522a44e6fa050228b0a9d0085d2a0288b7,200,V58_PRICE_VOLUME_SWEEP,-0.023446909464273837,,
mom63_x_volumez21,BLOCKED,REJECTED,interaction,,,,,,,,False,,mom63_x_volumez21:future_63d_return,0.0,-0.07197504844027705,,,mom63_x_volumez21:future_63d_return,Reused fixed 483-name panel diagnostic; even a survivor would require fresh point-in-time replication.,df754ae9cbd7af9e2ad056f7daf07c522a44e6fa050228b0a9d0085d2a0288b7,200,V58_PRICE_VOLUME_SWEEP,-0.07517787868698375,,
dist_high63_x_volumez21,BLOCKED,REJECTED,interaction,,,,,,,,False,,dist_high63_x_volumez21:future_21d_return,0.0,-0.09993621135071132,,,dist_high63_x_volumez21:future_21d_return,Reused fixed 483-name panel diagnostic; even a survivor would require fresh point-in-time replication.,df754ae9cbd7af9e2ad056f7daf07c522a44e6fa050228b0a9d0085d2a0288b7,200,V58_PRICE_VOLUME_SWEEP,-0.08795209141969407,,
dist_high63_x_volumez21,BLOCKED,REJECTED,interaction,,,,,,,,False,,dist_high63_x_volumez21:future_63d_return,0.0,-0.12618852420907137,,,dist_high63_x_volumez21:future_63d_return,Reused fixed 483-name panel diagnostic; even a survivor would require fresh point-in-time replication.,df754ae9cbd7af9e2ad056f7daf07c522a44e6fa050228b0a9d0085d2a0288b7,200,V58_PRICE_VOLUME_SWEEP,-0.10076663449941442,,
reversal5_x_amihud21,BLOCKED,REJECTED,interaction,,,,,,,,False,,reversal5_x_amihud21:future_21d_return,0.0,-0.05509194378315513,,,reversal5_x_amihud21:future_21d_return,Reused fixed 483-name panel diagnostic; even a survivor would require fresh point-in-time replication.,df754ae9cbd7af9e2ad056f7daf07c522a44e6fa050228b0a9d0085d2a0288b7,200,V58_PRICE_VOLUME_SWEEP,-0.01747350577800777,,
reversal5_x_amihud21,BLOCKED,REJECTED,interaction,,,,,,,,False,,reversal5_x_amihud21:future_63d_return,0.0,-0.14345495217475668,,,reversal5_x_amihud21:future_63d_return,Reused fixed 483-name panel diagnostic; even a survivor would require fresh point-in-time replication.,df754ae9cbd7af9e2ad056f7daf07c522a44e6fa050228b0a9d0085d2a0288b7,200,V58_PRICE_VOLUME_SWEEP,-0.10133888311351145,,
lowvol21_x_mom63,BLOCKED,REJECTED,interaction,,,,,,,,False,,lowvol21_x_mom63:future_21d_return,0.0,-0.023459685090195193,,,lowvol21_x_mom63:future_21d_return,Reused fixed 483-name panel diagnostic; even a survivor would require fresh point-in-time replication.,df754ae9cbd7af9e2ad056f7daf07c522a44e6fa050228b0a9d0085d2a0288b7,200,V58_PRICE_VOLUME_SWEEP,-0.28114731045025076,,
lowvol21_x_mom63,BLOCKED,REJECTED,interaction,,,,,,,,False,,lowvol21_x_mom63:future_63d_return,0.0,-0.023976815287985537,,,lowvol21_x_mom63:future_63d_return,Reused fixed 483-name panel diagnostic; even a survivor would require fresh point-in-time replication.,df754ae9cbd7af9e2ad056f7daf07c522a44e6fa050228b0a9d0085d2a0288b7,200,V58_PRICE_VOLUME_SWEEP,-0.27246494414975864,,
range21_x_mom21,BLOCKED,REJECTED,interaction,,,,,,,,False,,range21_x_mom21:future_21d_return,0.0,-0.12328311103874483,,,range21_x_mom21:future_21d_return,Reused fixed 483-name panel diagnostic; even a survivor would require fresh point-in-time replication.,df754ae9cbd7af9e2ad056f7daf07c522a44e6fa050228b0a9d0085d2a0288b7,200,V58_PRICE_VOLUME_SWEEP,-0.06218101829801956,,
range21_x_mom21,BLOCKED,REJECTED,interaction,,,,,,,,False,,range21_x_mom21:future_63d_return,0.0,-0.1840564519756971,,,range21_x_mom21:future_63d_return,Reused fixed 483-name panel diagnostic; even a survivor would require fresh point-in-time replication.,df754ae9cbd7af9e2ad056f7daf07c522a44e6fa050228b0a9d0085d2a0288b7,200,V58_PRICE_VOLUME_SWEEP,-0.12469464245259368,,
clv21_x_volumez21,BLOCKED,REJECTED,interaction,,,,,,,,False,,clv21_x_volumez21:future_21d_return,0.0,-0.038333728900080036,,,clv21_x_volumez21:future_21d_return,Reused fixed 483-name panel diagnostic; even a survivor would require fresh point-in-time replication.,df754ae9cbd7af9e2ad056f7daf07c522a44e6fa050228b0a9d0085d2a0288b7,200,V58_PRICE_VOLUME_SWEEP,-0.08962783611738623,,
clv21_x_volumez21,BLOCKED,REJECTED,interaction,,,,,,,,False,,clv21_x_volumez21:future_63d_return,0.0,-0.13551223999589393,,,clv21_x_volumez21:future_63d_return,Reused fixed 483-name panel diagnostic; even a survivor would require fresh point-in-time replication.,df754ae9cbd7af9e2ad056f7daf07c522a44e6fa050228b0a9d0085d2a0288b7,200,V58_PRICE_VOLUME_SWEEP,-0.13838674778639093,,
price_level,BLOCKED,REJECTED,placebo,,,,,,,,True,,price_level:future_21d_return,0.0,-0.16547462408847413,,,price_level:future_21d_return,Reused fixed 483-name panel diagnostic; even a survivor would require fresh point-in-time replication.,df754ae9cbd7af9e2ad056f7daf07c522a44e6fa050228b0a9d0085d2a0288b7,200,V58_PRICE_VOLUME_SWEEP,-0.0007866861314691775,,
price_level,BLOCKED,REJECTED,placebo,,,,,,,,True,,price_level:future_63d_return,0.0,-0.2607507789037901,,,price_level:future_63d_return,Reused fixed 483-name panel diagnostic; even a survivor would require fresh point-in-time replication.,df754ae9cbd7af9e2ad056f7daf07c522a44e6fa050228b0a9d0085d2a0288b7,200,V58_PRICE_VOLUME_SWEEP,-0.05757612020173551,,
alphabetical_ticker,BLOCKED,REJECTED,placebo,,,,,,,,True,,alphabetical_ticker:future_21d_return,0.0,-0.01465882157229199,,,alphabetical_ticker:future_21d_return,Reused fixed 483-name panel diagnostic; even a survivor would require fresh point-in-time replication.,df754ae9cbd7af9e2ad056f7daf07c522a44e6fa050228b0a9d0085d2a0288b7,200,V58_PRICE_VOLUME_SWEEP,-0.016557211209663202,,
alphabetical_ticker,BLOCKED,REJECTED,placebo,,,,,,,,True,,alphabetical_ticker:future_63d_return,0.0,-0.029543378065203726,,,alphabetical_ticker:future_63d_return,Reused fixed 483-name panel diagnostic; even a survivor would require fresh point-in-time replication.,df754ae9cbd7af9e2ad056f7daf07c522a44e6fa050228b0a9d0085d2a0288b7,200,V58_PRICE_VOLUME_SWEEP,-0.0402298475430181,,
calendar_month,BLOCKED,REJECTED,placebo,,,,,,,,True,,calendar_month:future_21d_return,0.0,,,,calendar_month:future_21d_return,Reused fixed 483-name panel diagnostic; even a survivor would require fresh point-in-time replication.,df754ae9cbd7af9e2ad056f7daf07c522a44e6fa050228b0a9d0085d2a0288b7,200,V58_PRICE_VOLUME_SWEEP,,,
calendar_month,BLOCKED,REJECTED,placebo,,,,,,,,True,,calendar_month:future_63d_return,0.0,,,,calendar_month:future_63d_return,Reused fixed 483-name panel diagnostic; even a survivor would require fresh point-in-time replication.,df754ae9cbd7af9e2ad056f7daf07c522a44e6fa050228b0a9d0085d2a0288b7,200,V58_PRICE_VOLUME_SWEEP,,,
deterministic_hash_noise,BLOCKED,REJECTED,placebo,,,,,,,,True,,deterministic_hash_noise:future_21d_return,0.0,-0.05957004097966722,,,deterministic_hash_noise:future_21d_return,Reused fixed 483-name panel diagnostic; even a survivor would require fresh point-in-time replication.,df754ae9cbd7af9e2ad056f7daf07c522a44e6fa050228b0a9d0085d2a0288b7,200,V58_PRICE_VOLUME_SWEEP,-0.051937907344231864,,
deterministic_hash_noise,BLOCKED,REJECTED,placebo,,,,,,,,True,,deterministic_hash_noise:future_63d_return,0.0,-0.01856428455704974,,,deterministic_hash_noise:future_63d_return,Reused fixed 483-name panel diagnostic; even a survivor would require fresh point-in-time replication.,df754ae9cbd7af9e2ad056f7daf07c522a44e6fa050228b0a9d0085d2a0288b7,200,V58_PRICE_VOLUME_SWEEP,-0.054197218654365865,,
spx_mom_1,BLOCKED,REJECTED,trend,,,,,,,,,False,spx_mom_1:future_6m_return,0.0,-0.24115102959222182,,,spx_mom_1:future_6m_return,Revised/reused monthly macro history diagnostic; not vintage point-in-time proof.,2e2b31c44a2c1c2cac317f88b61f01540316d53c776f50cc96675f68df7cf528,344,V58_MACRO_SWEEP,-0.2236718477643175,,
spx_mom_1,BLOCKED,REJECTED,trend,,,,,,,,,False,spx_mom_1:future_12m_return,0.0,-0.3233283265365641,,,spx_mom_1:future_12m_return,Revised/reused monthly macro history diagnostic; not vintage point-in-time proof.,2e2b31c44a2c1c2cac317f88b61f01540316d53c776f50cc96675f68df7cf528,344,V58_MACRO_SWEEP,-0.11186826585958759,,
spx_mom_1,BLOCKED,REJECTED,trend,,,,,,,,,False,spx_mom_1:future_6m_drawdown_loss,0.0,-0.15094731422195143,,,spx_mom_1:future_6m_drawdown_loss,Revised/reused monthly macro history diagnostic; not vintage point-in-time proof.,2e2b31c44a2c1c2cac317f88b61f01540316d53c776f50cc96675f68df7cf528,344,V58_MACRO_SWEEP,-0.06090353238431323,,
spx_mom_1,BLOCKED,REJECTED,trend,,,,,,,,,False,spx_mom_1:future_6m_realized_vol,0.0,-0.1732169726236461,,,spx_mom_1:future_6m_realized_vol,Revised/reused monthly macro history diagnostic; not vintage point-in-time proof.,2e2b31c44a2c1c2cac317f88b61f01540316d53c776f50cc96675f68df7cf528,344,V58_MACRO_SWEEP,-0.07061923284804683,,
spx_mom_3,BLOCKED,REJECTED,trend,,,,,,,,,False,spx_mom_3:future_6m_return,0.0,-0.370588752089823,,,spx_mom_3:future_6m_return,Revised/reused monthly macro history diagnostic; not vintage point-in-time proof.,2e2b31c44a2c1c2cac317f88b61f01540316d53c776f50cc96675f68df7cf528,344,V58_MACRO_SWEEP,-0.28763636408695703,,
spx_mom_3,BLOCKED,REJECTED,trend,,,,,,,,,False,spx_mom_3:future_12m_return,0.0,-0.3830813965639489,,,spx_mom_3:future_12m_return,Revised/reused monthly macro history diagnostic; not vintage point-in-time proof.,2e2b31c44a2c1c2cac317f88b61f01540316d53c776f50cc96675f68df7cf528,344,V58_MACRO_SWEEP,-0.7420135436733053,,
spx_mom_3,BLOCKED,REJECTED,trend,,,,,,,,,False,spx_mom_3:future_6m_drawdown_loss,0.0,-0.25434200018195663,,,spx_mom_3:future_6m_drawdown_loss,Revised/reused monthly macro history diagnostic; not vintage point-in-time proof.,2e2b31c44a2c1c2cac317f88b61f01540316d53c776f50cc96675f68df7cf528,344,V58_MACRO_SWEEP,-0.13395988461983582,,
spx_mom_3,BLOCKED,REJECTED,trend,,,,,,,,,False,spx_mom_3:future_6m_realized_vol,0.0,-0.22619187865810997,,,spx_mom_3:future_6m_realized_vol,Revised/reused monthly macro history diagnostic; not vintage point-in-time proof.,2e2b31c44a2c1c2cac317f88b61f01540316d53c776f50cc96675f68df7cf528,344,V58_MACRO_SWEEP,-0.2516551483218337,,
spx_mom_6,BLOCKED,REJECTED,trend,,,,,,,,,False,spx_mom_6:future_6m_return,0.0,-0.5627378451394732,,,spx_mom_6:future_6m_return,Revised/reused monthly macro history diagnostic; not vintage point-in-time proof.,2e2b31c44a2c1c2cac317f88b61f01540316d53c776f50cc96675f68df7cf528,344,V58_MACRO_SWEEP,-0.23312916862307387,,
spx_mom_6,BLOCKED,REJECTED,trend,,,,,,,,,False,spx_mom_6:future_12m_return,0.0,-0.37434649231725564,,,spx_mom_6:future_12m_return,Revised/reused monthly macro history diagnostic; not vintage point-in-time proof.,2e2b31c44a2c1c2cac317f88b61f01540316d53c776f50cc96675f68df7cf528,344,V58_MACRO_SWEEP,-0.9188268937870185,,
spx_mom_6,BLOCKED,REJECTED,trend,,,,,,,,,False,spx_mom_6:future_6m_drawdown_loss,0.0,-0.3767638564909239,,,spx_mom_6:future_6m_drawdown_loss,Revised/reused monthly macro history diagnostic; not vintage point-in-time proof.,2e2b31c44a2c1c2cac317f88b61f01540316d53c776f50cc96675f68df7cf528,344,V58_MACRO_SWEEP,-0.2052839318219195,,
spx_mom_6,BLOCKED,REJECTED,trend,,,,,,,,,False,spx_mom_6:future_6m_realized_vol,0.0,-0.3073471924230184,,,spx_mom_6:future_6m_realized_vol,Revised/reused monthly macro history diagnostic; not vintage point-in-time proof.,2e2b31c44a2c1c2cac317f88b61f01540316d53c776f50cc96675f68df7cf528,344,V58_MACRO_SWEEP,-0.4372904931423044,,
spx_mom_12,BLOCKED,REJECTED,trend,,,,,,,,,False,spx_mom_12:future_6m_return,0.0,-0.4304548782220097,,,spx_mom_12:future_6m_return,Revised/reused monthly macro history diagnostic; not vintage point-in-time proof.,2e2b31c44a2c1c2cac317f88b61f01540316d53c776f50cc96675f68df7cf528,344,V58_MACRO_SWEEP,-0.8839499480077025,,
spx_mom_12,BLOCKED,REJECTED,trend,,,,,,,,,False,spx_mom_12:future_12m_return,0.0,-0.3760608625191792,,,spx_mom_12:future_12m_return,Revised/reused monthly macro history diagnostic; not vintage point-in-time proof.,2e2b31c44a2c1c2cac317f88b61f01540316d53c776f50cc96675f68df7cf528,344,V58_MACRO_SWEEP,-1.0518462616399806,,
spx_mom_12,BLOCKED,REJECTED,trend,,,,,,,,,False,spx_mom_12:future_6m_drawdown_loss,0.0,-0.5536951227067941,,,spx_mom_12:future_6m_drawdown_loss,Revised/reused monthly macro history diagnostic; not vintage point-in-time proof.,2e2b31c44a2c1c2cac317f88b61f01540316d53c776f50cc96675f68df7cf528,344,V58_MACRO_SWEEP,-0.23100488551367093,,
spx_mom_12,BLOCKED,REJECTED,trend,,,,,,,,,False,spx_mom_12:future_6m_realized_vol,0.0,-0.3064380678782382,,,spx_mom_12:future_6m_realized_vol,Revised/reused monthly macro history diagnostic; not vintage point-in-time proof.,2e2b31c44a2c1c2cac317f88b61f01540316d53c776f50cc96675f68df7cf528,344,V58_MACRO_SWEEP,-0.6264439043633653,,
spx_mom_24,BLOCKED,REJECTED,trend,,,,,,,,,False,spx_mom_24:future_6m_return,0.0,-0.2529627928956054,,,spx_mom_24:future_6m_return,Revised/reused monthly macro history diagnostic; not vintage point-in-time proof.,2e2b31c44a2c1c2cac317f88b61f01540316d53c776f50cc96675f68df7cf528,344,V58_MACRO_SWEEP,-0.907377587881166,,
spx_mom_24,BLOCKED,REJECTED,trend,,,,,,,,,False,spx_mom_24:future_12m_return,0.0,-0.04985555095173699,,,spx_mom_24:future_12m_return,Revised/reused monthly macro history diagnostic; not vintage point-in-time proof.,2e2b31c44a2c1c2cac317f88b61f01540316d53c776f50cc96675f68df7cf528,344,V58_MACRO_SWEEP,-1.044845349636898,,
spx_mom_24,BLOCKED,REJECTED,trend,,,,,,,,,False,spx_mom_24:future_6m_drawdown_loss,0.0,-0.5031679769101094,,,spx_mom_24:future_6m_drawdown_loss,Revised/reused monthly macro history diagnostic; not vintage point-in-time proof.,2e2b31c44a2c1c2cac317f88b61f01540316d53c776f50cc96675f68df7cf528,344,V58_MACRO_SWEEP,-0.7484085075177977,,
spx_mom_24,BLOCKED,REJECTED,trend,,,,,,,,,False,spx_mom_24:future_6m_realized_vol,0.0,-0.540256074664454,,,spx_mom_24:future_6m_realized_vol,Revised/reused monthly macro history diagnostic; not vintage point-in-time proof.,2e2b31c44a2c1c2cac317f88b61f01540316d53c776f50cc96675f68df7cf528,344,V58_MACRO_SWEEP,-0.7866731392126094,,
spx_mom_36,BLOCKED,REJECTED,trend,,,,,,,,,False,spx_mom_36:future_6m_return,0.0,-0.252438958487491,,,spx_mom_36:future_6m_return,Revised/reused monthly macro history diagnostic; not vintage point-in-time proof.,2e2b31c44a2c1c2cac317f88b61f01540316d53c776f50cc96675f68df7cf528,344,V58_MACRO_SWEEP,-0.8044015203616834,,
spx_mom_36,BLOCKED,REJECTED,trend,,,,,,,,,False,spx_mom_36:future_12m_return,0.0,-0.27703310443494694,,,spx_mom_36:future_12m_return,Revised/reused monthly macro history diagnostic; not vintage point-in-time proof.,2e2b31c44a2c1c2cac317f88b61f01540316d53c776f50cc96675f68df7cf528,344,V58_MACRO_SWEEP,-0.9485332900813013,,
spx_mom_36,BLOCKED,REJECTED,trend,,,,,,,,,False,spx_mom_36:future_6m_drawdown_loss,0.0,-0.6455333566193326,,,spx_mom_36:future_6m_drawdown_loss,Revised/reused monthly macro history diagnostic; not vintage point-in-time proof.,2e2b31c44a2c1c2cac317f88b61f01540316d53c776f50cc96675f68df7cf528,344,V58_MACRO_SWEEP,-0.45602838571408727,,
spx_mom_36,BLOCKED,REJECTED,trend,,,,,,,,,False,spx_mom_36:future_6m_realized_vol,0.0,-0.4281653545482639,,,spx_mom_36:future_6m_realized_vol,Revised/reused monthly macro history diagnostic; not vintage point-in-time proof.,2e2b31c44a2c1c2cac317f88b61f01540316d53c776f50cc96675f68df7cf528,344,V58_MACRO_SWEEP,-0.7589477314839947,,
spx_mom_60,BLOCKED,REJECTED,trend,,,,,,,,,False,spx_mom_60:future_6m_return,0.0,-0.6650599447494931,,,spx_mom_60:future_6m_return,Revised/reused monthly macro history diagnostic; not vintage point-in-time proof.,2e2b31c44a2c1c2cac317f88b61f01540316d53c776f50cc96675f68df7cf528,344,V58_MACRO_SWEEP,-0.5884435835163202,,
spx_mom_60,BLOCKED,REJECTED,trend,,,,,,,,,False,spx_mom_60:future_12m_return,0.0,-0.8560915481902116,,,spx_mom_60:future_12m_return,Revised/reused monthly macro history diagnostic; not vintage point-in-time proof.,2e2b31c44a2c1c2cac317f88b61f01540316d53c776f50cc96675f68df7cf528,344,V58_MACRO_SWEEP,-0.6896756365895275,,
spx_mom_60,BLOCKED,REJECTED,trend,,,,,,,,,False,spx_mom_60:future_6m_drawdown_loss,0.0,-0.5022153156580654,,,spx_mom_60:future_6m_drawdown_loss,Revised/reused monthly macro history diagnostic; not vintage point-in-time proof.,2e2b31c44a2c1c2cac317f88b61f01540316d53c776f50cc96675f68df7cf528,344,V58_MACRO_SWEEP,-0.5629236693821769,,
spx_mom_60,BLOCKED,REJECTED,trend,,,,,,,,,False,spx_mom_60:future_6m_realized_vol,0.0,-0.2402576499558106,,,spx_mom_60:future_6m_realized_vol,Revised/reused monthly macro history diagnostic; not vintage point-in-time proof.,2e2b31c44a2c1c2cac317f88b61f01540316d53c776f50cc96675f68df7cf528,344,V58_MACRO_SWEEP,-0.8758128683631057,,
spx_vol_3,BLOCKED,REJECTED,volatility,,,,,,,,,False,spx_vol_3:future_6m_return,0.0,-0.3544300116739862,,,spx_vol_3:future_6m_return,Revised/reused monthly macro history diagnostic; not vintage point-in-time proof.,2e2b31c44a2c1c2cac317f88b61f01540316d53c776f50cc96675f68df7cf528,344,V58_MACRO_SWEEP,-0.5752692101693476,,
spx_vol_3,BLOCKED,REJECTED,volatility,,,,,,,,,False,spx_vol_3:future_12m_return,0.0,-0.23125369517178448,,,spx_vol_3:future_12m_return,Revised/reused monthly macro history diagnostic; not vintage point-in-time proof.,2e2b31c44a2c1c2cac317f88b61f01540316d53c776f50cc96675f68df7cf528,344,V58_MACRO_SWEEP,-0.5876419965083162,,
spx_vol_3,BLOCKED,REJECTED,volatility,,,,,,,,,False,spx_vol_3:future_6m_drawdown_loss,0.0,-0.32675217225910863,,,spx_vol_3:future_6m_drawdown_loss,Revised/reused monthly macro history diagnostic; not vintage point-in-time proof.,2e2b31c44a2c1c2cac317f88b61f01540316d53c776f50cc96675f68df7cf528,344,V58_MACRO_SWEEP,-0.1821343841921583,,
spx_vol_3,BLOCKED,REJECTED,volatility,,,,,,,,,False,spx_vol_3:future_6m_realized_vol,0.0,-0.3505456298354681,,,spx_vol_3:future_6m_realized_vol,Revised/reused monthly macro history diagnostic; not vintage point-in-time proof.,2e2b31c44a2c1c2cac317f88b61f01540316d53c776f50cc96675f68df7cf528,344,V58_MACRO_SWEEP,-0.0011011927798536547,,
spx_vol_6,BLOCKED,REJECTED,volatility,,,,,,,,,False,spx_vol_6:future_6m_return,0.0,-0.3102847537482044,,,spx_vol_6:future_6m_return,Revised/reused monthly macro history diagnostic; not vintage point-in-time proof.,2e2b31c44a2c1c2cac317f88b61f01540316d53c776f50cc96675f68df7cf528,344,V58_MACRO_SWEEP,-0.7393565669695654,,
spx_vol_6,BLOCKED,REJECTED,volatility,,,,,,,,,False,spx_vol_6:future_12m_return,0.0,-0.1931759350284875,,,spx_vol_6:future_12m_return,Revised/reused monthly macro history diagnostic; not vintage point-in-time proof.,2e2b31c44a2c1c2cac317f88b61f01540316d53c776f50cc96675f68df7cf528,344,V58_MACRO_SWEEP,-0.8172555743884826,,
spx_vol_6,BLOCKED,REJECTED,volatility,,,,,,,,,False,spx_vol_6:future_6m_drawdown_loss,0.0,-0.5581901268649586,,,spx_vol_6:future_6m_drawdown_loss,Revised/reused monthly macro history diagnostic; not vintage point-in-time proof.,2e2b31c44a2c1c2cac317f88b61f01540316d53c776f50cc96675f68df7cf528,344,V58_MACRO_SWEEP,-0.7458138536381522,,
spx_vol_6,BLOCKED,REJECTED,volatility,,,,,,,,,False,spx_vol_6:future_6m_realized_vol,0.0,-0.37876906617864714,,,spx_vol_6:future_6m_realized_vol,Revised/reused monthly macro history diagnostic; not vintage point-in-time proof.,2e2b31c44a2c1c2cac317f88b61f01540316d53c776f50cc96675f68df7cf528,344,V58_MACRO_SWEEP,-0.028194744264465943,,
spx_vol_12,BLOCKED,REJECTED,volatility,,,,,,,,,False,spx_vol_12:future_6m_return,0.0,-0.19025400676088833,,,spx_vol_12:future_6m_return,Revised/reused monthly macro history diagnostic; not vintage point-in-time proof.,2e2b31c44a2c1c2cac317f88b61f01540316d53c776f50cc96675f68df7cf528,344,V58_MACRO_SWEEP,-0.7892206433472613,,
spx_vol_12,BLOCKED,REJECTED,volatility,,,,,,,,,False,spx_vol_12:future_12m_return,0.0,-0.06915083159015661,,,spx_vol_12:future_12m_return,Revised/reused monthly macro history diagnostic; not vintage point-in-time proof.,2e2b31c44a2c1c2cac317f88b61f01540316d53c776f50cc96675f68df7cf528,344,V58_MACRO_SWEEP,-0.8899102120744955,,
spx_vol_12,BLOCKED,REJECTED,volatility,,,,,,,,,False,spx_vol_12:future_6m_drawdown_loss,0.0,-0.45990033871536484,,,spx_vol_12:future_6m_drawdown_loss,Revised/reused monthly macro history diagnostic; not vintage point-in-time proof.,2e2b31c44a2c1c2cac317f88b61f01540316d53c776f50cc96675f68df7cf528,344,V58_MACRO_SWEEP,-0.7893079784134844,,
spx_vol_12,BLOCKED,REJECTED,volatility,,,,,,,,,False,spx_vol_12:future_6m_realized_vol,0.0,-0.30157581170814074,,,spx_vol_12:future_6m_realized_vol,Revised/reused monthly macro history diagnostic; not vintage point-in-time proof.,2e2b31c44a2c1c2cac317f88b61f01540316d53c776f50cc96675f68df7cf528,344,V58_MACRO_SWEEP,-0.04762853448978832,,
spx_vol_24,BLOCKED,REJECTED,volatility,,,,,,,,,False,spx_vol_24:future_6m_return,0.0,-0.08101513952722389,,,spx_vol_24:future_6m_return,Revised/reused monthly macro history diagnostic; not vintage point-in-time proof.,2e2b31c44a2c1c2cac317f88b61f01540316d53c776f50cc96675f68df7cf528,344,V58_MACRO_SWEEP,-0.9335037903194765,,
spx_vol_24,BLOCKED,REJECTED,volatility,,,,,,,,,False,spx_vol_24:future_12m_return,0.0,-0.12712974771405494,,,spx_vol_24:future_12m_return,Revised/reused monthly macro history diagnostic; not vintage point-in-time proof.,2e2b31c44a2c1c2cac317f88b61f01540316d53c776f50cc96675f68df7cf528,344,V58_MACRO_SWEEP,-1.0634372108119157,,
spx_vol_24,BLOCKED,REJECTED,volatility,,,,,,,,,False,spx_vol_24:future_6m_drawdown_loss,0.0,-0.281880434760654,,,spx_vol_24:future_6m_drawdown_loss,Revised/reused monthly macro history diagnostic; not vintage point-in-time proof.,2e2b31c44a2c1c2cac317f88b61f01540316d53c776f50cc96675f68df7cf528,344,V58_MACRO_SWEEP,-0.8113160966671615,,
spx_vol_24,BLOCKED,REJECTED,volatility,,,,,,,,,False,spx_vol_24:future_6m_realized_vol,0.0,-0.41637776228837853,,,spx_vol_24:future_6m_realized_vol,Revised/reused monthly macro history diagnostic; not vintage point-in-time proof.,2e2b31c44a2c1c2cac317f88b61f01540316d53c776f50cc96675f68df7cf528,344,V58_MACRO_SWEEP,-0.3783590479011261,,
spx_vol_36,BLOCKED,REJECTED,volatility,,,,,,,,,False,spx_vol_36:future_6m_return,0.0,-0.1548728778118656,,,spx_vol_36:future_6m_return,Revised/reused monthly macro history diagnostic; not vintage point-in-time proof.,2e2b31c44a2c1c2cac317f88b61f01540316d53c776f50cc96675f68df7cf528,344,V58_MACRO_SWEEP,-0.9967871826891505,,
spx_vol_36,BLOCKED,REJECTED,volatility,,,,,,,,,False,spx_vol_36:future_12m_return,0.0,-0.29279643666694566,,,spx_vol_36:future_12m_return,Revised/reused monthly macro history diagnostic; not vintage point-in-time proof.,2e2b31c44a2c1c2cac317f88b61f01540316d53c776f50cc96675f68df7cf528,344,V58_MACRO_SWEEP,-1.1622695458497545,,
spx_vol_36,BLOCKED,REJECTED,volatility,,,,,,,,,False,spx_vol_36:future_6m_drawdown_loss,0.0,-0.2530750476903478,,,spx_vol_36:future_6m_drawdown_loss,Revised/reused monthly macro history diagnostic; not vintage point-in-time proof.,2e2b31c44a2c1c2cac317f88b61f01540316d53c776f50cc96675f68df7cf528,344,V58_MACRO_SWEEP,-0.8934490785967089,,
spx_vol_36,BLOCKED,REJECTED,volatility,,,,,,,,,False,spx_vol_36:future_6m_realized_vol,0.0,-0.485493646551158,,,spx_vol_36:future_6m_realized_vol,Revised/reused monthly macro history diagnostic; not vintage point-in-time proof.,2e2b31c44a2c1c2cac317f88b61f01540316d53c776f50cc96675f68df7cf528,344,V58_MACRO_SWEEP,-0.9638427414442313,,
spx_vol_60,BLOCKED,REJECTED,volatility,,,,,,,,,False,spx_vol_60:future_6m_return,0.0,-0.16950921351539727,,,spx_vol_60:future_6m_return,Revised/reused monthly macro history diagnostic; not vintage point-in-time proof.,2e2b31c44a2c1c2cac317f88b61f01540316d53c776f50cc96675f68df7cf528,344,V58_MACRO_SWEEP,-1.0409011597764661,,
spx_vol_60,BLOCKED,REJECTED,volatility,,,,,,,,,False,spx_vol_60:future_12m_return,0.0,-0.19898968837418618,,,spx_vol_60:future_12m_return,Revised/reused monthly macro history diagnostic; not vintage point-in-time proof.,2e2b31c44a2c1c2cac317f88b61f01540316d53c776f50cc96675f68df7cf528,344,V58_MACRO_SWEEP,-1.2029908740938613,,
spx_vol_60,BLOCKED,REJECTED,volatility,,,,,,,,,False,spx_vol_60:future_6m_drawdown_loss,0.0,-0.3170754995588461,,,spx_vol_60:future_6m_drawdown_loss,Revised/reused monthly macro history diagnostic; not vintage point-in-time proof.,2e2b31c44a2c1c2cac317f88b61f01540316d53c776f50cc96675f68df7cf528,344,V58_MACRO_SWEEP,-0.7934300856502173,,
spx_vol_60,BLOCKED,REJECTED,volatility,,,,,,,,,False,spx_vol_60:future_6m_realized_vol,0.0,-0.5349413529095085,,,spx_vol_60:future_6m_realized_vol,Revised/reused monthly macro history diagnostic; not vintage point-in-time proof.,2e2b31c44a2c1c2cac317f88b61f01540316d53c776f50cc96675f68df7cf528,344,V58_MACRO_SWEEP,-0.6425937797759737,,
spx_drawdown_12,BLOCKED,REJECTED,fragility,,,,,,,,,False,spx_drawdown_12:future_6m_return,0.0,-0.4665671715184679,,,spx_drawdown_12:future_6m_return,Revised/reused monthly macro history diagnostic; not vintage point-in-time proof.,2e2b31c44a2c1c2cac317f88b61f01540316d53c776f50cc96675f68df7cf528,344,V58_MACRO_SWEEP,-0.789014248787006,,
spx_drawdown_12,BLOCKED,REJECTED,fragility,,,,,,,,,False,spx_drawdown_12:future_12m_return,0.0,-0.3420954793293133,,,spx_drawdown_12:future_12m_return,Revised/reused monthly macro history diagnostic; not vintage point-in-time proof.,2e2b31c44a2c1c2cac317f88b61f01540316d53c776f50cc96675f68df7cf528,344,V58_MACRO_SWEEP,-0.9027412157793043,,
spx_drawdown_12,BLOCKED,REJECTED,fragility,,,,,,,,,False,spx_drawdown_12:future_6m_drawdown_loss,0.0,-0.46742459188189955,,,spx_drawdown_12:future_6m_drawdown_loss,Revised/reused monthly macro history diagnostic; not vintage point-in-time proof.,2e2b31c44a2c1c2cac317f88b61f01540316d53c776f50cc96675f68df7cf528,344,V58_MACRO_SWEEP,-0.1692015057765623,,
spx_drawdown_12,BLOCKED,REJECTED,fragility,,,,,,,,,False,spx_drawdown_12:future_6m_realized_vol,0.0,-0.25592220820535927,,,spx_drawdown_12:future_6m_realized_vol,Revised/reused monthly macro history diagnostic; not vintage point-in-time proof.,2e2b31c44a2c1c2cac317f88b61f01540316d53c776f50cc96675f68df7cf528,344,V58_MACRO_SWEEP,0.0028527582270556073,,
spx_drawdown_24,BLOCKED,REJECTED,fragility,,,,,,,,,False,spx_drawdown_24:future_6m_return,0.0,-0.4332533162248291,,,spx_drawdown_24:future_6m_return,Revised/reused monthly macro history diagnostic; not vintage point-in-time proof.,2e2b31c44a2c1c2cac317f88b61f01540316d53c776f50cc96675f68df7cf528,344,V58_MACRO_SWEEP,-0.8371723055152185,,
spx_drawdown_24,BLOCKED,REJECTED,fragility,,,,,,,,,False,spx_drawdown_24:future_12m_return,0.0,-0.3011389434442353,,,spx_drawdown_24:future_12m_return,Revised/reused monthly macro history diagnostic; not vintage point-in-time proof.,2e2b31c44a2c1c2cac317f88b61f01540316d53c776f50cc96675f68df7cf528,344,V58_MACRO_SWEEP,-0.9300205125778342,,
spx_drawdown_24,BLOCKED,REJECTED,fragility,,,,,,,,,False,spx_drawdown_24:future_6m_drawdown_loss,0.0,-0.45183006359644706,,,spx_drawdown_24:future_6m_drawdown_loss,Revised/reused monthly macro history diagnostic; not vintage point-in-time proof.,2e2b31c44a2c1c2cac317f88b61f01540316d53c776f50cc96675f68df7cf528,344,V58_MACRO_SWEEP,-0.34432413665378986,,
spx_drawdown_24,BLOCKED,REJECTED,fragility,,,,,,,,,False,spx_drawdown_24:future_6m_realized_vol,0.0,-0.0975876502557868,,,spx_drawdown_24:future_6m_realized_vol,Revised/reused monthly macro history diagnostic; not vintage point-in-time proof.,2e2b31c44a2c1c2cac317f88b61f01540316d53c776f50cc96675f68df7cf528,344,V58_MACRO_SWEEP,-0.20428672963921957,,
spx_drawdown_60,BLOCKED,REJECTED,fragility,,,,,,,,,False,spx_drawdown_60:future_6m_return,0.0,-0.39137992754291717,,,spx_drawdown_60:future_6m_return,Revised/reused monthly macro history diagnostic; not vintage point-in-time proof.,2e2b31c44a2c1c2cac317f88b61f01540316d53c776f50cc96675f68df7cf528,344,V58_MACRO_SWEEP,-0.8268651306768362,,
spx_drawdown_60,BLOCKED,REJECTED,fragility,,,,,,,,,False,spx_drawdown_60:future_12m_return,0.0,-0.3377858877614512,,,spx_drawdown_60:future_12m_return,Revised/reused monthly macro history diagnostic; not vintage point-in-time proof.,2e2b31c44a2c1c2cac317f88b61f01540316d53c776f50cc96675f68df7cf528,344,V58_MACRO_SWEEP,-0.9642884965942313,,
spx_drawdown_60,BLOCKED,REJECTED,fragility,,,,,,,,,False,spx_drawdown_60:future_6m_drawdown_loss,0.0,-0.4097586007178771,,,spx_drawdown_60:future_6m_drawdown_loss,Revised/reused monthly macro history diagnostic; not vintage point-in-time proof.,2e2b31c44a2c1c2cac317f88b61f01540316d53c776f50cc96675f68df7cf528,344,V58_MACRO_SWEEP,-0.406890770278443,,
spx_drawdown_60,BLOCKED,REJECTED,fragility,,,,,,,,,False,spx_drawdown_60:future_6m_realized_vol,0.0,-0.09875130055004122,,,spx_drawdown_60:future_6m_realized_vol,Revised/reused monthly macro history diagnostic; not vintage point-in-time proof.,2e2b31c44a2c1c2cac317f88b61f01540316d53c776f50cc96675f68df7cf528,344,V58_MACRO_SWEEP,-0.55289390223865,,
spx_drawdown_120,BLOCKED,REJECTED,fragility,,,,,,,,,False,spx_drawdown_120:future_6m_return,0.0,-0.3638415381442999,,,spx_drawdown_120:future_6m_return,Revised/reused monthly macro history diagnostic; not vintage point-in-time proof.,2e2b31c44a2c1c2cac317f88b61f01540316d53c776f50cc96675f68df7cf528,344,V58_MACRO_SWEEP,-0.8607905403818181,,
spx_drawdown_120,BLOCKED,REJECTED,fragility,,,,,,,,,False,spx_drawdown_120:future_12m_return,0.0,-0.30302461559973576,,,spx_drawdown_120:future_12m_return,Revised/reused monthly macro history diagnostic; not vintage point-in-time proof.,2e2b31c44a2c1c2cac317f88b61f01540316d53c776f50cc96675f68df7cf528,344,V58_MACRO_SWEEP,-1.0120469838106543,,
spx_drawdown_120,BLOCKED,REJECTED,fragility,,,,,,,,,False,spx_drawdown_120:future_6m_drawdown_loss,0.0,-0.4211004963688013,,,spx_drawdown_120:future_6m_drawdown_loss,Revised/reused monthly macro history diagnostic; not vintage point-in-time proof.,2e2b31c44a2c1c2cac317f88b61f01540316d53c776f50cc96675f68df7cf528,344,V58_MACRO_SWEEP,-0.4574355367088879,,
spx_drawdown_120,BLOCKED,REJECTED,fragility,,,,,,,,,False,spx_drawdown_120:future_6m_realized_vol,0.0,-0.11288592501370259,,,spx_drawdown_120:future_6m_realized_vol,Revised/reused monthly macro history diagnostic; not vintage point-in-time proof.,2e2b31c44a2c1c2cac317f88b61f01540316d53c776f50cc96675f68df7cf528,344,V58_MACRO_SWEEP,-0.6833601408155205,,
cape_z_12,BLOCKED,REJECTED,valuation,,,,,,,,,False,cape_z_12:future_6m_return,0.0,-0.4894970146255656,,,cape_z_12:future_6m_return,Revised/reused monthly macro history diagnostic; not vintage point-in-time proof.,2e2b31c44a2c1c2cac317f88b61f01540316d53c776f50cc96675f68df7cf528,344,V58_MACRO_SWEEP,-0.12797758590944142,,
cape_z_12,BLOCKED,REJECTED,valuation,,,,,,,,,False,cape_z_12:future_12m_return,0.0,-0.4023922659486688,,,cape_z_12:future_12m_return,Revised/reused monthly macro history diagnostic; not vintage point-in-time proof.,2e2b31c44a2c1c2cac317f88b61f01540316d53c776f50cc96675f68df7cf528,344,V58_MACRO_SWEEP,-0.9976923249616998,,
cape_z_12,BLOCKED,REJECTED,valuation,,,,,,,,,False,cape_z_12:future_6m_drawdown_loss,0.0,-0.2823279692517263,,,cape_z_12:future_6m_drawdown_loss,Revised/reused monthly macro history diagnostic; not vintage point-in-time proof.,2e2b31c44a2c1c2cac317f88b61f01540316d53c776f50cc96675f68df7cf528,344,V58_MACRO_SWEEP,-0.11539431286811697,,
cape_z_12,BLOCKED,REJECTED,valuation,,,,,,,,,False,cape_z_12:future_6m_realized_vol,0.0,-0.11684393191460174,,,cape_z_12:future_6m_realized_vol,Revised/reused monthly macro history diagnostic; not vintage point-in-time proof.,2e2b31c44a2c1c2cac317f88b61f01540316d53c776f50cc96675f68df7cf528,344,V58_MACRO_SWEEP,-0.4470793757748834,,
cape_z_24,BLOCKED,REJECTED,valuation,,,,,,,,,False,cape_z_24:future_6m_return,0.0,-0.5389900235895417,,,cape_z_24:future_6m_return,Revised/reused monthly macro history diagnostic; not vintage point-in-time proof.,2e2b31c44a2c1c2cac317f88b61f01540316d53c776f50cc96675f68df7cf528,344,V58_MACRO_SWEEP,-0.884678347561405,,
cape_z_24,BLOCKED,REJECTED,valuation,,,,,,,,,False,cape_z_24:future_12m_return,0.0,-0.4012646849571721,,,cape_z_24:future_12m_return,Revised/reused monthly macro history diagnostic; not vintage point-in-time proof.,2e2b31c44a2c1c2cac317f88b61f01540316d53c776f50cc96675f68df7cf528,344,V58_MACRO_SWEEP,-1.0143678042786177,,
cape_z_24,BLOCKED,REJECTED,valuation,,,,,,,,,False,cape_z_24:future_6m_drawdown_loss,0.0,-0.2611320063788244,,,cape_z_24:future_6m_drawdown_loss,Revised/reused monthly macro history diagnostic; not vintage point-in-time proof.,2e2b31c44a2c1c2cac317f88b61f01540316d53c776f50cc96675f68df7cf528,344,V58_MACRO_SWEEP,-0.208304750810279,,
cape_z_24,BLOCKED,REJECTED,valuation,,,,,,,,,False,cape_z_24:future_6m_realized_vol,0.0,0.1390352316971925,,,cape_z_24:future_6m_realized_vol,Revised/reused monthly macro history diagnostic; not vintage point-in-time proof.,2e2b31c44a2c1c2cac317f88b61f01540316d53c776f50cc96675f68df7cf528,344,V58_MACRO_SWEEP,-0.5910765948941662,,
cape_z_60,BLOCKED,REJECTED,valuation,,,,,,,,,False,cape_z_60:future_6m_return,0.0,-0.47156086710220174,,,cape_z_60:future_6m_return,Revised/reused monthly macro history diagnostic; not vintage point-in-time proof.,2e2b31c44a2c1c2cac317f88b61f01540316d53c776f50cc96675f68df7cf528,344,V58_MACRO_SWEEP,-0.8997818086340691,,
cape_z_60,BLOCKED,REJECTED,valuation,,,,,,,,,False,cape_z_60:future_12m_return,0.0,-0.32450056392995075,,,cape_z_60:future_12m_return,Revised/reused monthly macro history diagnostic; not vintage point-in-time proof.,2e2b31c44a2c1c2cac317f88b61f01540316d53c776f50cc96675f68df7cf528,344,V58_MACRO_SWEEP,-1.1014806097502736,,
cape_z_60,BLOCKED,REJECTED,valuation,,,,,,,,,False,cape_z_60:future_6m_drawdown_loss,0.0,-0.41900256435226485,,,cape_z_60:future_6m_drawdown_loss,Revised/reused monthly macro history diagnostic; not vintage point-in-time proof.,2e2b31c44a2c1c2cac317f88b61f01540316d53c776f50cc96675f68df7cf528,344,V58_MACRO_SWEEP,-0.2875027762135698,,
cape_z_60,BLOCKED,REJECTED,valuation,,,,,,,,,False,cape_z_60:future_6m_realized_vol,0.0,0.013584185680363736,,,cape_z_60:future_6m_realized_vol,Revised/reused monthly macro history diagnostic; not vintage point-in-time proof.,2e2b31c44a2c1c2cac317f88b61f01540316d53c776f50cc96675f68df7cf528,344,V58_MACRO_SWEEP,-0.7229804519516835,,
cape_z_120,BLOCKED,REJECTED,valuation,,,,,,,,,False,cape_z_120:future_6m_return,0.0,-0.695567413669987,,,cape_z_120:future_6m_return,Revised/reused monthly macro history diagnostic; not vintage point-in-time proof.,2e2b31c44a2c1c2cac317f88b61f01540316d53c776f50cc96675f68df7cf528,344,V58_MACRO_SWEEP,-0.3647923980006552,,
cape_z_120,BLOCKED,REJECTED,valuation,,,,,,,,,False,cape_z_120:future_12m_return,0.0,-0.36478913862827816,,,cape_z_120:future_12m_return,Revised/reused monthly macro history diagnostic; not vintage point-in-time proof.,2e2b31c44a2c1c2cac317f88b61f01540316d53c776f50cc96675f68df7cf528,344,V58_MACRO_SWEEP,-0.9351978595648233,,
cape_z_120,BLOCKED,REJECTED,valuation,,,,,,,,,False,cape_z_120:future_6m_drawdown_loss,0.0,-0.5475994016171704,,,cape_z_120:future_6m_drawdown_loss,Revised/reused monthly macro history diagnostic; not vintage point-in-time proof.,2e2b31c44a2c1c2cac317f88b61f01540316d53c776f50cc96675f68df7cf528,344,V58_MACRO_SWEEP,-0.39275670088549064,,
cape_z_120,BLOCKED,REJECTED,valuation,,,,,,,,,False,cape_z_120:future_6m_realized_vol,0.0,-0.29164732342447874,,,cape_z_120:future_6m_realized_vol,Revised/reused monthly macro history diagnostic; not vintage point-in-time proof.,2e2b31c44a2c1c2cac317f88b61f01540316d53c776f50cc96675f68df7cf528,344,V58_MACRO_SWEEP,-0.8484833500416011,,
cape_level,BLOCKED,REJECTED,valuation,,,,,,,,,False,cape_level:future_6m_return,0.0,-0.3839196056951456,,,cape_level:future_6m_return,Revised/reused monthly macro history diagnostic; not vintage point-in-time proof.,2e2b31c44a2c1c2cac317f88b61f01540316d53c776f50cc96675f68df7cf528,344,V58_MACRO_SWEEP,-0.20790053727510394,,
cape_level,BLOCKED,REJECTED,valuation,,,,,,,,,False,cape_level:future_12m_return,0.0,-0.2578074917776495,,,cape_level:future_12m_return,Revised/reused monthly macro history diagnostic; not vintage point-in-time proof.,2e2b31c44a2c1c2cac317f88b61f01540316d53c776f50cc96675f68df7cf528,344,V58_MACRO_SWEEP,-0.21208865448045872,,
cape_level,BLOCKED,REJECTED,valuation,,,,,,,,,False,cape_level:future_6m_drawdown_loss,0.0,-0.6112088269171827,,,cape_level:future_6m_drawdown_loss,Revised/reused monthly macro history diagnostic; not vintage point-in-time proof.,2e2b31c44a2c1c2cac317f88b61f01540316d53c776f50cc96675f68df7cf528,344,V58_MACRO_SWEEP,-0.8957438927044656,,
cape_level,BLOCKED,REJECTED,valuation,,,,,,,,,False,cape_level:future_6m_realized_vol,0.0,-0.5051999928180864,,,cape_level:future_6m_realized_vol,Revised/reused monthly macro history diagnostic; not vintage point-in-time proof.,2e2b31c44a2c1c2cac317f88b61f01540316d53c776f50cc96675f68df7cf528,344,V58_MACRO_SWEEP,-1.0435211834400144,,
cape_change_12,BLOCKED,REJECTED,valuation,,,,,,,,,False,cape_change_12:future_6m_return,0.0,-0.43436902925047394,,,cape_change_12:future_6m_return,Revised/reused monthly macro history diagnostic; not vintage point-in-time proof.,2e2b31c44a2c1c2cac317f88b61f01540316d53c776f50cc96675f68df7cf528,344,V58_MACRO_SWEEP,-0.8637133306452586,,
cape_change_12,BLOCKED,REJECTED,valuation,,,,,,,,,False,cape_change_12:future_12m_return,0.0,-0.31416183856666174,,,cape_change_12:future_12m_return,Revised/reused monthly macro history diagnostic; not vintage point-in-time proof.,2e2b31c44a2c1c2cac317f88b61f01540316d53c776f50cc96675f68df7cf528,344,V58_MACRO_SWEEP,-1.0165292835747775,,
cape_change_12,BLOCKED,REJECTED,valuation,,,,,,,,,False,cape_change_12:future_6m_drawdown_loss,0.0,-0.3811312098532722,,,cape_change_12:future_6m_drawdown_loss,Revised/reused monthly macro history diagnostic; not vintage point-in-time proof.,2e2b31c44a2c1c2cac317f88b61f01540316d53c776f50cc96675f68df7cf528,344,V58_MACRO_SWEEP,-0.20360088566648327,,
cape_change_12,BLOCKED,REJECTED,valuation,,,,,,,,,False,cape_change_12:future_6m_realized_vol,0.0,-0.14658519754366517,,,cape_change_12:future_6m_realized_vol,Revised/reused monthly macro history diagnostic; not vintage point-in-time proof.,2e2b31c44a2c1c2cac317f88b61f01540316d53c776f50cc96675f68df7cf528,344,V58_MACRO_SWEEP,-0.67810898949185,,
cpi_yoy_level,BLOCKED,REJECTED,macro,,,,,,,,,False,cpi_yoy_level:future_6m_return,0.0,-0.21767747955447125,,,cpi_yoy_level:future_6m_return,Revised/reused monthly macro history diagnostic; not vintage point-in-time proof.,2e2b31c44a2c1c2cac317f88b61f01540316d53c776f50cc96675f68df7cf528,344,V58_MACRO_SWEEP,-0.643884240887766,,
cpi_yoy_level,BLOCKED,REJECTED,macro,,,,,,,,,False,cpi_yoy_level:future_12m_return,0.0,-0.27070528097805635,,,cpi_yoy_level:future_12m_return,Revised/reused monthly macro history diagnostic; not vintage point-in-time proof.,2e2b31c44a2c1c2cac317f88b61f01540316d53c776f50cc96675f68df7cf528,344,V58_MACRO_SWEEP,-0.5737592529276238,,
cpi_yoy_level,BLOCKED,REJECTED,macro,,,,,,,,,False,cpi_yoy_level:future_6m_drawdown_loss,0.0,-0.16041256461741693,,,cpi_yoy_level:future_6m_drawdown_loss,Revised/reused monthly macro history diagnostic; not vintage point-in-time proof.,2e2b31c44a2c1c2cac317f88b61f01540316d53c776f50cc96675f68df7cf528,344,V58_MACRO_SWEEP,-0.6237048037951691,,
cpi_yoy_level,BLOCKED,REJECTED,macro,,,,,,,,,False,cpi_yoy_level:future_6m_realized_vol,0.0,-0.10993006300538771,,,cpi_yoy_level:future_6m_realized_vol,Revised/reused monthly macro history diagnostic; not vintage point-in-time proof.,2e2b31c44a2c1c2cac317f88b61f01540316d53c776f50cc96675f68df7cf528,344,V58_MACRO_SWEEP,-0.9163642628705904,,
cpi_yoy_change_3,BLOCKED,REJECTED,macro,,,,,,,,,False,cpi_yoy_change_3:future_6m_return,0.0,-0.09198187591263318,,,cpi_yoy_change_3:future_6m_return,Revised/reused monthly macro history diagnostic; not vintage point-in-time proof.,2e2b31c44a2c1c2cac317f88b61f01540316d53c776f50cc96675f68df7cf528,344,V58_MACRO_SWEEP,-0.37380430532644254,,
cpi_yoy_change_3,BLOCKED,REJECTED,macro,,,,,,,,,False,cpi_yoy_change_3:future_12m_return,0.0,-0.1661225129704948,,,cpi_yoy_change_3:future_12m_return,Revised/reused monthly macro history diagnostic; not vintage point-in-time proof.,2e2b31c44a2c1c2cac317f88b61f01540316d53c776f50cc96675f68df7cf528,344,V58_MACRO_SWEEP,-0.5281422859050471,,
cpi_yoy_change_3,BLOCKED,REJECTED,macro,,,,,,,,,False,cpi_yoy_change_3:future_6m_drawdown_loss,0.0,-0.2132527962695289,,,cpi_yoy_change_3:future_6m_drawdown_loss,Revised/reused monthly macro history diagnostic; not vintage point-in-time proof.,2e2b31c44a2c1c2cac317f88b61f01540316d53c776f50cc96675f68df7cf528,344,V58_MACRO_SWEEP,-0.2605371852067231,,
cpi_yoy_change_3,BLOCKED,REJECTED,macro,,,,,,,,,False,cpi_yoy_change_3:future_6m_realized_vol,0.0,-0.3108655600833886,,,cpi_yoy_change_3:future_6m_realized_vol,Revised/reused monthly macro history diagnostic; not vintage point-in-time proof.,2e2b31c44a2c1c2cac317f88b61f01540316d53c776f50cc96675f68df7cf528,344,V58_MACRO_SWEEP,-0.39173128057159606,,
cpi_yoy_change_6,BLOCKED,REJECTED,macro,,,,,,,,,False,cpi_yoy_change_6:future_6m_return,0.0,-0.03345915458534615,,,cpi_yoy_change_6:future_6m_return,Revised/reused monthly macro history diagnostic; not vintage point-in-time proof.,2e2b31c44a2c1c2cac317f88b61f01540316d53c776f50cc96675f68df7cf528,344,V58_MACRO_SWEEP,-0.518956322204324,,
cpi_yoy_change_6,BLOCKED,REJECTED,macro,,,,,,,,,False,cpi_yoy_change_6:future_12m_return,0.0,-0.1988643124396119,,,cpi_yoy_change_6:future_12m_return,Revised/reused monthly macro history diagnostic; not vintage point-in-time proof.,2e2b31c44a2c1c2cac317f88b61f01540316d53c776f50cc96675f68df7cf528,344,V58_MACRO_SWEEP,-0.6855269661223022,,
cpi_yoy_change_6,BLOCKED,REJECTED,macro,,,,,,,,,False,cpi_yoy_change_6:future_6m_drawdown_loss,0.0,-0.1436567772519366,,,cpi_yoy_change_6:future_6m_drawdown_loss,Revised/reused monthly macro history diagnostic; not vintage point-in-time proof.,2e2b31c44a2c1c2cac317f88b61f01540316d53c776f50cc96675f68df7cf528,344,V58_MACRO_SWEEP,-0.41366050793962,,
cpi_yoy_change_6,BLOCKED,REJECTED,macro,,,,,,,,,False,cpi_yoy_change_6:future_6m_realized_vol,0.0,-0.2903892018954508,,,cpi_yoy_change_6:future_6m_realized_vol,Revised/reused monthly macro history diagnostic; not vintage point-in-time proof.,2e2b31c44a2c1c2cac317f88b61f01540316d53c776f50cc96675f68df7cf528,344,V58_MACRO_SWEEP,-0.559211020038201,,
cpi_yoy_change_12,BLOCKED,REJECTED,macro,,,,,,,,,False,cpi_yoy_change_12:future_6m_return,0.0,-0.22174175331539514,,,cpi_yoy_change_12:future_6m_return,Revised/reused monthly macro history diagnostic; not vintage point-in-time proof.,2e2b31c44a2c1c2cac317f88b61f01540316d53c776f50cc96675f68df7cf528,344,V58_MACRO_SWEEP,-0.7507602488322132,,
cpi_yoy_change_12,BLOCKED,REJECTED,macro,,,,,,,,,False,cpi_yoy_change_12:future_12m_return,0.0,-0.33219856729326175,,,cpi_yoy_change_12:future_12m_return,Revised/reused monthly macro history diagnostic; not vintage point-in-time proof.,2e2b31c44a2c1c2cac317f88b61f01540316d53c776f50cc96675f68df7cf528,344,V58_MACRO_SWEEP,-0.7386762585169755,,
cpi_yoy_change_12,BLOCKED,REJECTED,macro,,,,,,,,,False,cpi_yoy_change_12:future_6m_drawdown_loss,0.0,-0.22566990720292268,,,cpi_yoy_change_12:future_6m_drawdown_loss,Revised/reused monthly macro history diagnostic; not vintage point-in-time proof.,2e2b31c44a2c1c2cac317f88b61f01540316d53c776f50cc96675f68df7cf528,344,V58_MACRO_SWEEP,-0.6110858998505712,,
cpi_yoy_change_12,BLOCKED,REJECTED,macro,,,,,,,,,False,cpi_yoy_change_12:future_6m_realized_vol,0.0,-0.38136543768836895,,,cpi_yoy_change_12:future_6m_realized_vol,Revised/reused monthly macro history diagnostic; not vintage point-in-time proof.,2e2b31c44a2c1c2cac317f88b61f01540316d53c776f50cc96675f68df7cf528,344,V58_MACRO_SWEEP,-0.7156501563825441,,
cpi_yoy_change_24,BLOCKED,REJECTED,macro,,,,,,,,,False,cpi_yoy_change_24:future_6m_return,0.0,-0.8354958631498945,,,cpi_yoy_change_24:future_6m_return,Revised/reused monthly macro history diagnostic; not vintage point-in-time proof.,2e2b31c44a2c1c2cac317f88b61f01540316d53c776f50cc96675f68df7cf528,344,V58_MACRO_SWEEP,-0.9018070962834648,,
cpi_yoy_change_24,BLOCKED,REJECTED,macro,,,,,,,,,False,cpi_yoy_change_24:future_12m_return,0.0,-0.9089062536724599,,,cpi_yoy_change_24:future_12m_return,Revised/reused monthly macro history diagnostic; not vintage point-in-time proof.,2e2b31c44a2c1c2cac317f88b61f01540316d53c776f50cc96675f68df7cf528,344,V58_MACRO_SWEEP,-0.9226619998942777,,
cpi_yoy_change_24,BLOCKED,REJECTED,macro,,,,,,,,,False,cpi_yoy_change_24:future_6m_drawdown_loss,0.0,-0.1496858859267366,,,cpi_yoy_change_24:future_6m_drawdown_loss,Revised/reused monthly macro history diagnostic; not vintage point-in-time proof.,2e2b31c44a2c1c2cac317f88b61f01540316d53c776f50cc96675f68df7cf528,344,V58_MACRO_SWEEP,-0.6291908934022127,,
cpi_yoy_change_24,BLOCKED,REJECTED,macro,,,,,,,,,False,cpi_yoy_change_24:future_6m_realized_vol,0.0,-0.29745392050511643,,,cpi_yoy_change_24:future_6m_realized_vol,Revised/reused monthly macro history diagnostic; not vintage point-in-time proof.,2e2b31c44a2c1c2cac317f88b61f01540316d53c776f50cc96675f68df7cf528,344,V58_MACRO_SWEEP,-0.897150298877246,,
rate10_level,BLOCKED,REJECTED,macro,,,,,,,,,False,rate10_level:future_6m_return,0.0,-0.8426094815778793,,,rate10_level:future_6m_return,Revised/reused monthly macro history diagnostic; not vintage point-in-time proof.,2e2b31c44a2c1c2cac317f88b61f01540316d53c776f50cc96675f68df7cf528,344,V58_MACRO_SWEEP,-0.43857385173841146,,
rate10_level,BLOCKED,REJECTED,macro,,,,,,,,,False,rate10_level:future_12m_return,0.0,-0.9775254842540446,,,rate10_level:future_12m_return,Revised/reused monthly macro history diagnostic; not vintage point-in-time proof.,2e2b31c44a2c1c2cac317f88b61f01540316d53c776f50cc96675f68df7cf528,344,V58_MACRO_SWEEP,-0.5351711834463607,,
rate10_level,BLOCKED,REJECTED,macro,,,,,,,,,False,rate10_level:future_6m_drawdown_loss,0.0,-0.7265704601817979,,,rate10_level:future_6m_drawdown_loss,Revised/reused monthly macro history diagnostic; not vintage point-in-time proof.,2e2b31c44a2c1c2cac317f88b61f01540316d53c776f50cc96675f68df7cf528,344,V58_MACRO_SWEEP,-0.4259480958812563,,
rate10_level,BLOCKED,REJECTED,macro,,,,,,,,,False,rate10_level:future_6m_realized_vol,0.0,-0.0767036767702306,,,rate10_level:future_6m_realized_vol,Revised/reused monthly macro history diagnostic; not vintage point-in-time proof.,2e2b31c44a2c1c2cac317f88b61f01540316d53c776f50cc96675f68df7cf528,344,V58_MACRO_SWEEP,-0.5824341014677461,,
rate10_change_3,BLOCKED,REJECTED,macro,,,,,,,,,False,rate10_change_3:future_6m_return,0.0,-0.3259173660934943,,,rate10_change_3:future_6m_return,Revised/reused monthly macro history diagnostic; not vintage point-in-time proof.,2e2b31c44a2c1c2cac317f88b61f01540316d53c776f50cc96675f68df7cf528,344,V58_MACRO_SWEEP,-0.4044365057551181,,
rate10_change_3,BLOCKED,REJECTED,macro,,,,,,,,,False,rate10_change_3:future_12m_return,0.0,-0.30879978910704214,,,rate10_change_3:future_12m_return,Revised/reused monthly macro history diagnostic; not vintage point-in-time proof.,2e2b31c44a2c1c2cac317f88b61f01540316d53c776f50cc96675f68df7cf528,344,V58_MACRO_SWEEP,-0.3452085613814664,,
rate10_change_3,BLOCKED,REJECTED,macro,,,,,,,,,False,rate10_change_3:future_6m_drawdown_loss,0.0,-0.4136551603852148,,,rate10_change_3:future_6m_drawdown_loss,Revised/reused monthly macro history diagnostic; not vintage point-in-time proof.,2e2b31c44a2c1c2cac317f88b61f01540316d53c776f50cc96675f68df7cf528,344,V58_MACRO_SWEEP,-0.28048065843541314,,
rate10_change_3,BLOCKED,REJECTED,macro,,,,,,,,,False,rate10_change_3:future_6m_realized_vol,0.0,-0.44934281904538553,,,rate10_change_3:future_6m_realized_vol,Revised/reused monthly macro history diagnostic; not vintage point-in-time proof.,2e2b31c44a2c1c2cac317f88b61f01540316d53c776f50cc96675f68df7cf528,344,V58_MACRO_SWEEP,-0.44173161543957545,,
rate10_change_6,BLOCKED,REJECTED,macro,,,,,,,,,False,rate10_change_6:future_6m_return,0.0,-0.29256417769488596,,,rate10_change_6:future_6m_return,Revised/reused monthly macro history diagnostic; not vintage point-in-time proof.,2e2b31c44a2c1c2cac317f88b61f01540316d53c776f50cc96675f68df7cf528,344,V58_MACRO_SWEEP,-0.4931920488886213,,
rate10_change_6,BLOCKED,REJECTED,macro,,,,,,,,,False,rate10_change_6:future_12m_return,0.0,-0.304024760360312,,,rate10_change_6:future_12m_return,Revised/reused monthly macro history diagnostic; not vintage point-in-time proof.,2e2b31c44a2c1c2cac317f88b61f01540316d53c776f50cc96675f68df7cf528,344,V58_MACRO_SWEEP,-0.4492842337543278,,
rate10_change_6,BLOCKED,REJECTED,macro,,,,,,,,,False,rate10_change_6:future_6m_drawdown_loss,0.0,-0.4436721058429777,,,rate10_change_6:future_6m_drawdown_loss,Revised/reused monthly macro history diagnostic; not vintage point-in-time proof.,2e2b31c44a2c1c2cac317f88b61f01540316d53c776f50cc96675f68df7cf528,344,V58_MACRO_SWEEP,-0.5222974642471478,,
rate10_change_6,BLOCKED,REJECTED,macro,,,,,,,,,False,rate10_change_6:future_6m_realized_vol,0.0,-0.6070762233003852,,,rate10_change_6:future_6m_realized_vol,Revised/reused monthly macro history diagnostic; not vintage point-in-time proof.,2e2b31c44a2c1c2cac317f88b61f01540316d53c776f50cc96675f68df7cf528,344,V58_MACRO_SWEEP,-0.7144472279319684,,
rate10_change_12,BLOCKED,REJECTED,macro,,,,,,,,,False,rate10_change_12:future_6m_return,0.0,-0.45425705048059506,,,rate10_change_12:future_6m_return,Revised/reused monthly macro history diagnostic; not vintage point-in-time proof.,2e2b31c44a2c1c2cac317f88b61f01540316d53c776f50cc96675f68df7cf528,344,V58_MACRO_SWEEP,-0.5892110279486512,,
rate10_change_12,BLOCKED,REJECTED,macro,,,,,,,,,False,rate10_change_12:future_12m_return,0.0,-0.4293915204759716,,,rate10_change_12:future_12m_return,Revised/reused monthly macro history diagnostic; not vintage point-in-time proof.,2e2b31c44a2c1c2cac317f88b61f01540316d53c776f50cc96675f68df7cf528,344,V58_MACRO_SWEEP,-0.6159699632880012,,
rate10_change_12,BLOCKED,REJECTED,macro,,,,,,,,,False,rate10_change_12:future_6m_drawdown_loss,0.0,-0.6476992457019101,,,rate10_change_12:future_6m_drawdown_loss,Revised/reused monthly macro history diagnostic; not vintage point-in-time proof.,2e2b31c44a2c1c2cac317f88b61f01540316d53c776f50cc96675f68df7cf528,344,V58_MACRO_SWEEP,-0.45559078638599027,,
rate10_change_12,BLOCKED,REJECTED,macro,,,,,,,,,False,rate10_change_12:future_6m_realized_vol,0.0,-0.7512082617388436,,,rate10_change_12:future_6m_realized_vol,Revised/reused monthly macro history diagnostic; not vintage point-in-time proof.,2e2b31c44a2c1c2cac317f88b61f01540316d53c776f50cc96675f68df7cf528,344,V58_MACRO_SWEEP,-0.8800182807813712,,
rate10_change_24,BLOCKED,REJECTED,macro,,,,,,,,,False,rate10_change_24:future_6m_return,0.0,-0.8953832857101091,,,rate10_change_24:future_6m_return,Revised/reused monthly macro history diagnostic; not vintage point-in-time proof.,2e2b31c44a2c1c2cac317f88b61f01540316d53c776f50cc96675f68df7cf528,344,V58_MACRO_SWEEP,-0.7873803686992946,,
rate10_change_24,BLOCKED,REJECTED,macro,,,,,,,,,False,rate10_change_24:future_12m_return,0.0,-0.882041920972199,,,rate10_change_24:future_12m_return,Revised/reused monthly macro history diagnostic; not vintage point-in-time proof.,2e2b31c44a2c1c2cac317f88b61f01540316d53c776f50cc96675f68df7cf528,344,V58_MACRO_SWEEP,-0.9094459951928182,,
rate10_change_24,BLOCKED,REJECTED,macro,,,,,,,,,False,rate10_change_24:future_6m_drawdown_loss,0.0,-0.3348060930171689,,,rate10_change_24:future_6m_drawdown_loss,Revised/reused monthly macro history diagnostic; not vintage point-in-time proof.,2e2b31c44a2c1c2cac317f88b61f01540316d53c776f50cc96675f68df7cf528,344,V58_MACRO_SWEEP,-0.6965101003676232,,
rate10_change_24,BLOCKED,REJECTED,macro,,,,,,,,,False,rate10_change_24:future_6m_realized_vol,0.0,-0.4761452959632744,,,rate10_change_24:future_6m_realized_vol,Revised/reused monthly macro history diagnostic; not vintage point-in-time proof.,2e2b31c44a2c1c2cac317f88b61f01540316d53c776f50cc96675f68df7cf528,344,V58_MACRO_SWEEP,-0.9839417497437561,,
real_rate,BLOCKED,REJECTED,macro,,,,,,,,,False,real_rate:future_6m_return,0.0,-0.462099552780582,,,real_rate:future_6m_return,Revised/reused monthly macro history diagnostic; not vintage point-in-time proof.,2e2b31c44a2c1c2cac317f88b61f01540316d53c776f50cc96675f68df7cf528,344,V58_MACRO_SWEEP,-0.3478343213798281,,
real_rate,BLOCKED,REJECTED,macro,,,,,,,,,False,real_rate:future_12m_return,0.0,-0.5970905569079038,,,real_rate:future_12m_return,Revised/reused monthly macro history diagnostic; not vintage point-in-time proof.,2e2b31c44a2c1c2cac317f88b61f01540316d53c776f50cc96675f68df7cf528,344,V58_MACRO_SWEEP,-0.3271549264141671,,
real_rate,BLOCKED,REJECTED,macro,,,,,,,,,False,real_rate:future_6m_drawdown_loss,0.0,-0.31517354106048945,,,real_rate:future_6m_drawdown_loss,Revised/reused monthly macro history diagnostic; not vintage point-in-time proof.,2e2b31c44a2c1c2cac317f88b61f01540316d53c776f50cc96675f68df7cf528,344,V58_MACRO_SWEEP,-0.4147072044186245,,
real_rate,BLOCKED,REJECTED,macro,,,,,,,,,False,real_rate:future_6m_realized_vol,0.0,-0.3539185395945539,,,real_rate:future_6m_realized_vol,Revised/reused monthly macro history diagnostic; not vintage point-in-time proof.,2e2b31c44a2c1c2cac317f88b61f01540316d53c776f50cc96675f68df7cf528,344,V58_MACRO_SWEEP,-0.8977835418351459,,
real_rate_change_12,BLOCKED,REJECTED,macro,,,,,,,,,False,real_rate_change_12:future_6m_return,0.0,-0.8950605345229579,,,real_rate_change_12:future_6m_return,Revised/reused monthly macro history diagnostic; not vintage point-in-time proof.,2e2b31c44a2c1c2cac317f88b61f01540316d53c776f50cc96675f68df7cf528,344,V58_MACRO_SWEEP,-0.7048602755311528,,
real_rate_change_12,BLOCKED,REJECTED,macro,,,,,,,,,False,real_rate_change_12:future_12m_return,0.0,-0.3658156352160967,,,real_rate_change_12:future_12m_return,Revised/reused monthly macro history diagnostic; not vintage point-in-time proof.,2e2b31c44a2c1c2cac317f88b61f01540316d53c776f50cc96675f68df7cf528,344,V58_MACRO_SWEEP,-0.7247043756219983,,
real_rate_change_12,BLOCKED,REJECTED,macro,,,,,,,,,False,real_rate_change_12:future_6m_drawdown_loss,0.0,-0.18945572719984627,,,real_rate_change_12:future_6m_drawdown_loss,Revised/reused monthly macro history diagnostic; not vintage point-in-time proof.,2e2b31c44a2c1c2cac317f88b61f01540316d53c776f50cc96675f68df7cf528,344,V58_MACRO_SWEEP,-0.6431585355560417,,
real_rate_change_12,BLOCKED,REJECTED,macro,,,,,,,,,False,real_rate_change_12:future_6m_realized_vol,0.0,-0.37502742440017844,,,real_rate_change_12:future_6m_realized_vol,Revised/reused monthly macro history diagnostic; not vintage point-in-time proof.,2e2b31c44a2c1c2cac317f88b61f01540316d53c776f50cc96675f68df7cf528,344,V58_MACRO_SWEEP,-0.5441633667802223,,
gold_mom_1,BLOCKED,REJECTED,cross_asset,,,,,,,,,False,gold_mom_1:future_6m_return,0.0,-0.426798411501495,,,gold_mom_1:future_6m_return,Revised/reused monthly macro history diagnostic; not vintage point-in-time proof.,2e2b31c44a2c1c2cac317f88b61f01540316d53c776f50cc96675f68df7cf528,344,V58_MACRO_SWEEP,-0.2947931748297753,,
gold_mom_1,BLOCKED,REJECTED,cross_asset,,,,,,,,,False,gold_mom_1:future_12m_return,0.0,-0.3472797344262082,,,gold_mom_1:future_12m_return,Revised/reused monthly macro history diagnostic; not vintage point-in-time proof.,2e2b31c44a2c1c2cac317f88b61f01540316d53c776f50cc96675f68df7cf528,344,V58_MACRO_SWEEP,-0.2777549251022415,,
gold_mom_1,BLOCKED,REJECTED,cross_asset,,,,,,,,,False,gold_mom_1:future_6m_drawdown_loss,0.0,-0.30868774983471897,,,gold_mom_1:future_6m_drawdown_loss,Revised/reused monthly macro history diagnostic; not vintage point-in-time proof.,2e2b31c44a2c1c2cac317f88b61f01540316d53c776f50cc96675f68df7cf528,344,V58_MACRO_SWEEP,-0.34051075230254607,,
gold_mom_1,BLOCKED,REJECTED,cross_asset,,,,,,,,,False,gold_mom_1:future_6m_realized_vol,0.0,-0.22015240827247912,,,gold_mom_1:future_6m_realized_vol,Revised/reused monthly macro history diagnostic; not vintage point-in-time proof.,2e2b31c44a2c1c2cac317f88b61f01540316d53c776f50cc96675f68df7cf528,344,V58_MACRO_SWEEP,-0.34490054044996715,,
gold_mom_3,BLOCKED,REJECTED,cross_asset,,,,,,,,,False,gold_mom_3:future_6m_return,0.0,-0.1994987133691368,,,gold_mom_3:future_6m_return,Revised/reused monthly macro history diagnostic; not vintage point-in-time proof.,2e2b31c44a2c1c2cac317f88b61f01540316d53c776f50cc96675f68df7cf528,344,V58_MACRO_SWEEP,-0.7489284134248988,,
gold_mom_3,BLOCKED,REJECTED,cross_asset,,,,,,,,,False,gold_mom_3:future_12m_return,0.0,-0.5048619321748912,,,gold_mom_3:future_12m_return,Revised/reused monthly macro history diagnostic; not vintage point-in-time proof.,2e2b31c44a2c1c2cac317f88b61f01540316d53c776f50cc96675f68df7cf528,344,V58_MACRO_SWEEP,-0.30276949460853314,,
gold_mom_3,BLOCKED,REJECTED,cross_asset,,,,,,,,,False,gold_mom_3:future_6m_drawdown_loss,0.0,-0.4604509771587227,,,gold_mom_3:future_6m_drawdown_loss,Revised/reused monthly macro history diagnostic; not vintage point-in-time proof.,2e2b31c44a2c1c2cac317f88b61f01540316d53c776f50cc96675f68df7cf528,344,V58_MACRO_SWEEP,-0.41794300705053783,,
gold_mom_3,BLOCKED,REJECTED,cross_asset,,,,,,,,,False,gold_mom_3:future_6m_realized_vol,0.0,-0.38858873569499797,,,gold_mom_3:future_6m_realized_vol,Revised/reused monthly macro history diagnostic; not vintage point-in-time proof.,2e2b31c44a2c1c2cac317f88b61f01540316d53c776f50cc96675f68df7cf528,344,V58_MACRO_SWEEP,-0.586070672291157,,
gold_mom_6,BLOCKED,REJECTED,cross_asset,,,,,,,,,False,gold_mom_6:future_6m_return,0.0,-0.5754009351285424,,,gold_mom_6:future_6m_return,Revised/reused monthly macro history diagnostic; not vintage point-in-time proof.,2e2b31c44a2c1c2cac317f88b61f01540316d53c776f50cc96675f68df7cf528,344,V58_MACRO_SWEEP,-0.3693701867296771,,
gold_mom_6,BLOCKED,REJECTED,cross_asset,,,,,,,,,False,gold_mom_6:future_12m_return,0.0,-0.6441519731994635,,,gold_mom_6:future_12m_return,Revised/reused monthly macro history diagnostic; not vintage point-in-time proof.,2e2b31c44a2c1c2cac317f88b61f01540316d53c776f50cc96675f68df7cf528,344,V58_MACRO_SWEEP,-0.3826163782890667,,
gold_mom_6,BLOCKED,REJECTED,cross_asset,,,,,,,,,False,gold_mom_6:future_6m_drawdown_loss,0.0,-0.5211219583589302,,,gold_mom_6:future_6m_drawdown_loss,Revised/reused monthly macro history diagnostic; not vintage point-in-time proof.,2e2b31c44a2c1c2cac317f88b61f01540316d53c776f50cc96675f68df7cf528,344,V58_MACRO_SWEEP,-0.48128022584345237,,
gold_mom_6,BLOCKED,REJECTED,cross_asset,,,,,,,,,False,gold_mom_6:future_6m_realized_vol,0.0,-0.3570516833986189,,,gold_mom_6:future_6m_realized_vol,Revised/reused monthly macro history diagnostic; not vintage point-in-time proof.,2e2b31c44a2c1c2cac317f88b61f01540316d53c776f50cc96675f68df7cf528,344,V58_MACRO_SWEEP,-0.7194670549813916,,
gold_mom_12,BLOCKED,REJECTED,cross_asset,,,,,,,,,False,gold_mom_12:future_6m_return,0.0,-0.6182869069233669,,,gold_mom_12:future_6m_return,Revised/reused monthly macro history diagnostic; not vintage point-in-time proof.,2e2b31c44a2c1c2cac317f88b61f01540316d53c776f50cc96675f68df7cf528,344,V58_MACRO_SWEEP,-0.42377231694473233,,
gold_mom_12,BLOCKED,REJECTED,cross_asset,,,,,,,,,False,gold_mom_12:future_12m_return,0.0,-0.7611044724482567,,,gold_mom_12:future_12m_return,Revised/reused monthly macro history diagnostic; not vintage point-in-time proof.,2e2b31c44a2c1c2cac317f88b61f01540316d53c776f50cc96675f68df7cf528,344,V58_MACRO_SWEEP,-0.402753110752292,,
gold_mom_12,BLOCKED,REJECTED,cross_asset,,,,,,,,,False,gold_mom_12:future_6m_drawdown_loss,0.0,-0.44457173590379817,,,gold_mom_12:future_6m_drawdown_loss,Revised/reused monthly macro history diagnostic; not vintage point-in-time proof.,2e2b31c44a2c1c2cac317f88b61f01540316d53c776f50cc96675f68df7cf528,344,V58_MACRO_SWEEP,-0.5329982442319066,,
gold_mom_12,BLOCKED,REJECTED,cross_asset,,,,,,,,,False,gold_mom_12:future_6m_realized_vol,0.0,-0.3523574554563996,,,gold_mom_12:future_6m_realized_vol,Revised/reused monthly macro history diagnostic; not vintage point-in-time proof.,2e2b31c44a2c1c2cac317f88b61f01540316d53c776f50cc96675f68df7cf528,344,V58_MACRO_SWEEP,-0.9041272557611165,,
gold_mom_24,BLOCKED,REJECTED,cross_asset,,,,,,,,,False,gold_mom_24:future_6m_return,0.0,-0.6680510822131303,,,gold_mom_24:future_6m_return,Revised/reused monthly macro history diagnostic; not vintage point-in-time proof.,2e2b31c44a2c1c2cac317f88b61f01540316d53c776f50cc96675f68df7cf528,344,V58_MACRO_SWEEP,-0.48120371890457103,,
gold_mom_24,BLOCKED,REJECTED,cross_asset,,,,,,,,,False,gold_mom_24:future_12m_return,0.0,-0.6909149045955277,,,gold_mom_24:future_12m_return,Revised/reused monthly macro history diagnostic; not vintage point-in-time proof.,2e2b31c44a2c1c2cac317f88b61f01540316d53c776f50cc96675f68df7cf528,344,V58_MACRO_SWEEP,-0.4713172695521111,,
gold_mom_24,BLOCKED,REJECTED,cross_asset,,,,,,,,,False,gold_mom_24:future_6m_drawdown_loss,0.0,-0.4796552084772104,,,gold_mom_24:future_6m_drawdown_loss,Revised/reused monthly macro history diagnostic; not vintage point-in-time proof.,2e2b31c44a2c1c2cac317f88b61f01540316d53c776f50cc96675f68df7cf528,344,V58_MACRO_SWEEP,-0.5504419424974765,,
gold_mom_24,BLOCKED,REJECTED,cross_asset,,,,,,,,,False,gold_mom_24:future_6m_realized_vol,0.0,-0.35141396739734143,,,gold_mom_24:future_6m_realized_vol,Revised/reused monthly macro history diagnostic; not vintage point-in-time proof.,2e2b31c44a2c1c2cac317f88b61f01540316d53c776f50cc96675f68df7cf528,344,V58_MACRO_SWEEP,-0.9190456707898131,,
gold_mom_36,BLOCKED,REJECTED,cross_asset,,,,,,,,,False,gold_mom_36:future_6m_return,0.0,-0.5468256415430668,,,gold_mom_36:future_6m_return,Revised/reused monthly macro history diagnostic; not vintage point-in-time proof.,2e2b31c44a2c1c2cac317f88b61f01540316d53c776f50cc96675f68df7cf528,344,V58_MACRO_SWEEP,-0.4557773879656283,,
gold_mom_36,BLOCKED,REJECTED,cross_asset,,,,,,,,,False,gold_mom_36:future_12m_return,0.0,-0.6710944136443976,,,gold_mom_36:future_12m_return,Revised/reused monthly macro history diagnostic; not vintage point-in-time proof.,2e2b31c44a2c1c2cac317f88b61f01540316d53c776f50cc96675f68df7cf528,344,V58_MACRO_SWEEP,-0.5514291981837183,,
gold_mom_36,BLOCKED,REJECTED,cross_asset,,,,,,,,,False,gold_mom_36:future_6m_drawdown_loss,0.0,-0.42683234458766506,,,gold_mom_36:future_6m_drawdown_loss,Revised/reused monthly macro history diagnostic; not vintage point-in-time proof.,2e2b31c44a2c1c2cac317f88b61f01540316d53c776f50cc96675f68df7cf528,344,V58_MACRO_SWEEP,-0.5415604601558767,,
gold_mom_36,BLOCKED,REJECTED,cross_asset,,,,,,,,,False,gold_mom_36:future_6m_realized_vol,0.0,-0.26844298503989167,,,gold_mom_36:future_6m_realized_vol,Revised/reused monthly macro history diagnostic; not vintage point-in-time proof.,2e2b31c44a2c1c2cac317f88b61f01540316d53c776f50cc96675f68df7cf528,344,V58_MACRO_SWEEP,-0.9583845944320998,,
gold_vol_6,BLOCKED,REJECTED,cross_asset,,,,,,,,,False,gold_vol_6:future_6m_return,0.0,-0.6131121304919155,,,gold_vol_6:future_6m_return,Revised/reused monthly macro history diagnostic; not vintage point-in-time proof.,2e2b31c44a2c1c2cac317f88b61f01540316d53c776f50cc96675f68df7cf528,344,V58_MACRO_SWEEP,-0.5049804402639083,,
gold_vol_6,BLOCKED,REJECTED,cross_asset,,,,,,,,,False,gold_vol_6:future_12m_return,0.0,-0.6973060990835486,,,gold_vol_6:future_12m_return,Revised/reused monthly macro history diagnostic; not vintage point-in-time proof.,2e2b31c44a2c1c2cac317f88b61f01540316d53c776f50cc96675f68df7cf528,344,V58_MACRO_SWEEP,-0.3530278263138156,,
gold_vol_6,BLOCKED,REJECTED,cross_asset,,,,,,,,,False,gold_vol_6:future_6m_drawdown_loss,0.0,-0.6375083358398148,,,gold_vol_6:future_6m_drawdown_loss,Revised/reused monthly macro history diagnostic; not vintage point-in-time proof.,2e2b31c44a2c1c2cac317f88b61f01540316d53c776f50cc96675f68df7cf528,344,V58_MACRO_SWEEP,-0.507688973690063,,
gold_vol_6,BLOCKED,REJECTED,cross_asset,,,,,,,,,False,gold_vol_6:future_6m_realized_vol,0.0,-0.6069624037790555,,,gold_vol_6:future_6m_realized_vol,Revised/reused monthly macro history diagnostic; not vintage point-in-time proof.,2e2b31c44a2c1c2cac317f88b61f01540316d53c776f50cc96675f68df7cf528,344,V58_MACRO_SWEEP,-0.7072438400378533,,
gold_vol_12,BLOCKED,REJECTED,cross_asset,,,,,,,,,False,gold_vol_12:future_6m_return,0.0,-0.8296541309072465,,,gold_vol_12:future_6m_return,Revised/reused monthly macro history diagnostic; not vintage point-in-time proof.,2e2b31c44a2c1c2cac317f88b61f01540316d53c776f50cc96675f68df7cf528,344,V58_MACRO_SWEEP,-0.315876029585777,,
gold_vol_12,BLOCKED,REJECTED,cross_asset,,,,,,,,,False,gold_vol_12:future_12m_return,0.0,-0.8439928360491884,,,gold_vol_12:future_12m_return,Revised/reused monthly macro history diagnostic; not vintage point-in-time proof.,2e2b31c44a2c1c2cac317f88b61f01540316d53c776f50cc96675f68df7cf528,344,V58_MACRO_SWEEP,-0.14645832218891858,,
gold_vol_12,BLOCKED,REJECTED,cross_asset,,,,,,,,,False,gold_vol_12:future_6m_drawdown_loss,0.0,-0.8426499169080682,,,gold_vol_12:future_6m_drawdown_loss,Revised/reused monthly macro history diagnostic; not vintage point-in-time proof.,2e2b31c44a2c1c2cac317f88b61f01540316d53c776f50cc96675f68df7cf528,344,V58_MACRO_SWEEP,-0.4247960157359544,,
gold_vol_12,BLOCKED,REJECTED,cross_asset,,,,,,,,,False,gold_vol_12:future_6m_realized_vol,0.0,-0.8096495555940446,,,gold_vol_12:future_6m_realized_vol,Revised/reused monthly macro history diagnostic; not vintage point-in-time proof.,2e2b31c44a2c1c2cac317f88b61f01540316d53c776f50cc96675f68df7cf528,344,V58_MACRO_SWEEP,-0.7133759151571264,,
gold_vol_24,BLOCKED,REJECTED,cross_asset,,,,,,,,,False,gold_vol_24:future_6m_return,0.0,-0.7230644493442148,,,gold_vol_24:future_6m_return,Revised/reused monthly macro history diagnostic; not vintage point-in-time proof.,2e2b31c44a2c1c2cac317f88b61f01540316d53c776f50cc96675f68df7cf528,344,V58_MACRO_SWEEP,-0.13163024593010536,,
gold_vol_24,BLOCKED,REJECTED,cross_asset,,,,,,,,,False,gold_vol_24:future_12m_return,0.0,-0.7936198001123757,,,gold_vol_24:future_12m_return,Revised/reused monthly macro history diagnostic; not vintage point-in-time proof.,2e2b31c44a2c1c2cac317f88b61f01540316d53c776f50cc96675f68df7cf528,344,V58_MACRO_SWEEP,0.24807995993532728,,
gold_vol_24,BLOCKED,REJECTED,cross_asset,,,,,,,,,False,gold_vol_24:future_6m_drawdown_loss,0.0,-0.7419015768276916,,,gold_vol_24:future_6m_drawdown_loss,Revised/reused monthly macro history diagnostic; not vintage point-in-time proof.,2e2b31c44a2c1c2cac317f88b61f01540316d53c776f50cc96675f68df7cf528,344,V58_MACRO_SWEEP,-0.31472172592796965,,
gold_vol_24,BLOCKED,REJECTED,cross_asset,,,,,,,,,False,gold_vol_24:future_6m_realized_vol,0.0,-0.8305239864304741,,,gold_vol_24:future_6m_realized_vol,Revised/reused monthly macro history diagnostic; not vintage point-in-time proof.,2e2b31c44a2c1c2cac317f88b61f01540316d53c776f50cc96675f68df7cf528,344,V58_MACRO_SWEEP,-0.6402820676687468,,
oil_mom_1,BLOCKED,REJECTED,cross_asset,,,,,,,,,False,oil_mom_1:future_6m_return,0.0,-0.37277423391746384,,,oil_mom_1:future_6m_return,Revised/reused monthly macro history diagnostic; not vintage point-in-time proof.,2e2b31c44a2c1c2cac317f88b61f01540316d53c776f50cc96675f68df7cf528,344,V58_MACRO_SWEEP,-0.051871713969910804,,
oil_mom_1,BLOCKED,REJECTED,cross_asset,,,,,,,,,False,oil_mom_1:future_12m_return,0.0,-0.27077133571557016,,,oil_mom_1:future_12m_return,Revised/reused monthly macro history diagnostic; not vintage point-in-time proof.,2e2b31c44a2c1c2cac317f88b61f01540316d53c776f50cc96675f68df7cf528,344,V58_MACRO_SWEEP,-0.15946208455846544,,
oil_mom_1,BLOCKED,REJECTED,cross_asset,,,,,,,,,False,oil_mom_1:future_6m_drawdown_loss,0.0,-0.4381340672208859,,,oil_mom_1:future_6m_drawdown_loss,Revised/reused monthly macro history diagnostic; not vintage point-in-time proof.,2e2b31c44a2c1c2cac317f88b61f01540316d53c776f50cc96675f68df7cf528,344,V58_MACRO_SWEEP,-0.09612897927549646,,
oil_mom_1,BLOCKED,REJECTED,cross_asset,,,,,,,,,False,oil_mom_1:future_6m_realized_vol,0.0,-0.19583605681410282,,,oil_mom_1:future_6m_realized_vol,Revised/reused monthly macro history diagnostic; not vintage point-in-time proof.,2e2b31c44a2c1c2cac317f88b61f01540316d53c776f50cc96675f68df7cf528,344,V58_MACRO_SWEEP,-0.2250325409412091,,
oil_mom_3,BLOCKED,REJECTED,cross_asset,,,,,,,,,False,oil_mom_3:future_6m_return,0.0,-0.44288032609131184,,,oil_mom_3:future_6m_return,Revised/reused monthly macro history diagnostic; not vintage point-in-time proof.,2e2b31c44a2c1c2cac317f88b61f01540316d53c776f50cc96675f68df7cf528,344,V58_MACRO_SWEEP,-0.5443189814120433,,
oil_mom_3,BLOCKED,REJECTED,cross_asset,,,,,,,,,False,oil_mom_3:future_12m_return,0.0,-0.5727746140757297,,,oil_mom_3:future_12m_return,Revised/reused monthly macro history diagnostic; not vintage point-in-time proof.,2e2b31c44a2c1c2cac317f88b61f01540316d53c776f50cc96675f68df7cf528,344,V58_MACRO_SWEEP,-0.6599381051566717,,
oil_mom_3,BLOCKED,REJECTED,cross_asset,,,,,,,,,False,oil_mom_3:future_6m_drawdown_loss,0.0,-0.24565378976799082,,,oil_mom_3:future_6m_drawdown_loss,Revised/reused monthly macro history diagnostic; not vintage point-in-time proof.,2e2b31c44a2c1c2cac317f88b61f01540316d53c776f50cc96675f68df7cf528,344,V58_MACRO_SWEEP,-0.5353781774530239,,
oil_mom_3,BLOCKED,REJECTED,cross_asset,,,,,,,,,False,oil_mom_3:future_6m_realized_vol,0.0,-0.42817457078730387,,,oil_mom_3:future_6m_realized_vol,Revised/reused monthly macro history diagnostic; not vintage point-in-time proof.,2e2b31c44a2c1c2cac317f88b61f01540316d53c776f50cc96675f68df7cf528,344,V58_MACRO_SWEEP,-0.4916595737215672,,
oil_mom_6,BLOCKED,REJECTED,cross_asset,,,,,,,,,False,oil_mom_6:future_6m_return,0.0,-0.6900385139355041,,,oil_mom_6:future_6m_return,Revised/reused monthly macro history diagnostic; not vintage point-in-time proof.,2e2b31c44a2c1c2cac317f88b61f01540316d53c776f50cc96675f68df7cf528,344,V58_MACRO_SWEEP,-0.6104186881700517,,
oil_mom_6,BLOCKED,REJECTED,cross_asset,,,,,,,,,False,oil_mom_6:future_12m_return,0.0,-0.8907053296702732,,,oil_mom_6:future_12m_return,Revised/reused monthly macro history diagnostic; not vintage point-in-time proof.,2e2b31c44a2c1c2cac317f88b61f01540316d53c776f50cc96675f68df7cf528,344,V58_MACRO_SWEEP,-0.800564588911693,,
oil_mom_6,BLOCKED,REJECTED,cross_asset,,,,,,,,,False,oil_mom_6:future_6m_drawdown_loss,0.0,-0.46552824498058804,,,oil_mom_6:future_6m_drawdown_loss,Revised/reused monthly macro history diagnostic; not vintage point-in-time proof.,2e2b31c44a2c1c2cac317f88b61f01540316d53c776f50cc96675f68df7cf528,344,V58_MACRO_SWEEP,-0.5954771759098894,,
oil_mom_6,BLOCKED,REJECTED,cross_asset,,,,,,,,,False,oil_mom_6:future_6m_realized_vol,0.0,-0.46983498332868856,,,oil_mom_6:future_6m_realized_vol,Revised/reused monthly macro history diagnostic; not vintage point-in-time proof.,2e2b31c44a2c1c2cac317f88b61f01540316d53c776f50cc96675f68df7cf528,344,V58_MACRO_SWEEP,-0.6078518140829555,,
oil_mom_12,BLOCKED,REJECTED,cross_asset,,,,,,,,,False,oil_mom_12:future_6m_return,0.0,-1.010968985934919,,,oil_mom_12:future_6m_return,Revised/reused monthly macro history diagnostic; not vintage point-in-time proof.,2e2b31c44a2c1c2cac317f88b61f01540316d53c776f50cc96675f68df7cf528,344,V58_MACRO_SWEEP,-0.6532887896277789,,
oil_mom_12,BLOCKED,REJECTED,cross_asset,,,,,,,,,False,oil_mom_12:future_12m_return,0.0,-0.2714768702480811,,,oil_mom_12:future_12m_return,Revised/reused monthly macro history diagnostic; not vintage point-in-time proof.,2e2b31c44a2c1c2cac317f88b61f01540316d53c776f50cc96675f68df7cf528,344,V58_MACRO_SWEEP,-0.618293549299802,,
oil_mom_12,BLOCKED,REJECTED,cross_asset,,,,,,,,,False,oil_mom_12:future_6m_drawdown_loss,0.0,-0.2697167154885581,,,oil_mom_12:future_6m_drawdown_loss,Revised/reused monthly macro history diagnostic; not vintage point-in-time proof.,2e2b31c44a2c1c2cac317f88b61f01540316d53c776f50cc96675f68df7cf528,344,V58_MACRO_SWEEP,-0.3623973557346294,,
oil_mom_12,BLOCKED,REJECTED,cross_asset,,,,,,,,,False,oil_mom_12:future_6m_realized_vol,0.0,-0.28593611323426427,,,oil_mom_12:future_6m_realized_vol,Revised/reused monthly macro history diagnostic; not vintage point-in-time proof.,2e2b31c44a2c1c2cac317f88b61f01540316d53c776f50cc96675f68df7cf528,344,V58_MACRO_SWEEP,-0.7405628686274575,,
oil_mom_24,BLOCKED,REJECTED,cross_asset,,,,,,,,,False,oil_mom_24:future_6m_return,0.0,-0.9553218203417755,,,oil_mom_24:future_6m_return,Revised/reused monthly macro history diagnostic; not vintage point-in-time proof.,2e2b31c44a2c1c2cac317f88b61f01540316d53c776f50cc96675f68df7cf528,344,V58_MACRO_SWEEP,-0.9244916582936763,,
oil_mom_24,BLOCKED,REJECTED,cross_asset,,,,,,,,,False,oil_mom_24:future_12m_return,0.0,-1.1158665450837946,,,oil_mom_24:future_12m_return,Revised/reused monthly macro history diagnostic; not vintage point-in-time proof.,2e2b31c44a2c1c2cac317f88b61f01540316d53c776f50cc96675f68df7cf528,344,V58_MACRO_SWEEP,-0.9775598067125856,,
oil_mom_24,BLOCKED,REJECTED,cross_asset,,,,,,,,,False,oil_mom_24:future_6m_drawdown_loss,0.0,-0.2045466051750657,,,oil_mom_24:future_6m_drawdown_loss,Revised/reused monthly macro history diagnostic; not vintage point-in-time proof.,2e2b31c44a2c1c2cac317f88b61f01540316d53c776f50cc96675f68df7cf528,344,V58_MACRO_SWEEP,-0.500934132881925,,
oil_mom_24,BLOCKED,REJECTED,cross_asset,,,,,,,,,False,oil_mom_24:future_6m_realized_vol,0.0,-0.11566686203824961,,,oil_mom_24:future_6m_realized_vol,Revised/reused monthly macro history diagnostic; not vintage point-in-time proof.,2e2b31c44a2c1c2cac317f88b61f01540316d53c776f50cc96675f68df7cf528,344,V58_MACRO_SWEEP,-0.971533482265093,,
oil_mom_36,BLOCKED,REJECTED,cross_asset,,,,,,,,,False,oil_mom_36:future_6m_return,0.0,-0.9018410863143597,,,oil_mom_36:future_6m_return,Revised/reused monthly macro history diagnostic; not vintage point-in-time proof.,2e2b31c44a2c1c2cac317f88b61f01540316d53c776f50cc96675f68df7cf528,344,V58_MACRO_SWEEP,-0.869091335813278,,
oil_mom_36,BLOCKED,REJECTED,cross_asset,,,,,,,,,False,oil_mom_36:future_12m_return,0.0,-0.9266246790547044,,,oil_mom_36:future_12m_return,Revised/reused monthly macro history diagnostic; not vintage point-in-time proof.,2e2b31c44a2c1c2cac317f88b61f01540316d53c776f50cc96675f68df7cf528,344,V58_MACRO_SWEEP,-1.0156390312607848,,
oil_mom_36,BLOCKED,REJECTED,cross_asset,,,,,,,,,False,oil_mom_36:future_6m_drawdown_loss,0.0,-0.8092445735802376,,,oil_mom_36:future_6m_drawdown_loss,Revised/reused monthly macro history diagnostic; not vintage point-in-time proof.,2e2b31c44a2c1c2cac317f88b61f01540316d53c776f50cc96675f68df7cf528,344,V58_MACRO_SWEEP,-0.8753272213753565,,
oil_mom_36,BLOCKED,REJECTED,cross_asset,,,,,,,,,False,oil_mom_36:future_6m_realized_vol,0.0,-0.10285344234028754,,,oil_mom_36:future_6m_realized_vol,Revised/reused monthly macro history diagnostic; not vintage point-in-time proof.,2e2b31c44a2c1c2cac317f88b61f01540316d53c776f50cc96675f68df7cf528,344,V58_MACRO_SWEEP,-0.893193162195007,,
oil_vol_6,BLOCKED,REJECTED,cross_asset,,,,,,,,,False,oil_vol_6:future_6m_return,0.0,-0.4850888994659255,,,oil_vol_6:future_6m_return,Revised/reused monthly macro history diagnostic; not vintage point-in-time proof.,2e2b31c44a2c1c2cac317f88b61f01540316d53c776f50cc96675f68df7cf528,344,V58_MACRO_SWEEP,-0.8019809452635662,,
oil_vol_6,BLOCKED,REJECTED,cross_asset,,,,,,,,,False,oil_vol_6:future_12m_return,0.0,-0.4183069431196995,,,oil_vol_6:future_12m_return,Revised/reused monthly macro history diagnostic; not vintage point-in-time proof.,2e2b31c44a2c1c2cac317f88b61f01540316d53c776f50cc96675f68df7cf528,344,V58_MACRO_SWEEP,-0.7894863961896426,,
oil_vol_6,BLOCKED,REJECTED,cross_asset,,,,,,,,,False,oil_vol_6:future_6m_drawdown_loss,0.0,-0.5002814066493034,,,oil_vol_6:future_6m_drawdown_loss,Revised/reused monthly macro history diagnostic; not vintage point-in-time proof.,2e2b31c44a2c1c2cac317f88b61f01540316d53c776f50cc96675f68df7cf528,344,V58_MACRO_SWEEP,-0.5047948918148242,,
oil_vol_6,BLOCKED,REJECTED,cross_asset,,,,,,,,,False,oil_vol_6:future_6m_realized_vol,0.0,-0.38216976374428563,,,oil_vol_6:future_6m_realized_vol,Revised/reused monthly macro history diagnostic; not vintage point-in-time proof.,2e2b31c44a2c1c2cac317f88b61f01540316d53c776f50cc96675f68df7cf528,344,V58_MACRO_SWEEP,-0.5210299289043255,,
oil_vol_12,BLOCKED,REJECTED,cross_asset,,,,,,,,,False,oil_vol_12:future_6m_return,0.0,-0.42597365103080265,,,oil_vol_12:future_6m_return,Revised/reused monthly macro history diagnostic; not vintage point-in-time proof.,2e2b31c44a2c1c2cac317f88b61f01540316d53c776f50cc96675f68df7cf528,344,V58_MACRO_SWEEP,-0.8602733144549359,,
oil_vol_12,BLOCKED,REJECTED,cross_asset,,,,,,,,,False,oil_vol_12:future_12m_return,0.0,-0.28039702178984305,,,oil_vol_12:future_12m_return,Revised/reused monthly macro history diagnostic; not vintage point-in-time proof.,2e2b31c44a2c1c2cac317f88b61f01540316d53c776f50cc96675f68df7cf528,344,V58_MACRO_SWEEP,-0.9624608091551572,,
oil_vol_12,BLOCKED,REJECTED,cross_asset,,,,,,,,,False,oil_vol_12:future_6m_drawdown_loss,0.0,-0.5285052564411807,,,oil_vol_12:future_6m_drawdown_loss,Revised/reused monthly macro history diagnostic; not vintage point-in-time proof.,2e2b31c44a2c1c2cac317f88b61f01540316d53c776f50cc96675f68df7cf528,344,V58_MACRO_SWEEP,-0.8272252891153393,,
oil_vol_12,BLOCKED,REJECTED,cross_asset,,,,,,,,,False,oil_vol_12:future_6m_realized_vol,0.0,-0.39389013268959255,,,oil_vol_12:future_6m_realized_vol,Revised/reused monthly macro history diagnostic; not vintage point-in-time proof.,2e2b31c44a2c1c2cac317f88b61f01540316d53c776f50cc96675f68df7cf528,344,V58_MACRO_SWEEP,-0.5836498330230431,,
oil_vol_24,BLOCKED,REJECTED,cross_asset,,,,,,,,,False,oil_vol_24:future_6m_return,0.0,-0.3954089278929399,,,oil_vol_24:future_6m_return,Revised/reused monthly macro history diagnostic; not vintage point-in-time proof.,2e2b31c44a2c1c2cac317f88b61f01540316d53c776f50cc96675f68df7cf528,344,V58_MACRO_SWEEP,-0.9970844347972082,,
oil_vol_24,BLOCKED,REJECTED,cross_asset,,,,,,,,,False,oil_vol_24:future_12m_return,0.0,-0.980600041764896,,,oil_vol_24:future_12m_return,Revised/reused monthly macro history diagnostic; not vintage point-in-time proof.,2e2b31c44a2c1c2cac317f88b61f01540316d53c776f50cc96675f68df7cf528,344,V58_MACRO_SWEEP,0.2157364484193896,,
oil_vol_24,BLOCKED,REJECTED,cross_asset,,,,,,,,,False,oil_vol_24:future_6m_drawdown_loss,0.0,-0.6458763659456823,,,oil_vol_24:future_6m_drawdown_loss,Revised/reused monthly macro history diagnostic; not vintage point-in-time proof.,2e2b31c44a2c1c2cac317f88b61f01540316d53c776f50cc96675f68df7cf528,344,V58_MACRO_SWEEP,-0.15864772480672235,,
oil_vol_24,BLOCKED,REJECTED,cross_asset,,,,,,,,,False,oil_vol_24:future_6m_realized_vol,0.0,-0.5824890256130546,,,oil_vol_24:future_6m_realized_vol,Revised/reused monthly macro history diagnostic; not vintage point-in-time proof.,2e2b31c44a2c1c2cac317f88b61f01540316d53c776f50cc96675f68df7cf528,344,V58_MACRO_SWEEP,-0.49960822397279814,,
gas_mom_1,BLOCKED,REJECTED,cross_asset,,,,,,,,,False,gas_mom_1:future_6m_return,0.0,-0.3213340363929794,,,gas_mom_1:future_6m_return,Revised/reused monthly macro history diagnostic; not vintage point-in-time proof.,2e2b31c44a2c1c2cac317f88b61f01540316d53c776f50cc96675f68df7cf528,344,V58_MACRO_SWEEP,-0.22865221308912215,,
gas_mom_1,BLOCKED,REJECTED,cross_asset,,,,,,,,,False,gas_mom_1:future_12m_return,0.0,-0.3391587895705143,,,gas_mom_1:future_12m_return,Revised/reused monthly macro history diagnostic; not vintage point-in-time proof.,2e2b31c44a2c1c2cac317f88b61f01540316d53c776f50cc96675f68df7cf528,344,V58_MACRO_SWEEP,-0.33177636505757674,,
gas_mom_1,BLOCKED,REJECTED,cross_asset,,,,,,,,,False,gas_mom_1:future_6m_drawdown_loss,0.0,-0.2862543565706376,,,gas_mom_1:future_6m_drawdown_loss,Revised/reused monthly macro history diagnostic; not vintage point-in-time proof.,2e2b31c44a2c1c2cac317f88b61f01540316d53c776f50cc96675f68df7cf528,344,V58_MACRO_SWEEP,-0.27174257243680894,,
gas_mom_1,BLOCKED,REJECTED,cross_asset,,,,,,,,,False,gas_mom_1:future_6m_realized_vol,0.0,-0.31163946577644824,,,gas_mom_1:future_6m_realized_vol,Revised/reused monthly macro history diagnostic; not vintage point-in-time proof.,2e2b31c44a2c1c2cac317f88b61f01540316d53c776f50cc96675f68df7cf528,344,V58_MACRO_SWEEP,-0.26938449371030276,,
gas_mom_3,BLOCKED,REJECTED,cross_asset,,,,,,,,,False,gas_mom_3:future_6m_return,0.0,-0.46679096604179715,,,gas_mom_3:future_6m_return,Revised/reused monthly macro history diagnostic; not vintage point-in-time proof.,2e2b31c44a2c1c2cac317f88b61f01540316d53c776f50cc96675f68df7cf528,344,V58_MACRO_SWEEP,-0.4769031277480218,,
gas_mom_3,BLOCKED,REJECTED,cross_asset,,,,,,,,,False,gas_mom_3:future_12m_return,0.0,-0.5052969875296751,,,gas_mom_3:future_12m_return,Revised/reused monthly macro history diagnostic; not vintage point-in-time proof.,2e2b31c44a2c1c2cac317f88b61f01540316d53c776f50cc96675f68df7cf528,344,V58_MACRO_SWEEP,-0.6138810828604587,,
gas_mom_3,BLOCKED,REJECTED,cross_asset,,,,,,,,,False,gas_mom_3:future_6m_drawdown_loss,0.0,-0.37981746786340503,,,gas_mom_3:future_6m_drawdown_loss,Revised/reused monthly macro history diagnostic; not vintage point-in-time proof.,2e2b31c44a2c1c2cac317f88b61f01540316d53c776f50cc96675f68df7cf528,344,V58_MACRO_SWEEP,-0.2677312884301331,,
gas_mom_3,BLOCKED,REJECTED,cross_asset,,,,,,,,,False,gas_mom_3:future_6m_realized_vol,0.0,-0.45045628595947546,,,gas_mom_3:future_6m_realized_vol,Revised/reused monthly macro history diagnostic; not vintage point-in-time proof.,2e2b31c44a2c1c2cac317f88b61f01540316d53c776f50cc96675f68df7cf528,344,V58_MACRO_SWEEP,-0.4834719881205402,,
gas_mom_6,BLOCKED,REJECTED,cross_asset,,,,,,,,,False,gas_mom_6:future_6m_return,0.0,-0.6993910521501245,,,gas_mom_6:future_6m_return,Revised/reused monthly macro history diagnostic; not vintage point-in-time proof.,2e2b31c44a2c1c2cac317f88b61f01540316d53c776f50cc96675f68df7cf528,344,V58_MACRO_SWEEP,-0.5966579307363,,
gas_mom_6,BLOCKED,REJECTED,cross_asset,,,,,,,,,False,gas_mom_6:future_12m_return,0.0,-0.7061893579415751,,,gas_mom_6:future_12m_return,Revised/reused monthly macro history diagnostic; not vintage point-in-time proof.,2e2b31c44a2c1c2cac317f88b61f01540316d53c776f50cc96675f68df7cf528,344,V58_MACRO_SWEEP,-0.7973468589007615,,
gas_mom_6,BLOCKED,REJECTED,cross_asset,,,,,,,,,False,gas_mom_6:future_6m_drawdown_loss,0.0,-0.3402402989673501,,,gas_mom_6:future_6m_drawdown_loss,Revised/reused monthly macro history diagnostic; not vintage point-in-time proof.,2e2b31c44a2c1c2cac317f88b61f01540316d53c776f50cc96675f68df7cf528,344,V58_MACRO_SWEEP,-0.3429613748585951,,
gas_mom_6,BLOCKED,REJECTED,cross_asset,,,,,,,,,False,gas_mom_6:future_6m_realized_vol,0.0,-0.5027305059248528,,,gas_mom_6:future_6m_realized_vol,Revised/reused monthly macro history diagnostic; not vintage point-in-time proof.,2e2b31c44a2c1c2cac317f88b61f01540316d53c776f50cc96675f68df7cf528,344,V58_MACRO_SWEEP,-0.541085279855122,,
gas_mom_12,BLOCKED,REJECTED,cross_asset,,,,,,,,,False,gas_mom_12:future_6m_return,0.0,-0.7668774671899327,,,gas_mom_12:future_6m_return,Revised/reused monthly macro history diagnostic; not vintage point-in-time proof.,2e2b31c44a2c1c2cac317f88b61f01540316d53c776f50cc96675f68df7cf528,344,V58_MACRO_SWEEP,-0.9183634462100349,,
gas_mom_12,BLOCKED,REJECTED,cross_asset,,,,,,,,,False,gas_mom_12:future_12m_return,0.0,-0.8690237306072968,,,gas_mom_12:future_12m_return,Revised/reused monthly macro history diagnostic; not vintage point-in-time proof.,2e2b31c44a2c1c2cac317f88b61f01540316d53c776f50cc96675f68df7cf528,344,V58_MACRO_SWEEP,-0.9446819806562938,,
gas_mom_12,BLOCKED,REJECTED,cross_asset,,,,,,,,,False,gas_mom_12:future_6m_drawdown_loss,0.0,-0.47813491159544497,,,gas_mom_12:future_6m_drawdown_loss,Revised/reused monthly macro history diagnostic; not vintage point-in-time proof.,2e2b31c44a2c1c2cac317f88b61f01540316d53c776f50cc96675f68df7cf528,344,V58_MACRO_SWEEP,-0.606509153814084,,
gas_mom_12,BLOCKED,REJECTED,cross_asset,,,,,,,,,False,gas_mom_12:future_6m_realized_vol,0.0,-0.6836560053288845,,,gas_mom_12:future_6m_realized_vol,Revised/reused monthly macro history diagnostic; not vintage point-in-time proof.,2e2b31c44a2c1c2cac317f88b61f01540316d53c776f50cc96675f68df7cf528,344,V58_MACRO_SWEEP,-0.6198818144071039,,
gas_mom_24,BLOCKED,REJECTED,cross_asset,,,,,,,,,False,gas_mom_24:future_6m_return,0.0,-0.8191551579532838,,,gas_mom_24:future_6m_return,Revised/reused monthly macro history diagnostic; not vintage point-in-time proof.,2e2b31c44a2c1c2cac317f88b61f01540316d53c776f50cc96675f68df7cf528,344,V58_MACRO_SWEEP,-0.8100273365942764,,
gas_mom_24,BLOCKED,REJECTED,cross_asset,,,,,,,,,False,gas_mom_24:future_12m_return,0.0,-0.9235021771181253,,,gas_mom_24:future_12m_return,Revised/reused monthly macro history diagnostic; not vintage point-in-time proof.,2e2b31c44a2c1c2cac317f88b61f01540316d53c776f50cc96675f68df7cf528,344,V58_MACRO_SWEEP,-0.7452977878986051,,
gas_mom_24,BLOCKED,REJECTED,cross_asset,,,,,,,,,False,gas_mom_24:future_6m_drawdown_loss,0.0,-0.2365296267593703,,,gas_mom_24:future_6m_drawdown_loss,Revised/reused monthly macro history diagnostic; not vintage point-in-time proof.,2e2b31c44a2c1c2cac317f88b61f01540316d53c776f50cc96675f68df7cf528,344,V58_MACRO_SWEEP,-0.9325280096606395,,
gas_mom_24,BLOCKED,REJECTED,cross_asset,,,,,,,,,False,gas_mom_24:future_6m_realized_vol,0.0,-0.34650227256711735,,,gas_mom_24:future_6m_realized_vol,Revised/reused monthly macro history diagnostic; not vintage point-in-time proof.,2e2b31c44a2c1c2cac317f88b61f01540316d53c776f50cc96675f68df7cf528,344,V58_MACRO_SWEEP,-1.0608096989977827,,
gas_mom_36,BLOCKED,REJECTED,cross_asset,,,,,,,,,False,gas_mom_36:future_6m_return,0.0,-0.6675667009815537,,,gas_mom_36:future_6m_return,Revised/reused monthly macro history diagnostic; not vintage point-in-time proof.,2e2b31c44a2c1c2cac317f88b61f01540316d53c776f50cc96675f68df7cf528,344,V58_MACRO_SWEEP,-0.6088012945506235,,
gas_mom_36,BLOCKED,REJECTED,cross_asset,,,,,,,,,False,gas_mom_36:future_12m_return,0.0,-0.9499293693594086,,,gas_mom_36:future_12m_return,Revised/reused monthly macro history diagnostic; not vintage point-in-time proof.,2e2b31c44a2c1c2cac317f88b61f01540316d53c776f50cc96675f68df7cf528,344,V58_MACRO_SWEEP,-0.4641087744552375,,
gas_mom_36,BLOCKED,REJECTED,cross_asset,,,,,,,,,False,gas_mom_36:future_6m_drawdown_loss,0.0,-0.24644946121897682,,,gas_mom_36:future_6m_drawdown_loss,Revised/reused monthly macro history diagnostic; not vintage point-in-time proof.,2e2b31c44a2c1c2cac317f88b61f01540316d53c776f50cc96675f68df7cf528,344,V58_MACRO_SWEEP,-0.6093256906643536,,
gas_mom_36,BLOCKED,REJECTED,cross_asset,,,,,,,,,False,gas_mom_36:future_6m_realized_vol,0.0,-0.4038391608246096,,,gas_mom_36:future_6m_realized_vol,Revised/reused monthly macro history diagnostic; not vintage point-in-time proof.,2e2b31c44a2c1c2cac317f88b61f01540316d53c776f50cc96675f68df7cf528,344,V58_MACRO_SWEEP,-0.8082688172970733,,
gas_vol_6,BLOCKED,REJECTED,cross_asset,,,,,,,,,False,gas_vol_6:future_6m_return,0.0,-0.45618863830877177,,,gas_vol_6:future_6m_return,Revised/reused monthly macro history diagnostic; not vintage point-in-time proof.,2e2b31c44a2c1c2cac317f88b61f01540316d53c776f50cc96675f68df7cf528,344,V58_MACRO_SWEEP,-0.7024682304873732,,
gas_vol_6,BLOCKED,REJECTED,cross_asset,,,,,,,,,False,gas_vol_6:future_12m_return,0.0,-0.44677130378814267,,,gas_vol_6:future_12m_return,Revised/reused monthly macro history diagnostic; not vintage point-in-time proof.,2e2b31c44a2c1c2cac317f88b61f01540316d53c776f50cc96675f68df7cf528,344,V58_MACRO_SWEEP,-0.690824759526046,,
gas_vol_6,BLOCKED,REJECTED,cross_asset,,,,,,,,,False,gas_vol_6:future_6m_drawdown_loss,0.0,-0.49811684831695424,,,gas_vol_6:future_6m_drawdown_loss,Revised/reused monthly macro history diagnostic; not vintage point-in-time proof.,2e2b31c44a2c1c2cac317f88b61f01540316d53c776f50cc96675f68df7cf528,344,V58_MACRO_SWEEP,-0.6709154320345967,,
gas_vol_6,BLOCKED,REJECTED,cross_asset,,,,,,,,,False,gas_vol_6:future_6m_realized_vol,0.0,-0.6071053863689222,,,gas_vol_6:future_6m_realized_vol,Revised/reused monthly macro history diagnostic; not vintage point-in-time proof.,2e2b31c44a2c1c2cac317f88b61f01540316d53c776f50cc96675f68df7cf528,344,V58_MACRO_SWEEP,-0.6679026081145877,,
gas_vol_12,BLOCKED,REJECTED,cross_asset,,,,,,,,,False,gas_vol_12:future_6m_return,0.0,-0.3466025691165875,,,gas_vol_12:future_6m_return,Revised/reused monthly macro history diagnostic; not vintage point-in-time proof.,2e2b31c44a2c1c2cac317f88b61f01540316d53c776f50cc96675f68df7cf528,344,V58_MACRO_SWEEP,-0.7268884608927633,,
gas_vol_12,BLOCKED,REJECTED,cross_asset,,,,,,,,,False,gas_vol_12:future_12m_return,0.0,-0.5243372364943669,,,gas_vol_12:future_12m_return,Revised/reused monthly macro history diagnostic; not vintage point-in-time proof.,2e2b31c44a2c1c2cac317f88b61f01540316d53c776f50cc96675f68df7cf528,344,V58_MACRO_SWEEP,-0.9700639341860501,,
gas_vol_12,BLOCKED,REJECTED,cross_asset,,,,,,,,,False,gas_vol_12:future_6m_drawdown_loss,0.0,-0.50788606686449,,,gas_vol_12:future_6m_drawdown_loss,Revised/reused monthly macro history diagnostic; not vintage point-in-time proof.,2e2b31c44a2c1c2cac317f88b61f01540316d53c776f50cc96675f68df7cf528,344,V58_MACRO_SWEEP,-0.545306276757874,,
gas_vol_12,BLOCKED,REJECTED,cross_asset,,,,,,,,,False,gas_vol_12:future_6m_realized_vol,0.0,-0.5723926680000334,,,gas_vol_12:future_6m_realized_vol,Revised/reused monthly macro history diagnostic; not vintage point-in-time proof.,2e2b31c44a2c1c2cac317f88b61f01540316d53c776f50cc96675f68df7cf528,344,V58_MACRO_SWEEP,-0.7180289034805364,,
gas_vol_24,BLOCKED,REJECTED,cross_asset,,,,,,,,,False,gas_vol_24:future_6m_return,0.0,-0.7877980714001799,,,gas_vol_24:future_6m_return,Revised/reused monthly macro history diagnostic; not vintage point-in-time proof.,2e2b31c44a2c1c2cac317f88b61f01540316d53c776f50cc96675f68df7cf528,344,V58_MACRO_SWEEP,-0.8950627405384068,,
gas_vol_24,BLOCKED,REJECTED,cross_asset,,,,,,,,,False,gas_vol_24:future_12m_return,0.0,-0.9654829372896799,,,gas_vol_24:future_12m_return,Revised/reused monthly macro history diagnostic; not vintage point-in-time proof.,2e2b31c44a2c1c2cac317f88b61f01540316d53c776f50cc96675f68df7cf528,344,V58_MACRO_SWEEP,-1.1027627169809713,,
gas_vol_24,BLOCKED,REJECTED,cross_asset,,,,,,,,,False,gas_vol_24:future_6m_drawdown_loss,0.0,-0.4277787474654649,,,gas_vol_24:future_6m_drawdown_loss,Revised/reused monthly macro history diagnostic; not vintage point-in-time proof.,2e2b31c44a2c1c2cac317f88b61f01540316d53c776f50cc96675f68df7cf528,344,V58_MACRO_SWEEP,-0.600910563625689,,
gas_vol_24,BLOCKED,REJECTED,cross_asset,,,,,,,,,False,gas_vol_24:future_6m_realized_vol,0.0,-0.292510240680801,,,gas_vol_24:future_6m_realized_vol,Revised/reused monthly macro history diagnostic; not vintage point-in-time proof.,2e2b31c44a2c1c2cac317f88b61f01540316d53c776f50cc96675f68df7cf528,344,V58_MACRO_SWEEP,-0.7469248737352808,,
dxy_mom_1,BLOCKED,REJECTED,cross_asset,,,,,,,,,False,dxy_mom_1:future_6m_return,0.0,-0.3331834827240056,,,dxy_mom_1:future_6m_return,Revised/reused monthly macro history diagnostic; not vintage point-in-time proof.,2e2b31c44a2c1c2cac317f88b61f01540316d53c776f50cc96675f68df7cf528,344,V58_MACRO_SWEEP,-0.341294620787805,,
dxy_mom_1,BLOCKED,REJECTED,cross_asset,,,,,,,,,False,dxy_mom_1:future_12m_return,0.0,-0.31296903420668565,,,dxy_mom_1:future_12m_return,Revised/reused monthly macro history diagnostic; not vintage point-in-time proof.,2e2b31c44a2c1c2cac317f88b61f01540316d53c776f50cc96675f68df7cf528,344,V58_MACRO_SWEEP,-0.2905271901227233,,
dxy_mom_1,BLOCKED,REJECTED,cross_asset,,,,,,,,,False,dxy_mom_1:future_6m_drawdown_loss,0.0,-0.36739428853361145,,,dxy_mom_1:future_6m_drawdown_loss,Revised/reused monthly macro history diagnostic; not vintage point-in-time proof.,2e2b31c44a2c1c2cac317f88b61f01540316d53c776f50cc96675f68df7cf528,344,V58_MACRO_SWEEP,-0.44720437731524865,,
dxy_mom_1,BLOCKED,REJECTED,cross_asset,,,,,,,,,False,dxy_mom_1:future_6m_realized_vol,0.0,-0.29586287586973586,,,dxy_mom_1:future_6m_realized_vol,Revised/reused monthly macro history diagnostic; not vintage point-in-time proof.,2e2b31c44a2c1c2cac317f88b61f01540316d53c776f50cc96675f68df7cf528,344,V58_MACRO_SWEEP,-0.2359270552467637,,
dxy_mom_3,BLOCKED,REJECTED,cross_asset,,,,,,,,,False,dxy_mom_3:future_6m_return,0.0,-0.4968427040385195,,,dxy_mom_3:future_6m_return,Revised/reused monthly macro history diagnostic; not vintage point-in-time proof.,2e2b31c44a2c1c2cac317f88b61f01540316d53c776f50cc96675f68df7cf528,344,V58_MACRO_SWEEP,-0.5518248477376356,,
dxy_mom_3,BLOCKED,REJECTED,cross_asset,,,,,,,,,False,dxy_mom_3:future_12m_return,0.0,-0.4616569574134353,,,dxy_mom_3:future_12m_return,Revised/reused monthly macro history diagnostic; not vintage point-in-time proof.,2e2b31c44a2c1c2cac317f88b61f01540316d53c776f50cc96675f68df7cf528,344,V58_MACRO_SWEEP,-0.4521958889794983,,
dxy_mom_3,BLOCKED,REJECTED,cross_asset,,,,,,,,,False,dxy_mom_3:future_6m_drawdown_loss,0.0,-0.37505160541977056,,,dxy_mom_3:future_6m_drawdown_loss,Revised/reused monthly macro history diagnostic; not vintage point-in-time proof.,2e2b31c44a2c1c2cac317f88b61f01540316d53c776f50cc96675f68df7cf528,344,V58_MACRO_SWEEP,-0.6230722662419113,,
dxy_mom_3,BLOCKED,REJECTED,cross_asset,,,,,,,,,False,dxy_mom_3:future_6m_realized_vol,0.0,-0.5126398654484619,,,dxy_mom_3:future_6m_realized_vol,Revised/reused monthly macro history diagnostic; not vintage point-in-time proof.,2e2b31c44a2c1c2cac317f88b61f01540316d53c776f50cc96675f68df7cf528,344,V58_MACRO_SWEEP,-0.21383684009554899,,
dxy_mom_6,BLOCKED,REJECTED,cross_asset,,,,,,,,,False,dxy_mom_6:future_6m_return,0.0,-0.5480926739670937,,,dxy_mom_6:future_6m_return,Revised/reused monthly macro history diagnostic; not vintage point-in-time proof.,2e2b31c44a2c1c2cac317f88b61f01540316d53c776f50cc96675f68df7cf528,344,V58_MACRO_SWEEP,-0.6789102633232539,,
dxy_mom_6,BLOCKED,REJECTED,cross_asset,,,,,,,,,False,dxy_mom_6:future_12m_return,0.0,-0.5912688205380365,,,dxy_mom_6:future_12m_return,Revised/reused monthly macro history diagnostic; not vintage point-in-time proof.,2e2b31c44a2c1c2cac317f88b61f01540316d53c776f50cc96675f68df7cf528,344,V58_MACRO_SWEEP,-0.599248615081438,,
dxy_mom_6,BLOCKED,REJECTED,cross_asset,,,,,,,,,False,dxy_mom_6:future_6m_drawdown_loss,0.0,-0.5361694194332168,,,dxy_mom_6:future_6m_drawdown_loss,Revised/reused monthly macro history diagnostic; not vintage point-in-time proof.,2e2b31c44a2c1c2cac317f88b61f01540316d53c776f50cc96675f68df7cf528,344,V58_MACRO_SWEEP,-0.7668716869079292,,
dxy_mom_6,BLOCKED,REJECTED,cross_asset,,,,,,,,,False,dxy_mom_6:future_6m_realized_vol,0.0,-0.5541270225637113,,,dxy_mom_6:future_6m_realized_vol,Revised/reused monthly macro history diagnostic; not vintage point-in-time proof.,2e2b31c44a2c1c2cac317f88b61f01540316d53c776f50cc96675f68df7cf528,344,V58_MACRO_SWEEP,-0.8265794778062598,,
dxy_mom_12,BLOCKED,REJECTED,cross_asset,,,,,,,,,False,dxy_mom_12:future_6m_return,0.0,-0.480239883820216,,,dxy_mom_12:future_6m_return,Revised/reused monthly macro history diagnostic; not vintage point-in-time proof.,2e2b31c44a2c1c2cac317f88b61f01540316d53c776f50cc96675f68df7cf528,344,V58_MACRO_SWEEP,-0.7449781760667838,,
dxy_mom_12,BLOCKED,REJECTED,cross_asset,,,,,,,,,False,dxy_mom_12:future_12m_return,0.0,-0.5273842696638428,,,dxy_mom_12:future_12m_return,Revised/reused monthly macro history diagnostic; not vintage point-in-time proof.,2e2b31c44a2c1c2cac317f88b61f01540316d53c776f50cc96675f68df7cf528,344,V58_MACRO_SWEEP,-0.737611988337671,,
dxy_mom_12,BLOCKED,REJECTED,cross_asset,,,,,,,,,False,dxy_mom_12:future_6m_drawdown_loss,0.0,-0.49750996594045516,,,dxy_mom_12:future_6m_drawdown_loss,Revised/reused monthly macro history diagnostic; not vintage point-in-time proof.,2e2b31c44a2c1c2cac317f88b61f01540316d53c776f50cc96675f68df7cf528,344,V58_MACRO_SWEEP,-0.7506240325723429,,
dxy_mom_12,BLOCKED,REJECTED,cross_asset,,,,,,,,,False,dxy_mom_12:future_6m_realized_vol,0.0,-0.5666297267136121,,,dxy_mom_12:future_6m_realized_vol,Revised/reused monthly macro history diagnostic; not vintage point-in-time proof.,2e2b31c44a2c1c2cac317f88b61f01540316d53c776f50cc96675f68df7cf528,344,V58_MACRO_SWEEP,-0.9136990376978157,,
dxy_mom_24,BLOCKED,REJECTED,cross_asset,,,,,,,,,False,dxy_mom_24:future_6m_return,0.0,-0.43641770719973705,,,dxy_mom_24:future_6m_return,Revised/reused monthly macro history diagnostic; not vintage point-in-time proof.,2e2b31c44a2c1c2cac317f88b61f01540316d53c776f50cc96675f68df7cf528,344,V58_MACRO_SWEEP,-0.707915051982642,,
dxy_mom_24,BLOCKED,REJECTED,cross_asset,,,,,,,,,False,dxy_mom_24:future_12m_return,0.0,-0.5531276194084624,,,dxy_mom_24:future_12m_return,Revised/reused monthly macro history diagnostic; not vintage point-in-time proof.,2e2b31c44a2c1c2cac317f88b61f01540316d53c776f50cc96675f68df7cf528,344,V58_MACRO_SWEEP,-0.7214809407404378,,
dxy_mom_24,BLOCKED,REJECTED,cross_asset,,,,,,,,,False,dxy_mom_24:future_6m_drawdown_loss,0.0,-0.39462016356232904,,,dxy_mom_24:future_6m_drawdown_loss,Revised/reused monthly macro history diagnostic; not vintage point-in-time proof.,2e2b31c44a2c1c2cac317f88b61f01540316d53c776f50cc96675f68df7cf528,344,V58_MACRO_SWEEP,-0.7749319994430914,,
dxy_mom_24,BLOCKED,REJECTED,cross_asset,,,,,,,,,False,dxy_mom_24:future_6m_realized_vol,0.0,-0.30375432859385226,,,dxy_mom_24:future_6m_realized_vol,Revised/reused monthly macro history diagnostic; not vintage point-in-time proof.,2e2b31c44a2c1c2cac317f88b61f01540316d53c776f50cc96675f68df7cf528,344,V58_MACRO_SWEEP,-0.9814144336045334,,
dxy_mom_36,BLOCKED,REJECTED,cross_asset,,,,,,,,,False,dxy_mom_36:future_6m_return,0.0,-0.4283883270592469,,,dxy_mom_36:future_6m_return,Revised/reused monthly macro history diagnostic; not vintage point-in-time proof.,2e2b31c44a2c1c2cac317f88b61f01540316d53c776f50cc96675f68df7cf528,344,V58_MACRO_SWEEP,-0.6010846352229908,,
dxy_mom_36,BLOCKED,REJECTED,cross_asset,,,,,,,,,False,dxy_mom_36:future_12m_return,0.0,-0.5952868888659703,,,dxy_mom_36:future_12m_return,Revised/reused monthly macro history diagnostic; not vintage point-in-time proof.,2e2b31c44a2c1c2cac317f88b61f01540316d53c776f50cc96675f68df7cf528,344,V58_MACRO_SWEEP,-0.6616947140805445,,
dxy_mom_36,BLOCKED,REJECTED,cross_asset,,,,,,,,,False,dxy_mom_36:future_6m_drawdown_loss,0.0,-0.3636445629913784,,,dxy_mom_36:future_6m_drawdown_loss,Revised/reused monthly macro history diagnostic; not vintage point-in-time proof.,2e2b31c44a2c1c2cac317f88b61f01540316d53c776f50cc96675f68df7cf528,344,V58_MACRO_SWEEP,-0.6961688960868144,,
dxy_mom_36,BLOCKED,REJECTED,cross_asset,,,,,,,,,False,dxy_mom_36:future_6m_realized_vol,0.0,-0.28399603368237863,,,dxy_mom_36:future_6m_realized_vol,Revised/reused monthly macro history diagnostic; not vintage point-in-time proof.,2e2b31c44a2c1c2cac317f88b61f01540316d53c776f50cc96675f68df7cf528,344,V58_MACRO_SWEEP,-0.9286798431931637,,
dxy_vol_6,BLOCKED,REJECTED,cross_asset,,,,,,,,,False,dxy_vol_6:future_6m_return,0.0,-0.41619827391091635,,,dxy_vol_6:future_6m_return,Revised/reused monthly macro history diagnostic; not vintage point-in-time proof.,2e2b31c44a2c1c2cac317f88b61f01540316d53c776f50cc96675f68df7cf528,344,V58_MACRO_SWEEP,-0.8479702584887768,,
dxy_vol_6,BLOCKED,REJECTED,cross_asset,,,,,,,,,False,dxy_vol_6:future_12m_return,0.0,-0.24251792605557346,,,dxy_vol_6:future_12m_return,Revised/reused monthly macro history diagnostic; not vintage point-in-time proof.,2e2b31c44a2c1c2cac317f88b61f01540316d53c776f50cc96675f68df7cf528,344,V58_MACRO_SWEEP,-0.8603941678960296,,
dxy_vol_6,BLOCKED,REJECTED,cross_asset,,,,,,,,,False,dxy_vol_6:future_6m_drawdown_loss,0.0,-0.5466023337880742,,,dxy_vol_6:future_6m_drawdown_loss,Revised/reused monthly macro history diagnostic; not vintage point-in-time proof.,2e2b31c44a2c1c2cac317f88b61f01540316d53c776f50cc96675f68df7cf528,344,V58_MACRO_SWEEP,-0.3889619340823465,,
dxy_vol_6,BLOCKED,REJECTED,cross_asset,,,,,,,,,False,dxy_vol_6:future_6m_realized_vol,0.0,-0.5587643799776878,,,dxy_vol_6:future_6m_realized_vol,Revised/reused monthly macro history diagnostic; not vintage point-in-time proof.,2e2b31c44a2c1c2cac317f88b61f01540316d53c776f50cc96675f68df7cf528,344,V58_MACRO_SWEEP,-0.13305695197596584,,
dxy_vol_12,BLOCKED,REJECTED,cross_asset,,,,,,,,,False,dxy_vol_12:future_6m_return,0.0,-0.27733895248585355,,,dxy_vol_12:future_6m_return,Revised/reused monthly macro history diagnostic; not vintage point-in-time proof.,2e2b31c44a2c1c2cac317f88b61f01540316d53c776f50cc96675f68df7cf528,344,V58_MACRO_SWEEP,-0.8416241176747183,,
dxy_vol_12,BLOCKED,REJECTED,cross_asset,,,,,,,,,False,dxy_vol_12:future_12m_return,0.0,-0.1204979036337569,,,dxy_vol_12:future_12m_return,Revised/reused monthly macro history diagnostic; not vintage point-in-time proof.,2e2b31c44a2c1c2cac317f88b61f01540316d53c776f50cc96675f68df7cf528,344,V58_MACRO_SWEEP,-0.8948529630159539,,
dxy_vol_12,BLOCKED,REJECTED,cross_asset,,,,,,,,,False,dxy_vol_12:future_6m_drawdown_loss,0.0,-0.6614135521225069,,,dxy_vol_12:future_6m_drawdown_loss,Revised/reused monthly macro history diagnostic; not vintage point-in-time proof.,2e2b31c44a2c1c2cac317f88b61f01540316d53c776f50cc96675f68df7cf528,344,V58_MACRO_SWEEP,-0.31536247882549007,,
dxy_vol_12,BLOCKED,REJECTED,cross_asset,,,,,,,,,False,dxy_vol_12:future_6m_realized_vol,0.0,-0.762283901993803,,,dxy_vol_12:future_6m_realized_vol,Revised/reused monthly macro history diagnostic; not vintage point-in-time proof.,2e2b31c44a2c1c2cac317f88b61f01540316d53c776f50cc96675f68df7cf528,344,V58_MACRO_SWEEP,0.01088433610206252,,
dxy_vol_24,BLOCKED,REJECTED,cross_asset,,,,,,,,,False,dxy_vol_24:future_6m_return,0.0,-0.11467832529303024,,,dxy_vol_24:future_6m_return,Revised/reused monthly macro history diagnostic; not vintage point-in-time proof.,2e2b31c44a2c1c2cac317f88b61f01540316d53c776f50cc96675f68df7cf528,344,V58_MACRO_SWEEP,-0.8305211638568614,,
dxy_vol_24,BLOCKED,REJECTED,cross_asset,,,,,,,,,False,dxy_vol_24:future_12m_return,0.0,-0.24614501319401544,,,dxy_vol_24:future_12m_return,Revised/reused monthly macro history diagnostic; not vintage point-in-time proof.,2e2b31c44a2c1c2cac317f88b61f01540316d53c776f50cc96675f68df7cf528,344,V58_MACRO_SWEEP,-0.9933586377742818,,
dxy_vol_24,BLOCKED,REJECTED,cross_asset,,,,,,,,,False,dxy_vol_24:future_6m_drawdown_loss,0.0,-0.8257818275987729,,,dxy_vol_24:future_6m_drawdown_loss,Revised/reused monthly macro history diagnostic; not vintage point-in-time proof.,2e2b31c44a2c1c2cac317f88b61f01540316d53c776f50cc96675f68df7cf528,344,V58_MACRO_SWEEP,-0.3676550053353638,,
dxy_vol_24,BLOCKED,REJECTED,cross_asset,,,,,,,,,False,dxy_vol_24:future_6m_realized_vol,0.0,-0.9218366826598842,,,dxy_vol_24:future_6m_realized_vol,Revised/reused monthly macro history diagnostic; not vintage point-in-time proof.,2e2b31c44a2c1c2cac317f88b61f01540316d53c776f50cc96675f68df7cf528,344,V58_MACRO_SWEEP,-0.19021818481603198,,
oil_gold_ratio_mom12,BLOCKED,REJECTED,interaction_or_placebo,,,,,,,,,True,oil_gold_ratio_mom12:future_6m_return,0.0,-0.9407335421288701,,,oil_gold_ratio_mom12:future_6m_return,Revised/reused monthly macro history diagnostic; not vintage point-in-time proof.,2e2b31c44a2c1c2cac317f88b61f01540316d53c776f50cc96675f68df7cf528,344,V58_MACRO_SWEEP,-0.64236532100459,,
oil_gold_ratio_mom12,BLOCKED,REJECTED,interaction_or_placebo,,,,,,,,,True,oil_gold_ratio_mom12:future_12m_return,0.0,-0.2553987009876187,,,oil_gold_ratio_mom12:future_12m_return,Revised/reused monthly macro history diagnostic; not vintage point-in-time proof.,2e2b31c44a2c1c2cac317f88b61f01540316d53c776f50cc96675f68df7cf528,344,V58_MACRO_SWEEP,-0.7780001978987696,,
oil_gold_ratio_mom12,BLOCKED,REJECTED,interaction_or_placebo,,,,,,,,,True,oil_gold_ratio_mom12:future_6m_drawdown_loss,0.0,-0.3690823050639452,,,oil_gold_ratio_mom12:future_6m_drawdown_loss,Revised/reused monthly macro history diagnostic; not vintage point-in-time proof.,2e2b31c44a2c1c2cac317f88b61f01540316d53c776f50cc96675f68df7cf528,344,V58_MACRO_SWEEP,-0.4686697978307832,,
oil_gold_ratio_mom12,BLOCKED,REJECTED,interaction_or_placebo,,,,,,,,,True,oil_gold_ratio_mom12:future_6m_realized_vol,0.0,-0.4765347482852431,,,oil_gold_ratio_mom12:future_6m_realized_vol,Revised/reused monthly macro history diagnostic; not vintage point-in-time proof.,2e2b31c44a2c1c2cac317f88b61f01540316d53c776f50cc96675f68df7cf528,344,V58_MACRO_SWEEP,-0.6736163236014903,,
gas_oil_ratio_mom12,BLOCKED,REJECTED,interaction_or_placebo,,,,,,,,,True,gas_oil_ratio_mom12:future_6m_return,0.0,-0.4190108555578636,,,gas_oil_ratio_mom12:future_6m_return,Revised/reused monthly macro history diagnostic; not vintage point-in-time proof.,2e2b31c44a2c1c2cac317f88b61f01540316d53c776f50cc96675f68df7cf528,344,V58_MACRO_SWEEP,-0.6867714172335023,,
gas_oil_ratio_mom12,BLOCKED,REJECTED,interaction_or_placebo,,,,,,,,,True,gas_oil_ratio_mom12:future_12m_return,0.0,-0.3477706497685751,,,gas_oil_ratio_mom12:future_12m_return,Revised/reused monthly macro history diagnostic; not vintage point-in-time proof.,2e2b31c44a2c1c2cac317f88b61f01540316d53c776f50cc96675f68df7cf528,344,V58_MACRO_SWEEP,-0.5239790189550342,,
gas_oil_ratio_mom12,BLOCKED,REJECTED,interaction_or_placebo,,,,,,,,,True,gas_oil_ratio_mom12:future_6m_drawdown_loss,0.0,-0.5535945485700067,,,gas_oil_ratio_mom12:future_6m_drawdown_loss,Revised/reused monthly macro history diagnostic; not vintage point-in-time proof.,2e2b31c44a2c1c2cac317f88b61f01540316d53c776f50cc96675f68df7cf528,344,V58_MACRO_SWEEP,-0.5755461005540937,,
gas_oil_ratio_mom12,BLOCKED,REJECTED,interaction_or_placebo,,,,,,,,,True,gas_oil_ratio_mom12:future_6m_realized_vol,0.0,-0.6734202098225343,,,gas_oil_ratio_mom12:future_6m_realized_vol,Revised/reused monthly macro history diagnostic; not vintage point-in-time proof.,2e2b31c44a2c1c2cac317f88b61f01540316d53c776f50cc96675f68df7cf528,344,V58_MACRO_SWEEP,-0.3721474236747175,,
commodity_dxy_divergence,BLOCKED,REJECTED,interaction_or_placebo,,,,,,,,,True,commodity_dxy_divergence:future_6m_return,0.0,-0.3561865968509047,,,commodity_dxy_divergence:future_6m_return,Revised/reused monthly macro history diagnostic; not vintage point-in-time proof.,2e2b31c44a2c1c2cac317f88b61f01540316d53c776f50cc96675f68df7cf528,344,V58_MACRO_SWEEP,-0.4444002371228857,,
commodity_dxy_divergence,BLOCKED,REJECTED,interaction_or_placebo,,,,,,,,,True,commodity_dxy_divergence:future_12m_return,0.0,-0.36529763015080946,,,commodity_dxy_divergence:future_12m_return,Revised/reused monthly macro history diagnostic; not vintage point-in-time proof.,2e2b31c44a2c1c2cac317f88b61f01540316d53c776f50cc96675f68df7cf528,344,V58_MACRO_SWEEP,-0.6224161565261891,,
commodity_dxy_divergence,BLOCKED,REJECTED,interaction_or_placebo,,,,,,,,,True,commodity_dxy_divergence:future_6m_drawdown_loss,0.0,-0.3549375765153243,,,commodity_dxy_divergence:future_6m_drawdown_loss,Revised/reused monthly macro history diagnostic; not vintage point-in-time proof.,2e2b31c44a2c1c2cac317f88b61f01540316d53c776f50cc96675f68df7cf528,344,V58_MACRO_SWEEP,-0.3809705885949587,,
commodity_dxy_divergence,BLOCKED,REJECTED,interaction_or_placebo,,,,,,,,,True,commodity_dxy_divergence:future_6m_realized_vol,0.0,-0.43530950149062836,,,commodity_dxy_divergence:future_6m_realized_vol,Revised/reused monthly macro history diagnostic; not vintage point-in-time proof.,2e2b31c44a2c1c2cac317f88b61f01540316d53c776f50cc96675f68df7cf528,344,V58_MACRO_SWEEP,-0.6817170252604091,,
inflation_oil_gap,BLOCKED,REJECTED,interaction_or_placebo,,,,,,,,,True,inflation_oil_gap:future_6m_return,0.0,-1.0035161073211045,,,inflation_oil_gap:future_6m_return,Revised/reused monthly macro history diagnostic; not vintage point-in-time proof.,2e2b31c44a2c1c2cac317f88b61f01540316d53c776f50cc96675f68df7cf528,344,V58_MACRO_SWEEP,-0.6493866132538298,,
inflation_oil_gap,BLOCKED,REJECTED,interaction_or_placebo,,,,,,,,,True,inflation_oil_gap:future_12m_return,0.0,-0.2768017701422523,,,inflation_oil_gap:future_12m_return,Revised/reused monthly macro history diagnostic; not vintage point-in-time proof.,2e2b31c44a2c1c2cac317f88b61f01540316d53c776f50cc96675f68df7cf528,344,V58_MACRO_SWEEP,-0.6143516736550622,,
inflation_oil_gap,BLOCKED,REJECTED,interaction_or_placebo,,,,,,,,,True,inflation_oil_gap:future_6m_drawdown_loss,0.0,-0.27895589334293536,,,inflation_oil_gap:future_6m_drawdown_loss,Revised/reused monthly macro history diagnostic; not vintage point-in-time proof.,2e2b31c44a2c1c2cac317f88b61f01540316d53c776f50cc96675f68df7cf528,344,V58_MACRO_SWEEP,-0.3549987812808643,,
inflation_oil_gap,BLOCKED,REJECTED,interaction_or_placebo,,,,,,,,,True,inflation_oil_gap:future_6m_realized_vol,0.0,-0.29848979205593257,,,inflation_oil_gap:future_6m_realized_vol,Revised/reused monthly macro history diagnostic; not vintage point-in-time proof.,2e2b31c44a2c1c2cac317f88b61f01540316d53c776f50cc96675f68df7cf528,344,V58_MACRO_SWEEP,-0.7383766809201694,,
rate_inflation_gap,BLOCKED,REJECTED,interaction_or_placebo,,,,,,,,,True,rate_inflation_gap:future_6m_return,0.0,-0.462099552780582,,,rate_inflation_gap:future_6m_return,Revised/reused monthly macro history diagnostic; not vintage point-in-time proof.,2e2b31c44a2c1c2cac317f88b61f01540316d53c776f50cc96675f68df7cf528,344,V58_MACRO_SWEEP,-0.3478343213798281,,
rate_inflation_gap,BLOCKED,REJECTED,interaction_or_placebo,,,,,,,,,True,rate_inflation_gap:future_12m_return,0.0,-0.5970905569079038,,,rate_inflation_gap:future_12m_return,Revised/reused monthly macro history diagnostic; not vintage point-in-time proof.,2e2b31c44a2c1c2cac317f88b61f01540316d53c776f50cc96675f68df7cf528,344,V58_MACRO_SWEEP,-0.3271549264141671,,
rate_inflation_gap,BLOCKED,REJECTED,interaction_or_placebo,,,,,,,,,True,rate_inflation_gap:future_6m_drawdown_loss,0.0,-0.31517354106048945,,,rate_inflation_gap:future_6m_drawdown_loss,Revised/reused monthly macro history diagnostic; not vintage point-in-time proof.,2e2b31c44a2c1c2cac317f88b61f01540316d53c776f50cc96675f68df7cf528,344,V58_MACRO_SWEEP,-0.4147072044186245,,
rate_inflation_gap,BLOCKED,REJECTED,interaction_or_placebo,,,,,,,,,True,rate_inflation_gap:future_6m_realized_vol,0.0,-0.3539185395945539,,,rate_inflation_gap:future_6m_realized_vol,Revised/reused monthly macro history diagnostic; not vintage point-in-time proof.,2e2b31c44a2c1c2cac317f88b61f01540316d53c776f50cc96675f68df7cf528,344,V58_MACRO_SWEEP,-0.8977835418351459,,
valuation_rate_interaction,BLOCKED,REJECTED,interaction_or_placebo,,,,,,,,,True,valuation_rate_interaction:future_6m_return,0.0,-0.701208163881138,,,valuation_rate_interaction:future_6m_return,Revised/reused monthly macro history diagnostic; not vintage point-in-time proof.,2e2b31c44a2c1c2cac317f88b61f01540316d53c776f50cc96675f68df7cf528,344,V58_MACRO_SWEEP,-0.3576405758773194,,
valuation_rate_interaction,BLOCKED,REJECTED,interaction_or_placebo,,,,,,,,,True,valuation_rate_interaction:future_12m_return,0.0,-0.3279977978628009,,,valuation_rate_interaction:future_12m_return,Revised/reused monthly macro history diagnostic; not vintage point-in-time proof.,2e2b31c44a2c1c2cac317f88b61f01540316d53c776f50cc96675f68df7cf528,344,V58_MACRO_SWEEP,-0.9924796398530109,,
valuation_rate_interaction,BLOCKED,REJECTED,interaction_or_placebo,,,,,,,,,True,valuation_rate_interaction:future_6m_drawdown_loss,0.0,-0.5613905270751762,,,valuation_rate_interaction:future_6m_drawdown_loss,Revised/reused monthly macro history diagnostic; not vintage point-in-time proof.,2e2b31c44a2c1c2cac317f88b61f01540316d53c776f50cc96675f68df7cf528,344,V58_MACRO_SWEEP,-0.3872497855433314,,
valuation_rate_interaction,BLOCKED,REJECTED,interaction_or_placebo,,,,,,,,,True,valuation_rate_interaction:future_6m_realized_vol,0.0,-0.32529684948249515,,,valuation_rate_interaction:future_6m_realized_vol,Revised/reused monthly macro history diagnostic; not vintage point-in-time proof.,2e2b31c44a2c1c2cac317f88b61f01540316d53c776f50cc96675f68df7cf528,344,V58_MACRO_SWEEP,-0.8453867310816094,,
valuation_momentum_interaction,BLOCKED,REJECTED,interaction_or_placebo,,,,,,,,,True,valuation_momentum_interaction:future_6m_return,0.0,-0.6539245791644787,,,valuation_momentum_interaction:future_6m_return,Revised/reused monthly macro history diagnostic; not vintage point-in-time proof.,2e2b31c44a2c1c2cac317f88b61f01540316d53c776f50cc96675f68df7cf528,344,V58_MACRO_SWEEP,-0.3254224565058721,,
valuation_momentum_interaction,BLOCKED,REJECTED,interaction_or_placebo,,,,,,,,,True,valuation_momentum_interaction:future_12m_return,0.0,-0.8116165231121542,,,valuation_momentum_interaction:future_12m_return,Revised/reused monthly macro history diagnostic; not vintage point-in-time proof.,2e2b31c44a2c1c2cac317f88b61f01540316d53c776f50cc96675f68df7cf528,344,V58_MACRO_SWEEP,-0.3166342923512471,,
valuation_momentum_interaction,BLOCKED,REJECTED,interaction_or_placebo,,,,,,,,,True,valuation_momentum_interaction:future_6m_drawdown_loss,0.0,-0.5130800081490394,,,valuation_momentum_interaction:future_6m_drawdown_loss,Revised/reused monthly macro history diagnostic; not vintage point-in-time proof.,2e2b31c44a2c1c2cac317f88b61f01540316d53c776f50cc96675f68df7cf528,344,V58_MACRO_SWEEP,-0.4211536284169405,,
valuation_momentum_interaction,BLOCKED,REJECTED,interaction_or_placebo,,,,,,,,,True,valuation_momentum_interaction:future_6m_realized_vol,0.0,-0.2996080561290815,,,valuation_momentum_interaction:future_6m_realized_vol,Revised/reused monthly macro history diagnostic; not vintage point-in-time proof.,2e2b31c44a2c1c2cac317f88b61f01540316d53c776f50cc96675f68df7cf528,344,V58_MACRO_SWEEP,-0.8001316625784876,,
inflation_momentum_interaction,BLOCKED,REJECTED,interaction_or_placebo,,,,,,,,,True,inflation_momentum_interaction:future_6m_return,0.0,-0.44003329167657546,,,inflation_momentum_interaction:future_6m_return,Revised/reused monthly macro history diagnostic; not vintage point-in-time proof.,2e2b31c44a2c1c2cac317f88b61f01540316d53c776f50cc96675f68df7cf528,344,V58_MACRO_SWEEP,-0.23090468613705,,
inflation_momentum_interaction,BLOCKED,REJECTED,interaction_or_placebo,,,,,,,,,True,inflation_momentum_interaction:future_12m_return,0.0,-0.7881092638965997,,,inflation_momentum_interaction:future_12m_return,Revised/reused monthly macro history diagnostic; not vintage point-in-time proof.,2e2b31c44a2c1c2cac317f88b61f01540316d53c776f50cc96675f68df7cf528,344,V58_MACRO_SWEEP,-1.0103231893518116,,
inflation_momentum_interaction,BLOCKED,REJECTED,interaction_or_placebo,,,,,,,,,True,inflation_momentum_interaction:future_6m_drawdown_loss,0.0,-0.29049296340492925,,,inflation_momentum_interaction:future_6m_drawdown_loss,Revised/reused monthly macro history diagnostic; not vintage point-in-time proof.,2e2b31c44a2c1c2cac317f88b61f01540316d53c776f50cc96675f68df7cf528,344,V58_MACRO_SWEEP,-0.16982482704672203,,
inflation_momentum_interaction,BLOCKED,REJECTED,interaction_or_placebo,,,,,,,,,True,inflation_momentum_interaction:future_6m_realized_vol,0.0,-0.08781448297595201,,,inflation_momentum_interaction:future_6m_realized_vol,Revised/reused monthly macro history diagnostic; not vintage point-in-time proof.,2e2b31c44a2c1c2cac317f88b61f01540316d53c776f50cc96675f68df7cf528,344,V58_MACRO_SWEEP,-0.7135081725013246,,
cross_asset_stress,BLOCKED,REJECTED,interaction_or_placebo,,,,,,,,,True,cross_asset_stress:future_6m_return,0.0,-0.6590408817947258,,,cross_asset_stress:future_6m_return,Revised/reused monthly macro history diagnostic; not vintage point-in-time proof.,2e2b31c44a2c1c2cac317f88b61f01540316d53c776f50cc96675f68df7cf528,344,V58_MACRO_SWEEP,-0.7103719686682732,,
cross_asset_stress,BLOCKED,REJECTED,interaction_or_placebo,,,,,,,,,True,cross_asset_stress:future_12m_return,0.0,-0.39719289046948303,,,cross_asset_stress:future_12m_return,Revised/reused monthly macro history diagnostic; not vintage point-in-time proof.,2e2b31c44a2c1c2cac317f88b61f01540316d53c776f50cc96675f68df7cf528,344,V58_MACRO_SWEEP,-0.41094165946828853,,
cross_asset_stress,BLOCKED,REJECTED,interaction_or_placebo,,,,,,,,,True,cross_asset_stress:future_6m_drawdown_loss,0.0,-0.4340192244888902,,,cross_asset_stress:future_6m_drawdown_loss,Revised/reused monthly macro history diagnostic; not vintage point-in-time proof.,2e2b31c44a2c1c2cac317f88b61f01540316d53c776f50cc96675f68df7cf528,344,V58_MACRO_SWEEP,-0.2357659075349957,,
cross_asset_stress,BLOCKED,REJECTED,interaction_or_placebo,,,,,,,,,True,cross_asset_stress:future_6m_realized_vol,0.0,-0.5124108064649506,,,cross_asset_stress:future_6m_realized_vol,Revised/reused monthly macro history diagnostic; not vintage point-in-time proof.,2e2b31c44a2c1c2cac317f88b61f01540316d53c776f50cc96675f68df7cf528,344,V58_MACRO_SWEEP,-0.6254680709819886,,
commodity_dispersion,BLOCKED,REJECTED,interaction_or_placebo,,,,,,,,,True,commodity_dispersion:future_6m_return,0.0,-0.5386374166065968,,,commodity_dispersion:future_6m_return,Revised/reused monthly macro history diagnostic; not vintage point-in-time proof.,2e2b31c44a2c1c2cac317f88b61f01540316d53c776f50cc96675f68df7cf528,344,V58_MACRO_SWEEP,-0.7431271691548718,,
commodity_dispersion,BLOCKED,REJECTED,interaction_or_placebo,,,,,,,,,True,commodity_dispersion:future_12m_return,0.0,-0.6079857077531938,,,commodity_dispersion:future_12m_return,Revised/reused monthly macro history diagnostic; not vintage point-in-time proof.,2e2b31c44a2c1c2cac317f88b61f01540316d53c776f50cc96675f68df7cf528,344,V58_MACRO_SWEEP,-0.1632635514339505,,
commodity_dispersion,BLOCKED,REJECTED,interaction_or_placebo,,,,,,,,,True,commodity_dispersion:future_6m_drawdown_loss,0.0,-0.38171121476267594,,,commodity_dispersion:future_6m_drawdown_loss,Revised/reused monthly macro history diagnostic; not vintage point-in-time proof.,2e2b31c44a2c1c2cac317f88b61f01540316d53c776f50cc96675f68df7cf528,344,V58_MACRO_SWEEP,-0.15245288326473433,,
commodity_dispersion,BLOCKED,REJECTED,interaction_or_placebo,,,,,,,,,True,commodity_dispersion:future_6m_realized_vol,0.0,-0.2559308689277634,,,commodity_dispersion:future_6m_realized_vol,Revised/reused monthly macro history diagnostic; not vintage point-in-time proof.,2e2b31c44a2c1c2cac317f88b61f01540316d53c776f50cc96675f68df7cf528,344,V58_MACRO_SWEEP,-0.3511803972930538,,
calendar_month_placebo,BLOCKED,REJECTED,interaction_or_placebo,,,,,,,,,True,calendar_month_placebo:future_6m_return,0.0,-0.32405468080200883,,,calendar_month_placebo:future_6m_return,Revised/reused monthly macro history diagnostic; not vintage point-in-time proof.,2e2b31c44a2c1c2cac317f88b61f01540316d53c776f50cc96675f68df7cf528,344,V58_MACRO_SWEEP,-0.27213807780212573,,
calendar_month_placebo,BLOCKED,REJECTED,interaction_or_placebo,,,,,,,,,True,calendar_month_placebo:future_12m_return,0.0,-0.27428979713283597,,,calendar_month_placebo:future_12m_return,Revised/reused monthly macro history diagnostic; not vintage point-in-time proof.,2e2b31c44a2c1c2cac317f88b61f01540316d53c776f50cc96675f68df7cf528,344,V58_MACRO_SWEEP,-0.36233792118062375,,
calendar_month_placebo,BLOCKED,REJECTED,interaction_or_placebo,,,,,,,,,True,calendar_month_placebo:future_6m_drawdown_loss,0.0,-0.3708565453571164,,,calendar_month_placebo:future_6m_drawdown_loss,Revised/reused monthly macro history diagnostic; not vintage point-in-time proof.,2e2b31c44a2c1c2cac317f88b61f01540316d53c776f50cc96675f68df7cf528,344,V58_MACRO_SWEEP,-0.471236047169736,,
calendar_month_placebo,BLOCKED,REJECTED,interaction_or_placebo,,,,,,,,,True,calendar_month_placebo:future_6m_realized_vol,0.0,-0.30091806210903094,,,calendar_month_placebo:future_6m_realized_vol,Revised/reused monthly macro history diagnostic; not vintage point-in-time proof.,2e2b31c44a2c1c2cac317f88b61f01540316d53c776f50cc96675f68df7cf528,344,V58_MACRO_SWEEP,-0.2468794683664951,,
linear_time_placebo,BLOCKED,REJECTED,interaction_or_placebo,,,,,,,,,True,linear_time_placebo:future_6m_return,0.0,-0.6096654618905365,,,linear_time_placebo:future_6m_return,Revised/reused monthly macro history diagnostic; not vintage point-in-time proof.,2e2b31c44a2c1c2cac317f88b61f01540316d53c776f50cc96675f68df7cf528,344,V58_MACRO_SWEEP,-0.8683071575487331,,
linear_time_placebo,BLOCKED,REJECTED,interaction_or_placebo,,,,,,,,,True,linear_time_placebo:future_12m_return,0.0,-0.7817155482045264,,,linear_time_placebo:future_12m_return,Revised/reused monthly macro history diagnostic; not vintage point-in-time proof.,2e2b31c44a2c1c2cac317f88b61f01540316d53c776f50cc96675f68df7cf528,344,V58_MACRO_SWEEP,-1.039163097754142,,
linear_time_placebo,BLOCKED,REJECTED,interaction_or_placebo,,,,,,,,,True,linear_time_placebo:future_6m_drawdown_loss,0.0,-0.5552750869710066,,,linear_time_placebo:future_6m_drawdown_loss,Revised/reused monthly macro history diagnostic; not vintage point-in-time proof.,2e2b31c44a2c1c2cac317f88b61f01540316d53c776f50cc96675f68df7cf528,344,V58_MACRO_SWEEP,-0.7356777636299103,,
linear_time_placebo,BLOCKED,REJECTED,interaction_or_placebo,,,,,,,,,True,linear_time_placebo:future_6m_realized_vol,0.0,-0.5610186510792677,,,linear_time_placebo:future_6m_realized_vol,Revised/reused monthly macro history diagnostic; not vintage point-in-time proof.,2e2b31c44a2c1c2cac317f88b61f01540316d53c776f50cc96675f68df7cf528,344,V58_MACRO_SWEEP,-0.6942713121529989,,
fourier_7y_placebo,BLOCKED,REJECTED,interaction_or_placebo,,,,,,,,,True,fourier_7y_placebo:future_6m_return,0.0,-0.2691739707839638,,,fourier_7y_placebo:future_6m_return,Revised/reused monthly macro history diagnostic; not vintage point-in-time proof.,2e2b31c44a2c1c2cac317f88b61f01540316d53c776f50cc96675f68df7cf528,344,V58_MACRO_SWEEP,-0.42372014125529855,,
fourier_7y_placebo,BLOCKED,REJECTED,interaction_or_placebo,,,,,,,,,True,fourier_7y_placebo:future_12m_return,0.0,-0.31272050600323315,,,fourier_7y_placebo:future_12m_return,Revised/reused monthly macro history diagnostic; not vintage point-in-time proof.,2e2b31c44a2c1c2cac317f88b61f01540316d53c776f50cc96675f68df7cf528,344,V58_MACRO_SWEEP,-0.46499106052304245,,
fourier_7y_placebo,BLOCKED,REJECTED,interaction_or_placebo,,,,,,,,,True,fourier_7y_placebo:future_6m_drawdown_loss,0.0,-0.25928564486030836,,,fourier_7y_placebo:future_6m_drawdown_loss,Revised/reused monthly macro history diagnostic; not vintage point-in-time proof.,2e2b31c44a2c1c2cac317f88b61f01540316d53c776f50cc96675f68df7cf528,344,V58_MACRO_SWEEP,-0.3509231824025358,,
fourier_7y_placebo,BLOCKED,REJECTED,interaction_or_placebo,,,,,,,,,True,fourier_7y_placebo:future_6m_realized_vol,0.0,-0.41431721536494537,,,fourier_7y_placebo:future_6m_realized_vol,Revised/reused monthly macro history diagnostic; not vintage point-in-time proof.,2e2b31c44a2c1c2cac317f88b61f01540316d53c776f50cc96675f68df7cf528,344,V58_MACRO_SWEEP,-0.6347631658245345,,
fourier_10y_placebo,BLOCKED,REJECTED,interaction_or_placebo,,,,,,,,,True,fourier_10y_placebo:future_6m_return,0.0,-0.6399909619625027,,,fourier_10y_placebo:future_6m_return,Revised/reused monthly macro history diagnostic; not vintage point-in-time proof.,2e2b31c44a2c1c2cac317f88b61f01540316d53c776f50cc96675f68df7cf528,344,V58_MACRO_SWEEP,-0.5423222258955545,,
fourier_10y_placebo,BLOCKED,REJECTED,interaction_or_placebo,,,,,,,,,True,fourier_10y_placebo:future_12m_return,0.0,-0.7130596081554308,,,fourier_10y_placebo:future_12m_return,Revised/reused monthly macro history diagnostic; not vintage point-in-time proof.,2e2b31c44a2c1c2cac317f88b61f01540316d53c776f50cc96675f68df7cf528,344,V58_MACRO_SWEEP,-0.6177354309944516,,
fourier_10y_placebo,BLOCKED,REJECTED,interaction_or_placebo,,,,,,,,,True,fourier_10y_placebo:future_6m_drawdown_loss,0.0,-0.7378820871232235,,,fourier_10y_placebo:future_6m_drawdown_loss,Revised/reused monthly macro history diagnostic; not vintage point-in-time proof.,2e2b31c44a2c1c2cac317f88b61f01540316d53c776f50cc96675f68df7cf528,344,V58_MACRO_SWEEP,-0.5449868755784709,,
fourier_10y_placebo,BLOCKED,REJECTED,interaction_or_placebo,,,,,,,,,True,fourier_10y_placebo:future_6m_realized_vol,0.0,-0.2961244339503494,,,fourier_10y_placebo:future_6m_realized_vol,Revised/reused monthly macro history diagnostic; not vintage point-in-time proof.,2e2b31c44a2c1c2cac317f88b61f01540316d53c776f50cc96675f68df7cf528,344,V58_MACRO_SWEEP,-0.32641159115953944,,
deterministic_noise_placebo,BLOCKED,REJECTED,interaction_or_placebo,,,,,,,,,True,deterministic_noise_placebo:future_6m_return,0.0,-0.3349616118711106,,,deterministic_noise_placebo:future_6m_return,Revised/reused monthly macro history diagnostic; not vintage point-in-time proof.,2e2b31c44a2c1c2cac317f88b61f01540316d53c776f50cc96675f68df7cf528,344,V58_MACRO_SWEEP,-0.32328345729873986,,
deterministic_noise_placebo,BLOCKED,REJECTED,interaction_or_placebo,,,,,,,,,True,deterministic_noise_placebo:future_12m_return,0.0,-0.3771495362108834,,,deterministic_noise_placebo:future_12m_return,Revised/reused monthly macro history diagnostic; not vintage point-in-time proof.,2e2b31c44a2c1c2cac317f88b61f01540316d53c776f50cc96675f68df7cf528,344,V58_MACRO_SWEEP,-0.3535448027983882,,
deterministic_noise_placebo,BLOCKED,REJECTED,interaction_or_placebo,,,,,,,,,True,deterministic_noise_placebo:future_6m_drawdown_loss,0.0,-0.27127572873395944,,,deterministic_noise_placebo:future_6m_drawdown_loss,Revised/reused monthly macro history diagnostic; not vintage point-in-time proof.,2e2b31c44a2c1c2cac317f88b61f01540316d53c776f50cc96675f68df7cf528,344,V58_MACRO_SWEEP,-0.24498335971469234,,
deterministic_noise_placebo,BLOCKED,REJECTED,interaction_or_placebo,,,,,,,,,True,deterministic_noise_placebo:future_6m_realized_vol,0.0,-0.29382725094383155,,,deterministic_noise_placebo:future_6m_realized_vol,Revised/reused monthly macro history diagnostic; not vintage point-in-time proof.,2e2b31c44a2c1c2cac317f88b61f01540316d53c776f50cc96675f68df7cf528,344,V58_MACRO_SWEEP,-0.20145716617022383,,
