{
  "n_total": 1671,
  "split_date": "1967-12-01",
  "n_oos": 669,
  "spearman_ic": 0.10021668850288057,
  "naive_p": 0.00949235416795721,
  "lag1_f": 0.8706987074448396,
  "lag1_y": 0.981716796011867,
  "hac_slope_t": 1.1616885270162303,
  "hac_slope_p": 0.2453620076841141,
  "nonoverlap_n": 28,
  "nonoverlap_ic": 0.18773946360153257,
  "nonoverlap_p": 0.3387314586184601,
  "circular_shift_p": 0.4357128574285143,
  "block_bootstrap_ci95": [
    -0.07133300082326137,
    0.25329675018587283
  ]
}