{
  "split": "2016-04-04",
  "n": 442,
  "mean_ic": 0.02057465161247029,
  "naive_t": 2.531491155070453,
  "naive_p": 0.011704234390631629,
  "lag1_autocorr": 0.9296139859064628,
  "hac_t": 0.828309587478054,
  "hac_p": 0.40749519457114314,
  "nonoverlap_n": 22,
  "nonoverlap_t": 0.3801350860372811,
  "nonoverlap_p": 0.7076627034399122,
  "block_bootstrap_p_two_sided": 0.4054,
  "block_bootstrap_ci95": [
    -0.026060605028154455,
    0.06962019851426081
  ]
}